"Track Name","Last Played Date","Is User Initiated"
"Girls' Generation - PARTY",1773744599805,false
"Girls' Generation - PARTY",1773744599805,true
"Little Mix - Black Magic",1768599817264,false
"Lin-Manuel Miranda, Phillipa Soo, Original Broadway Cast of ""Hamilton"" & Renée Elise Goldsberry - It's Quiet Uptown",1771374519414,false
"Lin-Manuel Miranda, Phillipa Soo, Original Broadway Cast of ""Hamilton"" & Renée Elise Goldsberry - It's Quiet Uptown",1771374519414,true
"Girls' Generation - Lion Heart",1769209441988,false
"Girls' Generation - Lion Heart",1769209441988,true
"Red Velvet - Red Dress",1773359347266,false
"Red Velvet - Red Dress",1773359347266,true
"Red Velvet - Oh Boy",1769028104267,false
"Red Velvet - Oh Boy",1769028104267,true
"Red Velvet - Cool World",1773397817047,false
"Red Velvet - Cool World",1773397817047,true
"One Direction - Perfect",1769183571278,false
"One Direction - Perfect",1769183571278,true
"Bleachers & Sia - Like a River Runs",1736636913760,false
"Bleachers & Sia - Like a River Runs",1736636913760,true
"Sara Bareilles - She Used to Be Mine",1771375874783,false
"Sara Bareilles - She Used to Be Mine",1771375874783,true
"Ed Sheeran - All of the Stars",1769008705313,false
"Ed Sheeran - All of the Stars",1769008705313,true
"EXO - Sing For You (Chinese Version)",1774111583041,false
"EXO - Sing For You (Chinese Version)",1774111583041,true
"TAEMIN - Drip Drop",1773576099482,false
"TAEMIN - Drip Drop",1773576099482,true
"TAEMIN - Sexuality (Rearranged Version)",1770178616430,false
"TAEMIN - Sexuality (Rearranged Version)",1770178616430,true
"Fifth Harmony - Work from Home (feat. Ty Dolla $ign)",1773363498368,false
"Fifth Harmony - Work from Home (feat. Ty Dolla $ign)",1773363498368,true
"Red Velvet - One of These Nights",1771603447432,false
"Red Velvet - One of These Nights",1771603447432,true
"Calvin Harris & Rihanna - This Is What You Came For",1772667108157,false
"Calvin Harris & Rihanna - This Is What You Came For",1772667108157,true
"Jessie Mueller - She Used to Be Mine",1771918390649,false
"Jessie Mueller - She Used to Be Mine",1771918390649,true
"EXO - Lucky One",1769109402478,false
"EXO - Lucky One",1769109402478,true
"EXO - Monster",1773399452779,false
"EXO - Monster",1773399452779,true
"EXO - Artificial Love",1769100525365,false
"EXO - Artificial Love",1769100525365,true
"EXO - White Noise",1769109399593,false
"EXO - White Noise",1769109399593,true
"EXO - Lucky One (Instrumental)",1769109438035,false
"EXO - Lucky One (Instrumental)",1769109438035,true
"EXO - One and Only (Chinese Version)",1769100976083,false
"EXO - One and Only (Chinese Version)",1769100976083,true
"EXO - Lotto",1773745774159,false
"EXO - Lotto",1773745774159,true
"EXO - Lucky One",1769114409946,false
"EXO - Lucky One",1769114409946,true
"EXO - Monster",1769038883239,false
"EXO - Monster",1768856911961,true
"EXO - Artificial Love",1768857108255,false
"EXO - Artificial Love",1768857108255,true
"EXO - Heaven",1768856653599,false
"EXO - Heaven",1768856653599,true
"EXO - She’s Dreaming",1768856656587,false
"EXO - She’s Dreaming",1768856656587,true
"EXO - One and Only",1768856659495,false
"EXO - One and Only",1768856659495,true
"EXO - Monster (LDN Noise Creeper Bass Remix)",1768856657619,false
"EXO - Monster (LDN Noise Creeper Bass Remix)",1768856657619,true
"EXO - Monster (LDN Noise Creeper Bass Remix [Chinese Version])",1768865348651,false
"EXO - Monster (LDN Noise Creeper Bass Remix [Chinese Version])",1768865348651,true
"Red Velvet - 러시안 룰렛 Russian Roulette",1773399956087,false
"Red Velvet - 러시안 룰렛 Russian Roulette",1773399956087,true
"Red Velvet - Lucky Girl",1773577269456,false
"Red Velvet - Lucky Girl",1773577269456,true
"Red Velvet - Sunny Afternoon",1773400458470,false
"Red Velvet - Sunny Afternoon",1773400458470,true
"Red Velvet - Some Love",1773363590827,false
"Red Velvet - Some Love",1773363590827,true
"Sia - Unstoppable",1773433983148,false
"Sia - Unstoppable",1773433983148,true
"Sia - Cheap Thrills",1773743170814,false
"Sia - Cheap Thrills",1773743170814,true
"Sia - Move Your Body (Alan Walker Remix)",1773578074252,false
"Sia - Move Your Body (Alan Walker Remix)",1773578074252,true
"Alicia Keys - That Would Be Enough",1771228990031,false
"Alicia Keys - That Would Be Enough",1771228990031,true
"Ben Platt, Kristolyn Lloyd, Will Roland, Laura Dreyfuss & Original Broadway Cast of Dear Evan Hansen - You Will Be Found",1774111348061,false
"Ben Platt, Kristolyn Lloyd, Will Roland, Laura Dreyfuss & Original Broadway Cast of Dear Evan Hansen - You Will Be Found",1774111348061,true
"Ed Sheeran - Dive",1768599672515,false
"Ed Sheeran - Supermarket Flowers",1771917722453,false
"Ed Sheeran - Supermarket Flowers",1771917722453,true
"Red Velvet - Rookie",1773401365226,false
"Red Velvet - Rookie",1773401365226,true
"Red Velvet - Talk To Me",1769265078269,false
"Zara Larsson - Lush Life",1774155260843,false
"Zara Larsson - Lush Life",1773998451998,true
"Zara Larsson - I Would Like",1772538414296,false
"Zara Larsson - I Would Like",1772538414296,true
"Zara Larsson & MNEK - Never Forget You",1773998854998,false
"Zara Larsson & MNEK - Never Forget You",1773998854998,true
"Zara Larsson - Ain't My Fault",1772468837187,false
"Zara Larsson - Ain't My Fault",1772468837187,true
"SUHO & Youngjoo Song - Curtain",1771729016057,false
"SUHO & Youngjoo Song - Curtain",1771729016057,true
"Bleachers - Hate That You Know Me",1736636837387,false
"Bleachers - Hate That You Know Me",1736636837387,true
"Bleachers - Don't Take the Money",1774160472755,false
"Bleachers - Don't Take the Money",1774160472755,true
"Bleachers - Everybody Lost Somebody",1774160617496,false
"Bleachers - Everybody Lost Somebody",1774160617496,true
"Bleachers - Let's Get Married",1770337248259,false
"Bleachers - Let's Get Married",1770337248259,true
"Bleachers - I Miss Those Days",1736637011939,false
"Bleachers - I Miss Those Days",1736637011939,true
"Harry Styles - Sign of the Times",1770318095706,false
"Harry Styles - Sign of the Times",1770230621319,true
"Harry Styles - Carolina",1769673546370,false
"Harry Styles - Two Ghosts",1772741615837,false
"Harry Styles - Two Ghosts",1770230818208,true
"Harry Styles - Sweet Creature",1770211869854,false
"Harry Styles - Kiwi",1770297204124,false
"Harry Styles - Kiwi",1770297204124,true
"Dua Lipa - IDGAF",1772304055850,false
"Dua Lipa - IDGAF",1772304055850,true
"Dua Lipa - Blow Your Mind (Mwah)",1773095500870,false
"Dua Lipa - Blow Your Mind (Mwah)",1773095500870,true
"Dua Lipa - Genesis",1736200265798,false
"Dua Lipa - New Rules",1768667671837,false
"Portugal. The Man - Feel It Still",1736040545025,false
"Portugal. The Man - Feel It Still",1736040545025,true
"SISTAR - Lonely",1768873236953,false
"Red Velvet - Red Flavor",1769264866270,false
"Red Velvet - Red Flavor",1769207871735,true
"Red Velvet - You Better Know",1773363406097,false
"Red Velvet - You Better Know",1773363406097,true
"Red Velvet - Zoo",1769265283121,false
"Red Velvet - Mojito",1769024340537,false
"Red Velvet - Mojito",1769024340537,true
"XIUMIN & MARK - Young & Free",1768870919175,false
"Phoebe Bridgers - Motion Sickness",1772160380299,false
"Phoebe Bridgers - Motion Sickness",1772157582314,true
"Phoebe Bridgers - Georgia",1772597109810,false
"Phoebe Bridgers - Georgia",1772116991149,true
"EXO - Ko Ko Bop",1773744290503,false
"EXO - Ko Ko Bop",1773744290503,true
"Girls' Generation - One Last Time",1771172892848,false
"Girls' Generation - One Last Time",1771172892848,true
"'In The Heights' Original Broadway Company & Mandy Gonzalez - Breathe",1771603674991,false
"'In The Heights' Original Broadway Company & Mandy Gonzalez - Breathe",1771603674991,true
"Lin-Manuel Miranda, Mandy Gonzalez & 'In The Heights' Original Broadway Company - Alabanza",1771600705186,false
"Lin-Manuel Miranda, Mandy Gonzalez & 'In The Heights' Original Broadway Company - Alabanza",1771600705186,true
"Mandy Gonzalez - Everything I Know",1771172670673,false
"Mandy Gonzalez - Everything I Know",1771172670673,true
"George Salazar - Michael in the Bathroom",1768600098295,false
"SUNMI - 가시나 Gashina",1772206182169,false
"SUNMI - 가시나 Gashina",1772206182169,true
"EXO - Power",1769038232427,false
"TAEMIN - MOVE",1770159256210,false
"TAEMIN - MOVE",1770159256210,true
"BLACKPINK - PLAYING WITH FIRE",1769209640988,false
"BLACKPINK - PLAYING WITH FIRE",1769209640988,true
"Red Velvet - 피카부 Peek-A-Boo",1772076910243,false
"Red Velvet - 피카부 Peek-A-Boo",1769148685353,true
"Ed Sheeran - Perfect Duet (with Beyoncé)",1772070609697,false
"HyunA - Lip & Hip",1772203962874,false
"HyunA - Lip & Hip",1772203962874,true
"Camila Cabello - Havana (feat. Young Thug)",1768965015578,false
"Camila Cabello - Havana (feat. Young Thug)",1768965015578,true
"张艺兴 - Goodbye Christmas (Chinese Version)",1771307415789,false
"张艺兴 - Goodbye Christmas (Chinese Version)",1771307415789,true
"Bleachers - Alfie's Song (Not So Typical Love Song)",1772088386277,false
"Bleachers - Alfie's Song (Not So Typical Love Song)",1772088386277,true
"HyunA - 잘나가서 그래 (feat. 정일훈)",1768844761769,false
"HyunA - 잘나가서 그래 (feat. 정일훈)",1768844761769,true
"CLC - Black Dress",1768947269822,false
"CLC - Black Dress",1768947269822,true
"Calvin Harris, Dua Lipa - One Kiss",1773095455423,false
"Calvin Harris, Dua Lipa - One Kiss",1773095455423,true
"Cardi B, Bad Bunny & J Balvin - I Like It",1773320267295,false
"Cardi B, Bad Bunny & J Balvin - I Like It",1773320267295,true
"5 Seconds of Summer - Ghost of You",1768600091569,false
"EXO-CBX - Monday Blues",1768870495236,false
"EXO-CBX - Blooming Day",1768882901272,false
"EXO-CBX - Lazy",1768872076434,false
"OneRepublic - Start Again (feat. Logic)",1771189182513,false
"OneRepublic - Start Again (feat. Logic)",1771189182513,true
"PRISTIN V - Spotlight",1772205860249,false
"PRISTIN V - Spotlight",1772205860249,true
"Sean Paul - No Lie (feat. Dua Lipa)",1773095610783,false
"Sean Paul - No Lie (feat. Dua Lipa)",1773095610783,true
"TAEYEON - Circus",1774110762096,false
"TAEYEON - Circus",1774110762096,true
"Red Velvet - Red Flavor (JP version)",1773401556838,false
"Red Velvet - Red Flavor (JP version)",1773401556838,true
"Manchester Orchestra & Phoebe Bridgers - The Gold",1768628783536,false
"Murcof - Chapitre I",1768890795240,false
"Murcof - Chapitre I",1768890795240,true
"Red Velvet - Power Up",1773576875054,false
"Red Velvet - Power Up",1773576875054,true
"Red Velvet - With You",1773363043339,false
"Red Velvet - With You",1773363043339,true
"Red Velvet - Mosquito",1773579060022,false
"Red Velvet - Mosquito",1773579060022,true
"Red Velvet - Hit That Drum",1773403967588,false
"Red Velvet - Hit That Drum",1773403967588,true
"Maroon 5 - Sunday Morning",1768667668829,false
"Lorde - Green Light",1773449054097,false
"Lorde - Green Light",1773449054097,true
"Lorde - Homemade Dynamite",1770130007644,false
"Lorde - Homemade Dynamite",1770130007644,true
"Lorde - The Louvre",1772229959321,false
"Lorde - The Louvre",1770137636118,true
"Lorde - Liability",1770138370850,false
"Lorde - Liability",1770138370850,true
"Lorde - Hard Feelings/Loveless",1768628496280,false
"Lorde - Supercut",1769997893926,false
"Lorde - Supercut",1769997893926,true
"Lorde - Perfect Places",1770139329991,false
"Lorde - Perfect Places",1770139329991,true
"张艺兴 & Alan Walker - Sheep (Alan Walker Relift)",1769630749928,false
"张艺兴 & Alan Walker - Sheep (Alan Walker Relift)",1769630749928,true
"BAEKHYUN & Loco - YOUNG",1769047661482,false
"BAEKHYUN & Loco - YOUNG",1769047661482,true
"BAEKHYUN & Loco - YOUNG (Instrumental)",1769100192126,false
"BAEKHYUN & Loco - YOUNG (Instrumental)",1769100192126,true
"Silk City, Dua Lipa - Electricity (feat. Diplo & Mark Ronson)",1773095458096,false
"Silk City, Dua Lipa - Electricity (feat. Diplo & Mark Ronson)",1773095458096,true
"LANY - Thru These Tears",1768600374289,false
"Phoebe Bridgers - Smoke Signals",1768628742316,false
"Phoebe Bridgers - Funeral",1771917927809,false
"Phoebe Bridgers - Funeral",1771917927809,true
"Phoebe Bridgers - Chelsea",1768628779958,false
"Phoebe Bridgers - You Missed My Heart",1768628467849,false
"Clean Bandit - Symphony (feat. Zara Larsson)",1774015856174,false
"Clean Bandit - Symphony (feat. Zara Larsson)",1774015856174,true
"SEULGI, SinB, CHUNG HA & JEON SOYEON - Wow Thing",1769047837829,false
"SEULGI, SinB, CHUNG HA & JEON SOYEON - Wow Thing",1769047837829,true
"YURI - Into You",1772204485900,false
"YURI - Into You",1772204485900,true
"张艺兴 - Give Me A Chance",1769630777937,false
"张艺兴 - Give Me A Chance",1769630777937,true
"Sabrina Carpenter - Sue Me",1768668211488,false
"Sabrina Carpenter - Sue Me",1768607042359,true
"Zara Larsson - Ruin My Life",1774015859990,false
"Zara Larsson - Ruin My Life",1774015859990,true
"Little Mix - Wasabi",1773361785309,false
"Little Mix - Wasabi",1773361785309,true
"BoA - Woman",1773579793388,false
"BoA - Woman",1773579793388,true
"Taylor Swift - Santa Baby",1769395299912,false
"Taylor Swift - Santa Baby",1769395299912,true
"Sara Bareilles - Brave",1768667667332,false
"Sara Bareilles - Manhattan",1768628757518,false
"Sara Bareilles - I Choose You",1768682231377,false
"Selena Gomez - Come & Get It",1768600348075,false
"Demi Lovato - Confident",1768599813678,false
"Justin Bieber - Kiss and Tell (Bonus Track)",1769023655099,false
"Rachel Bay Jones & Jennifer Laura Thompson - Anybody Have a Map?",1768600115356,false
"OneRepublic - Good Life",1768945421580,false
"Timbaland - Apologize (feat. OneRepublic)",1773219972114,false
"Timbaland - Apologize (feat. OneRepublic)",1771185589904,true
"The Pussycat Dolls & Busta Rhymes - Don't Cha",1772203636021,false
"The Pussycat Dolls & Busta Rhymes - Don't Cha",1772203636021,true
"The Pussycat Dolls - Stickwitu",1772203740328,false
"The Pussycat Dolls - Stickwitu",1772203740328,true
"The Pussycat Dolls - Buttons",1773095042004,false
"The Pussycat Dolls - Buttons",1773095042004,true
"Girls' Generation - Mr. Taxi",1773580007927,false
"Girls' Generation - Mr. Taxi",1773580007927,true
"Bea Miller - i can't breathe",1768628494130,false
"EXO - Ooh La La La",1769128652389,false
"Owl City - Fireflies",1769009211313,false
"Owl City - Fireflies",1769009211313,true
"Taylor Swift - Safe & Sound (feat. The Civil Wars)",1771253534328,false
"Taylor Swift - Safe & Sound (feat. The Civil Wars)",1771253534328,true
"Birdy - Just a Game",1769004885247,false
"Birdy - Just a Game",1769004885247,true
"Demi Lovato - Cool for the Summer",1773363692717,false
"Demi Lovato - Cool for the Summer",1773363692717,true
"Maroon 5 - Sad",1768628776033,false
"t.A.T.u. - All The Things She Said",1771365536820,false
"t.A.T.u. - All The Things She Said",1771365536820,true
"Tears for Fears - Everybody Wants to Rule the World",1768963453087,false
"Tears for Fears - Everybody Wants to Rule the World",1768963453087,true
"Zedd - Clarity (feat. Foxes)",1768946903995,false
"Lorde - Tennis Court",1770130368463,false
"Lorde - Tennis Court",1770130368463,true
"Lorde - 400 Lux",1770130527686,false
"Lorde - 400 Lux",1770130527686,true
"Lorde - Royals",1738042460343,false
"Lorde - Ribs",1773274574346,false
"Lorde - Ribs",1772493074477,true
"Lorde - Buzzcut Season",1770138823820,false
"Lorde - Buzzcut Season",1770138823820,true
"Lorde - Team",1770139017160,false
"Lorde - Team",1770139017160,true
"Fall Out Boy - Uma Thurman",1768675453699,false
"Selena Gomez - Me & the Rhythm",1769029592552,false
"Selena Gomez - Me & the Rhythm",1769029592552,true
"Selena Gomez - Me & My Girls",1769139431100,false
"Selena Gomez - Me & My Girls",1769139431100,true
"Disclosure - Magnets (feat. Lorde)",1770130351799,false
"Disclosure - Magnets (feat. Lorde)",1770130351799,true
"Lana Del Rey - Young and Beautiful",1773358535078,false
"Lana Del Rey - Young and Beautiful",1773358535078,true
"will.i.am - Bang Bang",1773244439471,false
"will.i.am - Bang Bang",1773244439471,true
"Fergie, Q-Tip & GoonRock - A Little Party Never Killed Nobody (All We Got)",1773945577534,false
"Fergie, Q-Tip & GoonRock - A Little Party Never Killed Nobody (All We Got)",1773945577534,true
"Coco O. - Where the Wind Blows",1773244684597,false
"Coco O. - Where the Wind Blows",1773244684597,true
"JAŸ-Z & Kanye West - No Church In the Wild (feat. Frank Ocean & The-Dream)",1773945854233,false
"JAŸ-Z & Kanye West - No Church In the Wild (feat. Frank Ocean & The-Dream)",1773945854233,true
"Florence + the Machine - Over the Love",1773945592889,false
"Florence + the Machine - Over the Love",1773945592889,true
"Nero - Into the Past",1773244698006,false
"Nero - Into the Past",1773244698006,true
"Sia - Kill and Run",1773244866992,false
"Sia - Kill and Run",1773244866992,true
"Lana Del Rey - Young and Beautiful (DH Orchestral Version)",1773945824919,false
"Lana Del Rey - Young and Beautiful (DH Orchestral Version)",1773945824919,true
"Maroon 5 - Maps",1768526884040,false
"Maroon 5 - Maps",1768526884040,true
"Maroon 5 - It Was Always You",1768527065294,false
"Maroon 5 - It Was Always You",1768527065294,true
"Maroon 5 - Leaving California",1768526873111,false
"Maroon 5 - Leaving California",1768526873111,true
"Maroon 5 - My Heart Is Open (feat. Gwen Stefani)",1768526883019,false
"Maroon 5 - My Heart Is Open (feat. Gwen Stefani)",1768526883019,true
"OneRepublic - Love Runs Out",1771188751513,false
"OneRepublic - Love Runs Out",1771188751513,true
"Lana Del Rey - Summertime Sadness",1771076399930,false
"Lana Del Rey - Summertime Sadness",1771076399930,true
"Maroon 5 - Animals",1768667654260,false
"Maroon 5 - Leaving California",1768599675862,false
"Imagine Dragons - It's Time",1768675452544,false
"Skylar Grey - Coming Home, Pt. II (Bonus Track)",1768705016057,false
"Skylar Grey - Coming Home, Pt. II (Bonus Track)",1768705016057,true
"OneRepublic & Alesso - If I Lose Myself (Alesso vs OneRepublic)",1771195118881,false
"OneRepublic & Alesso - If I Lose Myself (Alesso vs OneRepublic)",1771195118881,true
"Stromae - Meltdown (feat. Lorde, Pusha T, Q-Tip & HAIM)",1771705423266,false
"Stromae - Meltdown (feat. Lorde, Pusha T, Q-Tip & HAIM)",1771705423266,true
"Major Lazer - All My Love (feat. Ariana Grande)",1771705446540,false
"Major Lazer - All My Love (feat. Ariana Grande)",1771705446540,true
"Lorde - Yellow Flicker Beat",1771706208322,false
"Lorde - Yellow Flicker Beat",1771706208322,true
"Lorde - Ladder Song",1771705501129,false
"Lorde - Ladder Song",1771705501129,true
"OneRepublic - Counting Stars",1771185550212,false
"OneRepublic - Counting Stars",1771185550212,true
"OneRepublic - All the Right Moves",1771188526540,false
"OneRepublic - All the Right Moves",1771188526540,true
"OneRepublic - Secrets",1771187691700,false
"OneRepublic - Secrets",1771187691700,true
"OneRepublic - Good Life",1771187148127,false
"OneRepublic - Good Life",1771187148127,true
"Sia - Elastic Heart (feat. The Weeknd & Diplo)",1771734649075,false
"Sia - Elastic Heart (feat. The Weeknd & Diplo)",1771734649075,true
"Lorde - Everybody Wants To Rule the World",1771705082235,false
"Lorde - Everybody Wants To Rule the World",1771705082235,true
"The Lumineers - Gale Song",1771734666989,false
"The Lumineers - Gale Song",1771734666989,true
"Santigold - Shooting Arrows At the Sky",1771705159783,false
"Santigold - Shooting Arrows At the Sky",1771705159783,true
"Halsey - Bad at Love",1738042461207,false
"Cher & Peter Cetera - After All (Love Theme from ""Chances Are"")",1738002039130,false
"Taylor Swift - Tim McGraw",1770403287286,false
"Taylor Swift - Tim McGraw",1770403287286,true
"Taylor Swift - Our Song",1770694141078,false
"Taylor Swift - Our Song",1770694141078,true
"Niall Horan - Paper Houses",1768628735437,false
"Kacey Musgraves - Oh, What a World",1768682456964,false
"Taylor Swift - Haunted",1769394847640,false
"Taylor Swift - Haunted",1769394847640,true
"Taylor Swift - You Belong With Me",1772401531619,false
"Taylor Swift - You Belong With Me",1772401531619,true
"Taylor Swift - Welcome To New York",1773360257730,false
"Taylor Swift - Welcome To New York",1773360257730,true
"Taylor Swift - Blank Space",1735671790598,false
"Taylor Swift - Style",1772372088175,false
"Taylor Swift - Style",1772372088175,true
"Taylor Swift - Shake It Off",1769273272331,false
"Taylor Swift - Shake It Off",1769273272331,true
"Taylor Swift - I Wish You Would",1773369308247,false
"Taylor Swift - I Wish You Would",1773369308247,true
"Taylor Swift - Wildest Dreams",1770524791583,false
"Taylor Swift - Wildest Dreams",1770524791583,true
"Taylor Swift - Wonderland",1769266546370,false
"Taylor Swift - Wonderland",1769266546370,true
"Taylor Swift - You Are In Love",1768682455895,false
"Taylor Swift - New Romantics",1769182753969,false
"Taylor Swift - New Romantics",1769182753969,true
"Taylor Swift - I Wish You Would (Voice Memo)",1768750285564,false
"Taylor Swift - I Wish You Would (Voice Memo)",1768750285564,true
"Rihanna - Love on the Brain",1768682230302,false
"Taylor Swift - ...Ready For It?",1773435520875,false
"Taylor Swift - ...Ready For It?",1773435520875,true
"Taylor Swift - End Game (feat. Ed Sheeran & Future)",1773435121034,false
"Taylor Swift - End Game (feat. Ed Sheeran & Future)",1773435121034,true
"Taylor Swift - I Did Something Bad",1772216333614,false
"Taylor Swift - I Did Something Bad",1772216333614,true
"Taylor Swift - Don’t Blame Me",1772215608860,false
"Taylor Swift - Don’t Blame Me",1772215608860,true
"Taylor Swift - Delicate",1773449059908,false
"Taylor Swift - Delicate",1773449059908,true
"Taylor Swift - Look What You Made Me Do",1773454456936,false
"Taylor Swift - Look What You Made Me Do",1773454456936,true
"Taylor Swift - So It Goes...",1772214586569,false
"Taylor Swift - So It Goes...",1772214586569,true
"Taylor Swift - Gorgeous",1773449074028,false
"Taylor Swift - Gorgeous",1773449074028,true
"Taylor Swift - Getaway Car",1773605648488,false
"Taylor Swift - Getaway Car",1773434644674,true
"Taylor Swift - King of My Heart",1772216094783,false
"Taylor Swift - King of My Heart",1772216094783,true
"Taylor Swift - Dancing With Our Hands Tied",1772215890819,false
"Taylor Swift - Dancing With Our Hands Tied",1772215890819,true
"Taylor Swift - Dress",1772213792285,false
"Taylor Swift - Dress",1772213792285,true
"Taylor Swift - This Is Why We Can’t Have Nice Things",1772213561928,false
"Taylor Swift - This Is Why We Can’t Have Nice Things",1772213561928,true
"Taylor Swift - Call It What You Want",1772214358599,false
"Taylor Swift - Call It What You Want",1772214358599,true
"Taylor Swift - New Year’s Day",1772213121169,false
"Taylor Swift - New Year’s Day",1772213121169,true
"Taylor Swift - Red",1768740497029,false
"Taylor Swift - Red",1768740497029,true
"Taylor Swift - I Did Something Bad (Karaoke Version)",1768748737580,false
"Taylor Swift - I Did Something Bad (Karaoke Version)",1768748737580,true
"Taylor Swift - Look What You Made Me Do (Karaoke Version)",1768740729224,false
"Taylor Swift - Look What You Made Me Do (Karaoke Version)",1768740729224,true
"Taylor Swift - King of My Heart (Karaoke Version)",1769555754975,false
"Taylor Swift - King of My Heart (Karaoke Version)",1769555754975,true
"Taylor Swift - Welcome To New York",1770612654267,false
"Taylor Swift - Welcome To New York",1770612654267,true
"Taylor Swift - Blank Space",1773421547242,false
"Taylor Swift - Blank Space",1772378657309,true
"Taylor Swift - Style",1772296876859,false
"Taylor Swift - Style",1772296876859,true
"Taylor Swift - Out of the Woods",1772252937080,false
"Taylor Swift - Out of the Woods",1772252937080,true
"Taylor Swift - All You Had To Do Was Stay",1769985894621,false
"Taylor Swift - All You Had To Do Was Stay",1769985894621,true
"Taylor Swift - Never Grow Up",1770416922882,false
"Taylor Swift - Never Grow Up",1770416922882,true
"Taylor Swift - Enchanted",1770612131033,false
"Taylor Swift - Enchanted",1770612131033,true
"Taylor Swift - Better Than Revenge",1770416582523,false
"Taylor Swift - Better Than Revenge",1770416582523,true
"Taylor Swift - Innocent",1770416745943,false
"Taylor Swift - Innocent",1770416745943,true
"Taylor Swift - Haunted",1770416749412,false
"Taylor Swift - Haunted",1770416749412,true
"Taylor Swift - If This Was a Movie",1768628755441,false
"Taylor Swift - Haunted (Acoustic)",1770416759721,false
"Taylor Swift - Haunted (Acoustic)",1770416759721,true
"Taylor Swift - Shake It Off",1772372753227,false
"Taylor Swift - Shake It Off",1772372753227,true
"Taylor Swift - I Wish You Would",1772293381361,false
"Taylor Swift - I Wish You Would",1772293381361,true
"Taylor Swift - Wildest Dreams",1773415855193,false
"Taylor Swift - Wildest Dreams",1772372521828,true
"Taylor Swift - How You Get the Girl",1772296926012,false
"Taylor Swift - How You Get the Girl",1772296926012,true
"Taylor Swift - This Love",1772253187077,false
"Taylor Swift - This Love",1772253187077,true
"Taylor Swift - I Know Places",1772252700637,false
"Taylor Swift - I Know Places",1772252700637,true
"Taylor Swift - Clean",1772293173384,false
"Taylor Swift - Clean",1772293173384,true
"Conan Gray - Crush Culture",1768598980741,false
"Rihanna - Breakin' Dishes",1772048095381,false
"JENNIE (from BLACKPINK) - SOLO",1769210585107,false
"JENNIE (from BLACKPINK) - SOLO",1769210585107,true
"M83 - Holes in the Sky (feat. HAIM)",1773536396797,false
"M83 - Holes in the Sky (feat. HAIM)",1773536396797,true
"Snow Patrol - I Won't Let You Go",1771075872952,false
"Snow Patrol - I Won't Let You Go",1771075872952,true
"M83 - I Need You",1771040194334,false
"M83 - I Need You",1771040194334,true
"Of Monsters and Men - Silhouettes",1769009481395,false
"Of Monsters and Men - Silhouettes",1769009481395,true
"James Newton Howard - The Hanging Tree",1771705733221,false
"James Newton Howard - The Hanging Tree",1771705733221,true
"Sophie Ellis-Bextor - Murder On The Dancefloor",1773090148784,false
"Sophie Ellis-Bextor - Murder On The Dancefloor",1773090148784,true
"KAi - Say You'll Stay",1738002269773,false
"Red Velvet - Butterflies",1773580014679,false
"Red Velvet - Butterflies",1773580014679,true
"Red Velvet - So Good",1773760692550,false
"Red Velvet - So Good",1773760692550,true
"Red Velvet - Taste",1773578461113,false
"Red Velvet - Taste",1773578461113,true
"Lady Gaga - The Cure",1768599812583,false
"Gryffin - Love in Ruins (feat. Sinead Harnett)",1768890855710,false
"Gryffin - Love in Ruins (feat. Sinead Harnett)",1768890855710,true
"Selena Gomez & Marshmello - Wolves",1770323852221,false
"Coldplay - Atlas (From ""The Hunger Games: Catching Fire"" Soundtrack)",1771075387246,false
"Coldplay - Atlas (From ""The Hunger Games: Catching Fire"" Soundtrack)",1771075387246,true
"Taylor Swift - I Did Something Bad",1768667642274,false
"Taylor Swift - Don’t Blame Me",1768599815879,false
"Taylor Swift - Delicate",1768682224255,false
"Taylor Swift - Look What You Made Me Do",1768667868421,false
"OneRepublic - Stop and Stare",1771188287700,false
"OneRepublic - Stop and Stare",1771188287700,true
"Timbaland - Apologize (feat. OneRepublic)",1771397045460,false
"Timbaland - Apologize (feat. OneRepublic)",1771397045460,true
"EXO - Love Shot",1773742572294,false
"EXO - Love Shot",1773742572294,true
"Bad Bunny - MÍA (feat. Drake)",1770850113575,false
"Bad Bunny - MÍA (feat. Drake)",1770850113575,true
"The Pussycat Dolls - When I Grow Up",1772203752655,false
"The Pussycat Dolls - When I Grow Up",1772203752655,true
"The Pussycat Dolls - I Hate This Part",1772203729198,false
"The Pussycat Dolls - I Hate This Part",1772203729198,true
"Taylor Swift - Love Story",1772401540895,false
"Taylor Swift - Love Story",1772401540895,true
"Taylor Swift - Hey Stephen",1768740728449,false
"Taylor Swift - Hey Stephen",1768740728449,true
"Taylor Swift - You Belong With Me",1770612135267,false
"Carrie Hope Fletcher & Original West End Cast of Heathers - I Say No",1768600101788,false
"TAEYEON - Blue",1771375349178,false
"TAEYEON - Blue",1771375349178,true
"TAEYEON - Four Seasons",1771717785433,false
"TAEYEON - Four Seasons",1771717785433,true
"CHEN - Flower",1768883314118,false
"CHEN - Beautiful goodbye",1768929450298,false
"CHEN - Beautiful goodbye",1768929450298,true
"CHEN - Sorry not sorry",1768705941786,false
"CHEN - Sorry not sorry",1768705941786,true
"CHEN - I'll be there",1768804515999,false
"CHEN - I'll be there",1768804515999,true
"CHEN - Portrait of you",1771718554841,false
"CHEN - Portrait of you",1771718554841,true
"EXO-CBX - Paper Cuts",1771600740951,false
"EXO-CBX - Paper Cuts",1771600740951,true
"Zara Larsson - WOW",1772467398123,false
"Zara Larsson - WOW",1772467398123,true
"Shawn Mendes - If I Can't Have You",1735750237438,false
"Shawn Mendes - If I Can't Have You",1735750237438,true
"Ed Sheeran - Cross Me (feat. Chance the Rapper & PnB Rock)",1772048444907,false
"4Minute - Hot Issue",1773399202687,false
"4Minute - Hot Issue",1773399202687,true
"Bad Bunny & Tainy - Callaíta",1773320262522,false
"Bad Bunny & Tainy - Callaíta",1773320262522,true
"Sophia Anne Caruso & Beetlejuice Original Broadway Cast Recording Ensemble - Dead Mom",1768600108531,false
"Eva Noblezada & Reeve Carney - All I've Ever Known",1771717151582,false
"Eva Noblezada & Reeve Carney - All I've Ever Known",1771717151582,true
"Eva Noblezada, Jewelle Blackman, Yvette Gonzalez-Nacer & Kay Trinidad - Gone, I'm Gone",1771716651861,false
"Eva Noblezada, Jewelle Blackman, Yvette Gonzalez-Nacer & Kay Trinidad - Gone, I'm Gone",1771716651861,true
"Eva Noblezada - Flowers",1771917817449,false
"Eva Noblezada - Flowers",1771917817449,true
"Don Omar - Dale Don Dale",1771312263136,false
"Don Omar - Dale Don Dale",1771029591190,true
"Taylor Swift - I Forgot That You Existed",1774151265111,false
"Taylor Swift - I Forgot That You Existed",1774151265111,true
"Taylor Swift - Cruel Summer",1774139093079,false
"Taylor Swift - Cruel Summer",1773454636004,true
"Taylor Swift - Lover",1772373523379,false
"Taylor Swift - Lover",1772373523379,true
"Taylor Swift - The Man",1772315321022,false
"Taylor Swift - The Man",1772315321022,true
"Taylor Swift - The Archer",1774103835160,false
"Taylor Swift - The Archer",1774103835160,true
"Taylor Swift - I Think He Knows",1773396799394,false
"Taylor Swift - I Think He Knows",1773396799394,true
"Taylor Swift - Miss Americana & The Heartbreak Prince",1772315133201,false
"Taylor Swift - Miss Americana & The Heartbreak Prince",1772315133201,true
"Taylor Swift - Paper Rings",1773398781849,false
"Taylor Swift - Paper Rings",1773398781849,true
"Taylor Swift - Cornelia Street",1770405985585,false
"Taylor Swift - Cornelia Street",1770405985585,true
"Taylor Swift - London Boy",1773358592164,false
"Taylor Swift - London Boy",1773358592164,true
"Taylor Swift - Soon You’ll Get Better (feat. The Chicks)",1772136919798,false
"Taylor Swift - Soon You’ll Get Better (feat. The Chicks)",1771906259347,true
"Taylor Swift - You Need To Calm Down",1773363769050,false
"Taylor Swift - You Need To Calm Down",1773363769050,true
"Taylor Swift - ME! (feat. Brendon Urie of Panic! At The Disco)",1769025341351,false
"Taylor Swift - ME! (feat. Brendon Urie of Panic! At The Disco)",1769025341351,true
"Taylor Swift - Daylight",1774103838086,false
"Taylor Swift - Daylight",1774103838086,true
"Red Velvet - Zimzalabim",1773398977438,false
"Red Velvet - Zimzalabim",1773398977438,true
"Red Velvet - Sunny Side Up!",1773578276201,false
"Red Velvet - Sunny Side Up!",1773578276201,true
"Red Velvet - Bing Bing",1773745135244,false
"Red Velvet - Bing Bing",1773745135244,true
"Zara Larsson - All the Time",1772468631664,false
"Zara Larsson - All the Time",1772468631664,true
"J Balvin & Bad Bunny - LA CANCIÓN",1773320263804,false
"J Balvin & Bad Bunny - LA CANCIÓN",1773320263804,true
"D.O. - That's okay",1768791651931,false
"D.O. - That's okay",1768791651931,true
"OneRepublic - Counting Stars",1772576095523,false
"OneRepublic - Counting Stars",1772576095523,true
"OneRepublic - Feel Again",1771195036020,false
"OneRepublic - Feel Again",1771195036020,true
"OneRepublic - I Lived",1772576498157,false
"OneRepublic - I Lived",1772576498157,true
"BAEKHYUN - Betcha",1769047491245,false
"BAEKHYUN - Betcha",1769047491245,true
"BAEKHYUN - Psycho (Bonus Track)",1769047532009,false
"BAEKHYUN - Psycho (Bonus Track)",1769047532009,true
"Leslie Odom, Jr. - Winter Song",1774104249881,false
"Leslie Odom, Jr. - Winter Song",1774104249881,true
"EXO-SC - What a life",1768870293626,false
"EXO-SC - Daydreamin'",1768873535546,false
"Red Velvet - Umpah Umpah",1773577489660,false
"Red Velvet - Umpah Umpah",1773577489660,true
"Red Velvet - Carpool",1773400714213,false
"Red Velvet - Carpool",1773400714213,true
"Red Velvet - Love Is The Way",1773579572660,false
"Red Velvet - Love Is The Way",1773579572660,true
"Red Velvet - Jumpin’",1773580023155,false
"Red Velvet - Jumpin’",1773580023155,true
"Post Malone & Swae Lee - Sunflower (Spider-Man: Into the Spider-Verse)",1736040304459,false
"Post Malone & Swae Lee - Sunflower (Spider-Man: Into the Spider-Verse)",1736040304459,true
"CHEN - Shall we?",1771086400327,false
"CHEN - Shall we?",1771086400327,true
"CHEN - My dear",1768792041232,false
"CHEN - My dear",1768792041232,true
"CHEN - Hold you tight",1771085086089,false
"CHEN - Hold you tight",1771085086089,true
"CHEN - You never know",1771084636314,false
"CHEN - You never know",1771084636314,true
"CHEN - Good night",1774110981089,false
"CHEN - Good night",1774110981089,true
"Héctor El Father - Noche de Travesura",1772663525792,false
"Héctor El Father - Noche de Travesura",1772663525792,true
"TWICE - Breakthrough",1773402835519,false
"TWICE - Breakthrough",1773402835519,true
"Dua Lipa - Don't Start Now",1772303928226,false
"Dua Lipa - Don't Start Now",1772303928226,true
"TAEYEON - Gravity",1771601729518,false
"TAEYEON - Gravity",1771601729518,true
"COIN - Crash My Car",1768599377904,false
"Harry Styles - Golden",1773369869256,false
"Harry Styles - Golden",1773369869256,true
"Harry Styles - Watermelon Sugar",1770302535498,false
"Harry Styles - Watermelon Sugar",1770302535498,true
"Harry Styles - Adore You",1770231049280,false
"Harry Styles - Adore You",1770231049280,true
"Harry Styles - Lights Up",1770295780773,false
"Harry Styles - Lights Up",1770295780773,true
"Harry Styles - Cherry",1770297922518,false
"Harry Styles - Cherry",1770297922518,true
"Harry Styles - Falling",1774082697227,false
"Harry Styles - Falling",1772115843102,true
"Harry Styles - She",1769673794627,false
"Harry Styles - Sunflower, Vol. 6",1768667666708,false
"Harry Styles - Treat People With Kindness",1770296818687,false
"Harry Styles - Treat People With Kindness",1770296818687,true
"Harry Styles - Fine Line",1769672849192,false
"Doja Cat - Say So",1735750252249,false
"Doja Cat - Say So",1735750252249,true
"Billie Eilish - everything i wanted",1774083158536,false
"Billie Eilish - everything i wanted",1771817453784,true
"Eline Moss - Ingénue",1768853031559,false
"Gracie Abrams - Stay",1771256046484,false
"Gracie Abrams - Stay",1771256046484,true
"Sara Kays - Is There Anything Else?",1768628739027,false
"EXO - Obsession",1772076720243,false
"EXO - Obsession",1769109943075,true
"EXO - Non Stop",1769109716108,false
"EXO - Non Stop",1769109716108,true
"EXO - Butterfly Effect",1769109908036,false
"EXO - Butterfly Effect",1769109908036,true
"Selena Gomez - People You Know",1773098487390,false
"Selena Gomez - People You Know",1771076682714,true
"Taylor Swift - Beautiful Ghosts",1771374853129,false
"Taylor Swift - Beautiful Ghosts",1771374853129,true
"张艺兴 - 外婆",1769092734472,false
"张艺兴 - 外婆",1769092734472,true
"Red Velvet - Psycho",1773402358846,false
"Red Velvet - Psycho",1773402358846,true
"Red Velvet - In & Out",1769265475860,false
"TAEYEON - Dear Me",1774110528090,false
"TAEYEON - Dear Me",1774110528090,true
"Tate McRae - stupid",1773084557645,false
"Bad Bunny - La Difícil",1770852591356,false
"Bad Bunny - La Difícil",1770852591356,true
"Bad Bunny - Yo Perreo Sola",1772084732961,false
"Bad Bunny - Yo Perreo Sola",1772084732961,true
"Bad Bunny, Jowell & Randy & Ñengo Flow - Safaera",1772085027921,false
"Bad Bunny, Jowell & Randy & Ñengo Flow - Safaera",1772085027921,true
"Lennon Stella - Older Than I Am",1768628759243,false
"OneRepublic - Run",1772576263571,false
"OneRepublic - Run",1772576263571,true
"OneRepublic - Someday",1771186894127,false
"OneRepublic - Someday",1771186894127,true
"Kygo, Zara Larsson & Tyga - Like It Is",1772536844427,false
"Kygo, Zara Larsson & Tyga - Like It Is",1772536844427,true
"SUHO - Let’s Love",1768873466573,false
"SUHO - Let’s Love",1768704851742,true
"SUHO - Made In You",1771716259186,false
"SUHO - Made In You",1771716259186,true
"SUHO - Starry Night",1768803228750,false
"SUHO - Starry Night",1768803228750,true
"Phoebe Bridgers - Garden Song",1768852669976,false
"Phoebe Bridgers - Chinese Satellite",1768628492499,false
"Phoebe Bridgers - Moon Song",1771718063080,false
"Phoebe Bridgers - Moon Song",1771718063080,true
"Phoebe Bridgers - Savior Complex",1768628770174,false
"Phoebe Bridgers - ICU",1768628806972,false
"Phoebe Bridgers - I Know the End",1771918406084,false
"Phoebe Bridgers - I Know the End",1771918406084,true
"Selena Gomez - Look At Her Now",1768676833334,false
"BIBI - Kazino",1768932340127,false
"BIBI - Kazino",1768932340127,true
"NCT DREAM - Ridin'",1770159177275,false
"NCT DREAM - Ridin'",1770159177275,true
"Noah Cyrus - Lonely",1768628743892,false
"Raiden & CHANYEOL - Yours (feat. LeeHi & CHANGMO)",1771086114357,false
"Raiden & CHANYEOL - Yours (feat. LeeHi & CHANGMO)",1771086114357,true
"Ben Platt - Grow As We Go",1736243339167,false
"Charli xcx - party 4 u",1769198657455,false
"Charli xcx - party 4 u",1769198657455,true
"BAEKHYUN - Bungee",1769047525941,false
"BAEKHYUN - Bungee",1769047525941,true
"TWICE - MORE & MORE",1773363979528,false
"TWICE - MORE & MORE",1773363979528,true
"Marshmello, Halsey & Surf Mesa - Be Kind (Surf Mesa Remix)",1769642817034,false
"Marshmello, Halsey & Surf Mesa - Be Kind (Surf Mesa Remix)",1769642817034,true
"Tori Kelly - Unbothered",1768682458490,false
"Gracie Abrams - Under / Over",1768628479656,false
"Gracie Abrams - I miss you, I’m sorry",1771943811948,false
"Gracie Abrams - I miss you, I’m sorry",1771943811948,true
"Red Velvet - IRENE & SEULGI - Monster",1772206181258,false
"Red Velvet - IRENE & SEULGI - Monster",1772206181258,true
"Red Velvet - IRENE & SEULGI - Feel Good",1772204380379,false
"Red Velvet - IRENE & SEULGI - Feel Good",1772204380379,true
"Katy Perry - Never Really Over",1768945423071,false
"Red Velvet - IRENE & SEULGI - Naughty",1773576672871,false
"Red Velvet - IRENE & SEULGI - Naughty",1773576672871,true
"One Direction - Ready to Run",1768675126199,false
"Taylor Swift - exile (feat. Bon Iver)",1771207075115,false
"Taylor Swift - exile (feat. Bon Iver)",1771207075115,true
"Taylor Swift - invisible string",1770755806350,false
"Taylor Swift - invisible string",1770755806350,true
"Taylor Swift - the 1",1772319601709,false
"Taylor Swift - the 1",1772319601709,true
"Taylor Swift - cardigan",1772374098228,false
"Taylor Swift - cardigan",1772374098228,true
"Taylor Swift - exile (feat. Bon Iver)",1772322382509,false
"Taylor Swift - exile (feat. Bon Iver)",1772322382509,true
"Taylor Swift - my tears ricochet",1772160141470,false
"Taylor Swift - my tears ricochet",1772160141470,true
"Taylor Swift - mirrorball",1768804515088,false
"Taylor Swift - mirrorball",1768804515088,true
"Taylor Swift - seven",1768747400099,false
"Taylor Swift - seven",1768747400099,true
"Taylor Swift - august",1769027018492,false
"Taylor Swift - august",1769027018492,true
"Taylor Swift - this is me trying",1771917629747,false
"Taylor Swift - this is me trying",1771917629747,true
"Taylor Swift - illicit affairs",1771207265323,false
"Taylor Swift - illicit affairs",1771207265323,true
"Taylor Swift - mad woman",1771724396280,false
"Taylor Swift - mad woman",1771724396280,true
"Taylor Swift - epiphany",1771217913151,false
"Taylor Swift - epiphany",1771217913151,true
"Taylor Swift - peace",1772082800897,false
"Taylor Swift - peace",1771955249569,true
"Taylor Swift - hoax",1771216056597,false
"Taylor Swift - hoax",1771216056597,true
"Lizzy McAlpine - I Knew",1768628743157,false
"Lizzy McAlpine - Same Boat",1768628490948,false
"TREASURE - BOY",1770158151979,false
"TREASURE - BOY",1770158151979,true
"Clara Mae - Unmiss You",1768628805242,false
"Taylor Swift - the 1",1774022908955,false
"Taylor Swift - the 1",1774022908955,true
"Taylor Swift - cardigan",1774023149218,false
"Taylor Swift - cardigan",1774023149218,true
"Taylor Swift - the last great american dynasty",1774023379572,false
"Taylor Swift - the last great american dynasty",1774023379572,true
"Taylor Swift - exile (feat. Bon Iver)",1774023391831,false
"Taylor Swift - exile (feat. Bon Iver)",1774023391831,true
"Taylor Swift - my tears ricochet",1774021447943,false
"Taylor Swift - my tears ricochet",1774021447943,true
"Taylor Swift - seven",1774020481844,false
"Taylor Swift - seven",1774020481844,true
"Taylor Swift - august",1774023410049,false
"Taylor Swift - august",1774023410049,true
"Taylor Swift - this is me trying",1774020938831,false
"Taylor Swift - this is me trying",1774020938831,true
"Taylor Swift - illicit affairs",1774021129646,false
"Taylor Swift - illicit affairs",1774021129646,true
"Taylor Swift - invisible string",1774021383127,false
"Taylor Swift - invisible string",1774021383127,true
"Taylor Swift - mad woman",1774021442944,false
"Taylor Swift - mad woman",1774021442944,true
"Taylor Swift - epiphany",1774021738454,false
"Taylor Swift - epiphany",1774021738454,true
"Taylor Swift - betty",1774022032888,false
"Taylor Swift - betty",1774022032888,true
"Taylor Swift - peace",1774022266995,false
"Taylor Swift - peace",1774022266995,true
"Taylor Swift - hoax",1774022486915,false
"Taylor Swift - hoax",1774022486915,true
"Taylor Swift - the lakes (bonus track)",1774022698713,false
"Taylor Swift - the lakes (bonus track)",1774022698713,true
"TWICE - MORE & MORE (English Version)",1773578670531,false
"TWICE - MORE & MORE (English Version)",1773578670531,true
"Little Mix - Black Magic",1773363695231,false
"Little Mix - Black Magic",1773363695231,true
"Little Mix - Salute",1773363313191,false
"Little Mix - Salute",1773363313191,true
"Little Mix - Move",1773359779904,false
"Little Mix - Move",1773359779904,true
"TAEMIN - Criminal",1770177921387,false
"TAEMIN - Criminal",1770177921387,true
"Little Mix - Holiday",1773398205723,false
"Little Mix - Holiday",1773398205723,true
"Little Mix - Sweet Melody",1773363292505,false
"Little Mix - Sweet Melody",1773363292505,true
"Little Mix - Confetti",1769034388569,false
"Little Mix - Confetti",1769034388569,true
"Little Mix - Not a Pop Song",1773369488057,false
"Little Mix - Not a Pop Song",1773369488057,true
"Dua Lipa - Levitating (feat. DaBaby)",1772297471739,false
"Dua Lipa - Levitating (feat. DaBaby)",1772297471739,true
"Halsey - Graveyard",1768676684639,false
"CHEN - Hello",1771172655262,false
"CHEN - Hello",1771172655262,true
"TWICE - I CAN'T STOP ME",1769631889486,false
"TWICE - I CAN'T STOP ME",1769631889486,true
"Dua Lipa - Don't Start Now",1773449057329,false
"Dua Lipa - Don't Start Now",1773449057329,true
"Dua Lipa - Physical",1773095461912,false
"Dua Lipa - Physical",1773095461912,true
"Dua Lipa - Levitating",1773448550311,false
"Dua Lipa - Levitating",1773448550311,true
"Dua Lipa - Levitating (feat. DaBaby)",1773358802417,false
"Dua Lipa - Levitating (feat. DaBaby)",1773358802417,true
"aespa - Black Mamba",1768856396705,false
"aespa - Black Mamba",1768856396705,true
"Taylor Swift - the 1",1770408961667,false
"Taylor Swift - the 1",1770408961667,true
"Taylor Swift - cardigan",1770405996117,false
"Taylor Swift - cardigan",1770405996117,true
"Taylor Swift - the last great american dynasty",1768689426868,false
"Taylor Swift - the last great american dynasty",1768689426868,true
"Taylor Swift - my tears ricochet",1768688765586,false
"Taylor Swift - my tears ricochet",1768688765586,true
"Taylor Swift - mirrorball",1768688763586,false
"Taylor Swift - mirrorball",1768688763586,true
"Taylor Swift - seven",1768688764586,false
"Taylor Swift - seven",1768688764586,true
"Taylor Swift - this is me trying",1771723908766,false
"Taylor Swift - this is me trying",1771723908766,true
"Taylor Swift - illicit affairs",1768688763586,false
"Taylor Swift - illicit affairs",1768688763586,true
"Taylor Swift - invisible string",1768688223586,false
"Taylor Swift - invisible string",1768688223586,true
"Taylor Swift - mad woman",1774104250995,false
"Taylor Swift - mad woman",1774104250995,true
"Taylor Swift - epiphany",1768688223586,false
"Taylor Swift - epiphany",1768688223586,true
"Taylor Swift - betty",1774104256979,false
"Taylor Swift - betty",1774104256979,true
"Taylor Swift - peace",1768688981586,false
"Taylor Swift - peace",1768688981586,true
"Taylor Swift - hoax",1768688756586,false
"Taylor Swift - hoax",1768688756586,true
"Taylor Swift - the lakes (bonus track)",1768688755586,false
"Taylor Swift - the lakes (bonus track)",1768688755586,true
"Taylor Swift - the 1 (the long pond studio sessions)",1772088639344,false
"Taylor Swift - the 1 (the long pond studio sessions)",1772088639344,true
"Taylor Swift - cardigan (the long pond studio sessions)",1772088870041,false
"Taylor Swift - cardigan (the long pond studio sessions)",1772088870041,true
"Taylor Swift - the last great american dynasty (the long pond studio sessions)",1772089102323,false
"Taylor Swift - the last great american dynasty (the long pond studio sessions)",1772089102323,true
"Taylor Swift - exile (feat. Bon Iver) [the long pond studio sessions]",1770406739964,false
"Taylor Swift - exile (feat. Bon Iver) [the long pond studio sessions]",1770406739964,true
"Taylor Swift - my tears ricochet (the long pond studio sessions)",1772089677444,false
"Taylor Swift - my tears ricochet (the long pond studio sessions)",1772089677444,true
"Taylor Swift - mirrorball (the long pond studio sessions)",1770407272564,false
"Taylor Swift - mirrorball (the long pond studio sessions)",1770407272564,true
"Taylor Swift - seven (the long pond studio sessions)",1770408951162,false
"Taylor Swift - seven (the long pond studio sessions)",1770408951162,true
"Taylor Swift - august (the long pond studio sessions)",1768859859039,false
"Taylor Swift - august (the long pond studio sessions)",1768859859039,true
"Taylor Swift - this is me trying (the long pond studio sessions)",1772134714166,false
"Taylor Swift - this is me trying (the long pond studio sessions)",1772090426428,true
"Taylor Swift - illicit affairs (the long pond studio sessions)",1768688981586,false
"Taylor Swift - illicit affairs (the long pond studio sessions)",1768688981586,true
"Taylor Swift - invisible string (the long pond studio sessions)",1768688759586,false
"Taylor Swift - invisible string (the long pond studio sessions)",1768688759586,true
"Taylor Swift - mad woman (the long pond studio sessions)",1771414868649,false
"Taylor Swift - mad woman (the long pond studio sessions)",1771414868649,true
"Taylor Swift - epiphany (the long pond studio sessions)",1771415143382,false
"Taylor Swift - epiphany (the long pond studio sessions)",1771415143382,true
"Taylor Swift - betty (the long pond studio sessions)",1771415433401,false
"Taylor Swift - betty (the long pond studio sessions)",1771415433401,true
"Taylor Swift - peace (the long pond studio sessions)",1771415459090,false
"Taylor Swift - peace (the long pond studio sessions)",1771415459090,true
"Taylor Swift - hoax (the long pond studio sessions)",1768688762586,false
"Taylor Swift - hoax (the long pond studio sessions)",1768688762586,true
"Taylor Swift - cardigan",1738042458770,false
"Taylor Swift - mirrorball",1774103866533,false
"Taylor Swift - mirrorball",1774103866533,true
"Taylor Swift - august",1774104129064,false
"Taylor Swift - august",1774104129064,true
"Taylor Swift - this is me trying",1768851493454,false
"Taylor Swift - exile (feat. Bon Iver) [the long pond studio sessions]",1772089382336,false
"Taylor Swift - exile (feat. Bon Iver) [the long pond studio sessions]",1772089382336,true
"Taylor Swift - my tears ricochet (the long pond studio sessions)",1768628487670,false
"Taylor Swift - mirrorball (the long pond studio sessions)",1772089914738,false
"Taylor Swift - mirrorball (the long pond studio sessions)",1772089914738,true
"Taylor Swift - seven (the long pond studio sessions)",1772090123708,false
"Taylor Swift - seven (the long pond studio sessions)",1772090123708,true
"Taylor Swift - august (the long pond studio sessions)",1772090383729,false
"Taylor Swift - august (the long pond studio sessions)",1772090383729,true
"Taylor Swift - hoax (the long pond studio sessions)",1768750307606,false
"Taylor Swift - hoax (the long pond studio sessions)",1768750307606,true
"Taylor Swift - the lakes (the long pond studio sessions)",1771602891907,false
"Taylor Swift - the lakes (the long pond studio sessions)",1771602891907,true
"Bad Bunny & JHAYCO - DÁKITI",1773320259558,false
"Bad Bunny & JHAYCO - DÁKITI",1773320259558,true
"Little Mix - Confetti",1772076649466,false
"Taylor Swift - champagne problems",1772051467060,false
"Taylor Swift - champagne problems",1772051467060,true
"Taylor Swift - gold rush",1768802669313,false
"Taylor Swift - gold rush",1768802669313,true
"Taylor Swift - tolerate it",1772038515393,false
"Taylor Swift - tolerate it",1772027863171,true
"Taylor Swift - happiness",1771887551141,false
"Taylor Swift - happiness",1771887551141,true
"Taylor Swift - ivy",1771955287053,false
"Taylor Swift - ivy",1771955287053,true
"Taylor Swift - cowboy like me",1771414199131,false
"Taylor Swift - cowboy like me",1771414199131,true
"Taylor Swift - long story short",1771414200356,false
"Taylor Swift - long story short",1771414200356,true
"Taylor Swift - marjorie",1772008267085,false
"Taylor Swift - marjorie",1771942868414,true
"Taylor Swift - closure",1771414589513,false
"Taylor Swift - closure",1771414589513,true
"Taylor Swift - evermore (feat. Bon Iver)",1771600315556,false
"Taylor Swift - evermore (feat. Bon Iver)",1771600315556,true
"Ariana Grande - goodnight n go",1770094923827,false
"TWICE - CRY FOR ME",1769631197981,false
"TWICE - CRY FOR ME",1769631197981,true
"Tate McRae - Heather (Bedroom Sessions)",1768628495736,false
"SZA - Good Days",1772700204755,false
"SZA - Good Days",1772700204755,true
"Taylor Swift - willow",1770408956293,false
"Taylor Swift - willow",1770408956293,true
"Taylor Swift - champagne problems",1771723713469,false
"Taylor Swift - champagne problems",1771723713469,true
"Taylor Swift - gold rush",1774110305056,false
"Taylor Swift - gold rush",1774110305056,true
"Taylor Swift - no body, no crime (feat. HAIM)",1769091898042,false
"Taylor Swift - no body, no crime (feat. HAIM)",1769091898042,true
"Taylor Swift - happiness",1771170504324,false
"Taylor Swift - happiness",1771170504324,true
"Taylor Swift - dorothea",1769402869340,false
"Taylor Swift - dorothea",1769402869340,true
"Taylor Swift - coney island (feat. The National)",1771219167661,false
"Taylor Swift - coney island (feat. The National)",1771219167661,true
"Taylor Swift - ivy",1768685299415,false
"Taylor Swift - ivy",1768685299415,true
"Taylor Swift - cowboy like me",1768685574415,false
"Taylor Swift - cowboy like me",1768685574415,true
"Taylor Swift - long story short",1768685790415,false
"Taylor Swift - long story short",1768685790415,true
"Taylor Swift - marjorie",1770210092539,false
"Taylor Swift - marjorie",1768747046693,true
"Taylor Swift - closure",1768686229142,false
"Taylor Swift - closure",1768686229142,true
"Taylor Swift - evermore (feat. Bon Iver)",1769404581843,false
"Taylor Swift - evermore (feat. Bon Iver)",1769404581843,true
"Taylor Swift - right where you left me (bonus track)",1772028328230,false
"Taylor Swift - right where you left me (bonus track)",1772028328230,true
"Taylor Swift - willow",1768853033321,false
"Taylor Swift - long story short",1771994461804,false
"Taylor Swift - evermore (feat. Bon Iver)",1768628804268,false
"Madison Beer - Emotional Bruises",1768628775501,false
"Madison Beer - Everything Happens For A Reason",1768628799393,false
"Sabrina Carpenter - Skin",1768599677460,false
"HyunA - I'm Not Cool",1773576474265,false
"HyunA - I'm Not Cool",1773576474265,true
"LANY - cowboy in LA",1768946924169,false
"Dua Lipa - We're Good",1771780960312,false
"Dua Lipa - We're Good",1771780960312,true
"Jeremy Zucker & Chelsea Cutler - this is how you fall in love",1768682454514,false
"BLACKPINK - Kill This Love",1768945009617,false
"BLACKPINK - Forever Young",1769034627569,false
"BLACKPINK - Forever Young",1769034627569,true
"Dua Lipa - Physical",1736040748424,false
"Dua Lipa - Break My Heart",1736200247075,false
"Taylor Swift - Fearless (Taylor’s Version)",1772320068804,false
"Taylor Swift - Fearless (Taylor’s Version)",1772320068804,true
"Taylor Swift - Love Story (Taylor’s Version)",1770647144584,false
"Taylor Swift - Love Story (Taylor’s Version)",1770647144584,true
"Taylor Swift - White Horse (Taylor’s Version)",1771220784599,false
"Taylor Swift - White Horse (Taylor’s Version)",1771220784599,true
"Taylor Swift - You Belong With Me (Taylor’s Version)",1772316143228,false
"Taylor Swift - You Belong With Me (Taylor’s Version)",1772316143228,true
"Taylor Swift - Tell Me Why (Taylor’s Version)",1771211089015,false
"Taylor Swift - Tell Me Why (Taylor’s Version)",1771211089015,true
"Taylor Swift - You’re Not Sorry (Taylor’s Version)",1771648335832,false
"Taylor Swift - You’re Not Sorry (Taylor’s Version)",1771648335832,true
"Taylor Swift - The Way I Loved You (Taylor’s Version)",1770339539859,false
"Taylor Swift - The Way I Loved You (Taylor’s Version)",1770339539859,true
"Taylor Swift - Forever & Always (Taylor’s Version)",1771700026273,false
"Taylor Swift - Forever & Always (Taylor’s Version)",1771700026273,true
"Taylor Swift - Mr. Perfectly Fine (Taylor’s Version) [From The Vault]",1771211772266,false
"Taylor Swift - Mr. Perfectly Fine (Taylor’s Version) [From The Vault]",1771211772266,true
"Taylor Swift - We Were Happy (Taylor’s Version) [From The Vault]",1771297816935,false
"Taylor Swift - We Were Happy (Taylor’s Version) [From The Vault]",1771297816935,true
"Taylor Swift - Don’t You (Taylor’s Version) [From The Vault]",1771604813417,false
"Taylor Swift - Don’t You (Taylor’s Version) [From The Vault]",1771604813417,true
"Taylor Swift - Bye Bye Baby (Taylor’s Version) [From The Vault]",1771306544713,false
"Taylor Swift - Bye Bye Baby (Taylor’s Version) [From The Vault]",1771306544713,true
"TWICE - Cheer Up",1769631518666,false
"TWICE - Cheer Up",1769631518666,true
"TWICE - Touchdown",1769631944793,false
"TWICE - Touchdown",1769631944793,true
"TWICE - The Best Thing I Ever Did",1769632954110,false
"TWICE - The Best Thing I Ever Did",1769632954110,true
"TWICE - KNOCK KNOCK",1769631934804,false
"TWICE - KNOCK KNOCK",1769631934804,true
"TWICE - TT",1773403591429,false
"TWICE - TT",1773403591429,true
"TWICE - Do It Again",1769632992603,false
"TWICE - Do It Again",1769632992603,true
"TWICE - Dance The Night Away",1774082489760,false
"TWICE - Dance The Night Away",1769632326262,true
"TWICE - CHILLAX",1769029988287,false
"TWICE - CHILLAX",1769029988287,true
"TWICE - What is Love?",1773362835468,false
"TWICE - What is Love?",1773362835468,true
"TWICE - Heart Shaker",1769634003876,false
"TWICE - Heart Shaker",1769634003876,true
"TWICE - LIKEY",1769632543165,false
"TWICE - LIKEY",1769632543165,true
"TWICE - Feel Special",1769634902043,false
"TWICE - Feel Special",1769634902043,true
"TWICE - Rainbow",1769634435204,false
"TWICE - Rainbow",1769634435204,true
"TWICE - Get Loud",1769634203852,false
"TWICE - Get Loud",1769634203852,true
"TWICE - Love Foolish",1773745371846,false
"TWICE - Love Foolish",1773745371846,true
"B.Miles - Wasting Time (New York)",1768628811743,false
"Tate McRae - bad ones",1768628805746,false
"benny blanco & Gracie Abrams - Unlearn",1768628781111,false
"BAEKHYUN - Amusement Park",1768872333455,false
"Olivia Rodrigo - good 4 u",1773744555001,false
"Olivia Rodrigo - good 4 u",1773744555001,true
"Olivia Rodrigo - hope ur ok",1771604419392,false
"Olivia Rodrigo - hope ur ok",1771604419392,true
"Ashe - Ryne’s Song",1768628779294,false
"CHANYEOL - Tomorrow",1768871444131,false
"TWICE - Kura Kura",1773403253535,false
"TWICE - Kura Kura",1773403253535,true
"BLÜ EYES - Break Up With a Friend",1768628736071,false
"Joshua Bassett - Feel Something",1768598773058,false
"The Weeknd & Ariana Grande - Save Your Tears (Remix)",1773435312346,false
"The Weeknd & Ariana Grande - Save Your Tears (Remix)",1773435312346,true
"Anthony Ramos, Leslie Grace, Jimmy Smits, Noah Catala, Melissa Barrera, Corey Hawkins, Gregory Diaz IV, Dascha Polanco, Daphne Rubin-Vega & Stephanie Beatriz - Alabanza",1771375348193,false
"Anthony Ramos, Leslie Grace, Jimmy Smits, Noah Catala, Melissa Barrera, Corey Hawkins, Gregory Diaz IV, Dascha Polanco, Daphne Rubin-Vega & Stephanie Beatriz - Alabanza",1771375348193,true
"girl in red - .",1768628759798,false
"Billie Eilish - Getting Older",1769023679814,false
"Billie Eilish - Halley's Comet",1768682232355,false
"Billie Eilish - Male Fantasy",1768599668804,false
"Gracie Abrams - Mess It Up",1771918096824,false
"Gracie Abrams - Mess It Up",1771918096824,true
"Sofía Valdés - Lonely",1768628812357,false
"TWICE - Alcohol-Free",1773579549085,false
"TWICE - Alcohol-Free",1773579549085,true
"TWICE - Conversation",1773358967813,false
"TWICE - Conversation",1773358967813,true
"Bleachers - Chinatown (feat. Bruce Springsteen)",1736636832135,false
"Bleachers - Chinatown (feat. Bruce Springsteen)",1736636832135,true
"Bleachers - How Dare You Want More",1736636836685,false
"Bleachers - How Dare You Want More",1736636836685,true
"Bleachers - Stop Making This Hurt",1772088031555,false
"Bleachers - Stop Making This Hurt",1741116720403,true
"aespa - Next Level",1771413518237,false
"aespa - Next Level",1771413518237,true
"Ariana Grande - Into You",1770323837340,false
"IZ*ONE - La Vie en Rose",1773579291147,false
"IZ*ONE - La Vie en Rose",1773579291147,true
"CHUNG HA - Gotta Go",1773579779763,false
"CHUNG HA - Gotta Go",1773579779763,true
"EVERGLOW - Bon Bon Chocolat",1768930533455,false
"IZ*ONE - Secret Story of the Swan",1770158550960,false
"IZ*ONE - Secret Story of the Swan",1770158550960,true
"EVERGLOW - LA DI DA",1770158206453,false
"EVERGLOW - LA DI DA",1770158206453,true
"EVERGLOW - UNTOUCHABLE",1773743741390,false
"EVERGLOW - UNTOUCHABLE",1773743741390,true
"H.I.N.P (Hot Issue of Ntl. Producers) - Rumor",1772206564609,false
"H.I.N.P (Hot Issue of Ntl. Producers) - Rumor",1772206564609,true
"Maroon 5 & Megan Thee Stallion - Beautiful Mistakes",1768945393834,false
"Ed Sheeran - Bad Habits",1736040533152,false
"Ed Sheeran - Bad Habits",1736040533152,true
"Big Red Machine - Renegade (feat. Taylor Swift)",1771227025237,false
"Big Red Machine - Renegade (feat. Taylor Swift)",1771227025237,true
"Catie Turner - Funeral",1768628764351,false
"Lorde - The Path",1770145459471,false
"Lorde - The Path",1770145459471,true
"Lorde - Solar Power",1770144830485,false
"Lorde - Solar Power",1770144830485,true
"Lorde - California",1770147098839,false
"Lorde - California",1770147098839,true
"Lorde - Stoned at the Nail Salon",1770146075356,false
"Lorde - Stoned at the Nail Salon",1770146075356,true
"Lorde - Fallen Fruit",1770146313318,false
"Lorde - Fallen Fruit",1770146313318,true
"Lorde - Secrets from a Girl (Who's Seen it All)",1771718773689,false
"Lorde - Secrets from a Girl (Who's Seen it All)",1771718773689,true
"Lorde - The Man with the Axe",1770145808780,false
"Lorde - The Man with the Axe",1770145808780,true
"Lorde - Dominoes",1770145238260,false
"Lorde - Dominoes",1770145238260,true
"Lorde - Big Star",1770147640404,false
"Lorde - Big Star",1770147640404,true
"Lorde - Leader of a New Regime",1770145552799,false
"Lorde - Leader of a New Regime",1770145552799,true
"Lorde - Mood Ring",1770147327825,false
"Lorde - Mood Ring",1770147327825,true
"Lorde - Oceanic Feeling",1770146712891,false
"Lorde - Oceanic Feeling",1770146712891,true
"Solar Power",1770146906799,false
"Solar Power",1770146906799,true
"Joy Oladokun - breathe again",1768628753493,false
"Luke Hemmings - Slip Away",1768628763804,false
"Washed Out - Miles' Lullaby",1768852671155,false
"Ben Platt - imagine",1768682228336,false
"Ben Hemsley - Bebé Música",1735717178497,false
"Pitbull - I Feel Good (feat. Anthony Watts & DJWS)",1768668031231,false
"Holly Humberstone - Haunted House",1768628734093,false
"Elton John & Dua Lipa - Cold Heart (PNAU Remix)",1773095460748,false
"Elton John & Dua Lipa - Cold Heart (PNAU Remix)",1773095460748,true
"Minnz Piano - The Best Day",1771215591788,false
"Minnz Piano - The Best Day",1771215591788,true
"Avery Lynch - Holding My Own Hand",1768628796873,false
"Nessa Barrett - i hope ur miserable until ur dead",1768946897446,false
"Teddy Adhitya - Langit Favoritku",1735672166014,false
"Red Velvet - Pose",1772204897579,false
"Red Velvet - Pose",1772204897579,true
"Ed Sheeran - Shivers",1773434411034,false
"Ed Sheeran - Shivers",1773434411034,true
"Ed Sheeran - Visiting Hours",1772028543817,false
"Ed Sheeran - Visiting Hours",1772028543817,true
"Olivia Rodrigo - brutal",1768675287900,false
"Olivia Rodrigo - drivers license",1768667664182,false
"Olivia Rodrigo - 1 step forward, 3 steps back",1768628760381,false
"Olivia Rodrigo - deja vu",1768628797448,false
"Olivia Rodrigo - favorite crime",1770232002505,false
"Olivia Rodrigo - favorite crime",1770232002505,true
"Olivia Rodrigo - enough for you",1768628489274,false
"Olivia Rodrigo - favorite crime",1770232032292,false
"Olivia Rodrigo - hope ur ok",1768628740014,false
"The Civil Wars - Poison & Wine",1738002035421,false
"The Civil Wars - Dust to Dust",1768628470376,false
"LOONA - Butterfly",1769209217988,false
"LOONA - Butterfly",1769209217988,true
"Wanderer's Trove - Empty Sky",1768853025120,false
"Park Minjoo - Needles and Dalgona",1736451595335,false
"Park Minjoo - Needles and Dalgona",1736451595335,true
"Taylor Swift - Wildest Dreams (Taylor's Version)",1769027534492,false
"Taylor Swift - Wildest Dreams (Taylor's Version)",1769027534492,true
"aespa - Savage",1768856447845,false
"aespa - Savage",1768856447845,true
"Justin Bieber - Peaches (feat. Daniel Caesar & GIVĒON)",1770321798484,false
"James Blake - Friends That Break Your Heart",1768628780579,false
"Taylor Swift - Red (Taylor's Version)",1772319825902,false
"Taylor Swift - Red (Taylor's Version)",1772319825902,true
"Taylor Swift - I Knew You Were Trouble (Taylor's Version)",1771212516140,false
"Taylor Swift - I Knew You Were Trouble (Taylor's Version)",1771212516140,true
"Taylor Swift - All Too Well (Taylor's Version)",1772317616844,false
"Taylor Swift - All Too Well (Taylor's Version)",1772317616844,true
"Taylor Swift - 22 (Taylor's Version)",1768603220402,false
"Taylor Swift - 22 (Taylor's Version)",1768603220402,true
"Taylor Swift - We Are Never Ever Getting Back Together (Taylor's Version)",1771209655035,false
"Taylor Swift - We Are Never Ever Getting Back Together (Taylor's Version)",1771209655035,true
"Taylor Swift - The Last Time (Taylor's Version) [feat. Gary Lightbody]",1771209954035,false
"Taylor Swift - The Last Time (Taylor's Version) [feat. Gary Lightbody]",1771209954035,true
"Taylor Swift - 22 (Taylor's Version)",1772321892677,false
"Taylor Swift - 22 (Taylor's Version)",1772321892677,true
"Taylor Swift - The Lucky One (Taylor's Version)",1735750495161,false
"Taylor Swift - The Lucky One (Taylor's Version)",1735750495161,true
"Taylor Swift - Everything Has Changed (Taylor's Version) [feat. Ed Sheeran]",1735750741869,false
"Taylor Swift - Everything Has Changed (Taylor's Version) [feat. Ed Sheeran]",1735750741869,true
"Taylor Swift - Starlight (Taylor's Version)",1735750963537,false
"Taylor Swift - Starlight (Taylor's Version)",1735750963537,true
"Taylor Swift - Begin Again (Taylor's Version)",1735751139008,false
"Taylor Swift - Begin Again (Taylor's Version)",1735751139008,true
"Taylor Swift - The Moment I Knew (Taylor's Version)",1771215559262,false
"Taylor Swift - The Moment I Knew (Taylor's Version)",1771215559262,true
"Taylor Swift - Babe (Taylor's Version) [From The Vault]",1771210627015,false
"Taylor Swift - Babe (Taylor's Version) [From The Vault]",1771210627015,true
"Taylor Swift - I Bet You Think About Me (Taylor's Version) [From The Vault] [feat. Chris Stapleton]",1771212297266,false
"Taylor Swift - I Bet You Think About Me (Taylor's Version) [From The Vault] [feat. Chris Stapleton]",1771212297266,true
"Taylor Swift - The Very First Night (Taylor's Version) [From The Vault]",1772320724033,false
"Taylor Swift - The Very First Night (Taylor's Version) [From The Vault]",1772320724033,true
"Taylor Swift - All Too Well (10 Minute Version) [Taylor's Version] [From The Vault]",1770854399065,false
"Taylor Swift - All Too Well (10 Minute Version) [Taylor's Version] [From The Vault]",1770854399065,true
"Conan Gray - Telepath",1768667643169,false
"LANY - dancing in the kitchen",1768682453005,false
"Lorde - Big Star",1768628829355,false
"Lauren Spencer Smith - For Granted",1768628746390,false
"OneRepublic - Sunshine",1771397209416,false
"OneRepublic - Sunshine",1771397209416,true
"Gracie Abrams - Feels Like",1771955281194,false
"Gracie Abrams - Feels Like",1771955281194,true
"Gracie Abrams - Rockland",1737281921874,false
"Gracie Abrams - Rockland",1737281921874,true
"Gracie Abrams - For Real This Time",1737282115874,false
"Gracie Abrams - For Real This Time",1737282115874,true
"Gracie Abrams - Camden",1772493534855,false
"Gracie Abrams - Camden",1772051939982,true
"Gracie Abrams - The Bottom",1737286635733,false
"Gracie Abrams - The Bottom",1737286635733,true
"Gracie Abrams - Wishful Thinking",1737286796733,false
"Gracie Abrams - Wishful Thinking",1737286796733,true
"Gracie Abrams - Older",1737286983733,false
"Gracie Abrams - Older",1737286983733,true
"Gracie Abrams - Better",1737287153733,false
"Gracie Abrams - Better",1737287153733,true
"Gracie Abrams - Hard to Sleep",1737287371733,false
"Gracie Abrams - Hard to Sleep",1737287371733,true
"Ashley Kutcher - Favorite What If",1768628774234,false
"Lorde - Bravado",1770137364435,false
"Lorde - Bravado",1770137364435,true
"Lorde - Royals",1770139312452,false
"Lorde - Royals",1770139312452,true
"Lorde - The Love Club",1770322591911,false
"Lorde - The Love Club",1770130152121,true
"Bleachers - How Dare You Want More (Recorded at Electric Lady Studio)",1770337776073,false
"Bleachers - How Dare You Want More (Recorded at Electric Lady Studio)",1770337776073,true
"Bleachers - Big Life (Recorded at Electric Lady Studio)",1771099346737,false
"Bleachers - Big Life (Recorded at Electric Lady Studio)",1771099346737,true
"Bleachers - Strange Behavior (Recorded at Electric Lady Studio)",1770337446668,false
"Bleachers - Strange Behavior (Recorded at Electric Lady Studio)",1770337446668,true
"Taylor Swift - State Of Grace (Taylor's Version)",1772473499853,false
"Taylor Swift - State Of Grace (Taylor's Version)",1772473499853,true
"Taylor Swift - Red (Taylor's Version)",1772473722537,false
"Taylor Swift - Red (Taylor's Version)",1772473722537,true
"Taylor Swift - Treacherous (Taylor's Version)",1772473965238,false
"Taylor Swift - Treacherous (Taylor's Version)",1772473965238,true
"Taylor Swift - I Knew You Were Trouble (Taylor's Version)",1772474185017,false
"Taylor Swift - I Knew You Were Trouble (Taylor's Version)",1772474185017,true
"Taylor Swift - All Too Well (Taylor's Version)",1772474514209,false
"Taylor Swift - All Too Well (Taylor's Version)",1772474514209,true
"Taylor Swift - 22 (Taylor's Version)",1773360807047,false
"Taylor Swift - 22 (Taylor's Version)",1773360807047,true
"Taylor Swift - I Almost Do (Taylor's Version)",1772475642241,false
"Taylor Swift - I Almost Do (Taylor's Version)",1772475642241,true
"Taylor Swift - We Are Never Ever Getting Back Together (Taylor's Version)",1772475656389,false
"Taylor Swift - We Are Never Ever Getting Back Together (Taylor's Version)",1772475656389,true
"Taylor Swift - The Last Time (Taylor's Version) [feat. Gary Lightbody]",1772156444652,false
"Taylor Swift - The Last Time (Taylor's Version) [feat. Gary Lightbody]",1772156444652,true
"Taylor Swift - Holy Ground (Taylor's Version)",1770783756346,false
"Taylor Swift - Holy Ground (Taylor's Version)",1770783756346,true
"Taylor Swift - Sad Beautiful Tragic (Taylor's Version)",1772051241072,false
"Taylor Swift - Sad Beautiful Tragic (Taylor's Version)",1772051241072,true
"Taylor Swift - The Lucky One (Taylor's Version)",1771954886308,false
"Taylor Swift - The Lucky One (Taylor's Version)",1771954886308,true
"Taylor Swift - Everything Has Changed (Taylor's Version) [feat. Ed Sheeran]",1774111934938,false
"Taylor Swift - Everything Has Changed (Taylor's Version) [feat. Ed Sheeran]",1774111934938,true
"Taylor Swift - Begin Again (Taylor's Version)",1771415462927,false
"Taylor Swift - Begin Again (Taylor's Version)",1771415462927,true
"Taylor Swift - The Moment I Knew (Taylor's Version)",1771648296766,false
"Taylor Swift - The Moment I Knew (Taylor's Version)",1771648296766,true
"Taylor Swift - Come Back...Be Here (Taylor's Version)",1771886718235,false
"Taylor Swift - Come Back...Be Here (Taylor's Version)",1771886718235,true
"Taylor Swift - Girl At Home (Taylor's Version)",1768944545607,false
"Taylor Swift - Ronan (Taylor's Version)",1771601489404,false
"Taylor Swift - Ronan (Taylor's Version)",1771601489404,true
"Taylor Swift - Nothing New (Taylor's Version) (From The Vault) [feat. Phoebe Bridgers]",1771955279864,false
"Taylor Swift - Nothing New (Taylor's Version) (From The Vault) [feat. Phoebe Bridgers]",1771955279864,true
"Taylor Swift - Forever Winter (Taylor's Version) (From The Vault)",1773280753456,false
"Taylor Swift - Forever Winter (Taylor's Version) (From The Vault)",1772157279266,true
"Taylor Swift - The Very First Night (Taylor's Version) (From The Vault)",1771040182043,false
"Taylor Swift - The Very First Night (Taylor's Version) (From The Vault)",1771040182043,true
"Taylor Swift - All Too Well (10 Minute Version) (Taylor's Version) (From The Vault)",1772118076936,false
"Taylor Swift - All Too Well (10 Minute Version) (Taylor's Version) (From The Vault)",1771942610174,true
"aespa - Savage",1772077291243,false
"aespa - Lucid Dream",1768843553802,false
"KAI - Peaches",1773578868588,false
"KAI - Peaches",1773578868588,true
"Taylor Swift - All Too Well (Sad Girl Autumn Version) [Recorded at Long Pond Studios]",1771954173033,false
"Taylor Swift - All Too Well (Sad Girl Autumn Version) [Recorded at Long Pond Studios]",1771954173033,true
"Lizzy McAlpine - ...What Are We?",1768682226103,false
"WENDY - Airport Goodbyes",1771722327085,false
"WENDY - Airport Goodbyes",1771722327085,true
"Gracie Abrams - Feels Like",1736242877049,false
"Gracie Abrams - Wishful Thinking",1768628808093,false
"Michael Bublé - My Valentine",1768682478674,false
"aespa - Dreams Come True",1768856221923,false
"aespa - Dreams Come True",1768856221923,true
"Maia Friedman - First to Love",1735628735600,false
"Lizzy McAlpine - erase me (feat. Jacob Collier)",1769023684341,false
"Lizzy McAlpine - firearm",1768628769589,false
"Lizzy McAlpine - chemtrails",1768628462688,false
"Taylor Swift - All Too Well (10 Minute Version) (Taylor's Version) (From The Vault)",1768748688903,false
"Taylor Swift - All Too Well (10 Minute Version) (Taylor's Version) (From The Vault)",1768748688903,true
"Dylan Conrique - Birthday Cake",1771256329484,false
"Dylan Conrique - Birthday Cake",1771256329484,true
"Kiran + Nivi - 1 Last Bye",1768628461552,false
"Claire Rosinkranz - i h8 that i still feel bad for u",1768667644625,false
"ITZY - LOCO",1769034819569,false
"ITZY - LOCO",1769034819569,true
"ITZY - Sooo LUCKY",1773397002258,false
"ITZY - Sooo LUCKY",1773397002258,true
"ITZY - In the Morning",1773579745637,false
"ITZY - In the Morning",1773579745637,true
"ITZY - Sorry Not Sorry",1773744925202,false
"ITZY - Sorry Not Sorry",1773744925202,true
"ITZY - SHOOT!",1773398380279,false
"ITZY - SHOOT!",1773398380279,true
"ITZY - Not Shy",1770158351787,false
"ITZY - Not Shy",1770158351787,true
"ITZY - ICY",1773577066371,false
"ITZY - ICY",1773577066371,true
"ITZY - WANNABE",1773359164964,false
"ITZY - WANNABE",1773359164964,true
"Joshua Bassett - Doppelgänger",1768628488586,false
"TAEYEON - INVU",1772206671864,false
"TAEYEON - INVU",1772206671864,true
"Jenna Raine - see you later (ten years)",1768628807507,false
"OneRepublic - West Coast",1771188944513,false
"OneRepublic - West Coast",1771188944513,true
"Red Velvet - #Cookie Jar",1773363709804,false
"Red Velvet - #Cookie Jar",1773363709804,true
"Red Velvet - Swimming Pool",1769036234453,false
"Red Velvet - Swimming Pool",1769036234453,true
"Sasha Alex Sloan - New Normal",1768628798123,false
"Red Velvet - Feel My Rhythm",1773743440114,false
"Red Velvet - Feel My Rhythm",1773743440114,true
"Luca Longobardi - Voices",1770244155966,false
"Luca Longobardi - Voices",1770244155966,true
"Luca Longobardi - Cello Suite No.1 In G Major, BWV 1007: No.1, Prélude (Recomposed)",1770244160841,false
"Luca Longobardi - Cello Suite No.1 In G Major, BWV 1007: No.1, Prélude (Recomposed)",1770244160841,true
"Luca Longobardi - Kyoto",1770244191694,false
"Luca Longobardi - Kyoto",1770244191694,true
"Harry Styles - Music For a Sushi Restaurant",1769673740414,false
"Harry Styles - Late Night Talking",1770212300218,false
"Harry Styles - Late Night Talking",1770212300218,true
"Harry Styles - As It Was",1773449068246,false
"Harry Styles - As It Was",1773449068246,true
"Harry Styles - Daylight",1769673356395,false
"Harry Styles - Little Freak",1769673051617,false
"Harry Styles - Matilda",1771915435378,false
"Harry Styles - Matilda",1771915435378,true
"Harry Styles - Daydreaming",1769673986541,false
"Harry Styles - Keep Driving",1769673191762,false
"Harry Styles - Satellite",1770297423021,false
"Harry Styles - Satellite",1770297423021,true
"Harry Styles - Love Of My Life",1770230198181,false
"Harry Styles - Love Of My Life",1770230198181,true
"SUHO - Morning Star",1771086377809,false
"SUHO - Morning Star",1771086377809,true
"SUHO - Hurdle",1768871298788,false
"IVE - LOVE DIVE",1773362627207,false
"IVE - LOVE DIVE",1773362627207,true
"Camila Cabello - psychofreak (feat. WILLOW)",1768667668100,false
"Ethel Cain - American Teenager",1769139698501,false
"Ethel Cain - American Teenager",1769139698501,true
"Sigala & Talia Mar - Stay the Night",1769642815720,false
"Sigala & Talia Mar - Stay the Night",1769642815720,true
"Tate McRae - what would you do?",1773084335036,false
"Tate McRae - feel like shit",1773220050648,false
"Tate McRae - i still say goodnight",1768628767118,false
"LE SSERAFIM - Blue Flame",1773760630706,false
"LE SSERAFIM - Blue Flame",1773760630706,true
"Eloise Alterman - Sad Bird Still Sings",1768628806446,false
"OneRepublic - I Ain't Worried",1771412716186,false
"OneRepublic - I Ain't Worried",1771412716186,true
"Bad Bunny & Chencho Corleone - Me Porto Bonito",1770922084179,false
"Bad Bunny & Chencho Corleone - Me Porto Bonito",1770922084179,true
"Bad Bunny - Tití Me Preguntó",1773416072866,false
"Bad Bunny - Tití Me Preguntó",1772663493738,true
"Bad Bunny & Rauw Alejandro - Party",1772148896165,false
"Bad Bunny & Rauw Alejandro - Party",1772148896165,true
"Bad Bunny - El Apagón",1771025929628,false
"Bad Bunny - El Apagón",1771025929628,true
"Taylor Swift - This Love (Taylor’s Version)",1772320976965,false
"Taylor Swift - This Love (Taylor’s Version)",1772320976965,true
"Birdy - Not About Angels",1769008467676,false
"Birdy - Not About Angels",1769008467676,true
"NAYEON - LOVE COUNTDOWN (feat. Wonstein)",1773577651266,false
"NAYEON - LOVE COUNTDOWN (feat. Wonstein)",1773577651266,true
"Ed Sheeran - Shivers",1768668743503,false
"Ed Sheeran - Love In Slow Motion",1768682227200,false
"Ed Sheeran - One Life",1736242376832,false
"Tate McRae - don't come back",1773082675952,false
"Tate McRae - she's all i wanna be",1773081317820,false
"Reneé Rapp - Tattoos",1768628808658,false
"aespa - Girls",1773579446653,false
"aespa - Girls",1773579446653,true
"aespa - Illusion",1773404423886,false
"aespa - Illusion",1773404423886,true
"aespa - Lingo",1773743958720,false
"aespa - Lingo",1773743958720,true
"aespa - Life's Too Short",1773403775075,false
"aespa - Life's Too Short",1773403775075,true
"ITZY - SNEAKERS",1768890045426,false
"ITZY - SNEAKERS",1768890045426,true
"Mercer Henderson - Strangers",1768628767755,false
"Beyoncé - I'M THAT GIRL",1773445308343,false
"Beyoncé - I'M THAT GIRL",1773445308343,true
"Beyoncé - COZY",1773445518695,false
"Beyoncé - COZY",1773445518695,true
"Beyoncé - ALIEN SUPERSTAR",1773445734186,false
"Beyoncé - ALIEN SUPERSTAR",1773445734186,true
"Beyoncé - CUFF IT",1773445959447,false
"Beyoncé - CUFF IT",1773445959447,true
"Beyoncé - ENERGY (feat. BEAM)",1773446076201,false
"Beyoncé - ENERGY (feat. BEAM)",1773446076201,true
"Beyoncé - BREAK MY SOUL",1773449058749,false
"Beyoncé - BREAK MY SOUL",1773449058749,true
"Beyoncé - CHURCH GIRL",1773446578984,false
"Beyoncé - CHURCH GIRL",1773446578984,true
"Beyoncé - PLASTIC OFF THE SOFA",1773446833256,false
"Beyoncé - PLASTIC OFF THE SOFA",1773446833256,true
"Beyoncé - VIRGO'S GROOVE",1773447202055,false
"Beyoncé - VIRGO'S GROOVE",1773447202055,true
"Beyoncé - MOVE (feat. Grace Jones & Tems)",1773447405413,false
"Beyoncé - MOVE (feat. Grace Jones & Tems)",1773447405413,true
"Beyoncé - HEATED",1773457855566,false
"Beyoncé - HEATED",1773457855566,true
"Taylor Swift - Carolina (From The Motion Picture “Where The Crawdads Sing”)",1771219677661,false
"Taylor Swift - Carolina (From The Motion Picture “Where The Crawdads Sing”)",1771219677661,true
"Sabrina Carpenter - emails i can’t send",1771951984233,false
"Sabrina Carpenter - emails i can’t send",1771951984233,true
"Sabrina Carpenter - because i liked a boy",1768607037892,false
"Sabrina Carpenter - because i liked a boy",1768607037892,true
"Nova Miller - Cold Feet",1768628801002,false
"TWICE - Bitter Sweet",1772047630583,false
"Bella Poarch - Dolls",1768667659683,false
"Maisie Peters - Good Enough",1768628477117,false
"Billie Eilish - TV",1768628752631,false
"Billie Eilish - The 30th",1768628772752,false
"TWICE - Talk that Talk",1769631936066,false
"TWICE - Talk that Talk",1769631936066,true
"Bebe Rexha & ITZY - Break My Heart Myself",1773579547341,false
"Bebe Rexha & ITZY - Break My Heart Myself",1773579547341,true
"Nessa Barrett - die first (stripped)",1768628778512,false
"Girls' Generation - FOREVER 1",1769030385489,false
"Girls' Generation - FOREVER 1",1769030385489,true
"BLACKPINK - Pink Venom",1769209827988,false
"BLACKPINK - Pink Venom",1769209827988,true
"IVE - After LIKE",1769035735657,false
"IVE - After LIKE",1769035735657,true
"David Guetta & Bebe Rexha - I'm Good (Blue)",1773454718794,false
"David Guetta & Bebe Rexha - I'm Good (Blue)",1773454718794,true
"Elton John & Britney Spears - Hold Me Closer",1768948377708,false
"Elton John & Britney Spears - Hold Me Closer",1768948377708,true
"Aidan Bissett - Tripping Over Air",1768667672561,false
"Halsey - I am not a woman, I'm a god",1768667663073,false
"Joshua Bassett - Lifeline",1768628455619,false
"Forest Blakk - If You Love Her",1768682233428,false
"BLACKPINK - Pink Venom",1768667651103,false
"BLACKPINK - The Happiest Girl",1768791873655,false
"BLACKPINK - The Happiest Girl",1768791873655,true
"BLACKPINK - Tally",1772206367102,false
"BLACKPINK - Tally",1772206367102,true
"Kino - Lightly Tread",1768853023905,false
"Sarah Cothran - I'm Here",1768628768470,false
"Taylor Swift - Maroon",1771218891936,false
"Taylor Swift - Maroon",1771218891936,true
"Taylor Swift - Anti-Hero",1773575893703,false
"Taylor Swift - Anti-Hero",1773575893703,true
"Taylor Swift - You're On Your Own, Kid",1772116743187,false
"Taylor Swift - You're On Your Own, Kid",1772116743187,true
"Taylor Swift - Vigilante Shit",1771711169593,false
"Taylor Swift - Vigilante Shit",1771711169593,true
"Taylor Swift - Bejeweled",1768968021542,false
"Taylor Swift - Bejeweled",1768968021542,true
"Taylor Swift - Karma",1768590674430,false
"Taylor Swift - Karma",1768590674430,true
"Moriah Bailey - Wishful Thoughts",1768853021422,false
"Haley Joelle - Magical Thinking",1768628762056,false
"Tate McRae - uh oh",1773082845860,false
"The Field Tapes - Clover Valley",1768851494739,false
"SEULGI - 28 Reasons",1772204423262,false
"SEULGI - 28 Reasons",1772204423262,true
"RAYE & 070 Shake - Escapism.",1768944818336,false
"Ashley Kutcher - Survive My Own Mind",1768628809407,false
"Taylor Swift - Lavender Haze",1772932269365,false
"Taylor Swift - Lavender Haze",1772321660339,true
"Taylor Swift - Vigilante Shit",1771208992289,false
"Taylor Swift - Vigilante Shit",1771208992289,true
"Taylor Swift - Bejeweled",1773415843829,false
"Taylor Swift - Bejeweled",1772325255682,true
"Taylor Swift - Karma",1772322097439,false
"Taylor Swift - Karma",1772322097439,true
"Taylor Swift - Sweet Nothing",1770829929422,false
"Taylor Swift - Sweet Nothing",1770829929422,true
"Joshua Bassett - would you love me now?",1768628766509,false
"Joshua Bassett - SHE SAID HE SAID SHE SAID",1768668454281,false
"Joshua Bassett - Different",1768628802465,false
"Taylor Swift - A Message From Taylor",1768598540625,false
"Taylor Swift - A Message From Taylor",1768598540625,true
"Taylor Swift - Lavender Haze",1771263801221,false
"Taylor Swift - Lavender Haze",1770832506478,true
"Taylor Swift - Snow On The Beach (feat. Lana Del Rey)",1771723469355,false
"Taylor Swift - Snow On The Beach (feat. Lana Del Rey)",1771723469355,true
"Taylor Swift - You're On Your Own, Kid",1771729022241,false
"Taylor Swift - You're On Your Own, Kid",1771729022241,true
"Taylor Swift - Midnight Rain",1768748068283,false
"Taylor Swift - Midnight Rain",1768748068283,true
"Taylor Swift - Question...?",1769024747537,false
"Taylor Swift - Question...?",1769024747537,true
"Taylor Swift - Labyrinth",1771723213069,false
"Taylor Swift - Labyrinth",1771723213069,true
"Taylor Swift - Sweet Nothing",1771600508287,false
"Taylor Swift - Sweet Nothing",1771600508287,true
"Taylor Swift - Mastermind",1772509534523,false
"Taylor Swift - Mastermind",1772029377246,true
"Taylor Swift - Bigger Than The Whole Sky",1772005278661,false
"Taylor Swift - Bigger Than The Whole Sky",1771917669808,true
"Taylor Swift - Paris",1769027915492,false
"Taylor Swift - Paris",1769027915492,true
"Taylor Swift - High Infidelity",1771207496889,false
"Taylor Swift - High Infidelity",1771207496889,true
"Taylor Swift - Would've, Could've, Should've",1772117720028,false
"Taylor Swift - Would've, Could've, Should've",1772028824073,true
"Taylor Swift - Dear Reader",1772051693108,false
"Taylor Swift - Dear Reader",1772051693108,true
"Taylor Swift - Paris",1770613502298,false
"Taylor Swift - Paris",1770613502298,true
"Taylor Swift - High Infidelity",1736084315719,false
"Taylor Swift - High Infidelity",1736084315719,true
"Dean Lewis - Something To Help",1768628763088,false
"LEW - Missing You",1768628740846,false
"CHEN - Last Scene",1768804518053,false
"CHEN - Last Scene",1768804518053,true
"CHEN - I Don’t Even Mind",1768804516758,false
"CHEN - I Don’t Even Mind",1768804516758,true
"CHEN - Reminisce",1771083257233,false
"CHEN - Reminisce",1771083257233,true
"JHAYCO, J Balvin & Bad Bunny - No Me Conoce (Remix)",1770850959899,false
"JHAYCO, J Balvin & Bad Bunny - No Me Conoce (Remix)",1770850959899,true
"Selena Gomez - My Mind & Me",1771914957399,false
"Selena Gomez - My Mind & Me",1771914957399,true
"Tiësto & Tate McRae - 10:35",1768591226959,false
"Tiësto & Tate McRae - 10:35",1768591226959,true
"Taylor Swift - Anti-Hero (feat. Bleachers)",1774161275837,false
"Taylor Swift - Anti-Hero (feat. Bleachers)",1774161275837,true
"Taylor Swift - Anti-Hero",1774161455386,false
"Taylor Swift - Anti-Hero",1774161455386,true
"ITZY - Cheshire",1768965027898,false
"ITZY - Cheshire",1768965027898,true
"Red Velvet - Birthday",1769264451440,false
"Red Velvet - Celebrate",1771722080110,false
"Red Velvet - Celebrate",1771722080110,true
"Luz - Lost",1768628466817,false
"SZA - Snooze",1772700207343,false
"SZA - Snooze",1772700207343,true
"SZA - Ghost in the Machine (feat. Phoebe Bridgers)",1771914532043,false
"SZA - Ghost in the Machine (feat. Phoebe Bridgers)",1771914532043,true
"SZA - Nobody Gets Me",1772700212577,false
"SZA - Nobody Gets Me",1772700212577,true
"SZA - Too Late",1772700253381,false
"SZA - Too Late",1772700253381,true
"SZA - Good Days",1772700238401,false
"SZA - Good Days",1772700238401,true
"The National - This Isn’t Helping (feat. Phoebe Bridgers)",1769007393515,false
"The National - This Isn’t Helping (feat. Phoebe Bridgers)",1769007393515,true
"The National - The Alcott (feat. Taylor Swift)",1771955259557,false
"The National - The Alcott (feat. Taylor Swift)",1771955259557,true
"KANGTA, BoA, U-KNOW, LEETEUK, TAEYEON, ONEW, SUHO, IRENE, TAEYONG, MARK, KUN & KARINA - The Cure",1774111811842,false
"KANGTA, BoA, U-KNOW, LEETEUK, TAEYEON, ONEW, SUHO, IRENE, TAEYONG, MARK, KUN & KARINA - The Cure",1774111811842,true
"Kelley McRae - Until the End",1771729316314,false
"Kelley McRae - Until the End",1771729316314,true
"Ashley Kutcher - Everyone And No One",1768628799953,false
"Gracie Abrams - Best",1771887844779,false
"Gracie Abrams - Best",1771887844779,true
"Gracie Abrams - I know it won't work",1771917943091,false
"Gracie Abrams - I know it won't work",1771917943091,true
"Gracie Abrams - Will you cry?",1772494912020,false
"Gracie Abrams - Will you cry?",1772028774670,true
"boygenius - Cool About It",1768628464493,false
"Julien Baker - Go Home",1768628490304,false
"TWICE - SET ME FREE",1769631938299,false
"TWICE - SET ME FREE",1769631938299,true
"Ber - Superspreader",1768628810547,false
"Hearts On The Run - Digital Love",1736242727762,false
"Madilyn - She's So Overrated",1768704533368,false
"Leanna Firestone - Two Week Notice",1768628803413,false
"Ingrid Andress - Pain",1768628758086,false
"Reneé Rapp - Everything To Everyone (Intro)",1772051168379,false
"Reneé Rapp - Everything To Everyone (Intro)",1772051168379,true
"Reneé Rapp - In The Kitchen",1772049657679,false
"Reneé Rapp - In The Kitchen",1772049657679,true
"Reneé Rapp - Colorado",1772051099315,false
"Reneé Rapp - Colorado",1772051099315,true
"Reneé Rapp - Don't Tell My Mom",1774114527253,false
"Reneé Rapp - Don't Tell My Mom",1774114527253,true
"Reneé Rapp - What Can I Do",1772049287692,false
"Reneé Rapp - What Can I Do",1772049287692,true
"Reneé Rapp - Too Well",1772051235117,false
"Reneé Rapp - Too Well",1772051235117,true
"Reneé Rapp - Moon",1772933182520,false
"Reneé Rapp - Moon",1772051223802,true
"Reneé Rapp - Everything To Everyone (Extended Version)",1772050926025,false
"Reneé Rapp - Everything To Everyone (Extended Version)",1772050926025,true
"Jonas Brothers - Celebrate!",1772048036007,false
"Ed Sheeran - Boat",1771832973314,false
"Ed Sheeran - Boat",1771832973314,true
"Ed Sheeran - Salt Water",1771833993919,false
"Ed Sheeran - Salt Water",1771833993919,true
"Ed Sheeran - Eyes Closed",1771858470971,false
"Ed Sheeran - Eyes Closed",1771858470971,true
"Ed Sheeran - Life Goes On",1772051463591,false
"Ed Sheeran - Life Goes On",1772051463591,true
"Ed Sheeran - Dusty",1771832787611,false
"Ed Sheeran - Dusty",1771832787611,true
"Ed Sheeran - End Of Youth",1772136958024,false
"Ed Sheeran - End Of Youth",1772116352952,true
"Ed Sheeran - Colourblind",1771833754139,false
"Ed Sheeran - Colourblind",1771833754139,true
"Ed Sheeran - Curtains",1772127403667,false
"Ed Sheeran - Curtains",1771955000896,true
"Ed Sheeran - Borderline",1771831922717,false
"Ed Sheeran - Borderline",1771831922717,true
"Ed Sheeran - Spark",1774082912900,false
"Ed Sheeran - Spark",1771858880822,true
"Ed Sheeran - Vega",1771833544865,false
"Ed Sheeran - Vega",1771833544865,true
"Ed Sheeran - Sycamore",1771859070898,false
"Ed Sheeran - Sycamore",1771859070898,true
"Ed Sheeran - No Strings",1771859054974,false
"Ed Sheeran - No Strings",1771859054974,true
"Ed Sheeran - The Hills of Aberfeldy",1771858665880,false
"Ed Sheeran - The Hills of Aberfeldy",1771858665880,true
"Ed Sheeran - Wildflowers (Bonus Track)",1771833366846,false
"Ed Sheeran - Wildflowers (Bonus Track)",1771833366846,true
"Ed Sheeran - Stoned (Bonus Track)",1772117019522,false
"Ed Sheeran - Stoned (Bonus Track)",1772117019522,true
"Ed Sheeran - Toughest (Bonus Track)",1771832564729,false
"Ed Sheeran - Toughest (Bonus Track)",1771832564729,true
"Ed Sheeran - Moving (Bonus Track)",1771833188580,false
"Ed Sheeran - Moving (Bonus Track)",1771833188580,true
"Subtract - Trailer",1771859060261,false
"Subtract - Trailer",1771859060261,true
"Grace Gardner - Deny Me",1768628798764,false
"Matchbox Twenty - Queen of New York City",1770755553947,false
"Matchbox Twenty - Queen of New York City",1770755553947,true
"Sabrina Carpenter - emails i can’t send",1768628489768,false
"Sabrina Carpenter - Vicious",1768667662203,false
"Sabrina Carpenter - because i liked a boy",1768805720215,false
"Sabrina Carpenter - how many things",1768628765560,false
"Sabrina Carpenter - Fast Times",1768704471330,false
"Sabrina Carpenter - Feather",1768682451905,false
"Sabrina Carpenter - things i wish you said",1768628758633,false
"Hailee Steinfeld - SunKissing",1768675456929,false
"Taylor Swift, Joy Williams & John Paul White - Safe & Sound (Taylor's Version)",1772047238878,false
"Taylor Swift, Joy Williams & John Paul White - Safe & Sound (Taylor's Version)",1771864743486,true
"Taylor Swift - All Of The Girls You Loved Before",1768712925036,false
"Taylor Swift - All Of The Girls You Loved Before",1768712925036,true
"BINI - No Fear",1772076715243,false
"Sabrina Carpenter - Read your Mind",1768946906462,false
"Sabrina Carpenter - skinny dipping",1768946908662,false
"Sabrina Carpenter - decode",1768628465789,false
"Sabrina Carpenter - opposite",1768628811113,false
"Girls' Generation - The Boys",1773398786121,false
"Girls' Generation - The Boys",1773398786121,true
"Girls' Generation - MR.TAXI (Korean Version)",1773745584856,false
"Girls' Generation - MR.TAXI (Korean Version)",1773745584856,true
"Roary - Luna",1768853027566,false
"Gracie Abrams - I know it won't work (Live)",1771955241189,false
"Gracie Abrams - I know it won't work (Live)",1771955241189,true
"LE SSERAFIM & Nile Rodgers - UNFORGIVEN",1769027719492,false
"LE SSERAFIM & Nile Rodgers - UNFORGIVEN",1769027719492,true
"Mimi Webb - Red Flags",1768946896071,false
"Mimi Webb - Roles Reversed",1768628762604,false
"Mimi Webb - House On Fire",1768667643874,false
"aespa - Welcome To MY World (feat. nævis)",1768889832064,false
"aespa - Welcome To MY World (feat. nævis)",1768889832064,true
"aespa - Spicy",1773398183984,false
"aespa - Spicy",1773398183984,true
"aespa - Salty & Sweet",1768947095822,false
"aespa - Salty & Sweet",1768947095822,true
"aespa - Thirsty",1768947085822,false
"aespa - Thirsty",1768947085822,true
"Louis Tomlinson - Headline",1772076685169,false
"ROSIE - Someone You Once Had",1768628495223,false
"OneRepublic - RUNAWAY",1772576798897,false
"OneRepublic - RUNAWAY",1772576798897,true
"Taylor Swift - Anti-Hero",1773768702762,false
"Taylor Swift - Anti-Hero",1773768702762,true
"Taylor Swift - You're On Your Own, Kid",1772991330593,false
"Taylor Swift - You're On Your Own, Kid",1772991330593,true
"Taylor Swift - Midnight Rain",1773770519364,false
"Taylor Swift - Midnight Rain",1773770519364,true
"Taylor Swift - Sweet Nothing",1773776587356,false
"Taylor Swift - Sweet Nothing",1773776587356,true
"Taylor Swift - Mastermind",1773776274562,false
"Taylor Swift - Mastermind",1773776274562,true
"Taylor Swift - The Great War",1772801908047,false
"Taylor Swift - The Great War",1772801908047,true
"Taylor Swift - Lavender Haze",1774238310295,false
"Taylor Swift - Lavender Haze",1774117961730,true
"Taylor Swift - Maroon",1774240868361,false
"Taylor Swift - Maroon",1774118937230,true
"Taylor Swift - Anti-Hero",1774238690505,false
"Taylor Swift - Anti-Hero",1774118699114,true
"Taylor Swift - Snow On The Beach (feat. Lana Del Rey)",1774237703619,false
"Taylor Swift - Snow On The Beach (feat. Lana Del Rey)",1774127838953,true
"Taylor Swift - You're On Your Own, Kid",1774127266763,false
"Taylor Swift - You're On Your Own, Kid",1774127266763,true
"Taylor Swift - Midnight Rain",1774120659827,false
"Taylor Swift - Midnight Rain",1774120659827,true
"Taylor Swift - Question...?",1774259860933,false
"Taylor Swift - Question...?",1774127477074,true
"Taylor Swift - Vigilante Shit",1774117737614,false
"Taylor Swift - Vigilante Shit",1774117737614,true
"Taylor Swift - Bejeweled",1774121309447,false
"Taylor Swift - Bejeweled",1774121309447,true
"Taylor Swift - Labyrinth",1774120926803,false
"Taylor Swift - Labyrinth",1774120926803,true
"Taylor Swift - Karma",1774119872728,false
"Taylor Swift - Karma",1774119872728,true
"Taylor Swift - Sweet Nothing",1774121115272,false
"Taylor Swift - Sweet Nothing",1774121115272,true
"Taylor Swift - Mastermind",1774121899641,false
"Taylor Swift - Mastermind",1774121899641,true
"Taylor Swift - The Great War",1774119667884,false
"Taylor Swift - The Great War",1774119667884,true
"Taylor Swift - Bigger Than The Whole Sky",1774118246562,false
"Taylor Swift - Bigger Than The Whole Sky",1774118246562,true
"Taylor Swift - Paris",1774121707167,false
"Taylor Swift - Paris",1774121707167,true
"Taylor Swift - High Infidelity",1774122761283,false
"Taylor Swift - High Infidelity",1774120104223,true
"Taylor Swift - Glitch",1774120253005,false
"Taylor Swift - Glitch",1774120253005,true
"Taylor Swift - Would've, Could've, Should've",1774119427532,false
"Taylor Swift - Would've, Could've, Should've",1774119427532,true
"Taylor Swift - Dear Reader",1774127848074,false
"Taylor Swift - Dear Reader",1774127848074,true
"Taylor Swift - Hits Different",1774118498430,false
"Taylor Swift - Hits Different",1774118498430,true
"Taylor Swift - Snow On The Beach (feat. More Lana Del Rey)",1774119167147,false
"Taylor Swift - Snow On The Beach (feat. More Lana Del Rey)",1774119167147,true
"Taylor Swift - Karma (feat. Ice Spice)",1774121510944,false
"Taylor Swift - Karma (feat. Ice Spice)",1774121510944,true
"Dua Lipa - Dance The Night",1773449065261,false
"Dua Lipa - Dance The Night",1773449065261,true
"Ava Max - Choose Your Fighter",1769052715031,false
"Ava Max - Choose Your Fighter",1769052715031,true
"Lauren Spencer Smith - Bigger Person",1771913840149,false
"Lauren Spencer Smith - Bigger Person",1771913840149,true
"GAYLE - don’t call me pretty",1768668546822,false
"Tiësto & Tate McRae - 10:35",1773219983327,false
"Victoria Monét - On My Mama",1773449072323,false
"Victoria Monét - On My Mama",1773449072323,true
"Taylor Swift - Mine (Taylor's Version)",1770756960566,false
"Taylor Swift - Mine (Taylor's Version)",1770756960566,true
"Taylor Swift - Sparks Fly (Taylor's Version)",1773360519168,false
"Taylor Swift - Sparks Fly (Taylor's Version)",1773360519168,true
"Taylor Swift - Back To December (Taylor's Version)",1771918020002,false
"Taylor Swift - Back To December (Taylor's Version)",1771918020002,true
"Taylor Swift - Dear John (Taylor's Version)",1771211494638,false
"Taylor Swift - Dear John (Taylor's Version)",1771211494638,true
"Taylor Swift - Mean (Taylor's Version)",1772324879180,false
"Taylor Swift - Mean (Taylor's Version)",1772324879180,true
"Taylor Swift - The Story Of Us (Taylor's Version)",1771215571597,false
"Taylor Swift - The Story Of Us (Taylor's Version)",1771215571597,true
"Taylor Swift - Never Grow Up (Taylor's Version)",1771943643794,false
"Taylor Swift - Never Grow Up (Taylor's Version)",1771943643794,true
"Taylor Swift - Enchanted (Taylor's Version)",1772324636558,false
"Taylor Swift - Enchanted (Taylor's Version)",1772324636558,true
"Taylor Swift - Better Than Revenge (Taylor's Version)",1771208296755,false
"Taylor Swift - Better Than Revenge (Taylor's Version)",1771208296755,true
"Taylor Swift - Haunted (Taylor's Version)",1771647764536,false
"Taylor Swift - Haunted (Taylor's Version)",1771647764536,true
"Taylor Swift - Last Kiss (Taylor's Version)",1771220550599,false
"Taylor Swift - Last Kiss (Taylor's Version)",1771220550599,true
"Taylor Swift - Ours (Taylor's Version)",1770829720081,false
"Taylor Swift - Ours (Taylor's Version)",1770829720081,true
"Taylor Swift - Electric Touch (Taylor's Version) (From The Vault) [feat. Fall Out Boy]",1769027285492,false
"Taylor Swift - Electric Touch (Taylor's Version) (From The Vault) [feat. Fall Out Boy]",1769027285492,true
"Taylor Swift - I Can See You (Taylor's Version) (From The Vault)",1773361101343,false
"Taylor Swift - I Can See You (Taylor's Version) (From The Vault)",1773361101343,true
"Taylor Swift - Castles Crumbling (Taylor's Version) (From The Vault) [feat. Hayley Williams]",1774020273055,false
"Taylor Swift - Castles Crumbling (Taylor's Version) (From The Vault) [feat. Hayley Williams]",1774020273055,true
"Taylor Swift - Foolish One (Taylor's Version) (From The Vault)",1772157015297,false
"Taylor Swift - Foolish One (Taylor's Version) (From The Vault)",1772157015297,true
"Reneé Rapp - Pretty Girls",1769052138550,false
"Reneé Rapp - Pretty Girls",1769052138550,true
"Reneé Rapp - 23",1771917707088,false
"Reneé Rapp - 23",1771917707088,true
"Gracie Abrams - Best",1768628453392,false
"Gracie Abrams - Best",1737282601874,true
"Gracie Abrams - I know it won't work",1768852967438,false
"Gracie Abrams - I know it won't work",1737282848098,true
"Gracie Abrams - Full machine",1737283104098,false
"Gracie Abrams - Full machine",1737283104098,true
"Gracie Abrams - Where do we go now?",1768682229175,false
"Gracie Abrams - Where do we go now?",1737283347098,true
"Gracie Abrams - I should hate you",1737283605746,false
"Gracie Abrams - I should hate you",1737283605746,true
"Gracie Abrams - Will you cry?",1768628728777,false
"Gracie Abrams - Will you cry?",1737283836013,true
"Gracie Abrams - Amelie",1771960896666,false
"Gracie Abrams - Amelie",1771960896666,true
"Gracie Abrams - Difficult",1772156703882,false
"Gracie Abrams - Difficult",1772156703882,true
"Gracie Abrams - This is what the drugs are for",1737284600013,false
"Gracie Abrams - This is what the drugs are for",1737284600013,true
"Gracie Abrams - Fault line",1737284867754,false
"Gracie Abrams - Fault line",1737284867754,true
"Gracie Abrams - The blue",1737285168754,false
"Gracie Abrams - The blue",1737285168754,true
"Gracie Abrams - Right now",1737285518754,false
"Gracie Abrams - Right now",1737285518754,true
"Gracie Abrams - Block me out",1737285769073,false
"Gracie Abrams - Block me out",1737285769073,true
"Gracie Abrams - Unsteady",1737286019073,false
"Gracie Abrams - Unsteady",1737286019073,true
"Gracie Abrams - 405",1769023677547,false
"Gracie Abrams - 405",1737286201073,true
"Gracie Abrams - Two people",1737286454073,false
"Gracie Abrams - Two people",1737286454073,true
"Gracie Abrams - I should hate you",1768628744941,false
"The Weeknd, JENNIE & Lily Rose Depp - One Of The Girls",1773098829855,false
"The Weeknd, JENNIE & Lily Rose Depp - One Of The Girls",1773098829855,true
"Nessa Barrett - BANG BANG!",1768667657924,false
"Olivia Rodrigo - bad idea right?",1770231814691,false
"Olivia Rodrigo - bad idea right?",1770231814691,true
"Olivia Rodrigo - vampire",1773449064202,false
"Olivia Rodrigo - vampire",1773449064202,true
"Olivia Rodrigo - making the bed",1774082688994,false
"Olivia Rodrigo - making the bed",1772052413425,true
"Olivia Rodrigo - logical",1772160472374,false
"Olivia Rodrigo - logical",1772116075977,true
"Olivia Rodrigo - get him back!",1773436002198,false
"Olivia Rodrigo - get him back!",1773436002198,true
"Olivia Rodrigo - pretty isn’t pretty",1768892264230,false
"Olivia Rodrigo - pretty isn’t pretty",1768892264230,true
"Olivia Rodrigo - teenage dream",1772054973407,false
"Olivia Rodrigo - teenage dream",1772054973407,true
"EXO - Cream Soda",1769037831729,false
"Billie Eilish - What Was I Made For? (From The Motion Picture ""Barbie"")",1771916206515,false
"Billie Eilish - What Was I Made For? (From The Motion Picture ""Barbie"")",1771916206515,true
"GOT7 - Hard Carry",1768871112715,false
"Phoebe Bridgers - Waiting Room",1771914256890,false
"Phoebe Bridgers - Waiting Room",1771914256890,true
"miss A - Bad Girl Good Girl",1772206077869,false
"miss A - Bad Girl Good Girl",1772206077869,true
"miss A - Hush",1772203983517,false
"miss A - Hush",1772203983517,true
"AGNEZ MO - Things Will Get Better",1771917989446,false
"AGNEZ MO - Things Will Get Better",1771917989446,true
"AGNEZ MO - Got Me Figured Out",1735717519864,false
"AGNEZ MO - Got Me Figured Out",1735717519864,true
"SUNMI - 24 Hours",1772208167191,false
"SUNMI - 24 Hours",1772208167191,true
"aespa - Better Things",1769034001569,false
"aespa - Better Things",1769034001569,true
"Kelsea Ballerini - Mountain With A View",1768600104915,false
"Kelsea Ballerini - Leave Me Again",1768628770650,false
"Bleachers - Dream Of Mickey Mantle (Live At Radio City Music Hall)",1770336744880,false
"Bleachers - Dream Of Mickey Mantle (Live At Radio City Music Hall)",1770336744880,true
"FIFTY FIFTY - Cupid – Twin Ver. (feat. Sabrina Carpenter)",1769138770153,false
"FIFTY FIFTY - Cupid – Twin Ver. (feat. Sabrina Carpenter)",1769138770153,true
"Bleachers - Modern Girl",1774160509755,false
"Bleachers - Modern Girl",1774160509755,true
"Miley Cyrus - Flowers",1773449062379,false
"Miley Cyrus - Flowers",1773449062379,true
"Selena Gomez - Single Soon",1773436357501,false
"Selena Gomez - Single Soon",1773436357501,true
"Tyler James Bellinger - Unbearable",1768628734788,false
"Dua Lipa - Dance The Night (From Barbie The Album)",1736040809540,false
"LANY - XXL",1772047818472,false
"Taylor Swift - Blank Space (Taylor's Version)",1773449069380,false
"Taylor Swift - Blank Space (Taylor's Version)",1773449069380,true
"Taylor Swift - Style (Taylor's Version)",1773449054996,false
"Taylor Swift - Style (Taylor's Version)",1773449054996,true
"Taylor Swift - Out Of The Woods (Taylor's Version)",1772324885137,false
"Taylor Swift - Out Of The Woods (Taylor's Version)",1772324885137,true
"Taylor Swift - Shake It Off (Taylor's Version)",1773449066253,false
"Taylor Swift - Shake It Off (Taylor's Version)",1773449066253,true
"Taylor Swift - Bad Blood (Taylor's Version)",1771210402041,false
"Taylor Swift - Bad Blood (Taylor's Version)",1771210402041,true
"Taylor Swift - Wildest Dreams (Taylor's Version)",1770661293058,false
"Taylor Swift - Wildest Dreams (Taylor's Version)",1770661293058,true
"Taylor Swift - How You Get The Girl (Taylor's Version)",1770756516378,false
"Taylor Swift - How You Get The Girl (Taylor's Version)",1770756516378,true
"Taylor Swift - You Are In Love (Taylor's Version)",1771264069442,false
"Taylor Swift - You Are In Love (Taylor's Version)",1770832790116,true
"Taylor Swift - New Romantics (Taylor's Version)",1773454455510,false
"Taylor Swift - New Romantics (Taylor's Version)",1773454455510,true
"Taylor Swift - Now That We Don't Talk (Taylor's Version) [From The Vault]",1768968029542,false
"Taylor Swift - Now That We Don't Talk (Taylor's Version) [From The Vault]",1768968029542,true
"Taylor Swift - Suburban Legends (Taylor's Version) [From The Vault]",1769089234882,false
"Taylor Swift - Suburban Legends (Taylor's Version) [From The Vault]",1769089234882,true
"Taylor Swift - Is It Over Now? (Taylor's Version) [From The Vault]",1773431310074,false
"Taylor Swift - Is It Over Now? (Taylor's Version) [From The Vault]",1773431310074,true
"JENNIE - You & Me",1772076717243,false
"JENNIE - You & Me",1769089062742,true
"Lauren Spencer Smith - Fingers Crossed",1768599833105,false
"Bad Bunny - MONACO",1772663503817,false
"Bad Bunny - MONACO",1772663503817,true
"Bad Bunny - WHERE SHE GOES",1770852596497,false
"Bad Bunny - WHERE SHE GOES",1770852596497,true
"Leah Kate - 10 Things I Hate About You",1768945166405,false
"Bleachers - I Am Right On Time",1774151301062,false
"Bleachers - I Am Right On Time",1774151301062,true
"Bleachers - Modern Girl",1742260641329,false
"Bleachers - Modern Girl",1742260641329,true
"Bleachers - Jesus Is Dead",1742260831512,false
"Bleachers - Jesus Is Dead",1742260831512,true
"Bleachers - Me Before You",1742261034775,false
"Bleachers - Me Before You",1742261034775,true
"Bleachers - Alma Mater",1770336955045,false
"Bleachers - Alma Mater",1770336955045,true
"Bleachers - Tiny Moves",1774160419638,false
"Bleachers - Tiny Moves",1774160419638,true
"Bleachers - Isimo",1771100023739,false
"Bleachers - Isimo",1771100023739,true
"Bleachers - Woke Up Today",1742320792265,false
"Bleachers - Woke Up Today",1742320792265,true
"Bleachers - Self Respect",1742320932528,false
"Bleachers - Self Respect",1742320932528,true
"Bleachers - Hey Joe",1741283329373,false
"Bleachers - Hey Joe",1741283329373,true
"Bleachers - Call Me After Midnight",1771380410743,false
"Bleachers - Call Me After Midnight",1771380410743,true
"Bleachers - We're Gonna Know Each Other Forever",1741877805966,false
"Bleachers - We're Gonna Know Each Other Forever",1741877805966,true
"Niall Horan - Meltdown",1768667652256,false
"Taylor Swift - Welcome To New York (Taylor's Version)",1772003034755,false
"Taylor Swift - Welcome To New York (Taylor's Version)",1772003034755,true
"Taylor Swift - Blank Space (Taylor's Version)",1772003079843,false
"Taylor Swift - Blank Space (Taylor's Version)",1772003079843,true
"Taylor Swift - Style (Taylor's Version)",1771995165669,false
"Taylor Swift - Style (Taylor's Version)",1771995165669,true
"Taylor Swift - Out Of The Woods (Taylor's Version)",1771995401384,false
"Taylor Swift - Out Of The Woods (Taylor's Version)",1771995401384,true
"Taylor Swift - All You Had To Do Was Stay (Taylor's Version)",1771995594681,false
"Taylor Swift - All You Had To Do Was Stay (Taylor's Version)",1771995594681,true
"Taylor Swift - Shake It Off (Taylor's Version)",1771995813878,false
"Taylor Swift - Shake It Off (Taylor's Version)",1771995813878,true
"Taylor Swift - I Wish You Would (Taylor's Version)",1771996021541,false
"Taylor Swift - I Wish You Would (Taylor's Version)",1771996021541,true
"Taylor Swift - Bad Blood (Taylor's Version)",1771996232641,false
"Taylor Swift - Bad Blood (Taylor's Version)",1771996232641,true
"Taylor Swift - Wildest Dreams (Taylor's Version)",1771996453052,false
"Taylor Swift - Wildest Dreams (Taylor's Version)",1771996453052,true
"Taylor Swift - How You Get The Girl (Taylor's Version)",1771996700640,false
"Taylor Swift - How You Get The Girl (Taylor's Version)",1771996700640,true
"Taylor Swift - This Love (Taylor’s Version)",1772000597881,false
"Taylor Swift - This Love (Taylor’s Version)",1772000597881,true
"Taylor Swift - I Know Places (Taylor's Version)",1772000600107,false
"Taylor Swift - I Know Places (Taylor's Version)",1772000600107,true
"Taylor Swift - Clean (Taylor's Version)",1772070851135,false
"Taylor Swift - Clean (Taylor's Version)",1772070851135,true
"Taylor Swift - Wonderland (Taylor's Version)",1772001116883,false
"Taylor Swift - Wonderland (Taylor's Version)",1772001116883,true
"Taylor Swift - You Are In Love (Taylor's Version)",1772001384385,false
"Taylor Swift - You Are In Love (Taylor's Version)",1772001384385,true
"Taylor Swift - New Romantics (Taylor's Version)",1772001614437,false
"Taylor Swift - New Romantics (Taylor's Version)",1772001614437,true
"Taylor Swift - ""Slut!"" (Taylor's Version) [From The Vault]",1772001794733,false
"Taylor Swift - ""Slut!"" (Taylor's Version) [From The Vault]",1772001794733,true
"Taylor Swift - Say Don't Go (Taylor's Version) [From The Vault]",1772002074573,false
"Taylor Swift - Say Don't Go (Taylor's Version) [From The Vault]",1772002074573,true
"Taylor Swift - Now That We Don't Talk (Taylor's Version) [From The Vault]",1772080367772,false
"Taylor Swift - Now That We Don't Talk (Taylor's Version) [From The Vault]",1772080367772,true
"Taylor Swift - Suburban Legends (Taylor's Version) [From The Vault]",1772070853768,false
"Taylor Swift - Suburban Legends (Taylor's Version) [From The Vault]",1772070853768,true
"Taylor Swift - Is It Over Now? (Taylor's Version) [From The Vault]",1773279243427,false
"Taylor Swift - Is It Over Now? (Taylor's Version) [From The Vault]",1772465068477,true
"Taylor Swift - Bad Blood (Taylor's Version) [feat. Kendrick Lamar]",1773432088962,false
"Taylor Swift - Bad Blood (Taylor's Version) [feat. Kendrick Lamar]",1773432088962,true
"Dua Lipa - Houdini",1772312182046,false
"Dua Lipa - Houdini",1772312182046,true
"Olivia Rodrigo - Can’t Catch Me Now (from The Hunger Games: The Ballad of Songbirds & Snakes)",1771705180254,false
"Olivia Rodrigo - Can’t Catch Me Now (from The Hunger Games: The Ballad of Songbirds & Snakes)",1771705180254,true
"Rachel Zegler - The Hanging Tree (from The Hunger Games: The Ballad of Songbirds & Snakes)",1771705882200,false
"Rachel Zegler - The Hanging Tree (from The Hunger Games: The Ballad of Songbirds & Snakes)",1771705882200,true
"Rachel Zegler - Lucy Gray (part 2) [from The Hunger Games: The Ballad of Songbirds & Snakes]",1771705918055,false
"Rachel Zegler - Lucy Gray (part 2) [from The Hunger Games: The Ballad of Songbirds & Snakes]",1771705918055,true
"Taylor Swift - Cruel Summer (Live from TS  The Eras Tour)",1735703785581,false
"Taylor Swift - Cruel Summer (Live from TS  The Eras Tour)",1735703785581,true
"aespa - Drama",1772205640180,false
"aespa - Drama",1772205640180,true
"Tate McRae - greedy",1773081447662,false
"Tate McRae - run for the hills",1773082340015,false
"Tate McRae - exes",1773081111166,false
"Tate McRae - calgary",1773082195753,false
"Tate McRae - guilty conscience",1773084502877,false
"Reneé Rapp - Snow Angel",1771917762358,false
"Reneé Rapp - Snow Angel",1771917762358,true
"Reneé Rapp - So What Now",1770152051713,false
"Reneé Rapp - So What Now",1770152051713,true
"Reneé Rapp - Pretty Girls",1770152024885,false
"Reneé Rapp - Pretty Girls",1770152024885,true
"Isabella Lovestory - Fuetazo (feat. Villano Antillano)",1735717185172,false
"Taylor Swift - You’re Losing Me (From The Vault)",1773769379059,false
"Taylor Swift - You’re Losing Me (From The Vault)",1773769379059,true
"FINNEAS - Die Alone",1768628491973,false
"88rising & BIBI - The Weekend",1768932275983,false
"88rising & BIBI - The Weekend",1768932275983,true
"CHUNG HA - Stay Tonight",1770159176212,false
"CHUNG HA - Stay Tonight",1770159176212,true
"Beth McCarthy - She Gets the Flowers",1768628760987,false
"TWICE - ONE SPARK",1769631897209,false
"TWICE - ONE SPARK",1769631897209,true
"Conan Gray - Maniac",1768667665678,false
"Conan Gray - The Cut That Always Bleeds",1768628781577,false
"Conan Gray - Footnote",1768628754159,false
"Dua Lipa - Training Season",1772303743747,false
"Dua Lipa - Training Season",1772303743747,true
"Noah Kahan - Stick Season",1735672164366,false
"BIBI - Bam Yang Gang",1768932276586,false
"BIBI - Bam Yang Gang",1768932276586,true
"Dua Lipa - Houdini",1773433588935,false
"Dua Lipa - Houdini",1773433588935,true
"Dua Lipa - Training Season",1771781184097,false
"Dua Lipa - Training Season",1771781184097,true
"OneRepublic - Nobody (from Kaiju No. 8)",1771397235740,false
"OneRepublic - Nobody (from Kaiju No. 8)",1771397235740,true
"Taylor Swift - Fresh Out The Slammer",1769051991131,false
"Taylor Swift - Fresh Out The Slammer",1769051991131,true
"Taylor Swift - Guilty as Sin?",1768746463606,false
"Taylor Swift - Guilty as Sin?",1768746463606,true
"Taylor Swift - Who’s Afraid of Little Old Me?",1769984611339,false
"Taylor Swift - Who’s Afraid of Little Old Me?",1769984611339,true
"Taylor Swift - I Can Do It With a Broken Heart",1772326621281,false
"Taylor Swift - I Can Do It With a Broken Heart",1772326621281,true
"Taylor Swift - The Alchemy",1771262429361,false
"Taylor Swift - The Alchemy",1770829917701,true
"Olivia Rodrigo - all-american bitch",1772218053860,false
"Olivia Rodrigo - all-american bitch",1772218053860,true
"Olivia Rodrigo - bad idea right?",1772218336928,false
"Olivia Rodrigo - bad idea right?",1772218336928,true
"Olivia Rodrigo - vampire",1772218350754,false
"Olivia Rodrigo - vampire",1772218350754,true
"Olivia Rodrigo - lacy",1772218351953,false
"Olivia Rodrigo - lacy",1772218351953,true
"Olivia Rodrigo - ballad of a homeschooled girl",1770248864701,false
"Olivia Rodrigo - ballad of a homeschooled girl",1770248864701,true
"Olivia Rodrigo - making the bed",1772218151870,false
"Olivia Rodrigo - making the bed",1772218151870,true
"Olivia Rodrigo - logical",1770232668945,false
"Olivia Rodrigo - logical",1770232668945,true
"Olivia Rodrigo - love is embarrassing",1772218386931,false
"Olivia Rodrigo - love is embarrassing",1772218386931,true
"Olivia Rodrigo - the grudge",1770248862230,false
"Olivia Rodrigo - the grudge",1770248862230,true
"Olivia Rodrigo - pretty isn’t pretty",1772217887759,false
"Olivia Rodrigo - pretty isn’t pretty",1772217887759,true
"Olivia Rodrigo - teenage dream",1770249303880,false
"Olivia Rodrigo - teenage dream",1770249303880,true
"Olivia Rodrigo - obsessed",1772217248925,false
"Olivia Rodrigo - obsessed",1772217248925,true
"Olivia Rodrigo - girl i’ve always been",1772217079713,false
"Olivia Rodrigo - girl i’ve always been",1772217079713,true
"Olivia Rodrigo - scared of my guitar",1770248857042,false
"Olivia Rodrigo - scared of my guitar",1770248857042,true
"Olivia Rodrigo - stranger",1770248850929,false
"Olivia Rodrigo - stranger",1770248850929,true
"Olivia Rodrigo - so american",1772218345492,false
"Olivia Rodrigo - so american",1772218345492,true
vampire,1772217388646,false
vampire,1772217388646,true
"get him back!",1772218069401,false
"get him back!",1772218069401,true
"David Guetta & OneRepublic - I Don't Wanna Wait",1772576858375,false
"David Guetta & OneRepublic - I Don't Wanna Wait",1772576858375,true
"Beyoncé - AMERIICAN REQUIEM",1773436807642,false
"Beyoncé - AMERIICAN REQUIEM",1773436807642,true
"Beyoncé, Tanner Adell, Brittney Spencer, Tiera Kennedy & Reyna Roberts - BLACKBIIRD",1773436939459,false
"Beyoncé, Tanner Adell, Brittney Spencer, Tiera Kennedy & Reyna Roberts - BLACKBIIRD",1773436939459,true
"Beyoncé - 16 CARRIAGES",1773437166796,false
"Beyoncé - 16 CARRIAGES",1773437166796,true
"Beyoncé & Rumi Carter - PROTECTOR",1773437351083,false
"Beyoncé & Rumi Carter - PROTECTOR",1773437351083,true
"Beyoncé - MY ROSE",1773437404460,false
"Beyoncé - MY ROSE",1773437404460,true
"Beyoncé & Willie Nelson - SMOKE HOUR ★ WILLIE NELSON",1773437455201,false
"Beyoncé & Willie Nelson - SMOKE HOUR ★ WILLIE NELSON",1773437455201,true
"Beyoncé - TEXAS HOLD 'EM",1773437688860,false
"Beyoncé - TEXAS HOLD 'EM",1773437688860,true
"Beyoncé - BODYGUARD",1773437929004,false
"Beyoncé - BODYGUARD",1773437929004,true
"Beyoncé & Dolly Parton - DOLLY P",1773437951521,false
"Beyoncé & Dolly Parton - DOLLY P",1773437951521,true
"Beyoncé - JOLENE",1773438141224,false
"Beyoncé - JOLENE",1773438141224,true
"Beyoncé - DAUGHTER",1773438345242,false
"Beyoncé - DAUGHTER",1773438345242,true
"Beyoncé, Linda Martell & Shaboozey - SPAGHETTII",1773438503533,false
"Beyoncé, Linda Martell & Shaboozey - SPAGHETTII",1773438503533,true
"Beyoncé - ALLIIGATOR TEARS",1773438683161,false
"Beyoncé - ALLIIGATOR TEARS",1773438683161,true
"Beyoncé & Willie Nelson - SMOKE HOUR II",1773438712764,false
"Beyoncé & Willie Nelson - SMOKE HOUR II",1773438712764,true
"Beyoncé & Willie Jones - JUST FOR FUN",1773445099446,false
"Beyoncé & Willie Jones - JUST FOR FUN",1773445099446,true
"Charli xcx - Apple",1769183255541,false
"Charli xcx - Apple",1769183255541,true
"Charli xcx - B2b",1769183103828,false
"Charli xcx - B2b",1769183103828,true
"Billie Eilish - BIRDS OF A FEATHER",1770339076660,false
"Billie Eilish - BIRDS OF A FEATHER",1770339076660,true
"Taylor Swift - A Message From Taylor",1771208827289,false
"Taylor Swift - A Message From Taylor",1771208827289,true
"Sabrina Carpenter - Espresso",1773449067229,false
"Sabrina Carpenter - Espresso",1773449067229,true
N/A,1770232023871,false
"Taylor Swift - Fortnight (feat. Post Malone)",1773598312871,false
"Taylor Swift - Fortnight (feat. Post Malone)",1773423716333,true
"Taylor Swift - The Tortured Poets Department",1773857713360,false
"Taylor Swift - The Tortured Poets Department",1773857713360,true
"Taylor Swift - My Boy Only Breaks His Favorite Toys",1772313468716,false
"Taylor Swift - My Boy Only Breaks His Favorite Toys",1772313468716,true
"Taylor Swift - Down Bad",1773423953102,false
"Taylor Swift - Down Bad",1773423953102,true
"Taylor Swift - So Long, London",1774065954397,false
"Taylor Swift - So Long, London",1773858767623,true
"Taylor Swift - But Daddy I Love Him",1773429453001,false
"Taylor Swift - But Daddy I Love Him",1773429453001,true
"Taylor Swift - Fresh Out The Slammer",1773430775590,false
"Taylor Swift - Fresh Out The Slammer",1773430775590,true
"Taylor Swift - Florida!!! (feat. Florence + the Machine)",1773424408693,false
"Taylor Swift - Florida!!! (feat. Florence + the Machine)",1773424408693,true
"Taylor Swift - Guilty as Sin?",1773575388705,false
"Taylor Swift - Guilty as Sin?",1773428047874,true
"Taylor Swift - Who’s Afraid of Little Old Me?",1773599054016,false
"Taylor Swift - Who’s Afraid of Little Old Me?",1773335059263,true
"Taylor Swift - I Can Fix Him (No Really I Can)",1773335178915,false
"Taylor Swift - I Can Fix Him (No Really I Can)",1773335178915,true
"Taylor Swift - loml",1773321666485,false
"Taylor Swift - loml",1773321666485,true
"Taylor Swift - I Can Do It With a Broken Heart",1773973783403,false
"Taylor Swift - I Can Do It With a Broken Heart",1773323997576,true
"Taylor Swift - The Smallest Man Who Ever Lived",1774077841417,false
"Taylor Swift - The Smallest Man Who Ever Lived",1773858295024,true
"Taylor Swift - The Alchemy",1773324043400,false
"Taylor Swift - The Alchemy",1773324043400,true
"Taylor Swift - Clara Bow",1773698533706,false
"Taylor Swift - Clara Bow",1773332562474,true
"Taylor Swift - The Black Dog",1773332698560,false
"Taylor Swift - The Black Dog",1773332698560,true
"Taylor Swift - imgonnagetyouback",1773332710069,false
"Taylor Swift - imgonnagetyouback",1773332710069,true
"Taylor Swift - The Albatross",1773323196549,false
"Taylor Swift - The Albatross",1773323196549,true
"Taylor Swift - Chloe or Sam or Sophia or Marcus",1773323411008,false
"Taylor Swift - Chloe or Sam or Sophia or Marcus",1773323411008,true
"Taylor Swift - How Did It End?",1773323476335,false
"Taylor Swift - How Did It End?",1773323476335,true
"Taylor Swift - So High School",1773323705978,false
"Taylor Swift - So High School",1773323705978,true
"Taylor Swift - I Hate It Here",1773323779038,false
"Taylor Swift - I Hate It Here",1773323779038,true
"Taylor Swift - thanK you aIMee",1772209389222,false
"Taylor Swift - thanK you aIMee",1772209389222,true
"Taylor Swift - I Look in People's Windows",1773858049487,false
"Taylor Swift - I Look in People's Windows",1773858049487,true
"Taylor Swift - The Prophecy",1771992051837,false
"Taylor Swift - The Prophecy",1771992051837,true
"Taylor Swift - Cassandra",1771427106542,false
"Taylor Swift - Cassandra",1771209231530,true
"Taylor Swift - Peter",1773115880111,false
"Taylor Swift - Peter",1772314285616,true
"Taylor Swift - The Bolter",1772209783849,false
"Taylor Swift - The Bolter",1772209783849,true
"Taylor Swift - Robin",1772045479213,false
"Taylor Swift - Robin",1772045479213,true
"Taylor Swift - The Manuscript",1772313478500,false
"Taylor Swift - The Manuscript",1772313478500,true
"Taylor Swift - Fortnight (feat. Post Malone)",1773423714686,false
"Taylor Swift - Fortnight (feat. Post Malone)",1773423714686,true
"Taylor Swift - My Boy Only Breaks His Favorite Toys",1774065132658,false
"Taylor Swift - My Boy Only Breaks His Favorite Toys",1773857917675,true
"Taylor Swift - Who’s Afraid of Little Old Me?",1772901249535,false
"Taylor Swift - Who’s Afraid of Little Old Me?",1772901249535,true
"Taylor Swift - The Alchemy",1772229688020,false
"Taylor Swift - The Alchemy",1772210808129,true
"Taylor Swift - Clara Bow",1772403643302,false
"Taylor Swift - Clara Bow",1772403643302,true
"Taylor Swift - The Albatross",1735672183275,false
"Taylor Swift - Chloe or Sam or Sophia or Marcus",1772208864194,false
"Taylor Swift - Chloe or Sam or Sophia or Marcus",1772208864194,true
"Taylor Swift - How Did It End?",1772041231033,false
"Taylor Swift - How Did It End?",1772041231033,true
"Taylor Swift - The Prophecy",1773013408306,false
"Taylor Swift - The Prophecy",1772116603122,true
"Taylor Swift - Cassandra",1771301911709,false
"Taylor Swift - Cassandra",1771301911709,true
"Taylor Swift - The Manuscript",1772048688035,false
"Taylor Swift - The Manuscript",1772048688035,true
"The Alchemy",1772665063586,false
"The Alchemy",1772665063586,true
"Gracie Abrams - I Love You, I'm Sorry",1772137003447,false
"Gracie Abrams - I Love You, I'm Sorry",1772051465082,true
"Ravyn Lenae - Love Me Not",1769139385971,false
"Ravyn Lenae - Love Me Not",1769139385971,true
"Dua Lipa - Houdini",1736200139487,false
"Sabrina Carpenter - Good Graces",1768607035386,false
"Sabrina Carpenter - Good Graces",1768607035386,true
"Sabrina Carpenter - Espresso",1736130665609,false
"Abby Cates - Saw Ur Mom At the Grocery Store",1768628786798,false
"Charli xcx & Lorde - Girl, so confusing featuring lorde",1770130734384,false
"Charli xcx & Lorde - Girl, so confusing featuring lorde",1770130734384,true
"KATSEYE - My Way",1772575816943,false
"KATSEYE - My Way",1772575816943,true
"CHUNG HA - Killing Me",1773760629072,false
"CHUNG HA - Killing Me",1773760629072,true
"The Lumineers - Gale Song",1769023683065,false
"JADE - Angel Of My Dreams",1769148496033,false
"JADE - Angel Of My Dreams",1769148496033,true
"Taylor Swift - I Can Do It With a Broken Heart",1771415940380,false
"Taylor Swift - I Can Do It With a Broken Heart",1771415940380,true
"Taylor Swift - I Can Do It With a Broken Heart (Instrumental)",1771373958860,false
"Taylor Swift - I Can Do It With a Broken Heart (Instrumental)",1771373958860,true
"Bleachers - Take Me Away",1770337062264,false
"Bleachers - Take Me Away",1770337062264,true
"Avery Lynch - useless information",1768628745642,false
"Red Velvet - Cosmic",1769264452590,false
"Leon Thomas - MUTT",1772662964144,false
"Leon Thomas - MUTT",1772662964144,true
"Bleachers - Me Before You (Live at The Great Saltair - Salt Lake City - 05.18.24)",1770337658856,false
"Bleachers - Me Before You (Live at The Great Saltair - Salt Lake City - 05.18.24)",1770337658856,true
"Lady Gaga & Bruno Mars - Die With A Smile",1771029986036,false
"Lady Gaga & Bruno Mars - Die With A Smile",1771029986036,true
"Teddy Swims - Bad Dreams",1769283124286,false
"Teddy Swims - Bad Dreams",1769283124286,true
"NIKI - Oceans & Engines",1768602709781,false
"Red Velvet - Chill Kill",1769264447897,false
"Charli xcx & Lorde - Girl, so confusing featuring lorde",1769183568712,false
"Charli xcx & Lorde - Girl, so confusing featuring lorde",1769183568712,true
"Ben Hemsley - Tidal (feat. Rose Gray)",1735628415902,false
"ITZY - Imaginary Friend",1768890035153,false
"ITZY - Imaginary Friend",1768890035153,true
"Lauv - I Like Me Better",1768667669763,false
"Elliott Smith - Twilight (2024 Remastered)",1768628772070,false
"aespa - Whiplash",1768869708078,false
"aespa - Whiplash",1768844410019,true
"JENNIE - Mantra",1773098967590,false
"JENNIE - Mantra",1773098967590,true
"Minnz Piano - Begin Again",1770244149575,false
"Minnz Piano - Begin Again",1770244149575,true
"Gracie Abrams - Felt Good About You",1774151272664,false
"Gracie Abrams - Felt Good About You",1774151272664,true
"Gracie Abrams - Risk",1770336391744,false
"Gracie Abrams - Risk",1770336391744,true
"Gracie Abrams - Blowing Smoke",1772246106208,false
"Gracie Abrams - Blowing Smoke",1772246106208,true
"Gracie Abrams - I Love You, I'm Sorry",1771798500026,false
"Gracie Abrams - I Love You, I'm Sorry",1771798500026,true
"Gracie Abrams - us. (feat. Taylor Swift)",1771796005404,false
"Gracie Abrams - us. (feat. Taylor Swift)",1771796005404,true
"Gracie Abrams - Let It Happen",1772246367108,false
"Gracie Abrams - Let It Happen",1772246367108,true
"Gracie Abrams - Tough Love",1772225432323,false
"Gracie Abrams - Tough Love",1772225432323,true
"Gracie Abrams - I Knew It, I Know You",1772245873425,false
"Gracie Abrams - I Knew It, I Know You",1772245873425,true
"Gracie Abrams - Gave You I Gave You I",1771797011133,false
"Gracie Abrams - Gave You I Gave You I",1771797011133,true
"Gracie Abrams - Normal Thing",1771798514342,false
"Gracie Abrams - Normal Thing",1771798514342,true
"Gracie Abrams - Good Luck Charlie",1772236017515,false
"Gracie Abrams - Good Luck Charlie",1772236017515,true
"Gracie Abrams - Free Now",1772236489216,false
"Gracie Abrams - Free Now",1772236489216,true
"Gracie Abrams - Close To You",1772236259702,false
"Gracie Abrams - Close To You",1772236259702,true
"Gracie Abrams - Cool",1772225883036,false
"Gracie Abrams - Cool",1772225883036,true
"Gracie Abrams - That’s So True",1772404710500,false
"Gracie Abrams - That’s So True",1772404710500,true
"Gracie Abrams - I Told You Things",1772597630604,false
"Gracie Abrams - I Told You Things",1772236480685,true
"Gracie Abrams - Packing It Up",1771798136846,false
"Gracie Abrams - Packing It Up",1771798136846,true
"Gracie Abrams - I Love You, I'm Sorry (Live From Vevo)",1771798341352,false
"Gracie Abrams - I Love You, I'm Sorry (Live From Vevo)",1771798341352,true
"Gracie Abrams - I Knew It, I Know You (Live From Vevo)",1772729155497,false
"Gracie Abrams - I Knew It, I Know You (Live From Vevo)",1772729155497,true
"Gracie Abrams - Free Now (Live From Vevo)",1772236730054,false
"Gracie Abrams - Free Now (Live From Vevo)",1772236730054,true
"I Love You, I'm Sorry",1770311311887,false
"I Love You, I'm Sorry",1770311311887,true
Risk,1771798092780,false
Risk,1771798092780,true
"Charli xcx - Sympathy is a knife",1772047781687,false
"aespa - Supernova",1770152233077,false
"aespa - Supernova",1770152233077,true
"aespa - Armageddon",1768844222223,false
"aespa - Set The Tone",1770157755320,false
"aespa - Set The Tone",1770157755320,true
"aespa - Licorice",1770157599774,false
"aespa - Licorice",1770157599774,true
"aespa - BAHAMA",1770152826306,false
"aespa - BAHAMA",1770152826306,true
"aespa - Long Chat (#♥)",1770157439486,false
"aespa - Long Chat (#♥)",1770157439486,true
"Bleachers & Carly Rae Jepsen - Tiny Moves (Live at Fisher Green Pavilion - Seattle - 07.13.24)",1771100004232,false
"Bleachers & Carly Rae Jepsen - Tiny Moves (Live at Fisher Green Pavilion - Seattle - 07.13.24)",1771100004232,true
"Rauw Alejandro & Bad Bunny - Qué Pasaría...",1773320266257,false
"Rauw Alejandro & Bad Bunny - Qué Pasaría...",1773320266257,true
"OneRepublic & Jelly Roll - Hurt",1771189101513,false
"OneRepublic & Jelly Roll - Hurt",1771189101513,true
"Bleachers - Merry Christmas, Please Don't Call",1771380823220,false
"Bleachers - Merry Christmas, Please Don't Call",1771380823220,true
"Gracie Abrams - That’s So True (Live From Radio City Music Hall)",1769208474667,false
"Gracie Abrams - That’s So True (Live From Radio City Music Hall)",1769208474667,true
"Rachel Grae - Daughter",1768628493669,false
"Tate McRae - Revolving door",1770407865788,false
"Tate McRae - Revolving door",1770407865788,true
"izna - IWALY (izna Version)",1772048539079,false
"John Summit & Guz - What a Life (feat. Stevie Appleton)",1772476589485,false
"John Summit & Guz - What a Life (feat. Stevie Appleton)",1772476589485,true
"Charli xcx & Billie Eilish - Guess featuring Billie Eilish (PEEKABOO Remix) [Mixed]",1735672338040,false
"Charli xcx & Billie Eilish - Guess featuring Billie Eilish (PEEKABOO Remix) [Mixed]",1735672338040,true
"Julia Church, John Summit & Sub Focus - Go Back (Kyle Watson Remix) [Mixed]",1735672394728,false
"Julia Church, John Summit & Sub Focus - Go Back (Kyle Watson Remix) [Mixed]",1735672394728,true
"Kate Vogel - Reasons to Stay",1768628776674,false
"Jung Jae Il - Way Forward",1736770028732,false
"Jung Jae Il - Way Forward",1736770028732,true
"Jung Jae Il - O X I",1736792402083,false
"Jung Jae Il - O X I",1736792402083,true
"Jung Jae Il - You're Nothing but a Puppet",1736792548622,false
"Jung Jae Il - You're Nothing but a Puppet",1736792548622,true
"Kim Sungsoo - Pink Soldiers Redux",1736451504271,false
"Kim Sungsoo - Pink Soldiers Redux",1736451504271,true
"Jung Jae Il - Round the Circle I",1736451690824,false
"Jung Jae Il - Round the Circle I",1736451690824,true
"Jung Jae Il - Round II",1736451558681,false
"Jung Jae Il - Round II",1736451558681,true
"Jung Jae Il - No Way Back",1736451566993,false
"Jung Jae Il - No Way Back",1736451566993,true
"Jung Jae Il - O X II",1736451626868,false
"Jung Jae Il - O X II",1736451626868,true
"Jung Jae Il - Round the Circle V",1736451535309,false
"Jung Jae Il - Round the Circle V",1736451535309,true
"Daddy Yankee - Gasolina",1771028754129,false
"Daddy Yankee - Gasolina",1771028754129,true
"sombr - back to friends",1769283294366,false
"sombr - back to friends",1769283294366,true
"SZA - Crybaby",1772700347574,false
"SZA - Crybaby",1772700347574,true
"SZA - Used (feat. Don Toliver)",1772700293373,false
"SZA - Used (feat. Don Toliver)",1772700293373,true
"Bleachers - Merry Christmas, Please Don't Call (Live at NYU Skirball - New York City - 12.17.2024)",1735672154757,false
"Bleachers - Merry Christmas, Please Don't Call (Live at NYU Skirball - New York City - 12.17.2024)",1735672154757,true
"Bad Bunny - NUEVAYoL",1772080718742,false
"Bad Bunny - NUEVAYoL",1772080718742,true
"Bad Bunny - VOY A LLeVARTE PA PR",1773320261271,false
"Bad Bunny - VOY A LLeVARTE PA PR",1773320261271,true
"Bad Bunny - BAILE INoLVIDABLE",1773320084337,false
"Bad Bunny - BAILE INoLVIDABLE",1773320084337,true
"Bad Bunny & Chuwi - WELTiTA",1772160149708,false
"Bad Bunny & Chuwi - WELTiTA",1772160149708,true
"Bad Bunny, Omar Courtz & Dei V - VeLDÁ",1773320268095,false
"Bad Bunny, Omar Courtz & Dei V - VeLDÁ",1773320268095,true
"Bad Bunny - EL CLúB",1772081367377,false
"Bad Bunny - EL CLúB",1772081367377,true
"Bad Bunny - BOKeTE",1770826182165,false
"Bad Bunny - BOKeTE",1770826182165,true
"Bad Bunny - KLOuFRENS",1772081302949,false
"Bad Bunny - KLOuFRENS",1772081302949,true
"Bad Bunny - TURiSTA",1772148186312,false
"Bad Bunny - TURiSTA",1772148186312,true
"Bad Bunny & Los Pleneros de la Cresta - CAFé CON RON",1772080947581,false
"Bad Bunny & Los Pleneros de la Cresta - CAFé CON RON",1772080947581,true
"Bad Bunny - PIToRRO DE COCO",1770784643754,false
"Bad Bunny - PIToRRO DE COCO",1770784643754,true
"Bad Bunny - LO QUE LE PASÓ A HAWAii",1771264299193,false
"Bad Bunny - LO QUE LE PASÓ A HAWAii",1771029224395,true
"Bad Bunny - EoO",1771300469384,false
"Bad Bunny - EoO",1771030560905,true
"Bad Bunny - DtMF",1773320003390,false
"Bad Bunny - DtMF",1773320003390,true
"Bad Bunny - LA MuDANZA",1771792753487,false
"Bad Bunny - LA MuDANZA",1771792753487,true
"Kenzie Cait - that girl",1768628801505,false
"Meghan Trainor - Better When I'm Dancin'",1768668367115,false
"Alex Warren - Ordinary",1770334961238,false
"Alex Warren - Ordinary",1770334961238,true
"Sabrina Carpenter - Taste",1770318253372,false
"Sabrina Carpenter - Taste",1770151497688,true
"Sabrina Carpenter - Sharpest Tool",1770151503897,false
"Sabrina Carpenter - Sharpest Tool",1770151503897,true
"Sabrina Carpenter - Coincidence",1770151491142,false
"Sabrina Carpenter - Coincidence",1770151491142,true
"Sabrina Carpenter - Bed Chem",1770151502144,false
"Sabrina Carpenter - Bed Chem",1770151502144,true
"Sabrina Carpenter - Espresso",1770151421688,false
"Sabrina Carpenter - Espresso",1770151421688,true
"Sabrina Carpenter - Dumb & Poetic",1770151877202,false
"Sabrina Carpenter - Dumb & Poetic",1770151877202,true
"Sabrina Carpenter - Lie To Girls",1770151700132,false
"Sabrina Carpenter - Lie To Girls",1770151700132,true
"Sabrina Carpenter - Don’t Smile",1770151478475,false
"Sabrina Carpenter - Don’t Smile",1770151478475,true
"Sabrina Carpenter - 15 Minutes",1770151865848,false
"Sabrina Carpenter - 15 Minutes",1770151865848,true
"Sabrina Carpenter - Couldn’t Make It Any Harder",1770151489127,false
"Sabrina Carpenter - Couldn’t Make It Any Harder",1770151489127,true
"Sabrina Carpenter - Busy Woman",1770151692808,false
"Sabrina Carpenter - Busy Woman",1770151692808,true
"Sabrina Carpenter - Bad Reviews",1770151500859,false
"Sabrina Carpenter - Bad Reviews",1770151500859,true
"JENNIE & FKJ - Intro : JANE with FKJ",1770396145050,false
"JENNIE & FKJ - Intro : JANE with FKJ",1770396145050,true
"JENNIE - like JENNIE",1770928086251,false
"JENNIE - like JENNIE",1770407692372,true
"JENNIE - start a war",1771016471144,false
"JENNIE - start a war",1770396462014,true
"JENNIE & Dua Lipa - Handlebars",1770395815998,false
"JENNIE & Dua Lipa - Handlebars",1770395815998,true
"JENNIE - with the IE (way up)",1770397324204,false
"JENNIE - with the IE (way up)",1770397324204,true
"JENNIE & Doechii - ExtraL",1773099013047,false
"JENNIE & Doechii - ExtraL",1773099013047,true
"JENNIE - Mantra",1771016472656,false
"JENNIE - Mantra",1770395631332,true
"JENNIE & Dominic Fike - Love Hangover",1770395326211,false
"JENNIE & Dominic Fike - Love Hangover",1770395326211,true
"JENNIE - ZEN",1771015123031,false
"JENNIE - ZEN",1770396663403,true
"JENNIE, Childish Gambino & Kali Uchis - Damn Right",1770396046956,false
"JENNIE, Childish Gambino & Kali Uchis - Damn Right",1770396046956,true
"JENNIE - F.T.S.",1770395146099,false
"JENNIE - F.T.S.",1770395146099,true
"JENNIE - Filter",1770407701082,false
"JENNIE - Filter",1770407701082,true
"JENNIE - Seoul City",1770407693108,false
"JENNIE - Seoul City",1770407693108,true
"JENNIE - Starlight",1770407751195,false
"JENNIE - Starlight",1770407751195,true
"JENNIE - twin",1770397160322,false
"JENNIE - twin",1770397160322,true
"Tate McRae - Revolving door",1769183435942,false
"Tate McRae - Revolving door",1769183435942,true
"Tate McRae - Dear god",1769088359119,false
"Tate McRae - Dear god",1769088359119,true
"Tate McRae - Sports car",1768590884228,false
"Tate McRae - Sports car",1768590884228,true
"Tate McRae - It's ok I'm ok",1769139425527,false
"Tate McRae - It's ok I'm ok",1769139425527,true
"BIBI - BIBI Vengeance",1772206837514,false
"BIBI - BIBI Vengeance",1772206837514,true
"Lorde - Yellow Flicker Beat",1770137978447,false
"Lorde - Yellow Flicker Beat",1770137978447,true
"Tate McRae - Sports car",1773454163034,false
"Tate McRae - Sports car",1773454163034,true
"John Summit - light years (feat. Inez)",1772476417836,false
"John Summit - light years (feat. Inez)",1772476417836,true
"Dua Lipa - Physical (feat. Troye Sivan)",1769178539082,false
"Dua Lipa - Physical (feat. Troye Sivan)",1769178539082,true
"Niall Horan - Black And White",1768682457867,false
"Niall Horan - Dear Patience",1768628800463,false
"Lexi Jayde - you don't deserve these tears",1768628737825,false
"Lexi Jayde - self sabotage",1768628457569,false
"Lexi Jayde - gentle",1768628761544,false
"Tate McRae - One Day",1773084167627,false
"Tate McRae - Can't Get It Out",1768628468640,false
"MARINA - BUTTERFLY",1769088879093,false
"MARINA - BUTTERFLY",1769088879093,true
"Maya Manuela - multiverse (feat. PEMBROKE)",1768628741577,false
"Lorde - Hammer",1769997888091,false
"Lorde - Hammer",1769997888091,true
"Lorde - What Was That",1770129583102,false
"Lorde - What Was That",1770129583102,true
"Lorde - Shapeshifter",1770137745283,false
"Lorde - Shapeshifter",1770137745283,true
"Lorde - Man Of The Year",1770138159125,false
"Lorde - Man Of The Year",1770138159125,true
"Lorde - David",1770138576765,false
"Lorde - David",1770138576765,true
"KATSEYE - Gabriela",1770333665402,false
"KATSEYE - Gabriela",1770333665402,true
"KATSEYE - M.I.A",1772575666224,false
"KATSEYE - M.I.A",1772575666224,true
"Kings Elliot - I’m Getting Tired of Me",1768628777197,false
"Mckenna Grace - Post Party Trauma",1768628493099,false
"Mckenna Grace - do all my friends hate me?",1768628756410,false
"Air - Playground Love (feat. Gordon Tracks)",1770244203380,false
"Air - Playground Love (feat. Gordon Tracks)",1770244203380,true
"TWICE - THIS IS FOR",1769632331964,false
"TWICE - THIS IS FOR",1769632331964,true
"Red Velvet - IRENE & SEULGI - TILT",1768850708723,false
"Red Velvet - IRENE & SEULGI - TILT",1768850708723,true
"Red Velvet - IRENE & SEULGI - Girl Next Door",1768845745424,false
"Red Velvet - IRENE & SEULGI - Girl Next Door",1768845745424,true
"Red Velvet - IRENE & SEULGI - Trampoline",1768845901424,false
"Red Velvet - IRENE & SEULGI - Trampoline",1768845901424,true
"Red Velvet - IRENE & SEULGI - Heaven",1768846081424,false
"Red Velvet - IRENE & SEULGI - Heaven",1768846081424,true
"Tate McRae - Just Keep Watching (From F1® The Movie)",1773080951559,false
"Tate McRae - Just Keep Watching (From F1® The Movie)",1769088501790,true
"Zara Larsson - Midnight Sun",1774241608823,false
"Zara Larsson - Midnight Sun",1773998642998,true
"Zara Larsson - Blue Moon",1774258700876,false
"Zara Larsson - Blue Moon",1773902274996,true
"Zara Larsson - Pretty Ugly",1774259036939,false
"Zara Larsson - Pretty Ugly",1774015857565,true
"Zara Larsson - Girl's Girl",1774238490002,false
"Zara Larsson - Girl's Girl",1774113518570,true
"Zara Larsson - Crush",1774258878405,false
"Zara Larsson - Crush",1774114043896,true
"Zara Larsson - Eurosummer",1774241233700,false
"Zara Larsson - Eurosummer",1774113866870,true
"Zara Larsson - Hot & Sexy",1774244570058,false
"Zara Larsson - Hot & Sexy",1773869762262,true
"Zara Larsson - The Ambition",1774259251745,false
"Zara Larsson - The Ambition",1774115099694,true
"Zara Larsson - Saturn’s Return",1774237705854,false
"Zara Larsson - Saturn’s Return",1773872564952,true
"Zara Larsson - Puss Puss",1774190601126,false
"Zara Larsson - Puss Puss",1774115107762,true
"Sabrina Carpenter - Manchild",1769282521838,false
"Sabrina Carpenter - Manchild",1769282521838,true
"aespa - Dirty Work",1768846843911,false
"aespa - Dirty Work",1768846843911,true
"Sabrina Carpenter - Manchild",1771262938022,false
"Sabrina Carpenter - Manchild",1770827293687,true
"Sabrina Carpenter - Tears",1774083379790,false
"Sabrina Carpenter - Tears",1770833061574,true
"Sabrina Carpenter - My Man on Willpower",1770666304936,false
"Sabrina Carpenter - My Man on Willpower",1770666304936,true
"Sabrina Carpenter - Sugar Talking",1770666692129,false
"Sabrina Carpenter - Sugar Talking",1770666692129,true
"Sabrina Carpenter - We Almost Broke Up Again Last Night",1770666690772,false
"Sabrina Carpenter - We Almost Broke Up Again Last Night",1770666690772,true
"Sabrina Carpenter - Nobody’s Son",1770666492594,false
"Sabrina Carpenter - Nobody’s Son",1770666492594,true
"Sabrina Carpenter - Never Getting Laid",1770666919141,false
"Sabrina Carpenter - Never Getting Laid",1770666919141,true
"Sabrina Carpenter - When Did You Get Hot?",1770666106500,false
"Sabrina Carpenter - When Did You Get Hot?",1770666106500,true
"Sabrina Carpenter - Go Go Juice",1770666104466,false
"Sabrina Carpenter - Go Go Juice",1770666104466,true
"Sabrina Carpenter - Don’t Worry I’ll Make You Worry",1770666915150,false
"Sabrina Carpenter - Don’t Worry I’ll Make You Worry",1770666915150,true
"Sabrina Carpenter - House Tour",1770667088833,false
"Sabrina Carpenter - House Tour",1770667088833,true
"Sabrina Carpenter - Goodbye",1770833078605,false
"Sabrina Carpenter - Goodbye",1770833078605,true
"SHY Martin - Can I call you back?",1768628804813,false
"HUNTR/X, EJAE, AUDREY NUNA, REI AMI & KPop Demon Hunters Cast - Golden",1770333668219,false
"HUNTR/X, EJAE, AUDREY NUNA, REI AMI & KPop Demon Hunters Cast - Golden",1770333668219,true
"Clairo - Alewife",1768628477936,false
"Air - Playground Love [feat. Gordon Tracks]",1770246751613,false
"Air - Playground Love [feat. Gordon Tracks]",1770246751613,true
"Air - Clouds Up",1770246818237,false
"Air - Clouds Up",1770246818237,true
"Air - Bathroom Girl",1770244651319,false
"Air - Bathroom Girl",1770244651319,true
"Air - Cemetary Party",1770244807594,false
"Air - Cemetary Party",1770244807594,true
"Air - Dark Messages",1770244882637,false
"Air - Dark Messages",1770244882637,true
"Air - The Word Hurricane",1770245034364,false
"Air - The Word Hurricane",1770245034364,true
"Air - Dirty Trip",1770245408276,false
"Air - Dirty Trip",1770245408276,true
"Air - Highschool Lover",1770245568266,false
"Air - Highschool Lover",1770245568266,true
"Air - Afternoon Sister",1770245712403,false
"Air - Afternoon Sister",1770245712403,true
"Air - Ghost Song",1770245830461,false
"Air - Ghost Song",1770245830461,true
"Air - Empty House",1770246007819,false
"Air - Empty House",1770246007819,true
"Air - Dead Bodies",1770246186368,false
"Air - Dead Bodies",1770246186368,true
"Air - Suicide Underground",1770246539679,false
"Air - Suicide Underground",1770246539679,true
"BLACKPINK - JUMP",1770334412187,false
"BLACKPINK - JUMP",1770334412187,true
"Justin Bieber - DAISIES",1769283294876,false
"Justin Bieber - DAISIES",1769283294876,true
"TWICE - THIS IS FOR",1769630805401,false
"OneRepublic - Beautiful Colors - from Kaiju No. 8",1772576655513,false
"OneRepublic - Beautiful Colors - from Kaiju No. 8",1772576655513,true
"Audrey Hobert - Sue me",1769139171621,false
"Audrey Hobert - Sue me",1769139171621,true
"Chris Brown - It Depends (feat. Bryson Tiller)",1769630593161,false
"Chris Brown - It Depends (feat. Bryson Tiller)",1769630593161,true
"Leslie Odom, Jr. - Snow",1770431628104,false
"Leslie Odom, Jr. - Snow",1770431628104,true
"aespa - Rich Man",1768846663745,false
"aespa - Rich Man",1768846663745,true
"Taylor Swift - The Fate of Ophelia",1772401528431,false
"Taylor Swift - The Fate of Ophelia",1772401528431,true
"Taylor Swift - Elizabeth Taylor",1773280084843,false
"Taylor Swift - Elizabeth Taylor",1772401539948,true
"Taylor Swift - Opalite",1772374093238,false
"Taylor Swift - Opalite",1772374093238,true
"Taylor Swift - Father Figure",1772374311666,false
"Taylor Swift - Father Figure",1772374311666,true
"Taylor Swift - Eldest Daughter",1769134211266,false
"Taylor Swift - Eldest Daughter",1769134211266,true
"Taylor Swift - Ruin The Friendship",1772401530681,false
"Taylor Swift - Ruin The Friendship",1772401530681,true
"Taylor Swift - Actually Romantic",1772401442135,false
"Taylor Swift - Actually Romantic",1772401442135,true
"Taylor Swift - Wi$h Li$t",1770523785426,false
"Taylor Swift - Wi$h Li$t",1770523785426,true
"Taylor Swift - Wood",1772374048326,false
"Taylor Swift - Wood",1772374048326,true
"Taylor Swift - CANCELLED!",1773537044082,false
"Taylor Swift - CANCELLED!",1772401665792,true
"Taylor Swift - Honey",1769132642549,false
"Taylor Swift - Honey",1769132642549,true
"Taylor Swift - The Life of a Showgirl (feat. Sabrina Carpenter)",1772400371630,false
"Taylor Swift - The Life of a Showgirl (feat. Sabrina Carpenter)",1772400371630,true
"And, baby, that’s show business for you",1769132461549,false
"And, baby, that’s show business for you",1769132461549,true
"Tame Impala - Dracula",1774082695565,false
"John Summit - crystallized (feat. Inez)",1772475875129,false
"John Summit - crystallized (feat. Inez)",1772475875129,true
"RAYE - WHERE IS MY HUSBAND!",1773099303439,false
"RAYE - WHERE IS MY HUSBAND!",1773099303439,true
"Taylor Swift - The Fate of Ophelia",1774259478000,false
"Taylor Swift - The Fate of Ophelia",1774147901769,true
"Taylor Swift - Elizabeth Taylor",1774259686026,false
"Taylor Swift - Elizabeth Taylor",1774148110473,true
"Taylor Swift - Opalite",1774148345417,false
"Taylor Swift - Opalite",1774148345417,true
"Taylor Swift - Father Figure",1774148558200,false
"Taylor Swift - Father Figure",1774148558200,true
"Taylor Swift - Eldest Daughter",1774148804585,false
"Taylor Swift - Eldest Daughter",1774148804585,true
"Taylor Swift - Ruin The Friendship",1774148891524,false
"Taylor Swift - Ruin The Friendship",1774148891524,true
"Taylor Swift - Actually Romantic",1774145410880,false
"Taylor Swift - Actually Romantic",1774145410880,true
"Taylor Swift - Wi$h Li$t",1774145618121,false
"Taylor Swift - Wi$h Li$t",1774145618121,true
"Taylor Swift - Wood",1774145768642,false
"Taylor Swift - Wood",1774145768642,true
"Taylor Swift - CANCELLED!",1774147252455,false
"Taylor Swift - CANCELLED!",1774147252455,true
"Taylor Swift - Honey",1774147433934,false
"Taylor Swift - Honey",1774147433934,true
"Taylor Swift - The Life of a Showgirl (feat. Sabrina Carpenter)",1774147675807,false
"Taylor Swift - The Life of a Showgirl (feat. Sabrina Carpenter)",1774147675807,true
"Taylor Swift - The Fate of Ophelia",1769555762788,false
"Taylor Swift - The Fate of Ophelia",1769555762788,true
"Taylor Swift - Father Figure",1769555975788,false
"Taylor Swift - Father Figure",1769555975788,true
"Taylor Swift - CANCELLED!",1769556232598,false
"Taylor Swift - CANCELLED!",1769556232598,true
"Bruno Mars - Runaway Baby",1768667664976,false
"Taylor Swift - Father Figure",1770788437250,false
"Taylor Swift - Father Figure",1770788437250,true
"Taylor Swift - Eldest Daughter",1770789117242,false
"Taylor Swift - Eldest Daughter",1770789117242,true
"Taylor Swift - Ruin The Friendship",1770789337679,false
"Taylor Swift - Ruin The Friendship",1770789337679,true
"Taylor Swift - Actually Romantic",1770789356370,false
"Taylor Swift - Actually Romantic",1770789356370,true
"Taylor Swift - CANCELLED!",1770788557973,false
"Taylor Swift - CANCELLED!",1770788557973,true
"Taylor Swift - Honey",1770830384210,false
"Taylor Swift - Honey",1770830384210,true
"PinkPantheress - Stateside (with Zara Larsson)",1774241418706,false
"PinkPantheress - Stateside (with Zara Larsson)",1774234505301,true
"Taylor Swift - Elizabeth Taylor",1768740721680,false
"Taylor Swift - Elizabeth Taylor",1768740721680,true
"Actually Romantic",1768747537980,false
"Actually Romantic",1768747537980,true
"Madison Beer - bittersweet",1770333663552,false
"Madison Beer - bittersweet",1770333663552,true
"Leslie Odom, Jr. & Original Broadway Cast of ""Hamilton"" - Wait for It",1771604825003,false
"Leslie Odom, Jr. & Original Broadway Cast of ""Hamilton"" - Wait for It",1771604825003,true
"Ella Langley - Choosin' Texas",1771095245547,false
"Ella Langley - Choosin' Texas",1771095245547,true
"Charlie Puth - Beat Yourself Up",1770333677749,false
"Charlie Puth - Beat Yourself Up",1770333677749,true
"John Summit & Britney Spears - I Wanna Go - John Summit Remix",1772476196909,false
"John Summit & Britney Spears - I Wanna Go - John Summit Remix",1772476196909,true
"Gracie Abrams - Intro & Risk (Apple Music Live)",1773537046653,false
"Gracie Abrams - Intro & Risk (Apple Music Live)",1773537046653,true
"Gracie Abrams - Blowing Smoke (Apple Music Live)",1773762235752,false
"Gracie Abrams - Blowing Smoke (Apple Music Live)",1773762235752,true
"Gracie Abrams - 21 (Apple Music Live)",1773610935021,false
"Gracie Abrams - 21 (Apple Music Live)",1773610935021,true
"Gracie Abrams - I Love You, I’m Sorry (Apple Music Live)",1773762258942,false
"Gracie Abrams - I Love You, I’m Sorry (Apple Music Live)",1773762258942,true
"Gracie Abrams - Where do we go now? (Apple Music Live)",1773537960968,false
"Gracie Abrams - Where do we go now? (Apple Music Live)",1773537960968,true
"Gracie Abrams - Death Wish (Apple Music Live)",1773611505637,false
"Gracie Abrams - Death Wish (Apple Music Live)",1773611505637,true
"Gracie Abrams - Normal Thing (Apple Music Live)",1773762520246,false
"Gracie Abrams - Normal Thing (Apple Music Live)",1773762520246,true
"Gracie Abrams - Mess It Up (Apple Music Live)",1773342322337,false
"Gracie Abrams - Mess It Up (Apple Music Live)",1773342322337,true
"Gracie Abrams - Packing It Up (Apple Music Live)",1773612034397,false
"Gracie Abrams - Packing It Up (Apple Music Live)",1773612034397,true
"Gracie Abrams - I Told You Things (Apple Music Live)",1773612331911,false
"Gracie Abrams - I Told You Things (Apple Music Live)",1773612331911,true
"Gracie Abrams - Let It Happen (Apple Music Live)",1773768501555,false
"Gracie Abrams - Let It Happen (Apple Music Live)",1773768501555,true
"Gracie Abrams - I miss you, I'm sorry (Apple Music Live)",1773615976763,false
"Gracie Abrams - I miss you, I'm sorry (Apple Music Live)",1773615976763,true
"Gracie Abrams - Right Now (Apple Music Live)",1773615972068,false
"Gracie Abrams - Right Now (Apple Music Live)",1773615972068,true
"Gracie Abrams - Free Now (Apple Music Live)",1773617793176,false
"Gracie Abrams - Free Now (Apple Music Live)",1773617793176,true
"Gracie Abrams - us. (Apple Music Live)",1773617340165,false
"Gracie Abrams - us. (Apple Music Live)",1773617340165,true
"Gracie Abrams - That’s So True (Apple Music Live)",1773616462121,false
"Gracie Abrams - That’s So True (Apple Music Live)",1773616462121,true
"Gracie Abrams - Close To You (Apple Music Live)",1773616237201,false
"Gracie Abrams - Close To You (Apple Music Live)",1773616237201,true
"Bleachers - Don't Take The Money (Live From Madison Square Garden, NYC)",1769023634005,false
"Bleachers - Don't Take The Money (Live From Madison Square Garden, NYC)",1769023634005,true
"Bleachers - Stop Making This Hurt (Live From Madison Square Garden, NYC)",1771100009360,false
"Bleachers - Stop Making This Hurt (Live From Madison Square Garden, NYC)",1771100009360,true
"Hiko - Ghost (House Remix)",1773535117161,false
"Hiko - Ghost (House Remix)",1773535117161,true
"Mumford & Sons & Gracie Abrams - Badlands",1773405895680,false
"The 1975 - About You",1771262221277,false
"The 1975 - About You",1771262221277,true
"John Summit - crystallized (feat. Inez) - Subtronics Remix",1772476599107,false
"John Summit - crystallized (feat. Inez) - Subtronics Remix",1772476599107,true
"Taylor Swift - The Fate of Ophelia",1769555762788,false
"Taylor Swift - The Fate of Ophelia",1769555762788,true
"Taylor Swift - Elizabeth Taylor",1768750180485,false
"Taylor Swift - Elizabeth Taylor",1768750180485,true
"Taylor Swift - Opalite",1769675321180,false
"Taylor Swift - Opalite",1769675321180,true
"Taylor Swift - Father Figure",1769555975788,false
"Taylor Swift - Father Figure",1769555975788,true
"Taylor Swift - Eldest Daughter",1769675567782,false
"Taylor Swift - Eldest Daughter",1769675567782,true
"Taylor Swift - Ruin The Friendship",1769676599105,false
"Taylor Swift - Ruin The Friendship",1769676599105,true
"Taylor Swift - Actually Romantic",1769674691288,false
"Taylor Swift - Actually Romantic",1769674691288,true
"Taylor Swift - Wi$h Li$t",1769675775195,false
"Taylor Swift - Wi$h Li$t",1769675775195,true
"Taylor Swift - Wood",1769676378590,false
"Taylor Swift - Wood",1769676378590,true
"Taylor Swift - CANCELLED!",1769556232598,false
"Taylor Swift - CANCELLED!",1769556232598,true
"Taylor Swift - Honey",1769674872475,false
"Taylor Swift - Honey",1769674872475,true
"Zara Larsson & Muni Long - Midnight Sun",1772468053461,false
"Zara Larsson & Muni Long - Midnight Sun",1772468053461,true
"Charli xcx & John Cale - House featuring John Cale",1770999609797,false
"Charli xcx & John Cale - House featuring John Cale",1770999609797,true
"Charli xcx - Wall of Sound",1770334247093,false
"Charli xcx - Wall of Sound",1770334247093,true
"Charli xcx - Chains of Love",1770999576623,false
"Charli xcx - Chains of Love",1770999576623,true
"Tate McRae - TRYING ON SHOES",1768525345917,false
"Tate McRae - TRYING ON SHOES",1768525345917,true
"Tate McRae - ANYTHING BUT LOVE",1768621454723,false
"Tate McRae - NOBODY'S GIRL",1771994489445,false
"Tate McRae - NOBODY'S GIRL",1770333655574,true
"Tate McRae - TIT FOR TAT",1773081625154,false
"Tate McRae - It's ok I'm ok",1773082054750,false
"Tate McRae - 2 hands",1773082522993,false
"Tristan - Keep That to Yourself",1772229992835,false
"Hilary Duff - Weather For Tennis",1773407585476,false
"Tate McRae - Dear god",1773081897560,false
"Tate McRae - Purple lace bra",1773220059582,false
"Tate McRae - Sports car",1773080808896,false
"Tate McRae - Siren sounds (bonus)",1773083030437,false
"Taylor Swift & The Chainsmokers - The Fate of Ophelia (The Chainsmokers Remix)",1769985423892,false
"Taylor Swift & The Chainsmokers - The Fate of Ophelia (The Chainsmokers Remix)",1769985423892,true
"Taylor Swift - The Fate of Ophelia",1769985413171,false
"Taylor Swift - The Fate of Ophelia",1769985413171,true
"Mitski - In a Lake",1772603151136,false
"Mitski - In a Lake",1772603151136,true
"Mitski - Dead Women",1772603340202,false
"Mitski - Dead Women",1772603340202,true
"Mitski - Rules",1772603496971,false
"Mitski - Rules",1772603496971,true
"Mitski - Charon's Obol",1772603702825,false
"Mitski - Charon's Obol",1772603702825,true
"Mitski - Lightning",1772603674359,false
"Mitski - Lightning",1772603674359,true
"Sabrina Carpenter - Manchild",1774063928661,false
"Sabrina Carpenter - Manchild",1773536384569,true
"Sabrina Carpenter - Tears",1773527052544,false
"Sabrina Carpenter - Tears",1773527052544,true
"Sabrina Carpenter - My Man on Willpower",1773535761532,false
"Sabrina Carpenter - My Man on Willpower",1773535761532,true
"Sabrina Carpenter - Sugar Talking",1773536331496,false
"Sabrina Carpenter - Sugar Talking",1773536331496,true
"Sabrina Carpenter - We Almost Broke Up Again Last Night",1773535965202,false
"Sabrina Carpenter - We Almost Broke Up Again Last Night",1773535965202,true
"Sabrina Carpenter - Nobody’s Son",1774064923658,false
"Sabrina Carpenter - Nobody’s Son",1773536147727,true
"Sabrina Carpenter - Never Getting Laid",1773527055452,false
"Sabrina Carpenter - Never Getting Laid",1773527055452,true
"Sabrina Carpenter - When Did You Get Hot?",1773527390231,false
"Sabrina Carpenter - When Did You Get Hot?",1773527390231,true
"Sabrina Carpenter - Go Go Juice",1773518375808,false
"Sabrina Carpenter - Go Go Juice",1773518375808,true
"Sabrina Carpenter - Don’t Worry I’ll Make You Worry",1773535114778,false
"Sabrina Carpenter - Don’t Worry I’ll Make You Worry",1773535114778,true
"Sabrina Carpenter - House Tour",1773946281167,false
"Sabrina Carpenter - House Tour",1773527225300,true
"Sabrina Carpenter - Such A Funny Way",1773889524806,false
"Sabrina Carpenter - Such A Funny Way",1773668742978,true
"Bruno Mars - I Just Might",1769283491956,false
"Bruno Mars - I Just Might",1769283491956,true
"Dermot Kennedy - Funeral",1769291030213,false
"Dermot Kennedy - Funeral",1769291030213,true
"EXO - Crown",1769376975728,false
"EXO - Crown",1769376975728,true
"EXO - Back It Up",1769376505674,false
"EXO - Back It Up",1769376505674,true
"EXO - Crazy",1769377144439,false
"EXO - Crazy",1769377144439,true
"EXO - Suffocate",1769376976806,false
"EXO - Suffocate",1769376976806,true
"EXO - Moonlight Shadows",1769376658466,false
"EXO - Moonlight Shadows",1769376658466,true
"EXO - Back Pocket",1770179509788,false
"EXO - Back Pocket",1769376854177,true
"EXO - Touch & Go",1769376368083,false
"EXO - Touch & Go",1769376368083,true
"EXO - Flatline",1769377503482,false
"EXO - Flatline",1769377503482,true
"EXO - I’m Home",1769402757237,false
"EXO - I’m Home",1769402757237,true
"John Summit - LIGHTS GO OUT",1772476033399,false
"John Summit - LIGHTS GO OUT",1772476033399,true
"Zara Larsson - Lush Life",1769671495429,false
"Zara Larsson - Lush Life",1769671495429,true
"Zara Larsson - Midnight Sun",1769671818449,false
"Zara Larsson - Midnight Sun",1769671818449,true
"Zara Larsson - Lush Life (Alex Adair Remix)",1769643328767,false
"Zara Larsson - Lush Life (Alex Adair Remix)",1769643328767,true
"Harry Styles - Aperture",1774245415901,false
"Harry Styles - Aperture",1774245415901,true
"Harry Styles - American Girls",1774231952678,false
"Harry Styles - American Girls",1774149417740,true
"Harry Styles - Ready, Steady, Go!",1774240212648,false
"Harry Styles - Ready, Steady, Go!",1774149578167,true
"Harry Styles - Are You Listening Yet?",1774241060723,false
"Harry Styles - Are You Listening Yet?",1774149593513,true
"Harry Styles - Taste Back",1774240650200,false
"Harry Styles - Taste Back",1774127954856,true
"Harry Styles - The Waiting Game",1774234495266,false
"Harry Styles - The Waiting Game",1774115392391,true
"Harry Styles - Season 2 Weight Loss",1774036331533,false
"Harry Styles - Season 2 Weight Loss",1774036331533,true
"Harry Styles - Coming Up Roses",1774223513783,false
"Harry Styles - Coming Up Roses",1774115624954,true
"Harry Styles - Pop",1774240428401,false
"Harry Styles - Pop",1774130310225,true
"Harry Styles - Dance No More",1774060123034,false
"Harry Styles - Dance No More",1774060123034,true
"Harry Styles - Paint By Numbers",1774060270075,false
"Harry Styles - Paint By Numbers",1774060270075,true
"Harry Styles - Carla's Song",1774130410343,false
"Harry Styles - Carla's Song",1774130410343,true
"RAYE - WHERE IS MY HUSBAND!",1770094882626,false
"sombr - Homewrecker",1773410025503,false
"Freya Skye - golden boy",1773410293895,false
"SOFI TUKKER & J Balvin - COOK",1770407779366,false
"SOFI TUKKER & J Balvin - COOK",1770407779366,true
"Bleachers - you and forever",1773220650520,false
"Bleachers - you and forever",1773220650520,true
"Bleachers - dirty wedding dress",1773220740521,false
"Bleachers - dirty wedding dress",1773220740521,true
N/A,1771231707601,false
"Lara Buchanan - Gold",1773406095270,false
"Tame Impala & JENNIE - Dracula (JENNIE Remix)",1773098797572,false
"Tame Impala & JENNIE - Dracula (JENNIE Remix)",1773098797572,true
"Tame Impala - Dracula",1772201706804,false
"Tame Impala - Dracula",1772201706804,true
"Taylor Swift - Opalite",1771013084116,false
"Taylor Swift - Opalite",1771013084116,true
Opalite,1770407655163,false
Opalite,1770407655163,true
"Lauv - fake it",1773410280065,false
"Leanna Firestone - Victory Lap",1773410209364,false
"Your Daughter's Father - Wrong Train (feat. Susannah Joffe)",1773406933755,false
"kenzie - mutual destruction",1773409550680,false
"Super Bowl LX Halftime Show",1771311386203,false
"Super Bowl LX Halftime Show",1771311386203,true
"Bad Bunny - Super Bowl LX Halftime Show (Live)",1770958831614,false
"Bad Bunny - Super Bowl LX Halftime Show (Live)",1770958831614,true
"Haven Madison - Uncross Your Heart",1773406625119,false
"Ellie Nanni - Nothing in it for me",1773407586729,false
"Taylor Swift & Ely Oaks - Opalite (Ely Oaks Remix)",1772315128778,false
"Taylor Swift & Ely Oaks - Opalite (Ely Oaks Remix)",1772315128778,true
"Taylor Bickett - Wild Dogs",1773406461949,false
"Taylor Swift & Skream - Opalite (Skream Remix)",1771882475052,false
"Taylor Swift & Skream - Opalite (Skream Remix)",1771882475052,true
"Taylor Swift & BUNT. - Opalite (BUNT. Remix)",1771882214485,false
"Taylor Swift & BUNT. - Opalite (BUNT. Remix)",1771882214485,true
"Taylor Swift & Chris Lake - Opalite (Chris Lake Remix)",1772027063361,false
"Taylor Swift & Chris Lake - Opalite (Chris Lake Remix)",1772027063361,true
"aespa & Anderson .Paak - Keychain (FROM THE FILM K-POPS!)",1772602966118,false
"aespa & Anderson .Paak - Keychain (FROM THE FILM K-POPS!)",1772602966118,true
"Avery Anna - Man Downstairs",1773406249935,false
"Paris Paloma - Miyazaki",1774258685115,false
"Paris Paloma - Miyazaki",1774151241468,true
"Zara Larsson - Midnight Sun",1773099157499,false
"Zara Larsson - Midnight Sun",1773099157499,true
"JENNIE - like JENNIE (Extended Remix)",1773090532452,false
"JENNIE - like JENNIE (Extended Remix)",1773090532452,true
"JENNIE - like JENNIE (EDM Remix)",1773090700702,false
"JENNIE - like JENNIE (EDM Remix)",1773090700702,true
"JENNIE - Handlebars (Just JENNIE)",1773090534698,false
"JENNIE - Handlebars (Just JENNIE)",1773090534698,true
"JENNIE - Damn Right (Just JENNIE)",1773096666604,false
"JENNIE - Damn Right (Just JENNIE)",1773096666604,true
"JENNIE - like JENNIE",1773090848914,false
"JENNIE - like JENNIE",1773090848914,true
"JENNIE - with the IE (way up)",1773090713258,false
"JENNIE - with the IE (way up)",1773090713258,true
"JENNIE - F.T.S.",1773090540846,false
"JENNIE - F.T.S.",1773090540846,true
"JENNIE - Starlight",1773093843146,false
"JENNIE - Starlight",1773093843146,true
"JENNIE - twin",1773090707416,false
"JENNIE - twin",1773090707416,true
"LILIana - Missing Love (feat. Kidd shedrack)",1773406779693,false
"Brandi Carlile - The Story",1738002251696,false
"Destiny's Child - Say My Name",1769211850458,false
"Destiny's Child - Say My Name",1769211850458,true
"Britney Spears - Oops!…I Did It Again",1768947291616,false
"Britney Spears - Oops!…I Did It Again",1768947291616,true
"Britney Spears - Stronger",1768949178776,false
"Britney Spears - Stronger",1768949178776,true
"Britney Spears - Lucky",1768947958256,false
"Britney Spears - Lucky",1768947958256,true
"Britney Spears - ...Baby One More Time",1770323824021,false
"Britney Spears - (You Drive Me) Crazy",1768968020209,false
"Britney Spears - (You Drive Me) Crazy",1768968020209,true
"John Mayer - Your Body Is a Wonderland",1736200269501,false
"Beyoncé - Diva",1772667432010,false
"Beyoncé - Diva",1772667432010,true
"Bruce Springsteen - Santa Claus Is Comin' to Town (Live at C.W. Post College, Greenvale, NY - December 1975)",1735672398232,false
"Willa Ford - I Wanna Be Bad (With Rap and With Vocorder)",1771215560597,false
"Willa Ford - I Wanna Be Bad (With Rap and With Vocorder)",1771215560597,true
"*NSYNC - I Thought She Knew",1737438440429,false
"BOYS LIKE GIRLS - Two Is Better Than One (feat. Taylor Swift)",1737438442244,false
"Kesha - Take It Off",1768600372880,false
"Alexx Calise - Cry",1774083351535,false
"Ed Sheeran - Lego House",1768600092941,false
"Fun. - Some Nights",1771076677089,false
"Fun. - Some Nights",1771076677089,true
"Britney Spears - Piece of Me",1768947514256,false
"Britney Spears - Piece of Me",1768947514256,true
"Britney Spears - Freakshow",1768947299131,false
"Tego Calderón - Pa' Que Retozen",1771262939098,false
"Tego Calderón - Pa' Que Retozen",1771025924969,true
"Alexx Calise - Cry (From ""Dance Moms"")",1771944689330,false
"Alexx Calise - Cry (From ""Dance Moms"")",1771944689330,true
"Original Broadway Cast of ""Bring It On: The Musical"" - Killer Instinct",1768600094720,false
"One Direction - They Don't Know About Us",1768602711983,false
"Britney Spears - Till the World Ends",1768947752256,false
"Britney Spears - Till the World Ends",1768947752256,true
"Britney Spears - I Wanna Go",1768948587708,false
"Britney Spears - I Wanna Go",1768948587708,true
"Britney Spears - Criminal",1768948812708,false
"Britney Spears - Criminal",1768948812708,true
"Kodaline - All I Want",1771075147919,false
"Kodaline - All I Want",1771075147919,true
"Beyoncé - End of Time",1773363406718,false
"Beyoncé - End of Time",1773363406718,true
"Britney Spears - 3",1768949384776,false
"Britney Spears - 3",1768949384776,true
"Fifth Harmony - Me & My Girls",1768667647047,false
"Glee Cast - Seasons Of Love",1771253718132,false
"Glee Cast - Seasons Of Love",1771253718132,true
"Glee Cast - If I Die Young",1771603156059,false
"Glee Cast - If I Die Young",1771603156059,true
"Coldplay - Paradise",1769092552956,false
"Coldplay - Paradise",1769092552956,true
"Little Mix - These Four Walls",1771603656286,false
"Little Mix - These Four Walls",1771603656286,true
"Girls' Generation - Mr.Mr.",1768947096822,false
"Girls' Generation - Mr.Mr.",1768947096822,true
"Cher Lloyd - Sirens",1771728449988,false
"Cher Lloyd - Sirens",1771728449988,true
"Cher Lloyd - Human",1771716469189,false
"Cher Lloyd - Human",1771716469189,true
"Cher Lloyd - Killin' It",1768806028587,false
"Cher Lloyd - Killin' It",1768806028587,true
"Cher Lloyd - Goodnight",1771374523230,false
"Cher Lloyd - Goodnight",1771374523230,true
"Cher Lloyd - Alone With Me",1768805721406,false
"Cher Lloyd - Alone With Me",1768805721406,true
"SHINee - Replay",1769208055733,false
"SHINee - Replay",1769208055733,true
"Girls' Generation - Gee",1773576300510,false
"Girls' Generation - Gee",1773576300510,true
"f(x) - Hot Summer",1772205169415,false
"f(x) - Hot Summer",1772205169415,true
"f(x) - LA chA TA",1772205437338,false
"f(x) - LA chA TA",1772205437338,true
"EXO - Growl",1773401763908,false
"EXO - Growl",1773401763908,true
"EXO - Don't Go",1769091892519,false
"EXO - Don't Go",1769091892519,true
"EXO-K - Angel",1768869888411,false
"f(x) - NU ABO",1772205170525,false
"f(x) - NU ABO",1772205170525,true
"f(x) - Ice Cream",1772205171522,false
"f(x) - Ice Cream",1772205171522,true
"Girls' Generation - Dancing Queen",1773362014429,false
"Girls' Generation - Dancing Queen",1773362014429,true
"Birdy - Skinny Love",1769006888064,false
"Birdy - Skinny Love",1769006888064,true
"EXO-K - Overdose",1768871871325,false
"Sia - Big Girls Cry",1771375267837,false
"Sia - Big Girls Cry",1771375267837,true
"Bleachers - Wild Heart",1736636832949,false
"Bleachers - Wild Heart",1736636832949,true
"Bleachers - Rollercoaster",1774160539755,false
"Bleachers - Rollercoaster",1774160539755,true
"Bleachers - I Wanna Get Better",1771099754935,false
"Bleachers - I Wanna Get Better",1771099754935,true
"Bleachers - Wake Me",1735777445039,false
"Bleachers - Wake Me",1735777445039,true
"Bleachers - Take Me Away (feat. Grimes)",1772087614986,false
"Bleachers - Like a River Runs",1772088036808,false
"Bleachers - Like a River Runs",1772088036808,true
"Bleachers - You're Still a Mystery",1742236026546,false
"Bleachers - You're Still a Mystery",1742236026546,true
"Katie Ladner, Alice Lee, Jessica Keenan Wynn, Barrett Wilbert Weed & Elle McLemore - Beautiful",1768600099864,false
"Jessica Keenan Wynn, Daniel Cooney, Dan Domenech, Michelle Duffy & AJ Meijer - The Me Inside of Me",1768621457638,false
"Jessica Keenan Wynn, Daniel Cooney, Dan Domenech, Michelle Duffy & AJ Meijer - The Me Inside of Me",1768621457638,true
"Elle McLemore - Lifeboat",1771375882302,false
"Elle McLemore - Lifeboat",1771375882302,true
"f(x) - Red Light",1772205383907,false
"f(x) - Red Light",1772205383907,true
"Red Velvet - Happiness",1769264675106,false
"Girls' Generation-TTS - Twinkle",1773400960614,false
"Girls' Generation-TTS - Twinkle",1773400960614,true
"Fifth Harmony - Brave Honest Beautiful (feat. Meghan Trainor)",1773359555633,false
"Fifth Harmony - Brave Honest Beautiful (feat. Meghan Trainor)",1773359555633,true
"Red Velvet - Be Natural (feat. TAEYONG)",1768929731407,false
"Red Velvet - Be Natural (feat. TAEYONG)",1768929731407,true
"Ella Henderson - Ghost",1774130778991,false
"Ella Henderson - Ghost",1773535702369,true
"Bon Iver - Skinny Love",1771075625637,false
"Bon Iver - Skinny Love",1771075625637,true
"Red Velvet - Ice Cream Cake",1773746556474,false
"Red Velvet - Ice Cream Cake",1773746556474,true
"EXO - 늑대와 미녀 Wolf",1769038463017,false
"Girls' Generation - Catch Me If You Can (Korean Version)",1773760631546,false
"Girls' Generation - Catch Me If You Can (Korean Version)",1773760631546,true
"Britney Spears - If U Seek Amy",1768948174708,false
"Britney Spears - If U Seek Amy",1768948174708,true
"SHINee - View",1769139426871,false
"SHINee - View",1769139426871,true
"EXO - EL DORADO",1769037646061,false
"EXO - EXO 2014 (Chinese Version)",1771306831600,false
"EXO - EXO 2014 (Chinese Version)",1771306831600,true
