Country,"Container Name","Impression Create Date",Location,"Recommendation ID"
"United States","YUNA - Ice Cream - EP",20260323,FY.Module.TopPicks,"82ed27cf-4522-4ac7-bb70-92f55b1898bb~b73d6af4-93f6-474a-abce-2fd03ec68df2~24~1774302505539"
"United States",N/A,20260323,FY.Module.TopPicks,"82ed27cf-4522-4ac7-bb70-92f55b1898bb~b73d6af4-93f6-474a-abce-2fd03ec68df2~24~1774302505539"
"United States",N/A,20260323,"FUSE.ForYou.Module.Recently.Played","82ed27cf-4522-4ac7-bb70-92f55b1898bb~e0e31aa4-c369-43e5-9d27-5e947d557086~16~1774302505531"
"United States",N/A,20260323,"FUSE.ForYou.Module.Recently.Played","82ed27cf-4522-4ac7-bb70-92f55b1898bb~e0e31aa4-c369-43e5-9d27-5e947d557086~16~1774302505531"
"United States",N/A,20260323,"FUSE.ForYou.Module.Recently.Played","82ed27cf-4522-4ac7-bb70-92f55b1898bb~e0e31aa4-c369-43e5-9d27-5e947d557086~16~1774302505531"
"United States",N/A,20260323,"FUSE.ForYou.Module.Recently.Played","82ed27cf-4522-4ac7-bb70-92f55b1898bb~e0e31aa4-c369-43e5-9d27-5e947d557086~16~1774302505531"
"United States",N/A,20260323,FY.Module.TopPicks,"82ed27cf-4522-4ac7-bb70-92f55b1898bb~b73d6af4-93f6-474a-abce-2fd03ec68df2~24~1774302505539"
"United States",N/A,20260323,FY.Module.TopPicks,"dbaac7c8-22ae-4256-bebc-e7aeb318be5c~8c162998-381e-4916-a2b1-b29cc483f706~24~1774258477481"
"United States",N/A,20260323,,"ddc96ce9-eb19-4668-bacf-b3363b76426f~225f490a-e28d-4731-9b57-d66146f1ba71~16~1774275984559"
"United States",N/A,20260323,,"ddc96ce9-eb19-4668-bacf-b3363b76426f~225f490a-e28d-4731-9b57-d66146f1ba71~16~1774275984559"
"United States",N/A,20260323,,"ddc96ce9-eb19-4668-bacf-b3363b76426f~225f490a-e28d-4731-9b57-d66146f1ba71~16~1774275984559"
"United States",N/A,20260323,FY.Module.TopPicks,"dbaac7c8-22ae-4256-bebc-e7aeb318be5c~8c162998-381e-4916-a2b1-b29cc483f706~24~1774258477481"
"United States","Zara Larsson - Midnight Sun",20260323,FY.Module.TopPicks,"dbaac7c8-22ae-4256-bebc-e7aeb318be5c~8c162998-381e-4916-a2b1-b29cc483f706~24~1774258477481"
"United States",N/A,20260323,,"3fe12191-42f6-41d7-8505-cba9c7475354~eac03db4-57d4-43a4-845a-986c9b27e694~16~1774293436974"
"United States",N/A,20260323,,"ddc96ce9-eb19-4668-bacf-b3363b76426f~225f490a-e28d-4731-9b57-d66146f1ba71~16~1774275984559"
"United States","Taylor Swift - Anti-Hero (feat. Bleachers) - Single",20260323,,"d2c3035a-432d-4a9e-b8b9-d3dfb0212153~69913a81-b395-437f-a846-90b1f1013465~16~1774271694248"
"United States",N/A,20260323,,"d2c3035a-432d-4a9e-b8b9-d3dfb0212153~69913a81-b395-437f-a846-90b1f1013465~16~1774271694248"
"United States",N/A,20260323,,"d2c3035a-432d-4a9e-b8b9-d3dfb0212153~69913a81-b395-437f-a846-90b1f1013465~16~1774271694248"
"United States",N/A,20260323,,"d2c3035a-432d-4a9e-b8b9-d3dfb0212153~69913a81-b395-437f-a846-90b1f1013465~16~1774271694248"
"United States","Taylor Swift - Anti-Hero (feat. Bleachers) - Single",20260323,"FUSE.ForYou.Module.Recently.Played","cd89e0ac-ec8a-4c86-affa-994f385b908a~85027f6f-34f9-4ff0-b44b-6c6d214461c2~16~1774222188841"
"United States",N/A,20260323,FY.Module.TopPicks,"cd89e0ac-ec8a-4c86-affa-994f385b908a~ae203e02-d3dd-4b95-8eef-bed2bda8ae09~24~1774222188856"
"United States",N/A,20260323,"FUSE.ForYou.Module.Recently.Played","cd89e0ac-ec8a-4c86-affa-994f385b908a~85027f6f-34f9-4ff0-b44b-6c6d214461c2~16~1774222188841"
"United States",N/A,20260323,"FUSE.ForYou.Module.Recently.Played","cd89e0ac-ec8a-4c86-affa-994f385b908a~85027f6f-34f9-4ff0-b44b-6c6d214461c2~16~1774222188841"
"United States",N/A,20260323,FY.Module.TopPicks,"cd89e0ac-ec8a-4c86-affa-994f385b908a~ae203e02-d3dd-4b95-8eef-bed2bda8ae09~24~1774222188856"
"United States",N/A,20260323,"FUSE.ForYou.Module.Recently.Played","cd89e0ac-ec8a-4c86-affa-994f385b908a~85027f6f-34f9-4ff0-b44b-6c6d214461c2~16~1774222188841"
"United States","Zara Larsson Radio",20260323,FY.Module.TopPicks,"cd89e0ac-ec8a-4c86-affa-994f385b908a~ae203e02-d3dd-4b95-8eef-bed2bda8ae09~24~1774222188856"
"United States",N/A,20260322,,"cd89e0ac-ec8a-4c86-affa-994f385b908a~8bece4e5-553d-4b20-8783-a48f2f2afeb8~3~1774222188852"
"United States",N/A,20260322,,"cd89e0ac-ec8a-4c86-affa-994f385b908a~8bece4e5-553d-4b20-8783-a48f2f2afeb8~3~1774222188852"
"United States",N/A,20260322,,"cd89e0ac-ec8a-4c86-affa-994f385b908a~8bece4e5-553d-4b20-8783-a48f2f2afeb8~3~1774222188852"
"United States",N/A,20260322,,"cd89e0ac-ec8a-4c86-affa-994f385b908a~8bece4e5-553d-4b20-8783-a48f2f2afeb8~3~1774222188852"
"United States","Taylor Swift - Anti-Hero (feat. Bleachers) - Single",20260322,"FUSE.ForYou.Module.Recently.Played","4be8eca1-b86b-494d-a47b-002766fda8d8~32c0612e-34d1-4158-931c-5a30534346e1~16~1774194698142"
"United States","Paris Paloma - Miyazaki - Single",20260322,FY.Module.TopPicks,"4be8eca1-b86b-494d-a47b-002766fda8d8~2415a9b3-de46-45ba-89ed-74e25af075c5~24~1774194698166"
"United States",N/A,20260322,FY.Module.TopPicks,"4be8eca1-b86b-494d-a47b-002766fda8d8~2415a9b3-de46-45ba-89ed-74e25af075c5~24~1774194698166"
"United States",N/A,20260322,"FUSE.ForYou.Module.Recently.Played","4be8eca1-b86b-494d-a47b-002766fda8d8~32c0612e-34d1-4158-931c-5a30534346e1~16~1774194698142"
"United States",N/A,20260322,"FUSE.ForYou.Module.Recently.Played","4be8eca1-b86b-494d-a47b-002766fda8d8~32c0612e-34d1-4158-931c-5a30534346e1~16~1774194698142"
"United States",N/A,20260322,FY.Module.TopPicks,"4be8eca1-b86b-494d-a47b-002766fda8d8~2415a9b3-de46-45ba-89ed-74e25af075c5~24~1774194698166"
"United States",N/A,20260322,"FUSE.ForYou.Module.Recently.Played","4be8eca1-b86b-494d-a47b-002766fda8d8~32c0612e-34d1-4158-931c-5a30534346e1~16~1774194698142"
"United States",N/A,20260322,FY.Module.MadeForYou,"26238703-ab6f-44b3-a003-f87346a0f3c2~afcc3539-7b30-4c79-835e-9d1d3a6c0057~14~1774154353111"
"United States",N/A,20260322,FY.Module.MadeForYou,"26238703-ab6f-44b3-a003-f87346a0f3c2~afcc3539-7b30-4c79-835e-9d1d3a6c0057~14~1774154353111"
"United States",N/A,20260322,,"26238703-ab6f-44b3-a003-f87346a0f3c2~f3cfd960-08be-4859-bc2e-9ee963d8bbc8~3~1774154353115"
"United States","Taylor Swift - 1989 (Taylor's Version) [Deluxe]",20260322,,"26238703-ab6f-44b3-a003-f87346a0f3c2~f3cfd960-08be-4859-bc2e-9ee963d8bbc8~3~1774154353115"
"United States",N/A,20260322,FY.Module.MadeForYou,"26238703-ab6f-44b3-a003-f87346a0f3c2~afcc3539-7b30-4c79-835e-9d1d3a6c0057~14~1774154353111"
"United States",N/A,20260322,,"26238703-ab6f-44b3-a003-f87346a0f3c2~f3cfd960-08be-4859-bc2e-9ee963d8bbc8~3~1774154353115"
"United States",N/A,20260322,,"26238703-ab6f-44b3-a003-f87346a0f3c2~f3cfd960-08be-4859-bc2e-9ee963d8bbc8~3~1774154353115"
"United States",N/A,20260322,FY.Module.MadeForYou,"26238703-ab6f-44b3-a003-f87346a0f3c2~afcc3539-7b30-4c79-835e-9d1d3a6c0057~14~1774154353111"
"United States",N/A,20260322,FY.Module.MadeForYou,"26238703-ab6f-44b3-a003-f87346a0f3c2~afcc3539-7b30-4c79-835e-9d1d3a6c0057~14~1774154353111"
"United States",N/A,20260322,FY.Module.StationsForYou,"26238703-ab6f-44b3-a003-f87346a0f3c2~4d6c2bc2-babd-4239-b95d-75553e69e426~21~1774154353095"
"United States",N/A,20260322,FY.Module.MadeForYou,"26238703-ab6f-44b3-a003-f87346a0f3c2~afcc3539-7b30-4c79-835e-9d1d3a6c0057~14~1774154353111"
"United States","Reneé Rapp - Snow Angel (Deluxe)",20260322,FY.Module.MoreLike.Album,"26238703-ab6f-44b3-a003-f87346a0f3c2~763d91f2-e73d-4724-9acc-49a7042cc9fa~10~1774154353269"
"United States","Olivia Rodrigo - GUTS (spilled)",20260322,FY.Module.MoreLike.Album,"26238703-ab6f-44b3-a003-f87346a0f3c2~763d91f2-e73d-4724-9acc-49a7042cc9fa~10~1774154353269"
"United States","Lorde - Virgin",20260322,FY.Module.MoreLike.Album,"26238703-ab6f-44b3-a003-f87346a0f3c2~763d91f2-e73d-4724-9acc-49a7042cc9fa~10~1774154353269"
"United States",N/A,20260322,FY.Module.MoreLike.Album,"26238703-ab6f-44b3-a003-f87346a0f3c2~763d91f2-e73d-4724-9acc-49a7042cc9fa~10~1774154353269"
"United States",N/A,20260322,FY.Module.TopPicks,"26238703-ab6f-44b3-a003-f87346a0f3c2~30ce50d8-87f8-436f-8c09-cf164b4b675a~24~1774154353113"
"United States",N/A,20260322,"FUSE.ForYou.Module.Recently.Played","26238703-ab6f-44b3-a003-f87346a0f3c2~27d630a8-1f21-40e6-b446-1b374f69405d~16~1774154353099"
"United States",N/A,20260322,"FUSE.ForYou.Module.Recently.Played","26238703-ab6f-44b3-a003-f87346a0f3c2~27d630a8-1f21-40e6-b446-1b374f69405d~16~1774154353099"
"United States",N/A,20260322,"FUSE.ForYou.Module.Recently.Played","26238703-ab6f-44b3-a003-f87346a0f3c2~27d630a8-1f21-40e6-b446-1b374f69405d~16~1774154353099"
"United States",N/A,20260322,"FUSE.ForYou.Module.Recently.Played","26238703-ab6f-44b3-a003-f87346a0f3c2~27d630a8-1f21-40e6-b446-1b374f69405d~16~1774154353099"
"United States",N/A,20260322,FY.Module.TopPicks,"26238703-ab6f-44b3-a003-f87346a0f3c2~30ce50d8-87f8-436f-8c09-cf164b4b675a~24~1774154353113"
"United States",N/A,20260322,FY.Module.TopPicks,"26238703-ab6f-44b3-a003-f87346a0f3c2~30ce50d8-87f8-436f-8c09-cf164b4b675a~24~1774154353113"
"United States","Taylor Swift - Lover",20260322,"FUSE.ForYou.Module.Recently.Played","26238703-ab6f-44b3-a003-f87346a0f3c2~27d630a8-1f21-40e6-b446-1b374f69405d~16~1774154353099"
"United States","Gracie Abrams - The Secret of Us (Deluxe)",20260322,"FUSE.ForYou.Module.Recently.Played","26238703-ab6f-44b3-a003-f87346a0f3c2~27d630a8-1f21-40e6-b446-1b374f69405d~16~1774154353099"
"United States",N/A,20260322,"FUSE.ForYou.Module.Recently.Played","26238703-ab6f-44b3-a003-f87346a0f3c2~27d630a8-1f21-40e6-b446-1b374f69405d~16~1774154353099"
"United States",N/A,20260322,,"a490a737-fd67-4e52-97a3-15ae1f04394a~91bb6739-0d54-4c9b-bd12-8d81b42133ce~16~1774139118626"
"United States",N/A,20260322,,"a490a737-fd67-4e52-97a3-15ae1f04394a~91bb6739-0d54-4c9b-bd12-8d81b42133ce~16~1774139118626"
"United States",N/A,20260322,,"a490a737-fd67-4e52-97a3-15ae1f04394a~91bb6739-0d54-4c9b-bd12-8d81b42133ce~16~1774139118626"
"United States","Taylor Swift - THE TORTURED POETS DEPARTMENT: THE ANTHOLOGY",20260322,FY.Module.TopPicks,"a7ee91cf-21e9-4dc4-85cd-952815ffd355~51bbb9f8-532a-4593-8c82-65f50198f38d~24~1774138304460"
"United States",N/A,20260322,FY.Module.TopPicks,"a7ee91cf-21e9-4dc4-85cd-952815ffd355~51bbb9f8-532a-4593-8c82-65f50198f38d~24~1774138304460"
"United States",N/A,20260322,"FUSE.ForYou.Module.Recently.Played","a7ee91cf-21e9-4dc4-85cd-952815ffd355~534b27d8-d5d2-4b8c-8a38-9d6814dbc34a~16~1774138304435"
"United States",N/A,20260322,"FUSE.ForYou.Module.Recently.Played","a7ee91cf-21e9-4dc4-85cd-952815ffd355~534b27d8-d5d2-4b8c-8a38-9d6814dbc34a~16~1774138304435"
"United States",N/A,20260322,"FUSE.ForYou.Module.Recently.Played","a7ee91cf-21e9-4dc4-85cd-952815ffd355~534b27d8-d5d2-4b8c-8a38-9d6814dbc34a~16~1774138304435"
"United States",N/A,20260322,FY.Module.TopPicks,"a7ee91cf-21e9-4dc4-85cd-952815ffd355~51bbb9f8-532a-4593-8c82-65f50198f38d~24~1774138304460"
"United States",N/A,20260322,"FUSE.ForYou.Module.Recently.Played","a7ee91cf-21e9-4dc4-85cd-952815ffd355~534b27d8-d5d2-4b8c-8a38-9d6814dbc34a~16~1774138304435"
"United States",N/A,20260321,,"550f857a-e43a-4085-a3eb-97aab69c232f~bf8ab0c0-00d8-4e62-b91f-6cc7b2f2d24d~16~1774127195272"
"United States",N/A,20260321,,"bb32065e-d03e-4a33-bf6d-5c905dec0e67~e1ea6879-16d6-48dc-898d-fe7a5e3c854d~16~1774127844187"
"United States",N/A,20260321,,"bb32065e-d03e-4a33-bf6d-5c905dec0e67~e1ea6879-16d6-48dc-898d-fe7a5e3c854d~16~1774127844187"
"United States",N/A,20260321,,"bb32065e-d03e-4a33-bf6d-5c905dec0e67~e1ea6879-16d6-48dc-898d-fe7a5e3c854d~16~1774127844187"
"United States","Taylor Swift - The Life of a Showgirl",20260321,FY.Module.TopPicks,"5f287b44-b2bb-4ca6-81bc-06ab8666e104~099294fb-7a4f-4a54-a3c3-415038ea3f1d~24~1774114523422"
"United States",N/A,20260321,FY.Module.TopPicks,"5f287b44-b2bb-4ca6-81bc-06ab8666e104~099294fb-7a4f-4a54-a3c3-415038ea3f1d~24~1774114523422"
"United States",N/A,20260321,,"550f857a-e43a-4085-a3eb-97aab69c232f~bf8ab0c0-00d8-4e62-b91f-6cc7b2f2d24d~16~1774127195272"
"United States",N/A,20260321,,"550f857a-e43a-4085-a3eb-97aab69c232f~bf8ab0c0-00d8-4e62-b91f-6cc7b2f2d24d~16~1774127195272"
"United States",N/A,20260321,,"550f857a-e43a-4085-a3eb-97aab69c232f~bf8ab0c0-00d8-4e62-b91f-6cc7b2f2d24d~16~1774127195272"
"United States",N/A,20260321,FY.Module.TopPicks,"5f287b44-b2bb-4ca6-81bc-06ab8666e104~099294fb-7a4f-4a54-a3c3-415038ea3f1d~24~1774114523422"
"United States",N/A,20260321,,"cb8a1120-0ae9-4447-87c8-0aa7d449a67d~588a9807-abed-4503-972c-833b0925218f~16~1774101927923"
"United States",N/A,20260321,,"333ab32b-011e-4e8f-ad38-b26a4ec7daf2~9fb54d9c-ada3-40cc-8459-3c09dff0af91~16~1774103710446"
"United States",N/A,20260321,,"cb8a1120-0ae9-4447-87c8-0aa7d449a67d~588a9807-abed-4503-972c-833b0925218f~16~1774101927923"
"United States",N/A,20260321,,"cb8a1120-0ae9-4447-87c8-0aa7d449a67d~588a9807-abed-4503-972c-833b0925218f~16~1774101927923"
"United States","Taylor Swift - Lover",20260321,,"cb8a1120-0ae9-4447-87c8-0aa7d449a67d~588a9807-abed-4503-972c-833b0925218f~16~1774101927923"
"United States","Bleachers - Bleachers",20260321,FY.Module.MoreLike.Album,"0ed92506-65e7-4f75-9849-92cd1edf7cdc~24c911cf-324e-45fe-be0d-6329d45a653f~10~1774101805616"
"United States","Olivia Rodrigo - GUTS (spilled)",20260321,FY.Module.MoreLike.Album,"0ed92506-65e7-4f75-9849-92cd1edf7cdc~24c911cf-324e-45fe-be0d-6329d45a653f~10~1774101805616"
"United States","Lorde - Virgin",20260321,FY.Module.MoreLike.Album,"0ed92506-65e7-4f75-9849-92cd1edf7cdc~24c911cf-324e-45fe-be0d-6329d45a653f~10~1774101805616"
"United States",N/A,20260321,FY.Module.MoreLike.Album,"0ed92506-65e7-4f75-9849-92cd1edf7cdc~24c911cf-324e-45fe-be0d-6329d45a653f~10~1774101805616"
"United States","Taylor Swift - Speak Now (Taylor's Version)",20260321,,"cb8a1120-0ae9-4447-87c8-0aa7d449a67d~588a9807-abed-4503-972c-833b0925218f~16~1774101927923"
"United States","Sabrina Carpenter - Man’s Best Friend (Bonus Track Version)",20260321,FY.Module.TopPicks,"0ed92506-65e7-4f75-9849-92cd1edf7cdc~06775e19-6b11-4467-9f4b-219d5051008b~24~1774101805398"
"United States","Niall Horan - Dinner Party",20260321,FY.Module.TopPicks,"0ed92506-65e7-4f75-9849-92cd1edf7cdc~06775e19-6b11-4467-9f4b-219d5051008b~24~1774101805398"
"United States",N/A,20260321,FY.Module.TopPicks,"0ed92506-65e7-4f75-9849-92cd1edf7cdc~06775e19-6b11-4467-9f4b-219d5051008b~24~1774101805398"
"United States",N/A,20260321,,"cb8a1120-0ae9-4447-87c8-0aa7d449a67d~588a9807-abed-4503-972c-833b0925218f~16~1774101927923"
"United States",N/A,20260321,,"cb8a1120-0ae9-4447-87c8-0aa7d449a67d~588a9807-abed-4503-972c-833b0925218f~16~1774101927923"
"United States",N/A,20260321,"FUSE.ForYou.Module.Recently.Played","0ed92506-65e7-4f75-9849-92cd1edf7cdc~d3138e6d-3a85-4af1-a956-60ec097d5145~16~1774101805384"
"United States",N/A,20260321,,"cb8a1120-0ae9-4447-87c8-0aa7d449a67d~588a9807-abed-4503-972c-833b0925218f~16~1774101927923"
"United States","Taylor Swift - Speak Now (Taylor's Version)",20260321,,"bd908f79-5b55-452f-b0c1-b680835200a4~2c936fe5-c455-4edd-9ef2-619b90d3291b~16~1774101937158"
"United States",N/A,20260321,,"bd908f79-5b55-452f-b0c1-b680835200a4~2c936fe5-c455-4edd-9ef2-619b90d3291b~16~1774101937158"
"United States",N/A,20260321,,"bd908f79-5b55-452f-b0c1-b680835200a4~2c936fe5-c455-4edd-9ef2-619b90d3291b~16~1774101937158"
"United States",N/A,20260321,,"bd908f79-5b55-452f-b0c1-b680835200a4~2c936fe5-c455-4edd-9ef2-619b90d3291b~16~1774101937158"
"United States",N/A,20260321,,"bd908f79-5b55-452f-b0c1-b680835200a4~2c936fe5-c455-4edd-9ef2-619b90d3291b~16~1774101937158"
"United States",N/A,20260321,,"bd908f79-5b55-452f-b0c1-b680835200a4~2c936fe5-c455-4edd-9ef2-619b90d3291b~16~1774101937158"
"United States",N/A,20260321,,"bd908f79-5b55-452f-b0c1-b680835200a4~2c936fe5-c455-4edd-9ef2-619b90d3291b~16~1774101937158"
"United States",N/A,20260321,"FUSE.ForYou.Module.Recently.Played","0ed92506-65e7-4f75-9849-92cd1edf7cdc~d3138e6d-3a85-4af1-a956-60ec097d5145~16~1774101805384"
"United States",N/A,20260321,"FUSE.ForYou.Module.Recently.Played","0ed92506-65e7-4f75-9849-92cd1edf7cdc~d3138e6d-3a85-4af1-a956-60ec097d5145~16~1774101805384"
"United States",N/A,20260321,"FUSE.ForYou.Module.Recently.Played","0ed92506-65e7-4f75-9849-92cd1edf7cdc~d3138e6d-3a85-4af1-a956-60ec097d5145~16~1774101805384"
"United States",N/A,20260321,FY.Module.TopPicks,"3cbd1426-de58-4377-8ef6-357c2964f3e7~5cdd6e76-afa5-4b12-9c9e-e5828dfaed11~24~1774071838279"
"United States",N/A,20260321,"FUSE.ForYou.Module.Recently.Played","3cbd1426-de58-4377-8ef6-357c2964f3e7~4a2311fb-98bd-4918-b8f9-148356ead4ec~16~1774071838261"
"United States",N/A,20260321,"FUSE.ForYou.Module.Recently.Played","3cbd1426-de58-4377-8ef6-357c2964f3e7~4a2311fb-98bd-4918-b8f9-148356ead4ec~16~1774071838261"
"United States",N/A,20260321,"FUSE.ForYou.Module.Recently.Played","3cbd1426-de58-4377-8ef6-357c2964f3e7~4a2311fb-98bd-4918-b8f9-148356ead4ec~16~1774071838261"
"United States",N/A,20260321,FY.Module.TopPicks,"3cbd1426-de58-4377-8ef6-357c2964f3e7~5cdd6e76-afa5-4b12-9c9e-e5828dfaed11~24~1774071838279"
"United States",N/A,20260321,"FUSE.ForYou.Module.Recently.Played","3cbd1426-de58-4377-8ef6-357c2964f3e7~4a2311fb-98bd-4918-b8f9-148356ead4ec~16~1774071838261"
"United States",N/A,20260321,FY.Module.TopPicks,"3cbd1426-de58-4377-8ef6-357c2964f3e7~5cdd6e76-afa5-4b12-9c9e-e5828dfaed11~24~1774071838279"
"United States",N/A,20260321,FY.Module.TopPicks,"f01c619f-80d6-4057-a3ee-e26b3e92b72e~9235c844-450f-43c0-b42b-5dffa6f926c9~24~1774045834080"
"United States",N/A,20260321,FY.Module.TopPicks,"f01c619f-80d6-4057-a3ee-e26b3e92b72e~9235c844-450f-43c0-b42b-5dffa6f926c9~24~1774045834080"
"United States",N/A,20260321,FY.Module.TopPicks,"f01c619f-80d6-4057-a3ee-e26b3e92b72e~9235c844-450f-43c0-b42b-5dffa6f926c9~24~1774045834080"
"United States",N/A,20260321,,"6ce5a563-5b43-4516-9287-a62fc54392a7~ca169e42-6d81-4d96-bd29-5884c92647ff~16~1774055288624"
"United States",N/A,20260321,,"6ce5a563-5b43-4516-9287-a62fc54392a7~ca169e42-6d81-4d96-bd29-5884c92647ff~16~1774055288624"
"United States",N/A,20260321,,"6ce5a563-5b43-4516-9287-a62fc54392a7~ca169e42-6d81-4d96-bd29-5884c92647ff~16~1774055288624"
"United States",N/A,20260321,,"6ce5a563-5b43-4516-9287-a62fc54392a7~ca169e42-6d81-4d96-bd29-5884c92647ff~16~1774055288624"
"United States",N/A,20260320,,"eb0524d4-c0c5-4f3b-be03-31ddd32434aa~ed1ac97e-181b-44ce-835d-570644a92d4e~16~1774046807183"
"United States",N/A,20260320,,"eb0524d4-c0c5-4f3b-be03-31ddd32434aa~ed1ac97e-181b-44ce-835d-570644a92d4e~16~1774046807183"
"United States",N/A,20260320,,"eb0524d4-c0c5-4f3b-be03-31ddd32434aa~ed1ac97e-181b-44ce-835d-570644a92d4e~16~1774046807183"
"United States",N/A,20260320,,"eb0524d4-c0c5-4f3b-be03-31ddd32434aa~ed1ac97e-181b-44ce-835d-570644a92d4e~16~1774046807183"
"United States","Gracie Abrams - The Secret of Us (Deluxe)",20260320,FY.Module.TopPicks,"8a276bdb-578b-462a-9454-6944b188064b~af1667b1-9973-4eee-b48d-a7018eec885d~24~1774023408632"
"United States",N/A,20260320,FY.Module.TopPicks,"8a276bdb-578b-462a-9454-6944b188064b~af1667b1-9973-4eee-b48d-a7018eec885d~24~1774023408632"
"United States",N/A,20260320,,"10ca7c99-19fc-4b5d-9bef-4759ad5042c3~9a178b94-9173-4420-a478-ad29364b7936~16~1774042904918"
"United States",N/A,20260320,,"10ca7c99-19fc-4b5d-9bef-4759ad5042c3~9a178b94-9173-4420-a478-ad29364b7936~16~1774042904918"
"United States",N/A,20260320,,"10ca7c99-19fc-4b5d-9bef-4759ad5042c3~9a178b94-9173-4420-a478-ad29364b7936~16~1774042904918"
"United States",N/A,20260320,,"10ca7c99-19fc-4b5d-9bef-4759ad5042c3~9a178b94-9173-4420-a478-ad29364b7936~16~1774042904918"
"United States",N/A,20260320,FY.Module.TopPicks,"8a276bdb-578b-462a-9454-6944b188064b~af1667b1-9973-4eee-b48d-a7018eec885d~24~1774023408632"
"United States","Taylor Swift - Speak Now (Taylor's Version)",20260320,,"987ffda1-655f-47a7-9072-cbda55c65a78~56478060-1893-47df-90d8-823514bb1999~16~1774028328725"
"United States",N/A,20260320,,"987ffda1-655f-47a7-9072-cbda55c65a78~56478060-1893-47df-90d8-823514bb1999~16~1774028328725"
"United States",N/A,20260320,,"987ffda1-655f-47a7-9072-cbda55c65a78~56478060-1893-47df-90d8-823514bb1999~16~1774028328725"
"United States",N/A,20260320,,"987ffda1-655f-47a7-9072-cbda55c65a78~56478060-1893-47df-90d8-823514bb1999~16~1774028328725"
"United States",N/A,20260320,FY.Module.MoreLike.Album,"8a276bdb-578b-462a-9454-6944b188064b~348d3661-5bdf-4786-83ae-35ffeca318a9~10~1774023408738"
"United States",N/A,20260320,,"74f2267c-2bda-4843-b00a-e34551420a36~4d21d153-59a6-4c44-9524-648258dfd71b~16~1774032055459"
"United States",N/A,20260320,,"13a0a6e5-824c-4853-9274-db96177cbf93~f11757b0-3745-4015-b103-2facaac29d38~16~1774029368908"
"United States","Zara Larsson - Midnight Sun",20260320,FY.Module.TopPicks,"10e87dce-a4b4-48b2-8c8f-29513b2198be~9509336c-708e-4886-8d3b-34215eeec517~24~1773979929832"
"United States",N/A,20260320,FY.Module.TopPicks,"10e87dce-a4b4-48b2-8c8f-29513b2198be~9509336c-708e-4886-8d3b-34215eeec517~24~1773979929832"
"United States",N/A,20260320,"FUSE.ForYou.Module.Recently.Played","10e87dce-a4b4-48b2-8c8f-29513b2198be~523cf549-a147-4264-b57f-9b992c573205~16~1773979929824"
"United States",N/A,20260320,"FUSE.ForYou.Module.Recently.Played","10e87dce-a4b4-48b2-8c8f-29513b2198be~523cf549-a147-4264-b57f-9b992c573205~16~1773979929824"
"United States",N/A,20260320,,"f5d2cdc6-a9a6-4a80-99f6-7dc90ebaba7b~9c14f25d-3871-45d4-995b-3429a1e5ada7~16~1773985217124"
"United States",N/A,20260320,"FUSE.ForYou.Module.Recently.Played","10e87dce-a4b4-48b2-8c8f-29513b2198be~523cf549-a147-4264-b57f-9b992c573205~16~1773979929824"
"United States",N/A,20260320,FY.Module.TopPicks,"10e87dce-a4b4-48b2-8c8f-29513b2198be~9509336c-708e-4886-8d3b-34215eeec517~24~1773979929832"
"United States",N/A,20260320,"FUSE.ForYou.Module.Recently.Played","10e87dce-a4b4-48b2-8c8f-29513b2198be~523cf549-a147-4264-b57f-9b992c573205~16~1773979929824"
"United States","Various Artists - The Great Gatsby (Music from Baz Luhrmann's Film) [Deluxe Edition]",20260319,FY.Module.TopPicks,"bb636586-5de2-474f-92fe-f50da2d582be~7560114a-effc-4d0c-930a-04f912b8d557~24~1773945193426"
"United States",N/A,20260319,FY.Module.TopPicks,"bb636586-5de2-474f-92fe-f50da2d582be~7560114a-effc-4d0c-930a-04f912b8d557~24~1773945193426"
"United States",N/A,20260319,"FUSE.ForYou.Module.Recently.Played","bb636586-5de2-474f-92fe-f50da2d582be~d8caaedd-63b0-4b2d-8fb5-4c3beab924a9~16~1773945193410"
"United States",N/A,20260319,"FUSE.ForYou.Module.Recently.Played","bb636586-5de2-474f-92fe-f50da2d582be~d8caaedd-63b0-4b2d-8fb5-4c3beab924a9~16~1773945193410"
"United States",N/A,20260319,"FUSE.ForYou.Module.Recently.Played","bb636586-5de2-474f-92fe-f50da2d582be~d8caaedd-63b0-4b2d-8fb5-4c3beab924a9~16~1773945193410"
"United States",N/A,20260319,,"64d87e00-626f-4961-8d08-8ac80ffb2b92~2fc39f32-fd77-49bf-961f-e5b7f30fd4e2~16~1773945846532"
"United States",N/A,20260319,FY.Module.TopPicks,"bb636586-5de2-474f-92fe-f50da2d582be~7560114a-effc-4d0c-930a-04f912b8d557~24~1773945193426"
"United States",N/A,20260319,"FUSE.ForYou.Module.Recently.Played","bb636586-5de2-474f-92fe-f50da2d582be~d8caaedd-63b0-4b2d-8fb5-4c3beab924a9~16~1773945193410"
"United States","Harry Styles - Kiss All The Time. Disco, Occasionally.",20260319,FY.Module.TopPicks,"5babb8c9-f32d-423f-a7ac-4cc89b5ee75b~fdb91cb9-87c4-427d-a0c6-b99a486e84f9~24~1773917773644"
"United States","Paris Paloma - Miyazaki - Single",20260319,FY.Module.TopPicks,"5babb8c9-f32d-423f-a7ac-4cc89b5ee75b~fdb91cb9-87c4-427d-a0c6-b99a486e84f9~24~1773917773644"
"United States",N/A,20260319,FY.Module.TopPicks,"5babb8c9-f32d-423f-a7ac-4cc89b5ee75b~fdb91cb9-87c4-427d-a0c6-b99a486e84f9~24~1773917773644"
"United States",N/A,20260319,,"bc06cff3-36d1-4367-86d8-e73f2eb3c23a~600efe16-c7fc-496b-b5d6-9bf9215ee2da~16~1773935559878"
"United States",N/A,20260319,,"bc06cff3-36d1-4367-86d8-e73f2eb3c23a~600efe16-c7fc-496b-b5d6-9bf9215ee2da~16~1773935559878"
"United States",N/A,20260319,,"bc06cff3-36d1-4367-86d8-e73f2eb3c23a~600efe16-c7fc-496b-b5d6-9bf9215ee2da~16~1773935559878"
"United States",N/A,20260319,,"bc06cff3-36d1-4367-86d8-e73f2eb3c23a~600efe16-c7fc-496b-b5d6-9bf9215ee2da~16~1773935559878"
"United States",N/A,20260319,,"29635c81-b1e7-4552-bd1a-1d20c6afce7a~df3831d9-3ccb-47b2-b53b-a30d29e3539e~16~1773929204421"
"United States",N/A,20260319,,"29635c81-b1e7-4552-bd1a-1d20c6afce7a~df3831d9-3ccb-47b2-b53b-a30d29e3539e~16~1773929204421"
"United States",N/A,20260319,,"29635c81-b1e7-4552-bd1a-1d20c6afce7a~df3831d9-3ccb-47b2-b53b-a30d29e3539e~16~1773929204421"
"United States",N/A,20260319,,"29635c81-b1e7-4552-bd1a-1d20c6afce7a~df3831d9-3ccb-47b2-b53b-a30d29e3539e~16~1773929204421"
"United States",N/A,20260319,,"05af7de2-3cc0-4386-be67-945eca5d0c4a~5289c33d-e2e1-46c4-a222-17a384f23bd6~16~1773926987616"
"United States",N/A,20260319,,"05af7de2-3cc0-4386-be67-945eca5d0c4a~5289c33d-e2e1-46c4-a222-17a384f23bd6~16~1773926987616"
"United States",N/A,20260319,,"05af7de2-3cc0-4386-be67-945eca5d0c4a~5289c33d-e2e1-46c4-a222-17a384f23bd6~16~1773926987616"
"United States",N/A,20260319,,"05af7de2-3cc0-4386-be67-945eca5d0c4a~5289c33d-e2e1-46c4-a222-17a384f23bd6~16~1773926987616"
"United States",N/A,20260319,"FUSE.ForYou.Module.Recently.Played","5babb8c9-f32d-423f-a7ac-4cc89b5ee75b~e80df395-f0af-469f-8a44-327e0170500a~16~1773917773517"
"United States",N/A,20260319,"FUSE.ForYou.Module.Recently.Played","5babb8c9-f32d-423f-a7ac-4cc89b5ee75b~e80df395-f0af-469f-8a44-327e0170500a~16~1773917773517"
"United States",N/A,20260319,"FUSE.ForYou.Module.Recently.Played","5babb8c9-f32d-423f-a7ac-4cc89b5ee75b~e80df395-f0af-469f-8a44-327e0170500a~16~1773917773517"
"United States",N/A,20260319,"FUSE.ForYou.Module.Recently.Played","5babb8c9-f32d-423f-a7ac-4cc89b5ee75b~e80df395-f0af-469f-8a44-327e0170500a~16~1773917773517"
"United States","EVERGLOW - CODE - EP",20260319,FY.Module.TopPicks,"bb984557-458b-41b7-83be-f503a426ece7~1c891bc5-9583-424a-abb8-58981bd6614b~24~1773892908469"
"United States",N/A,20260319,FY.Module.TopPicks,"bb984557-458b-41b7-83be-f503a426ece7~1c891bc5-9583-424a-abb8-58981bd6614b~24~1773892908469"
"United States",N/A,20260319,"FUSE.ForYou.Module.Recently.Played","bb984557-458b-41b7-83be-f503a426ece7~28bd837c-e80c-40e6-a5fd-ed17f272c6e3~16~1773892908453"
"United States",N/A,20260319,"FUSE.ForYou.Module.Recently.Played","bb984557-458b-41b7-83be-f503a426ece7~28bd837c-e80c-40e6-a5fd-ed17f272c6e3~16~1773892908453"
"United States",N/A,20260319,"FUSE.ForYou.Module.Recently.Played","bb984557-458b-41b7-83be-f503a426ece7~28bd837c-e80c-40e6-a5fd-ed17f272c6e3~16~1773892908453"
"United States",N/A,20260319,FY.Module.TopPicks,"bb984557-458b-41b7-83be-f503a426ece7~1c891bc5-9583-424a-abb8-58981bd6614b~24~1773892908469"
"United States",N/A,20260319,"FUSE.ForYou.Module.Recently.Played","bb984557-458b-41b7-83be-f503a426ece7~28bd837c-e80c-40e6-a5fd-ed17f272c6e3~16~1773892908453"
"United States",N/A,20260319,,"cf006169-e9b4-4114-af53-b690af5fdac4~3f967030-a3e0-43ba-a338-25a573c59b4f~16~1773888798012"
"United States",N/A,20260319,FY.Module.TopPicks,"edb3de2f-1665-4a9f-9032-1342200460f4~2a38179f-2ba7-4fda-b36c-970a8c7cdca8~24~1773873976943"
"United States",N/A,20260319,,"cf006169-e9b4-4114-af53-b690af5fdac4~3f967030-a3e0-43ba-a338-25a573c59b4f~16~1773888798012"
"United States",N/A,20260319,,"cf006169-e9b4-4114-af53-b690af5fdac4~3f967030-a3e0-43ba-a338-25a573c59b4f~16~1773888798012"
"United States",N/A,20260319,,"cf006169-e9b4-4114-af53-b690af5fdac4~3f967030-a3e0-43ba-a338-25a573c59b4f~16~1773888798012"
"United States",N/A,20260319,FY.Module.TopPicks,"edb3de2f-1665-4a9f-9032-1342200460f4~2a38179f-2ba7-4fda-b36c-970a8c7cdca8~24~1773873976943"
"United States","Gracie Abrams Radio",20260319,FY.Module.TopPicks,"edb3de2f-1665-4a9f-9032-1342200460f4~2a38179f-2ba7-4fda-b36c-970a8c7cdca8~24~1773873976943"
"United States",N/A,20260319,,"cf006169-e9b4-4114-af53-b690af5fdac4~3f967030-a3e0-43ba-a338-25a573c59b4f~16~1773888798012"
"United States",N/A,20260318,"FUSE.ForYou.Module.Recently.Played","edb3de2f-1665-4a9f-9032-1342200460f4~4aaa9975-3567-4eeb-8ccf-3d983134d7e5~16~1773873976929"
"United States",N/A,20260318,"FUSE.ForYou.Module.Recently.Played","edb3de2f-1665-4a9f-9032-1342200460f4~4aaa9975-3567-4eeb-8ccf-3d983134d7e5~16~1773873976929"
"United States",N/A,20260318,"FUSE.ForYou.Module.Recently.Played","edb3de2f-1665-4a9f-9032-1342200460f4~4aaa9975-3567-4eeb-8ccf-3d983134d7e5~16~1773873976929"
"United States",N/A,20260318,"FUSE.ForYou.Module.Recently.Played","edb3de2f-1665-4a9f-9032-1342200460f4~4aaa9975-3567-4eeb-8ccf-3d983134d7e5~16~1773873976929"
"United States",N/A,20260318,"FUSE.ForYou.Module.Recently.Played","edb3de2f-1665-4a9f-9032-1342200460f4~4aaa9975-3567-4eeb-8ccf-3d983134d7e5~16~1773873976929"
"United States",N/A,20260318,"FUSE.ForYou.Module.Recently.Played","edb3de2f-1665-4a9f-9032-1342200460f4~4aaa9975-3567-4eeb-8ccf-3d983134d7e5~16~1773873976929"
"United States",N/A,20260318,,"89f7acf1-b098-4bf7-abf5-92706b34c2e1~ac9bcf27-febc-4527-978d-9521eb170d02~16~1773857708820"
"United States",N/A,20260318,,"89f7acf1-b098-4bf7-abf5-92706b34c2e1~ac9bcf27-febc-4527-978d-9521eb170d02~16~1773857708820"
"United States",N/A,20260318,,"89f7acf1-b098-4bf7-abf5-92706b34c2e1~ac9bcf27-febc-4527-978d-9521eb170d02~16~1773857708820"
"United States",N/A,20260318,,"89f7acf1-b098-4bf7-abf5-92706b34c2e1~ac9bcf27-febc-4527-978d-9521eb170d02~16~1773857708820"
"United States","Beyoncé - RENAISSANCE",20260318,,"89f7acf1-b098-4bf7-abf5-92706b34c2e1~ac9bcf27-febc-4527-978d-9521eb170d02~16~1773857708820"
"United States","Beyoncé - COWBOY CARTER",20260318,,"89f7acf1-b098-4bf7-abf5-92706b34c2e1~ac9bcf27-febc-4527-978d-9521eb170d02~16~1773857708820"
"United States",N/A,20260318,,"89f7acf1-b098-4bf7-abf5-92706b34c2e1~ac9bcf27-febc-4527-978d-9521eb170d02~16~1773857708820"
"United States",N/A,20260318,,"89f7acf1-b098-4bf7-abf5-92706b34c2e1~ac9bcf27-febc-4527-978d-9521eb170d02~16~1773857708820"
"United States",N/A,20260318,,"89f7acf1-b098-4bf7-abf5-92706b34c2e1~ac9bcf27-febc-4527-978d-9521eb170d02~16~1773857708820"
"United States",N/A,20260318,,"89f7acf1-b098-4bf7-abf5-92706b34c2e1~ac9bcf27-febc-4527-978d-9521eb170d02~16~1773857708820"
"United States",N/A,20260318,,"89f7acf1-b098-4bf7-abf5-92706b34c2e1~ac9bcf27-febc-4527-978d-9521eb170d02~16~1773857708820"
"United States",N/A,20260318,,"89f7acf1-b098-4bf7-abf5-92706b34c2e1~ac9bcf27-febc-4527-978d-9521eb170d02~16~1773857708820"
"United States",N/A,20260318,,"89f7acf1-b098-4bf7-abf5-92706b34c2e1~ac9bcf27-febc-4527-978d-9521eb170d02~16~1773857708820"
"United States",N/A,20260318,,"89f7acf1-b098-4bf7-abf5-92706b34c2e1~ac9bcf27-febc-4527-978d-9521eb170d02~16~1773857708820"
"United States",N/A,20260318,,"89f7acf1-b098-4bf7-abf5-92706b34c2e1~ac9bcf27-febc-4527-978d-9521eb170d02~16~1773857708820"
"United States",N/A,20260318,,"89f7acf1-b098-4bf7-abf5-92706b34c2e1~ac9bcf27-febc-4527-978d-9521eb170d02~16~1773857708820"
"United States",N/A,20260318,,"89f7acf1-b098-4bf7-abf5-92706b34c2e1~ac9bcf27-febc-4527-978d-9521eb170d02~16~1773857708820"
"United States",N/A,20260318,,"52e93046-fa10-4100-8adc-a51197085a58~de8954e9-1c06-4263-9467-823f447c188b~16~1773857701217"
"United States","Beyoncé - COWBOY CARTER",20260318,,"52e93046-fa10-4100-8adc-a51197085a58~de8954e9-1c06-4263-9467-823f447c188b~16~1773857701217"
"United States","Beyoncé - RENAISSANCE",20260318,,"52e93046-fa10-4100-8adc-a51197085a58~de8954e9-1c06-4263-9467-823f447c188b~16~1773857701217"
"United States",N/A,20260318,,"52e93046-fa10-4100-8adc-a51197085a58~de8954e9-1c06-4263-9467-823f447c188b~16~1773857701217"
"United States",N/A,20260318,,"52e93046-fa10-4100-8adc-a51197085a58~de8954e9-1c06-4263-9467-823f447c188b~16~1773857701217"
"United States",N/A,20260318,,"52e93046-fa10-4100-8adc-a51197085a58~de8954e9-1c06-4263-9467-823f447c188b~16~1773857701217"
"United States",N/A,20260318,,"25d675a8-7a75-455c-b7fd-0c3800359630~c8823ed6-219c-41d5-b0c3-7d3191b69471~16~1773857561437"
"United States",N/A,20260318,"FUSE.ForYou.Module.Recently.Played","dc8cddef-c8d2-449e-bd18-addb34746050~50ed6bd4-e971-43e4-92b0-e249a4aa426b~16~1773852142022"
"United States","Zara Larsson - Midnight Sun (+ more)- Single",20260318,FY.Module.TopPicks,"dc8cddef-c8d2-449e-bd18-addb34746050~d8509861-cdff-4512-8f7c-8a2ae5674994~24~1773852142035"
"United States",N/A,20260318,FY.Module.TopPicks,"dc8cddef-c8d2-449e-bd18-addb34746050~d8509861-cdff-4512-8f7c-8a2ae5674994~24~1773852142035"
"United States",N/A,20260318,"FUSE.ForYou.Module.Recently.Played","dc8cddef-c8d2-449e-bd18-addb34746050~50ed6bd4-e971-43e4-92b0-e249a4aa426b~16~1773852142022"
"United States",N/A,20260318,"FUSE.ForYou.Module.Recently.Played","dc8cddef-c8d2-449e-bd18-addb34746050~50ed6bd4-e971-43e4-92b0-e249a4aa426b~16~1773852142022"
"United States",N/A,20260318,"FUSE.ForYou.Module.Recently.Played","dc8cddef-c8d2-449e-bd18-addb34746050~50ed6bd4-e971-43e4-92b0-e249a4aa426b~16~1773852142022"
"United States",N/A,20260318,"FUSE.ForYou.Module.Recently.Played","dc8cddef-c8d2-449e-bd18-addb34746050~50ed6bd4-e971-43e4-92b0-e249a4aa426b~16~1773852142022"
"United States",N/A,20260318,FY.Module.TopPicks,"dc8cddef-c8d2-449e-bd18-addb34746050~d8509861-cdff-4512-8f7c-8a2ae5674994~24~1773852142035"
"United States",N/A,20260318,"FUSE.ForYou.Module.Recently.Played","dc8cddef-c8d2-449e-bd18-addb34746050~50ed6bd4-e971-43e4-92b0-e249a4aa426b~16~1773852142022"
"United States","JENNIE - Ruby (The Complete Collection)",20260318,FY.Module.TopPicks,"75fa84b4-ccb5-4d74-93c9-8967f75c95ac~59445085-819f-4321-aab7-205b4952140f~24~1773848205294"
"United States",N/A,20260318,FY.Module.TopPicks,"75fa84b4-ccb5-4d74-93c9-8967f75c95ac~59445085-819f-4321-aab7-205b4952140f~24~1773848205294"
"United States",N/A,20260318,,"7952b0c2-1c02-45d5-98fe-3d2f04bee278~0492b3cb-9fa2-4877-a043-6ea3f2046822~16~1773849216906"
"United States",N/A,20260318,,"7952b0c2-1c02-45d5-98fe-3d2f04bee278~0492b3cb-9fa2-4877-a043-6ea3f2046822~16~1773849216906"
"United States",N/A,20260318,,"7952b0c2-1c02-45d5-98fe-3d2f04bee278~0492b3cb-9fa2-4877-a043-6ea3f2046822~16~1773849216906"
"United States",N/A,20260318,,"7952b0c2-1c02-45d5-98fe-3d2f04bee278~0492b3cb-9fa2-4877-a043-6ea3f2046822~16~1773849216906"
"United States","Girls' Generation Radio",20260318,FY.Module.TopPicks,"75fa84b4-ccb5-4d74-93c9-8967f75c95ac~59445085-819f-4321-aab7-205b4952140f~24~1773848205294"
"United States",N/A,20260318,FY.Module.TopPicks,"0fa50951-660d-46f1-8f57-f431cb7afc63~8e669b7e-5b60-4bad-9324-912631b05dca~24~1773806676592"
"United States",N/A,20260318,"FUSE.ForYou.Module.Recently.Played","0fa50951-660d-46f1-8f57-f431cb7afc63~38f939f3-f189-4d65-a983-a720da140685~16~1773806676578"
"United States",N/A,20260318,"FUSE.ForYou.Module.Recently.Played","0fa50951-660d-46f1-8f57-f431cb7afc63~38f939f3-f189-4d65-a983-a720da140685~16~1773806676578"
"United States",N/A,20260318,"FUSE.ForYou.Module.Recently.Played","0fa50951-660d-46f1-8f57-f431cb7afc63~38f939f3-f189-4d65-a983-a720da140685~16~1773806676578"
"United States",N/A,20260318,"FUSE.ForYou.Module.Recently.Played","0fa50951-660d-46f1-8f57-f431cb7afc63~38f939f3-f189-4d65-a983-a720da140685~16~1773806676578"
"United States",N/A,20260318,FY.Module.TopPicks,"0fa50951-660d-46f1-8f57-f431cb7afc63~8e669b7e-5b60-4bad-9324-912631b05dca~24~1773806676592"
"United States",N/A,20260318,FY.Module.TopPicks,"0fa50951-660d-46f1-8f57-f431cb7afc63~8e669b7e-5b60-4bad-9324-912631b05dca~24~1773806676592"
"United States",N/A,20260317,"FUSE.ForYou.Module.Recently.Played","b5a173ea-931b-4f21-b5f4-59d86449738a~3a09ab5a-f1a8-4db6-aae3-a0053a2ef6d3~16~1773789547711"
"United States","Paris Paloma - Miyazaki - Single",20260317,"FUSE.ForYou.Module.Recently.Played","b5a173ea-931b-4f21-b5f4-59d86449738a~3a09ab5a-f1a8-4db6-aae3-a0053a2ef6d3~16~1773789547711"
"United States",N/A,20260317,FY.Module.TopPicks,"b5a173ea-931b-4f21-b5f4-59d86449738a~e3b570f9-3001-4e08-836c-b97e508acaf0~24~1773789547725"
"United States",N/A,20260317,"FUSE.ForYou.Module.Recently.Played","b5a173ea-931b-4f21-b5f4-59d86449738a~3a09ab5a-f1a8-4db6-aae3-a0053a2ef6d3~16~1773789547711"
"United States",N/A,20260317,"FUSE.ForYou.Module.Recently.Played","b5a173ea-931b-4f21-b5f4-59d86449738a~3a09ab5a-f1a8-4db6-aae3-a0053a2ef6d3~16~1773789547711"
"United States",N/A,20260317,"FUSE.ForYou.Module.Recently.Played","b5a173ea-931b-4f21-b5f4-59d86449738a~3a09ab5a-f1a8-4db6-aae3-a0053a2ef6d3~16~1773789547711"
"United States",N/A,20260317,FY.Module.TopPicks,"b5a173ea-931b-4f21-b5f4-59d86449738a~e3b570f9-3001-4e08-836c-b97e508acaf0~24~1773789547725"
"United States",N/A,20260317,FY.Module.TopPicks,"b5a173ea-931b-4f21-b5f4-59d86449738a~e3b570f9-3001-4e08-836c-b97e508acaf0~24~1773789547725"
"United States",N/A,20260317,"FUSE.ForYou.Module.Recently.Played","22e262cf-eb94-4b7f-b243-73bc1191c19f~0c96d547-255d-4db6-a713-cc3805c561b6~16~1773768432549"
"United States",N/A,20260317,"FUSE.ForYou.Module.Recently.Played","22e262cf-eb94-4b7f-b243-73bc1191c19f~0c96d547-255d-4db6-a713-cc3805c561b6~16~1773768432549"
"United States",N/A,20260317,"FUSE.ForYou.Module.Recently.Played","22e262cf-eb94-4b7f-b243-73bc1191c19f~0c96d547-255d-4db6-a713-cc3805c561b6~16~1773768432549"
"United States",N/A,20260317,"FUSE.ForYou.Module.Recently.Played","22e262cf-eb94-4b7f-b243-73bc1191c19f~0c96d547-255d-4db6-a713-cc3805c561b6~16~1773768432549"
"United States",N/A,20260317,FY.Module.TopPicks,"22e262cf-eb94-4b7f-b243-73bc1191c19f~c6c0a413-f6b8-447e-b160-bb04de223751~24~1773768432562"
"United States",N/A,20260317,"FUSE.ForYou.Module.Recently.Played","22e262cf-eb94-4b7f-b243-73bc1191c19f~0c96d547-255d-4db6-a713-cc3805c561b6~16~1773768432549"
"United States",N/A,20260317,"FUSE.ForYou.Module.Recently.Played","22e262cf-eb94-4b7f-b243-73bc1191c19f~0c96d547-255d-4db6-a713-cc3805c561b6~16~1773768432549"
"United States",N/A,20260317,"FUSE.ForYou.Module.Recently.Played","22e262cf-eb94-4b7f-b243-73bc1191c19f~0c96d547-255d-4db6-a713-cc3805c561b6~16~1773768432549"
"United States",N/A,20260317,"FUSE.ForYou.Module.Recently.Played","22e262cf-eb94-4b7f-b243-73bc1191c19f~0c96d547-255d-4db6-a713-cc3805c561b6~16~1773768432549"
"United States",N/A,20260317,FY.Module.TopPicks,"22e262cf-eb94-4b7f-b243-73bc1191c19f~c6c0a413-f6b8-447e-b160-bb04de223751~24~1773768432562"
"United States","Sabrina Carpenter Radio",20260317,FY.Module.TopPicks,"22e262cf-eb94-4b7f-b243-73bc1191c19f~c6c0a413-f6b8-447e-b160-bb04de223751~24~1773768432562"
"United States",N/A,20260317,,"a4a60112-08f1-440d-8c27-7d96f68c9675~7ad6fb27-04a7-488a-9b89-97fc2fb2c44d~16~1773761975823"
"United States",N/A,20260317,,"a4a60112-08f1-440d-8c27-7d96f68c9675~7ad6fb27-04a7-488a-9b89-97fc2fb2c44d~16~1773761975823"
"United States",N/A,20260317,,"44e87c3e-2ed0-4b3e-a17d-d2b3e18941cc~937d1e12-2823-4c36-b4c0-49c5e73ec63e~16~1773761932138"
"United States","aespa & Anderson .Paak - Keychain (FROM THE FILM K-POPS!) - Single",20260317,FY.Module.TopPicks,"bc406f0f-1f9c-49f0-aad6-d4f8f62e2659~a3ebfdf1-ad00-47f2-a902-0da5bb1f5539~24~1773760625656"
"United States",N/A,20260317,"FUSE.ForYou.Module.Recently.Played","bc406f0f-1f9c-49f0-aad6-d4f8f62e2659~e2f27d10-4fdf-4721-b75f-3a9dde4694e6~16~1773760625645"
"United States",N/A,20260317,FY.Module.TopPicks,"bc406f0f-1f9c-49f0-aad6-d4f8f62e2659~a3ebfdf1-ad00-47f2-a902-0da5bb1f5539~24~1773760625656"
"United States",N/A,20260317,"FUSE.ForYou.Module.Recently.Played","bc406f0f-1f9c-49f0-aad6-d4f8f62e2659~e2f27d10-4fdf-4721-b75f-3a9dde4694e6~16~1773760625645"
"United States",N/A,20260317,,"26c4f129-d82c-4e70-ac14-3f328dd6e5a3~e2bbfc09-03aa-49a5-9a52-261ad12470a7~16~1773760629304"
"United States",N/A,20260317,,"26c4f129-d82c-4e70-ac14-3f328dd6e5a3~e2bbfc09-03aa-49a5-9a52-261ad12470a7~16~1773760629304"
"United States",N/A,20260317,FY.Module.TopPicks,"bc406f0f-1f9c-49f0-aad6-d4f8f62e2659~a3ebfdf1-ad00-47f2-a902-0da5bb1f5539~24~1773760625656"
"United States",N/A,20260317,FY.Module.TopPicks,"bc406f0f-1f9c-49f0-aad6-d4f8f62e2659~a3ebfdf1-ad00-47f2-a902-0da5bb1f5539~24~1773760625656"
"United States",N/A,20260317,"FUSE.ForYou.Module.Recently.Played","bc406f0f-1f9c-49f0-aad6-d4f8f62e2659~e2f27d10-4fdf-4721-b75f-3a9dde4694e6~16~1773760625645"
"United States",N/A,20260317,"FUSE.ForYou.Module.Recently.Played","bc406f0f-1f9c-49f0-aad6-d4f8f62e2659~e2f27d10-4fdf-4721-b75f-3a9dde4694e6~16~1773760625645"
"United States",N/A,20260317,,"7adf6b85-153a-45a4-896a-05d1d5cfdb84~c572e796-fb3c-46c3-92a9-b8028969df5c~16~1773736191426"
"United States",N/A,20260317,,"7adf6b85-153a-45a4-896a-05d1d5cfdb84~c572e796-fb3c-46c3-92a9-b8028969df5c~16~1773736191426"
"United States",N/A,20260317,,"7adf6b85-153a-45a4-896a-05d1d5cfdb84~c572e796-fb3c-46c3-92a9-b8028969df5c~16~1773736191426"
"United States",N/A,20260317,,"7adf6b85-153a-45a4-896a-05d1d5cfdb84~c572e796-fb3c-46c3-92a9-b8028969df5c~16~1773736191426"
"United States",N/A,20260317,FY.Module.TopPicks,"48f90dfe-1897-4e80-a3b4-17f03ccacc78~0e6047f7-d42b-4db7-ab8b-3165fa2db532~24~1773720858305"
"United States",N/A,20260317,,"7adf6b85-153a-45a4-896a-05d1d5cfdb84~c572e796-fb3c-46c3-92a9-b8028969df5c~16~1773736191426"
"United States",N/A,20260317,,"7adf6b85-153a-45a4-896a-05d1d5cfdb84~c572e796-fb3c-46c3-92a9-b8028969df5c~16~1773736191426"
"United States",N/A,20260317,,"7adf6b85-153a-45a4-896a-05d1d5cfdb84~c572e796-fb3c-46c3-92a9-b8028969df5c~16~1773736191426"
"United States",N/A,20260317,FY.Module.TopPicks,"48f90dfe-1897-4e80-a3b4-17f03ccacc78~0e6047f7-d42b-4db7-ab8b-3165fa2db532~24~1773720858305"
"United States",N/A,20260317,,"7adf6b85-153a-45a4-896a-05d1d5cfdb84~c572e796-fb3c-46c3-92a9-b8028969df5c~16~1773736191426"
"United States",N/A,20260317,FY.Module.TopPicks,"48f90dfe-1897-4e80-a3b4-17f03ccacc78~0e6047f7-d42b-4db7-ab8b-3165fa2db532~24~1773720858305"
"United States",N/A,20260317,FY.Module.Genre,"48f90dfe-1897-4e80-a3b4-17f03ccacc78~c89c8bd3-0844-4b77-b6f8-2828250da50d~27~1773720858422"
"United States","Lorde - Solar Power",20260317,FY.Module.Genre,"48f90dfe-1897-4e80-a3b4-17f03ccacc78~c89c8bd3-0844-4b77-b6f8-2828250da50d~27~1773720858422"
"United States","Lana Del Rey - Did you know that there's a tunnel under Ocean Blvd",20260317,FY.Module.Genre,"48f90dfe-1897-4e80-a3b4-17f03ccacc78~c89c8bd3-0844-4b77-b6f8-2828250da50d~27~1773720858422"
"United States","Bleachers - Real Love (Acoustic Set - New York City - 03.07.24) - EP",20260317,FY.Module.Genre,"48f90dfe-1897-4e80-a3b4-17f03ccacc78~c89c8bd3-0844-4b77-b6f8-2828250da50d~27~1773720858422"
"United States",N/A,20260317,FY.Module.MadeForYou,"48f90dfe-1897-4e80-a3b4-17f03ccacc78~2bd90726-9a7d-488b-832a-ded10a875626~14~1773720858294"
"United States",N/A,20260317,FY.Module.MadeForYou,"48f90dfe-1897-4e80-a3b4-17f03ccacc78~2bd90726-9a7d-488b-832a-ded10a875626~14~1773720858294"
"United States",N/A,20260317,FY.Module.MadeForYou,"48f90dfe-1897-4e80-a3b4-17f03ccacc78~2bd90726-9a7d-488b-832a-ded10a875626~14~1773720858294"
"United States","Red Velvet - The Red Summer - Summer Mini Album - EP",20260317,,"48f90dfe-1897-4e80-a3b4-17f03ccacc78~87af024a-95c3-446f-b670-5868c51f41e8~3~1773720858303"
"United States","TWICE - The Story Begins - EP",20260317,,"48f90dfe-1897-4e80-a3b4-17f03ccacc78~87af024a-95c3-446f-b670-5868c51f41e8~3~1773720858303"
"United States","TWICE - Merry & Happy",20260317,,"48f90dfe-1897-4e80-a3b4-17f03ccacc78~87af024a-95c3-446f-b670-5868c51f41e8~3~1773720858303"
"United States",N/A,20260317,,"48f90dfe-1897-4e80-a3b4-17f03ccacc78~87af024a-95c3-446f-b670-5868c51f41e8~3~1773720858303"
"United States",N/A,20260317,"FUSE.ForYou.Module.Recently.Played","48f90dfe-1897-4e80-a3b4-17f03ccacc78~611349c2-31fe-45d9-9bff-bfc576d55afa~16~1773720858294"
"United States",N/A,20260317,"FUSE.ForYou.Module.Recently.Played","48f90dfe-1897-4e80-a3b4-17f03ccacc78~611349c2-31fe-45d9-9bff-bfc576d55afa~16~1773720858294"
"United States",N/A,20260317,"FUSE.ForYou.Module.Recently.Played","48f90dfe-1897-4e80-a3b4-17f03ccacc78~611349c2-31fe-45d9-9bff-bfc576d55afa~16~1773720858294"
"United States",N/A,20260317,"FUSE.ForYou.Module.Recently.Played","48f90dfe-1897-4e80-a3b4-17f03ccacc78~611349c2-31fe-45d9-9bff-bfc576d55afa~16~1773720858294"
"United States",N/A,20260316,"FUSE.ForYou.Module.Recently.Played","4bdba987-993b-443d-896b-ee31064e4402~d2871018-7c95-463b-9e18-d6e27fece397~16~1773693748985"
"United States",N/A,20260316,"FUSE.ForYou.Module.Recently.Played","4bdba987-993b-443d-896b-ee31064e4402~d2871018-7c95-463b-9e18-d6e27fece397~16~1773693748985"
"United States",N/A,20260316,"FUSE.ForYou.Module.Recently.Played","4bdba987-993b-443d-896b-ee31064e4402~d2871018-7c95-463b-9e18-d6e27fece397~16~1773693748985"
"United States",N/A,20260316,"FUSE.ForYou.Module.Recently.Played","4bdba987-993b-443d-896b-ee31064e4402~d2871018-7c95-463b-9e18-d6e27fece397~16~1773693748985"
"United States",N/A,20260316,"FUSE.ForYou.Module.Recently.Played","4bdba987-993b-443d-896b-ee31064e4402~d2871018-7c95-463b-9e18-d6e27fece397~16~1773693748985"
"United States",N/A,20260316,FY.Module.TopPicks,"4bdba987-993b-443d-896b-ee31064e4402~a27f6909-4233-4bb1-bb5a-e6ca492f03f2~24~1773693749001"
"United States",N/A,20260316,"FUSE.ForYou.Module.Recently.Played","4bdba987-993b-443d-896b-ee31064e4402~d2871018-7c95-463b-9e18-d6e27fece397~16~1773693748985"
"United States",N/A,20260316,"FUSE.ForYou.Module.Recently.Played","4bdba987-993b-443d-896b-ee31064e4402~d2871018-7c95-463b-9e18-d6e27fece397~16~1773693748985"
"United States",N/A,20260316,"FUSE.ForYou.Module.Recently.Played","4bdba987-993b-443d-896b-ee31064e4402~d2871018-7c95-463b-9e18-d6e27fece397~16~1773693748985"
"United States",N/A,20260316,"FUSE.ForYou.Module.Recently.Played","4bdba987-993b-443d-896b-ee31064e4402~d2871018-7c95-463b-9e18-d6e27fece397~16~1773693748985"
"United States","Red Velvet Radio",20260316,FY.Module.TopPicks,"4bdba987-993b-443d-896b-ee31064e4402~a27f6909-4233-4bb1-bb5a-e6ca492f03f2~24~1773693749001"
"United States",N/A,20260316,FY.Module.TopPicks,"4bdba987-993b-443d-896b-ee31064e4402~a27f6909-4233-4bb1-bb5a-e6ca492f03f2~24~1773693749001"
"United States",N/A,20260316,"FUSE.ForYou.Module.Recently.Played","61a7e711-3578-4427-8da1-fd45ab3a8396~5ec8b1fd-6a26-4c48-821d-71ea207286eb~16~1773664616431"
"United States",N/A,20260316,"FUSE.ForYou.Module.Recently.Played","61a7e711-3578-4427-8da1-fd45ab3a8396~5ec8b1fd-6a26-4c48-821d-71ea207286eb~16~1773664616431"
"United States",N/A,20260316,"FUSE.ForYou.Module.Recently.Played","61a7e711-3578-4427-8da1-fd45ab3a8396~5ec8b1fd-6a26-4c48-821d-71ea207286eb~16~1773664616431"
"United States",N/A,20260316,"FUSE.ForYou.Module.Recently.Played","61a7e711-3578-4427-8da1-fd45ab3a8396~5ec8b1fd-6a26-4c48-821d-71ea207286eb~16~1773664616431"
"United States",N/A,20260316,"FUSE.ForYou.Module.Recently.Played","61a7e711-3578-4427-8da1-fd45ab3a8396~5ec8b1fd-6a26-4c48-821d-71ea207286eb~16~1773664616431"
"United States","Dua Lipa Radio",20260316,FY.Module.TopPicks,"61a7e711-3578-4427-8da1-fd45ab3a8396~953a15e2-9536-46a6-9814-53f3d7500716~24~1773664616444"
"United States",N/A,20260316,FY.Module.TopPicks,"61a7e711-3578-4427-8da1-fd45ab3a8396~953a15e2-9536-46a6-9814-53f3d7500716~24~1773664616444"
"United States",N/A,20260316,FY.Module.TopPicks,"61a7e711-3578-4427-8da1-fd45ab3a8396~953a15e2-9536-46a6-9814-53f3d7500716~24~1773664616444"
"United States",N/A,20260316,"FUSE.ForYou.Module.Recently.Played","61a7e711-3578-4427-8da1-fd45ab3a8396~5ec8b1fd-6a26-4c48-821d-71ea207286eb~16~1773664616431"
"United States","Beyoncé - COWBOY CARTER",20260315,,"028da49a-d3ac-40ae-929b-3c1566495b6c~16ec2aff-c107-4828-90ee-9b17b007c1ed~16~1773617796588"
"United States","Beyoncé - RENAISSANCE",20260315,,"028da49a-d3ac-40ae-929b-3c1566495b6c~16ec2aff-c107-4828-90ee-9b17b007c1ed~16~1773617796588"
"United States",N/A,20260315,,"028da49a-d3ac-40ae-929b-3c1566495b6c~16ec2aff-c107-4828-90ee-9b17b007c1ed~16~1773617796588"
"United States",N/A,20260315,,"028da49a-d3ac-40ae-929b-3c1566495b6c~16ec2aff-c107-4828-90ee-9b17b007c1ed~16~1773617796588"
"United States",N/A,20260315,,"028da49a-d3ac-40ae-929b-3c1566495b6c~16ec2aff-c107-4828-90ee-9b17b007c1ed~16~1773617796588"
"United States",N/A,20260315,,"028da49a-d3ac-40ae-929b-3c1566495b6c~16ec2aff-c107-4828-90ee-9b17b007c1ed~16~1773617796588"
"United States",N/A,20260315,"FUSE.ForYou.Module.Recently.Played","085ee532-d84a-402e-a901-9dbd507ce0fb~1e17cdfd-ebf2-4dc2-b19b-186618fa52f1~16~1773616234712"
"United States",N/A,20260315,,"028da49a-d3ac-40ae-929b-3c1566495b6c~16ec2aff-c107-4828-90ee-9b17b007c1ed~16~1773617796588"
"United States",N/A,20260315,FY.Module.TopPicks,"085ee532-d84a-402e-a901-9dbd507ce0fb~6254377b-875f-4ebf-9720-c3ff01bde844~24~1773616234720"
"United States","Zara Larsson - Midnight Sun (+ more)- Single",20260315,FY.Module.TopPicks,"085ee532-d84a-402e-a901-9dbd507ce0fb~6254377b-875f-4ebf-9720-c3ff01bde844~24~1773616234720"
"United States",N/A,20260315,FY.Module.TopPicks,"085ee532-d84a-402e-a901-9dbd507ce0fb~6254377b-875f-4ebf-9720-c3ff01bde844~24~1773616234720"
"United States","Taylor Swift - Midnights (The Til Dawn Edition)",20260315,FY.Module.TopPicks,"085ee532-d84a-402e-a901-9dbd507ce0fb~6254377b-875f-4ebf-9720-c3ff01bde844~24~1773616234720"
"United States",N/A,20260315,FY.Module.TopPicks,"085ee532-d84a-402e-a901-9dbd507ce0fb~6254377b-875f-4ebf-9720-c3ff01bde844~24~1773616234720"
"United States",N/A,20260315,"FUSE.ForYou.Module.Recently.Played","085ee532-d84a-402e-a901-9dbd507ce0fb~1e17cdfd-ebf2-4dc2-b19b-186618fa52f1~16~1773616234712"
"United States",N/A,20260315,"FUSE.ForYou.Module.Recently.Played","085ee532-d84a-402e-a901-9dbd507ce0fb~1e17cdfd-ebf2-4dc2-b19b-186618fa52f1~16~1773616234712"
"United States","Taylor Swift Radio",20260315,FY.Module.TopPicks,"085ee532-d84a-402e-a901-9dbd507ce0fb~6254377b-875f-4ebf-9720-c3ff01bde844~24~1773616234720"
"United States",N/A,20260315,"FUSE.ForYou.Module.Recently.Played","085ee532-d84a-402e-a901-9dbd507ce0fb~1e17cdfd-ebf2-4dc2-b19b-186618fa52f1~16~1773616234712"
"United States",N/A,20260315,,"88de84c1-f8a2-47c4-b4bb-f1475cf60d5d~90f097aa-69f2-4433-ac3c-bdcad2150251~16~1773610724819"
"United States",N/A,20260315,,"3a5cb4c3-258d-44ba-acd7-9cf1162b378d~6525db0d-5c98-4f19-a976-7d4e22243685~16~1773605666160"
"United States",N/A,20260315,,"3a5cb4c3-258d-44ba-acd7-9cf1162b378d~6525db0d-5c98-4f19-a976-7d4e22243685~16~1773605666160"
"United States",N/A,20260315,FY.Module.TopPicks,"7038c1bf-a245-4a00-b283-c96ced6d42de~392dae9a-7fa2-4b34-b5c6-5322b146ef7f~24~1773598310518"
"United States",N/A,20260315,,"3a5cb4c3-258d-44ba-acd7-9cf1162b378d~6525db0d-5c98-4f19-a976-7d4e22243685~16~1773605666160"
"United States",N/A,20260315,,"3a5cb4c3-258d-44ba-acd7-9cf1162b378d~6525db0d-5c98-4f19-a976-7d4e22243685~16~1773605666160"
"United States",N/A,20260315,,"3a5cb4c3-258d-44ba-acd7-9cf1162b378d~6525db0d-5c98-4f19-a976-7d4e22243685~16~1773605666160"
"United States",N/A,20260315,FY.Module.TopPicks,"7038c1bf-a245-4a00-b283-c96ced6d42de~392dae9a-7fa2-4b34-b5c6-5322b146ef7f~24~1773598310518"
"United States",N/A,20260315,,"3a5cb4c3-258d-44ba-acd7-9cf1162b378d~6525db0d-5c98-4f19-a976-7d4e22243685~16~1773605666160"
"United States",N/A,20260315,FY.Module.TopPicks,"7038c1bf-a245-4a00-b283-c96ced6d42de~392dae9a-7fa2-4b34-b5c6-5322b146ef7f~24~1773598310518"
"United States",N/A,20260315,,"3a5cb4c3-258d-44ba-acd7-9cf1162b378d~6525db0d-5c98-4f19-a976-7d4e22243685~16~1773605666160"
"United States",N/A,20260315,"FUSE.ForYou.Module.Recently.Played","7038c1bf-a245-4a00-b283-c96ced6d42de~afd980c4-c854-4ae5-b89a-fff71aab5f6b~16~1773598310507"
"United States",N/A,20260315,"FUSE.ForYou.Module.Recently.Played","7038c1bf-a245-4a00-b283-c96ced6d42de~afd980c4-c854-4ae5-b89a-fff71aab5f6b~16~1773598310507"
"United States",N/A,20260315,"FUSE.ForYou.Module.Recently.Played","7038c1bf-a245-4a00-b283-c96ced6d42de~afd980c4-c854-4ae5-b89a-fff71aab5f6b~16~1773598310507"
"United States",N/A,20260315,"FUSE.ForYou.Module.Recently.Played","7038c1bf-a245-4a00-b283-c96ced6d42de~afd980c4-c854-4ae5-b89a-fff71aab5f6b~16~1773598310507"
"United States",N/A,20260315,,"d16a2cfd-26f1-415d-8e5d-63e90b871924~b4e75ae3-dfca-4bb7-a777-a0ded944305c~16~1773575891049"
"United States",N/A,20260315,,"d16a2cfd-26f1-415d-8e5d-63e90b871924~b4e75ae3-dfca-4bb7-a777-a0ded944305c~16~1773575891049"
"United States",N/A,20260315,,"d16a2cfd-26f1-415d-8e5d-63e90b871924~b4e75ae3-dfca-4bb7-a777-a0ded944305c~16~1773575891049"
"United States",N/A,20260315,,"d16a2cfd-26f1-415d-8e5d-63e90b871924~b4e75ae3-dfca-4bb7-a777-a0ded944305c~16~1773575891049"
"United States",N/A,20260315,,"d16a2cfd-26f1-415d-8e5d-63e90b871924~b4e75ae3-dfca-4bb7-a777-a0ded944305c~16~1773575891049"
"United States",N/A,20260315,,"d16a2cfd-26f1-415d-8e5d-63e90b871924~b4e75ae3-dfca-4bb7-a777-a0ded944305c~16~1773575891049"
"United States","Beyoncé - RENAISSANCE",20260315,,"d16a2cfd-26f1-415d-8e5d-63e90b871924~b4e75ae3-dfca-4bb7-a777-a0ded944305c~16~1773575891049"
"United States",N/A,20260315,,"d16a2cfd-26f1-415d-8e5d-63e90b871924~b4e75ae3-dfca-4bb7-a777-a0ded944305c~16~1773575891049"
"United States","Bleachers - everyone for ten minutes",20260315,,"d16a2cfd-26f1-415d-8e5d-63e90b871924~b4e75ae3-dfca-4bb7-a777-a0ded944305c~16~1773575891049"
"United States",N/A,20260315,,"d16a2cfd-26f1-415d-8e5d-63e90b871924~b4e75ae3-dfca-4bb7-a777-a0ded944305c~16~1773575891049"
"United States","Beyoncé - COWBOY CARTER",20260315,,"d16a2cfd-26f1-415d-8e5d-63e90b871924~b4e75ae3-dfca-4bb7-a777-a0ded944305c~16~1773575891049"
"United States",N/A,20260315,,"d16a2cfd-26f1-415d-8e5d-63e90b871924~b4e75ae3-dfca-4bb7-a777-a0ded944305c~16~1773575891049"
"United States",N/A,20260315,,"d16a2cfd-26f1-415d-8e5d-63e90b871924~b4e75ae3-dfca-4bb7-a777-a0ded944305c~16~1773575891049"
"United States",N/A,20260315,,"d16a2cfd-26f1-415d-8e5d-63e90b871924~b4e75ae3-dfca-4bb7-a777-a0ded944305c~16~1773575891049"
"United States",N/A,20260315,,"d16a2cfd-26f1-415d-8e5d-63e90b871924~b4e75ae3-dfca-4bb7-a777-a0ded944305c~16~1773575891049"
"United States",N/A,20260315,,"d16a2cfd-26f1-415d-8e5d-63e90b871924~b4e75ae3-dfca-4bb7-a777-a0ded944305c~16~1773575891049"
"United States",N/A,20260315,,"d16a2cfd-26f1-415d-8e5d-63e90b871924~b4e75ae3-dfca-4bb7-a777-a0ded944305c~16~1773575891049"
"United States",N/A,20260315,,"fe0a8d88-77d9-4bdd-bcd3-92af70462c75~7c88eccf-04cf-4e78-a7e0-d5b48ffa2d6e~16~1773575877074"
"United States",N/A,20260315,,"8e156bd4-4538-46fd-bfb0-cc1ea00fc282~7fabcfb1-69cf-4f57-80aa-9b3336ef2162~16~1773575888837"
"United States",N/A,20260315,,"8e156bd4-4538-46fd-bfb0-cc1ea00fc282~7fabcfb1-69cf-4f57-80aa-9b3336ef2162~16~1773575888837"
"United States",N/A,20260315,,"f50e61f9-0a54-43cc-8099-9c65f4265f94~393dfb8c-687d-472f-9369-4a1314738bd6~16~1773574782330"
"United States",N/A,20260315,FY.Module.MoreLike.Album,"e0b09744-b0c9-4c4f-a9d9-aa53f5786a09~8669e387-1667-433c-8d54-c42c0b65d905~10~1773565556749"
"United States","Beyoncé - RENAISSANCE",20260315,,"fe0a8d88-77d9-4bdd-bcd3-92af70462c75~7c88eccf-04cf-4e78-a7e0-d5b48ffa2d6e~16~1773575877074"
"United States","Beyoncé - COWBOY CARTER",20260315,,"fe0a8d88-77d9-4bdd-bcd3-92af70462c75~7c88eccf-04cf-4e78-a7e0-d5b48ffa2d6e~16~1773575877074"
"United States","Bad Bunny - DeBÍ TiRAR MáS FOToS",20260315,FY.Module.TopPicks,"e0b09744-b0c9-4c4f-a9d9-aa53f5786a09~162a4422-2dbf-450f-94b6-281eb8573887~24~1773565556553"
"United States",N/A,20260315,FY.Module.TopPicks,"e0b09744-b0c9-4c4f-a9d9-aa53f5786a09~162a4422-2dbf-450f-94b6-281eb8573887~24~1773565556553"
"United States",N/A,20260315,,"f50e61f9-0a54-43cc-8099-9c65f4265f94~393dfb8c-687d-472f-9369-4a1314738bd6~16~1773574782330"
"United States",N/A,20260315,,"fe0a8d88-77d9-4bdd-bcd3-92af70462c75~7c88eccf-04cf-4e78-a7e0-d5b48ffa2d6e~16~1773575877074"
"United States",N/A,20260315,FY.Module.TopPicks,"e0b09744-b0c9-4c4f-a9d9-aa53f5786a09~162a4422-2dbf-450f-94b6-281eb8573887~24~1773565556553"
"United States",N/A,20260315,,"f50e61f9-0a54-43cc-8099-9c65f4265f94~393dfb8c-687d-472f-9369-4a1314738bd6~16~1773574782330"
"United States",N/A,20260315,,"f50e61f9-0a54-43cc-8099-9c65f4265f94~393dfb8c-687d-472f-9369-4a1314738bd6~16~1773574782330"
"United States",N/A,20260315,,"f50e61f9-0a54-43cc-8099-9c65f4265f94~393dfb8c-687d-472f-9369-4a1314738bd6~16~1773574782330"
"United States",N/A,20260315,,"f50e61f9-0a54-43cc-8099-9c65f4265f94~393dfb8c-687d-472f-9369-4a1314738bd6~16~1773574782330"
"United States",N/A,20260315,,"f50e61f9-0a54-43cc-8099-9c65f4265f94~393dfb8c-687d-472f-9369-4a1314738bd6~16~1773574782330"
"United States","JENNIE - Ruby (The Complete Collection)",20260315,,"66d12d5e-9443-4830-b9b2-73b7cfe2dabf~5f0b1d1a-915f-4c2e-89a7-6a189bf1d18d~16~1773565560791"
"United States",N/A,20260315,,"66d12d5e-9443-4830-b9b2-73b7cfe2dabf~5f0b1d1a-915f-4c2e-89a7-6a189bf1d18d~16~1773565560791"
"United States",N/A,20260315,,"66d12d5e-9443-4830-b9b2-73b7cfe2dabf~5f0b1d1a-915f-4c2e-89a7-6a189bf1d18d~16~1773565560791"
"United States",N/A,20260315,,"66d12d5e-9443-4830-b9b2-73b7cfe2dabf~5f0b1d1a-915f-4c2e-89a7-6a189bf1d18d~16~1773565560791"
"United States",N/A,20260315,,"66d12d5e-9443-4830-b9b2-73b7cfe2dabf~5f0b1d1a-915f-4c2e-89a7-6a189bf1d18d~16~1773565560791"
"United States",N/A,20260315,,"66d12d5e-9443-4830-b9b2-73b7cfe2dabf~5f0b1d1a-915f-4c2e-89a7-6a189bf1d18d~16~1773565560791"
"United States","Bleachers - everyone for ten minutes",20260315,,"66d12d5e-9443-4830-b9b2-73b7cfe2dabf~5f0b1d1a-915f-4c2e-89a7-6a189bf1d18d~16~1773565560791"
"United States",N/A,20260315,,"66d12d5e-9443-4830-b9b2-73b7cfe2dabf~5f0b1d1a-915f-4c2e-89a7-6a189bf1d18d~16~1773565560791"
"United States",N/A,20260315,,"66d12d5e-9443-4830-b9b2-73b7cfe2dabf~5f0b1d1a-915f-4c2e-89a7-6a189bf1d18d~16~1773565560791"
"United States",N/A,20260315,,"66d12d5e-9443-4830-b9b2-73b7cfe2dabf~5f0b1d1a-915f-4c2e-89a7-6a189bf1d18d~16~1773565560791"
"United States",N/A,20260315,,"66d12d5e-9443-4830-b9b2-73b7cfe2dabf~5f0b1d1a-915f-4c2e-89a7-6a189bf1d18d~16~1773565560791"
"United States",N/A,20260315,,"66d12d5e-9443-4830-b9b2-73b7cfe2dabf~5f0b1d1a-915f-4c2e-89a7-6a189bf1d18d~16~1773565560791"
"United States",N/A,20260315,,"66d12d5e-9443-4830-b9b2-73b7cfe2dabf~5f0b1d1a-915f-4c2e-89a7-6a189bf1d18d~16~1773565560791"
"United States",N/A,20260315,,"66d12d5e-9443-4830-b9b2-73b7cfe2dabf~5f0b1d1a-915f-4c2e-89a7-6a189bf1d18d~16~1773565560791"
"United States","Beyoncé - RENAISSANCE",20260315,,"66d12d5e-9443-4830-b9b2-73b7cfe2dabf~5f0b1d1a-915f-4c2e-89a7-6a189bf1d18d~16~1773565560791"
"United States","Beyoncé - COWBOY CARTER",20260315,,"66d12d5e-9443-4830-b9b2-73b7cfe2dabf~5f0b1d1a-915f-4c2e-89a7-6a189bf1d18d~16~1773565560791"
"United States",N/A,20260315,,"66d12d5e-9443-4830-b9b2-73b7cfe2dabf~5f0b1d1a-915f-4c2e-89a7-6a189bf1d18d~16~1773565560791"
"United States",N/A,20260315,,"66d12d5e-9443-4830-b9b2-73b7cfe2dabf~5f0b1d1a-915f-4c2e-89a7-6a189bf1d18d~16~1773565560791"
"United States",N/A,20260315,,"66d12d5e-9443-4830-b9b2-73b7cfe2dabf~5f0b1d1a-915f-4c2e-89a7-6a189bf1d18d~16~1773565560791"
"United States",N/A,20260315,,"66d12d5e-9443-4830-b9b2-73b7cfe2dabf~5f0b1d1a-915f-4c2e-89a7-6a189bf1d18d~16~1773565560791"
"United States",N/A,20260315,,"66d12d5e-9443-4830-b9b2-73b7cfe2dabf~5f0b1d1a-915f-4c2e-89a7-6a189bf1d18d~16~1773565560791"
"United States",N/A,20260315,,"66d12d5e-9443-4830-b9b2-73b7cfe2dabf~5f0b1d1a-915f-4c2e-89a7-6a189bf1d18d~16~1773565560791"
"United States",N/A,20260315,,"66d12d5e-9443-4830-b9b2-73b7cfe2dabf~5f0b1d1a-915f-4c2e-89a7-6a189bf1d18d~16~1773565560791"
"United States",N/A,20260315,"FUSE.ForYou.Module.Recently.Played","e0b09744-b0c9-4c4f-a9d9-aa53f5786a09~0bb84baa-fc8d-4330-9b52-15c241cdb932~16~1773565556544"
"United States",N/A,20260315,"FUSE.ForYou.Module.Recently.Played","e0b09744-b0c9-4c4f-a9d9-aa53f5786a09~0bb84baa-fc8d-4330-9b52-15c241cdb932~16~1773565556544"
"United States",N/A,20260315,"FUSE.ForYou.Module.Recently.Played","e0b09744-b0c9-4c4f-a9d9-aa53f5786a09~0bb84baa-fc8d-4330-9b52-15c241cdb932~16~1773565556544"
"United States",N/A,20260315,"FUSE.ForYou.Module.Recently.Played","e0b09744-b0c9-4c4f-a9d9-aa53f5786a09~0bb84baa-fc8d-4330-9b52-15c241cdb932~16~1773565556544"
"United States",N/A,20260315,"FUSE.ForYou.Module.Recently.Played","e0b09744-b0c9-4c4f-a9d9-aa53f5786a09~0bb84baa-fc8d-4330-9b52-15c241cdb932~16~1773565556544"
"United States",N/A,20260315,"FUSE.ForYou.Module.Recently.Played","e0b09744-b0c9-4c4f-a9d9-aa53f5786a09~0bb84baa-fc8d-4330-9b52-15c241cdb932~16~1773565556544"
"United States",N/A,20260315,,"9b5ea0f6-7687-4fcd-8ad4-fcddaf96a5e0~c81a7da3-7819-4c75-8ada-87e16a0a87af~16~1773537040215"
"United States",N/A,20260315,,"9b5ea0f6-7687-4fcd-8ad4-fcddaf96a5e0~c81a7da3-7819-4c75-8ada-87e16a0a87af~16~1773537040215"
"United States","Bleachers - everyone for ten minutes",20260315,,"9b5ea0f6-7687-4fcd-8ad4-fcddaf96a5e0~c81a7da3-7819-4c75-8ada-87e16a0a87af~16~1773537040215"
"United States",N/A,20260315,,"9b5ea0f6-7687-4fcd-8ad4-fcddaf96a5e0~c81a7da3-7819-4c75-8ada-87e16a0a87af~16~1773537040215"
"United States",N/A,20260315,,"9b5ea0f6-7687-4fcd-8ad4-fcddaf96a5e0~c81a7da3-7819-4c75-8ada-87e16a0a87af~16~1773537040215"
"United States",N/A,20260315,,"9b5ea0f6-7687-4fcd-8ad4-fcddaf96a5e0~c81a7da3-7819-4c75-8ada-87e16a0a87af~16~1773537040215"
"United States",N/A,20260315,,"9b5ea0f6-7687-4fcd-8ad4-fcddaf96a5e0~c81a7da3-7819-4c75-8ada-87e16a0a87af~16~1773537040215"
"United States",N/A,20260315,,"9b5ea0f6-7687-4fcd-8ad4-fcddaf96a5e0~c81a7da3-7819-4c75-8ada-87e16a0a87af~16~1773537040215"
"United States",N/A,20260315,,"9b5ea0f6-7687-4fcd-8ad4-fcddaf96a5e0~c81a7da3-7819-4c75-8ada-87e16a0a87af~16~1773537040215"
"United States",N/A,20260315,,"9b5ea0f6-7687-4fcd-8ad4-fcddaf96a5e0~c81a7da3-7819-4c75-8ada-87e16a0a87af~16~1773537040215"
"United States","Beyoncé - COWBOY CARTER",20260315,,"9b5ea0f6-7687-4fcd-8ad4-fcddaf96a5e0~c81a7da3-7819-4c75-8ada-87e16a0a87af~16~1773537040215"
"United States",N/A,20260315,,"9b5ea0f6-7687-4fcd-8ad4-fcddaf96a5e0~c81a7da3-7819-4c75-8ada-87e16a0a87af~16~1773537040215"
"United States","Beyoncé - RENAISSANCE",20260315,,"9b5ea0f6-7687-4fcd-8ad4-fcddaf96a5e0~c81a7da3-7819-4c75-8ada-87e16a0a87af~16~1773537040215"
"United States",N/A,20260315,,"9b5ea0f6-7687-4fcd-8ad4-fcddaf96a5e0~c81a7da3-7819-4c75-8ada-87e16a0a87af~16~1773537040215"
"United States",N/A,20260315,,"9b5ea0f6-7687-4fcd-8ad4-fcddaf96a5e0~c81a7da3-7819-4c75-8ada-87e16a0a87af~16~1773537040215"
"United States",N/A,20260315,,"9b5ea0f6-7687-4fcd-8ad4-fcddaf96a5e0~c81a7da3-7819-4c75-8ada-87e16a0a87af~16~1773537040215"
"United States",N/A,20260315,,"9b5ea0f6-7687-4fcd-8ad4-fcddaf96a5e0~c81a7da3-7819-4c75-8ada-87e16a0a87af~16~1773537040215"
"United States",N/A,20260315,,"9b5ea0f6-7687-4fcd-8ad4-fcddaf96a5e0~c81a7da3-7819-4c75-8ada-87e16a0a87af~16~1773537040215"
"United States",N/A,20260315,,"9b5ea0f6-7687-4fcd-8ad4-fcddaf96a5e0~c81a7da3-7819-4c75-8ada-87e16a0a87af~16~1773537040215"
"United States","Beyoncé - COWBOY CARTER",20260315,,"001c3684-a58d-41c9-b7ae-e9c37212cb3e~c658602f-a388-4f30-a7ca-7991c92f20c6~16~1773536378052"
"United States",N/A,20260315,,"001c3684-a58d-41c9-b7ae-e9c37212cb3e~c658602f-a388-4f30-a7ca-7991c92f20c6~16~1773536378052"
"United States",N/A,20260315,,"001c3684-a58d-41c9-b7ae-e9c37212cb3e~c658602f-a388-4f30-a7ca-7991c92f20c6~16~1773536378052"
"United States",N/A,20260315,,"0d56fb5e-19ef-4112-816e-3ca35e2e9a04~4df6190f-a414-470f-b0f8-0ac4fc2b7195~16~1773536387587"
"United States",N/A,20260315,FY.Module.MoreLike.Album,"c7d0c4e3-6c82-4e58-a139-dcf52069e05d~ed3d3d31-a98c-4c99-bbcb-6e97c4b540c2~10~1773535105452"
"United States","Olivia Rodrigo - GUTS (spilled)",20260315,FY.Module.MoreLike.Album,"c7d0c4e3-6c82-4e58-a139-dcf52069e05d~ed3d3d31-a98c-4c99-bbcb-6e97c4b540c2~10~1773535105452"
"United States","Gracie Abrams - The Secret of Us (Deluxe)",20260315,FY.Module.MoreLike.Album,"c7d0c4e3-6c82-4e58-a139-dcf52069e05d~ed3d3d31-a98c-4c99-bbcb-6e97c4b540c2~10~1773535105452"
"United States","Sabrina Carpenter - Short n' Sweet (Deluxe)",20260315,FY.Module.MoreLike.Album,"c7d0c4e3-6c82-4e58-a139-dcf52069e05d~ed3d3d31-a98c-4c99-bbcb-6e97c4b540c2~10~1773535105452"
"United States","aespa & Anderson .Paak - Keychain (FROM THE FILM K-POPS!) - Single",20260315,FY.Module.TopPicks,"c7d0c4e3-6c82-4e58-a139-dcf52069e05d~a0baf8ac-4ea4-49f6-b270-819da37bf6ee~24~1773535105292"
"United States",N/A,20260315,FY.Module.TopPicks,"c7d0c4e3-6c82-4e58-a139-dcf52069e05d~a0baf8ac-4ea4-49f6-b270-819da37bf6ee~24~1773535105292"
"United States",N/A,20260315,"FUSE.ForYou.Module.Recently.Played","c7d0c4e3-6c82-4e58-a139-dcf52069e05d~54d9efe5-56ec-4470-a9ad-10ba92278fe9~16~1773535105283"
"United States",N/A,20260315,,"89eee42c-1ef7-4ed2-9f86-205443ad21a5~9f1296de-da53-4bf2-8ab7-47ece2831671~16~1773536733100"
"United States",N/A,20260315,,"0d56fb5e-19ef-4112-816e-3ca35e2e9a04~4df6190f-a414-470f-b0f8-0ac4fc2b7195~16~1773536387587"
"United States",N/A,20260315,FY.Module.TopPicks,"c7d0c4e3-6c82-4e58-a139-dcf52069e05d~a0baf8ac-4ea4-49f6-b270-819da37bf6ee~24~1773535105292"
"United States",N/A,20260315,,"0d56fb5e-19ef-4112-816e-3ca35e2e9a04~4df6190f-a414-470f-b0f8-0ac4fc2b7195~16~1773536387587"
"United States","Beyoncé - RENAISSANCE",20260315,,"001c3684-a58d-41c9-b7ae-e9c37212cb3e~c658602f-a388-4f30-a7ca-7991c92f20c6~16~1773536378052"
"United States",N/A,20260315,,"001c3684-a58d-41c9-b7ae-e9c37212cb3e~c658602f-a388-4f30-a7ca-7991c92f20c6~16~1773536378052"
"United States",N/A,20260315,"FUSE.ForYou.Module.Recently.Played","c7d0c4e3-6c82-4e58-a139-dcf52069e05d~54d9efe5-56ec-4470-a9ad-10ba92278fe9~16~1773535105283"
"United States",N/A,20260315,"FUSE.ForYou.Module.Recently.Played","c7d0c4e3-6c82-4e58-a139-dcf52069e05d~54d9efe5-56ec-4470-a9ad-10ba92278fe9~16~1773535105283"
"United States",N/A,20260315,"FUSE.ForYou.Module.Recently.Played","c7d0c4e3-6c82-4e58-a139-dcf52069e05d~54d9efe5-56ec-4470-a9ad-10ba92278fe9~16~1773535105283"
"United States",N/A,20260314,FY.Module.TopPicks,"a1384fc3-63d9-43f1-9b48-9d79cf84232c~1371b6db-0208-49f9-92fe-dc3ed4310bdd~24~1773505814809"
"United States",N/A,20260314,,"894b8863-5c1d-47d1-8483-2bfd1a6a83d8~ce140b48-637d-4692-bb31-dde7aba01dd9~16~1773512655363"
"United States",N/A,20260314,,"894b8863-5c1d-47d1-8483-2bfd1a6a83d8~ce140b48-637d-4692-bb31-dde7aba01dd9~16~1773512655363"
"United States",N/A,20260314,,"894b8863-5c1d-47d1-8483-2bfd1a6a83d8~ce140b48-637d-4692-bb31-dde7aba01dd9~16~1773512655363"
"United States",N/A,20260314,,"894b8863-5c1d-47d1-8483-2bfd1a6a83d8~ce140b48-637d-4692-bb31-dde7aba01dd9~16~1773512655363"
"United States",N/A,20260314,FY.Module.TopPicks,"a1384fc3-63d9-43f1-9b48-9d79cf84232c~1371b6db-0208-49f9-92fe-dc3ed4310bdd~24~1773505814809"
"United States",N/A,20260314,FY.Module.TopPicks,"a1384fc3-63d9-43f1-9b48-9d79cf84232c~1371b6db-0208-49f9-92fe-dc3ed4310bdd~24~1773505814809"
"United States","Charli xcx - BRAT",20260314,FY.Module.MoreLike.Album,"c5ef419f-9c79-4031-8d45-b86ea161ac7c~0d2e5838-f290-4c87-bb9c-749dc1995756~10~1773495276338"
"United States","Reneé Rapp - Snow Angel (Deluxe)",20260314,FY.Module.MoreLike.Album,"c5ef419f-9c79-4031-8d45-b86ea161ac7c~0d2e5838-f290-4c87-bb9c-749dc1995756~10~1773495276338"
"United States","Sabrina Carpenter - Short n' Sweet (Deluxe)",20260314,FY.Module.MoreLike.Album,"c5ef419f-9c79-4031-8d45-b86ea161ac7c~0d2e5838-f290-4c87-bb9c-749dc1995756~10~1773495276338"
"United States","Tate McRae - THINK LATER",20260314,FY.Module.MoreLike.Album,"c5ef419f-9c79-4031-8d45-b86ea161ac7c~0d2e5838-f290-4c87-bb9c-749dc1995756~10~1773495276338"
"United States","Lorde - Virgin",20260314,FY.Module.MoreLike.Album,"c5ef419f-9c79-4031-8d45-b86ea161ac7c~0d2e5838-f290-4c87-bb9c-749dc1995756~10~1773495276338"
"United States","Ed Sheeran - x (Wembley Edition)",20260314,,"c5ef419f-9c79-4031-8d45-b86ea161ac7c~4cc2be8d-407b-419d-8e28-0971d03433bd~3~1773495276154"
"United States","Ed Sheeran - ÷ (Deluxe)",20260314,,"c5ef419f-9c79-4031-8d45-b86ea161ac7c~4cc2be8d-407b-419d-8e28-0971d03433bd~3~1773495276154"
"United States","Taylor Swift - 1989",20260314,,"c5ef419f-9c79-4031-8d45-b86ea161ac7c~4cc2be8d-407b-419d-8e28-0971d03433bd~3~1773495276154"
"United States",N/A,20260314,,"c5ef419f-9c79-4031-8d45-b86ea161ac7c~4cc2be8d-407b-419d-8e28-0971d03433bd~3~1773495276154"
"United States",N/A,20260314,FY.Module.MoreLike.Album,"c5ef419f-9c79-4031-8d45-b86ea161ac7c~0d2e5838-f290-4c87-bb9c-749dc1995756~10~1773495276338"
"United States","Beyoncé - RENAISSANCE",20260314,"FUSE.ForYou.Module.Recently.Played","c5ef419f-9c79-4031-8d45-b86ea161ac7c~bd79a6be-10d3-47b5-b5d0-1df49203884e~16~1773495276146"
"United States","Bleachers - Bleachers",20260314,FY.Module.MoreLike.Album,"c5ef419f-9c79-4031-8d45-b86ea161ac7c~0d2e5838-f290-4c87-bb9c-749dc1995756~10~1773495276338"
"United States","Olivia Rodrigo - GUTS (spilled)",20260314,FY.Module.MoreLike.Album,"c5ef419f-9c79-4031-8d45-b86ea161ac7c~0d2e5838-f290-4c87-bb9c-749dc1995756~10~1773495276338"
"United States","Beyoncé - COWBOY CARTER",20260314,"FUSE.ForYou.Module.Recently.Played","c5ef419f-9c79-4031-8d45-b86ea161ac7c~bd79a6be-10d3-47b5-b5d0-1df49203884e~16~1773495276146"
"United States","Gracie Abrams - The Secret of Us (Deluxe)",20260314,FY.Module.MoreLike.Album,"c5ef419f-9c79-4031-8d45-b86ea161ac7c~0d2e5838-f290-4c87-bb9c-749dc1995756~10~1773495276338"
"United States","Taylor Swift & Ely Oaks - Opalite (Ely Oaks Remix) - Single",20260314,FY.Module.TopPicks,"c5ef419f-9c79-4031-8d45-b86ea161ac7c~bbf446c7-3d2f-49ec-bb84-fd21cbeaa42d~24~1773495276162"
"United States","SIENNA SPIRO - The Visitor - Single",20260314,FY.Module.TopPicks,"c5ef419f-9c79-4031-8d45-b86ea161ac7c~bbf446c7-3d2f-49ec-bb84-fd21cbeaa42d~24~1773495276162"
"United States",N/A,20260314,FY.Module.TopPicks,"c5ef419f-9c79-4031-8d45-b86ea161ac7c~bbf446c7-3d2f-49ec-bb84-fd21cbeaa42d~24~1773495276162"
"United States",N/A,20260314,"FUSE.ForYou.Module.Recently.Played","c5ef419f-9c79-4031-8d45-b86ea161ac7c~bd79a6be-10d3-47b5-b5d0-1df49203884e~16~1773495276146"
"United States",N/A,20260314,"FUSE.ForYou.Module.Recently.Played","c5ef419f-9c79-4031-8d45-b86ea161ac7c~bd79a6be-10d3-47b5-b5d0-1df49203884e~16~1773495276146"
"United States",N/A,20260314,"FUSE.ForYou.Module.Recently.Played","c5ef419f-9c79-4031-8d45-b86ea161ac7c~bd79a6be-10d3-47b5-b5d0-1df49203884e~16~1773495276146"
"United States",N/A,20260314,"FUSE.ForYou.Module.Recently.Played","c5ef419f-9c79-4031-8d45-b86ea161ac7c~bd79a6be-10d3-47b5-b5d0-1df49203884e~16~1773495276146"
"United States",N/A,20260314,,"d4c5e6db-67e6-4194-a165-a0de1c4a39e8~969c0b17-2ae8-4aed-9282-42ceb5ae9a0f~16~1773458637650"
"United States",N/A,20260314,,"d4c5e6db-67e6-4194-a165-a0de1c4a39e8~969c0b17-2ae8-4aed-9282-42ceb5ae9a0f~16~1773458637650"
"United States","Beyoncé - RENAISSANCE",20260314,,"d4c5e6db-67e6-4194-a165-a0de1c4a39e8~969c0b17-2ae8-4aed-9282-42ceb5ae9a0f~16~1773458637650"
"United States","Beyoncé - COWBOY CARTER",20260314,,"0b0901f2-891a-4e2a-b893-daa7c686defc~df4c26b3-8b19-42cd-8314-eeeb3cbce23f~16~1773459096577"
"United States",N/A,20260314,,"0b0901f2-891a-4e2a-b893-daa7c686defc~df4c26b3-8b19-42cd-8314-eeeb3cbce23f~16~1773459096577"
"United States",N/A,20260314,,"0b0901f2-891a-4e2a-b893-daa7c686defc~df4c26b3-8b19-42cd-8314-eeeb3cbce23f~16~1773459096577"
"United States",N/A,20260314,,"0b0901f2-891a-4e2a-b893-daa7c686defc~df4c26b3-8b19-42cd-8314-eeeb3cbce23f~16~1773459096577"
"United States",N/A,20260314,,"0b0901f2-891a-4e2a-b893-daa7c686defc~df4c26b3-8b19-42cd-8314-eeeb3cbce23f~16~1773459096577"
"United States","Noah Kahan - The Great Divide",20260314,FY.Module.TopPicks,"4c79724e-fce3-4ea4-ba4c-67ceae72888e~67864677-6f6b-4e12-a665-1682af040984~24~1773440458152"
"United States",N/A,20260314,FY.Module.TopPicks,"4c79724e-fce3-4ea4-ba4c-67ceae72888e~67864677-6f6b-4e12-a665-1682af040984~24~1773440458152"
"United States",N/A,20260314,,"d4c5e6db-67e6-4194-a165-a0de1c4a39e8~969c0b17-2ae8-4aed-9282-42ceb5ae9a0f~16~1773458637650"
"United States",N/A,20260314,FY.Module.TopPicks,"4c79724e-fce3-4ea4-ba4c-67ceae72888e~67864677-6f6b-4e12-a665-1682af040984~24~1773440458152"
"United States","Beyoncé - RENAISSANCE",20260314,,"a8b5d398-00a1-4c43-ae0f-6645b62dce96~99139a81-949c-4413-aa0e-2782299c84d9~16~1773448779184"
"United States","Beyoncé - COWBOY CARTER",20260314,,"a8b5d398-00a1-4c43-ae0f-6645b62dce96~99139a81-949c-4413-aa0e-2782299c84d9~16~1773448779184"
"United States",N/A,20260314,,"a8b5d398-00a1-4c43-ae0f-6645b62dce96~99139a81-949c-4413-aa0e-2782299c84d9~16~1773448779184"
"United States",N/A,20260314,,"a8b5d398-00a1-4c43-ae0f-6645b62dce96~99139a81-949c-4413-aa0e-2782299c84d9~16~1773448779184"
"United States","Beyoncé - COWBOY CARTER",20260313,"FUSE.ForYou.Module.Recently.Played","4c79724e-fce3-4ea4-ba4c-67ceae72888e~af68e16b-d4a9-4518-8cef-133bdb974943~16~1773440458131"
"United States",N/A,20260313,"FUSE.ForYou.Module.Recently.Played","4c79724e-fce3-4ea4-ba4c-67ceae72888e~af68e16b-d4a9-4518-8cef-133bdb974943~16~1773440458131"
"United States",N/A,20260313,"FUSE.ForYou.Module.Recently.Played","4c79724e-fce3-4ea4-ba4c-67ceae72888e~af68e16b-d4a9-4518-8cef-133bdb974943~16~1773440458131"
"United States",N/A,20260313,"FUSE.ForYou.Module.Recently.Played","4c79724e-fce3-4ea4-ba4c-67ceae72888e~af68e16b-d4a9-4518-8cef-133bdb974943~16~1773440458131"
"United States",N/A,20260313,FY.Module.TopPicks,"c58b1ee9-bd2f-4c05-abd1-9ac4eadd83ff~2f50d618-62f7-4b60-b4b5-015e5ecaf10e~24~1773421545877"
"United States",N/A,20260313,,"70404602-fc72-4144-ac73-815411220b4b~4e5ef279-b583-4f07-8ba9-60801a1bcfbf~16~1773430696901"
"United States",N/A,20260313,,"70404602-fc72-4144-ac73-815411220b4b~4e5ef279-b583-4f07-8ba9-60801a1bcfbf~16~1773430696901"
"United States",N/A,20260313,,"70404602-fc72-4144-ac73-815411220b4b~4e5ef279-b583-4f07-8ba9-60801a1bcfbf~16~1773430696901"
"United States",N/A,20260313,,"70404602-fc72-4144-ac73-815411220b4b~4e5ef279-b583-4f07-8ba9-60801a1bcfbf~16~1773430696901"
"United States","Zara Larsson Radio",20260313,FY.Module.TopPicks,"c58b1ee9-bd2f-4c05-abd1-9ac4eadd83ff~2f50d618-62f7-4b60-b4b5-015e5ecaf10e~24~1773421545877"
"United States",N/A,20260313,FY.Module.TopPicks,"c58b1ee9-bd2f-4c05-abd1-9ac4eadd83ff~2f50d618-62f7-4b60-b4b5-015e5ecaf10e~24~1773421545877"
"United States",N/A,20260313,,"637280c6-dff3-442f-a089-0ac096bef6e5~d6587761-67b7-44d2-b202-744f4f860202~16~1773428540420"
"United States",N/A,20260313,,"637280c6-dff3-442f-a089-0ac096bef6e5~d6587761-67b7-44d2-b202-744f4f860202~16~1773428540420"
"United States",N/A,20260313,,"668c9b6a-5876-4d40-8133-f323f5aedb98~5a9848d7-d0ba-49cc-b896-ce7b37968aa9~16~1773423079399"
"United States",N/A,20260313,,"668c9b6a-5876-4d40-8133-f323f5aedb98~5a9848d7-d0ba-49cc-b896-ce7b37968aa9~16~1773423079399"
"United States",N/A,20260313,,"668c9b6a-5876-4d40-8133-f323f5aedb98~5a9848d7-d0ba-49cc-b896-ce7b37968aa9~16~1773423079399"
"United States",N/A,20260313,,"668c9b6a-5876-4d40-8133-f323f5aedb98~5a9848d7-d0ba-49cc-b896-ce7b37968aa9~16~1773423079399"
"United States",N/A,20260313,,"668c9b6a-5876-4d40-8133-f323f5aedb98~5a9848d7-d0ba-49cc-b896-ce7b37968aa9~16~1773423079399"
"United States",N/A,20260313,,"668c9b6a-5876-4d40-8133-f323f5aedb98~5a9848d7-d0ba-49cc-b896-ce7b37968aa9~16~1773423079399"
"United States",N/A,20260313,,"668c9b6a-5876-4d40-8133-f323f5aedb98~5a9848d7-d0ba-49cc-b896-ce7b37968aa9~16~1773423079399"
"United States",N/A,20260313,,"248f8e71-df6a-4f38-ab81-7ec581d0b0ae~06a50384-bc28-49e4-97d5-3788d6be6eaa~16~1773410284023"
"United States",N/A,20260313,,"be1fbd95-122d-47bc-9f2b-c1e13bb38f4a~2fc5bbb4-5fed-4074-8c41-ba8f70fba72c~16~1773414371133"
"United States","Zara Larsson - Midnight Sun",20260313,FY.Module.TopPicks,"0fbbf5e3-2814-416f-bb9d-ca8595bff0d5~27050d12-ff42-4704-9807-865eed5de3c3~24~1773404430772"
"United States",N/A,20260313,FY.Module.TopPicks,"0fbbf5e3-2814-416f-bb9d-ca8595bff0d5~27050d12-ff42-4704-9807-865eed5de3c3~24~1773404430772"
"United States",N/A,20260313,,"248f8e71-df6a-4f38-ab81-7ec581d0b0ae~06a50384-bc28-49e4-97d5-3788d6be6eaa~16~1773410284023"
"United States",N/A,20260313,,"248f8e71-df6a-4f38-ab81-7ec581d0b0ae~06a50384-bc28-49e4-97d5-3788d6be6eaa~16~1773410284023"
"United States",N/A,20260313,FY.Module.TopPicks,"0fbbf5e3-2814-416f-bb9d-ca8595bff0d5~27050d12-ff42-4704-9807-865eed5de3c3~24~1773404430772"
"United States",N/A,20260313,,"248f8e71-df6a-4f38-ab81-7ec581d0b0ae~06a50384-bc28-49e4-97d5-3788d6be6eaa~16~1773410284023"
"United States",N/A,20260313,"FUSE.ForYou.Module.Recently.Played","0fbbf5e3-2814-416f-bb9d-ca8595bff0d5~06704957-a448-4be2-9256-c52a36c51db1~16~1773404430753"
"United States",N/A,20260313,"FUSE.ForYou.Module.Recently.Played","0fbbf5e3-2814-416f-bb9d-ca8595bff0d5~06704957-a448-4be2-9256-c52a36c51db1~16~1773404430753"
"United States",N/A,20260313,,"68a10014-8c55-43ed-a027-3fde561faef4~9351ade4-6f44-418a-bc73-1e6284e4897f~16~1773405704776"
"United States",N/A,20260313,FY.Module.TopPicks,"0fbbf5e3-2814-416f-bb9d-ca8595bff0d5~27050d12-ff42-4704-9807-865eed5de3c3~24~1773404430772"
"United States",N/A,20260313,"FUSE.ForYou.Module.Recently.Played","0fbbf5e3-2814-416f-bb9d-ca8595bff0d5~06704957-a448-4be2-9256-c52a36c51db1~16~1773404430753"
"United States",N/A,20260313,"FUSE.ForYou.Module.Recently.Played","0fbbf5e3-2814-416f-bb9d-ca8595bff0d5~06704957-a448-4be2-9256-c52a36c51db1~16~1773404430753"
"United States",N/A,20260313,"FUSE.ForYou.Module.Recently.Played","0fbbf5e3-2814-416f-bb9d-ca8595bff0d5~06704957-a448-4be2-9256-c52a36c51db1~16~1773404430753"
"United States",N/A,20260313,"FUSE.ForYou.Module.Recently.Played","0fbbf5e3-2814-416f-bb9d-ca8595bff0d5~06704957-a448-4be2-9256-c52a36c51db1~16~1773404430753"
"United States",N/A,20260313,"FUSE.ForYou.Module.Recently.Played","0fbbf5e3-2814-416f-bb9d-ca8595bff0d5~06704957-a448-4be2-9256-c52a36c51db1~16~1773404430753"
"United States",N/A,20260312,"FUSE.ForYou.Module.Recently.Played","cec002b3-3ee7-46d7-b253-6b603b3acc25~93889484-7d40-48b1-85ab-18d21dc1e290~16~1773357968399"
"United States",N/A,20260312,"FUSE.ForYou.Module.Recently.Played","cec002b3-3ee7-46d7-b253-6b603b3acc25~93889484-7d40-48b1-85ab-18d21dc1e290~16~1773357968399"
"United States",N/A,20260312,"FUSE.ForYou.Module.Recently.Played","cec002b3-3ee7-46d7-b253-6b603b3acc25~93889484-7d40-48b1-85ab-18d21dc1e290~16~1773357968399"
"United States","Taylor Swift - THE TORTURED POETS DEPARTMENT: THE ANTHOLOGY",20260312,FY.Module.TopPicks,"cec002b3-3ee7-46d7-b253-6b603b3acc25~884952f8-c34e-40ef-b5bd-998be24c80cd~24~1773357968411"
"United States",N/A,20260312,FY.Module.TopPicks,"cec002b3-3ee7-46d7-b253-6b603b3acc25~884952f8-c34e-40ef-b5bd-998be24c80cd~24~1773357968411"
"United States",N/A,20260312,FY.Module.TopPicks,"cec002b3-3ee7-46d7-b253-6b603b3acc25~884952f8-c34e-40ef-b5bd-998be24c80cd~24~1773357968411"
"United States",N/A,20260312,"FUSE.ForYou.Module.Recently.Played","cec002b3-3ee7-46d7-b253-6b603b3acc25~93889484-7d40-48b1-85ab-18d21dc1e290~16~1773357968399"
"United States",N/A,20260312,FY.Module.MadeForYou,"cec002b3-3ee7-46d7-b253-6b603b3acc25~074d2321-e21a-4a17-b902-626b7c854c8f~14~1773357968399"
"United States",N/A,20260312,FY.Module.MadeForYou,"cec002b3-3ee7-46d7-b253-6b603b3acc25~074d2321-e21a-4a17-b902-626b7c854c8f~14~1773357968399"
"United States",N/A,20260312,FY.Module.MadeForYou,"cec002b3-3ee7-46d7-b253-6b603b3acc25~074d2321-e21a-4a17-b902-626b7c854c8f~14~1773357968399"
"United States","Red Velvet - ‘The ReVe Festival 2022 - Birthday’ - EP",20260312,FY.Module.Genre,"cec002b3-3ee7-46d7-b253-6b603b3acc25~479b46f7-a600-4a05-a1e0-752b8e323842~27~1773357968560"
"United States","aespa - MY WORLD - The 3rd Mini Album - EP",20260312,FY.Module.Genre,"cec002b3-3ee7-46d7-b253-6b603b3acc25~479b46f7-a600-4a05-a1e0-752b8e323842~27~1773357968560"
"United States",N/A,20260312,FY.Module.Genre,"cec002b3-3ee7-46d7-b253-6b603b3acc25~479b46f7-a600-4a05-a1e0-752b8e323842~27~1773357968560"
"United States",N/A,20260312,FY.Module.Genre,"cec002b3-3ee7-46d7-b253-6b603b3acc25~479b46f7-a600-4a05-a1e0-752b8e323842~27~1773357968560"
"United States",N/A,20260312,FY.Module.MoreLike.Album,"cec002b3-3ee7-46d7-b253-6b603b3acc25~d6106c9c-9e84-4551-ab9d-e6f9c2445528~10~1773357968624"
"United States","Bleachers - Bleachers",20260312,FY.Module.MoreLike.Album,"cec002b3-3ee7-46d7-b253-6b603b3acc25~d6106c9c-9e84-4551-ab9d-e6f9c2445528~10~1773357968624"
"United States","Gracie Abrams - The Secret of Us (Deluxe)",20260312,FY.Module.MoreLike.Album,"cec002b3-3ee7-46d7-b253-6b603b3acc25~d6106c9c-9e84-4551-ab9d-e6f9c2445528~10~1773357968624"
"United States","Lorde - Virgin",20260312,FY.Module.MoreLike.Album,"cec002b3-3ee7-46d7-b253-6b603b3acc25~d6106c9c-9e84-4551-ab9d-e6f9c2445528~10~1773357968624"
"United States",N/A,20260312,"FUSE.ForYou.Module.Recently.Played","cec002b3-3ee7-46d7-b253-6b603b3acc25~93889484-7d40-48b1-85ab-18d21dc1e290~16~1773357968399"
"United States","Bleachers - everyone for ten minutes",20260312,,"40f9a916-a191-4c5d-bbd8-00d479bedf9f~d069c434-7e45-4b1d-af54-a34c1056c096~16~1773343504594"
"United States",N/A,20260312,,"40f9a916-a191-4c5d-bbd8-00d479bedf9f~d069c434-7e45-4b1d-af54-a34c1056c096~16~1773343504594"
"United States",N/A,20260312,,"40f9a916-a191-4c5d-bbd8-00d479bedf9f~d069c434-7e45-4b1d-af54-a34c1056c096~16~1773343504594"
"United States","Harry Styles - Fine Line",20260312,"FY.Module.SimilarTo.Artist","5fd13dad-b1d9-4bee-85ff-bd231034335a~4a2d29c4-2160-4c68-832c-b019522e81d4~11~1773335177637"
"United States",N/A,20260312,"FY.Module.SimilarTo.Artist","5fd13dad-b1d9-4bee-85ff-bd231034335a~4a2d29c4-2160-4c68-832c-b019522e81d4~11~1773335177637"
"United States","Phoebe Bridgers - Punisher",20260312,"FY.Module.SimilarTo.Artist","5fd13dad-b1d9-4bee-85ff-bd231034335a~4a2d29c4-2160-4c68-832c-b019522e81d4~11~1773335177637"
"United States","Tate McRae - you broke me first - Single",20260312,"FY.Module.SimilarTo.Artist","5fd13dad-b1d9-4bee-85ff-bd231034335a~4a2d29c4-2160-4c68-832c-b019522e81d4~11~1773335177637"
"United States","Taylor Swift - The Life of a Showgirl",20260312,FY.Module.TopPicks,"5fd13dad-b1d9-4bee-85ff-bd231034335a~0d9192e1-42a5-48fb-b014-e5cb288d6479~24~1773335177508"
"United States",N/A,20260312,FY.Module.TopPicks,"5fd13dad-b1d9-4bee-85ff-bd231034335a~0d9192e1-42a5-48fb-b014-e5cb288d6479~24~1773335177508"
"United States",N/A,20260312,,"40f9a916-a191-4c5d-bbd8-00d479bedf9f~d069c434-7e45-4b1d-af54-a34c1056c096~16~1773343504594"
"United States",N/A,20260312,,"40f9a916-a191-4c5d-bbd8-00d479bedf9f~d069c434-7e45-4b1d-af54-a34c1056c096~16~1773343504594"
"United States",N/A,20260312,,"40f9a916-a191-4c5d-bbd8-00d479bedf9f~d069c434-7e45-4b1d-af54-a34c1056c096~16~1773343504594"
"United States",N/A,20260312,,"40f9a916-a191-4c5d-bbd8-00d479bedf9f~d069c434-7e45-4b1d-af54-a34c1056c096~16~1773343504594"
"United States",N/A,20260312,FY.Module.TopPicks,"5fd13dad-b1d9-4bee-85ff-bd231034335a~0d9192e1-42a5-48fb-b014-e5cb288d6479~24~1773335177508"
"United States",N/A,20260312,,"40f9a916-a191-4c5d-bbd8-00d479bedf9f~d069c434-7e45-4b1d-af54-a34c1056c096~16~1773343504594"
"United States",N/A,20260312,,"f5b53d5f-0ed9-4566-b37c-29ff5f7aee1a~a09120ce-4973-4f20-8d01-1902facde966~16~1773321584329"
"United States",N/A,20260312,,"f5b53d5f-0ed9-4566-b37c-29ff5f7aee1a~a09120ce-4973-4f20-8d01-1902facde966~16~1773321584329"
"United States",N/A,20260312,,"f5b53d5f-0ed9-4566-b37c-29ff5f7aee1a~a09120ce-4973-4f20-8d01-1902facde966~16~1773321584329"
"United States",N/A,20260312,,"f5b53d5f-0ed9-4566-b37c-29ff5f7aee1a~a09120ce-4973-4f20-8d01-1902facde966~16~1773321584329"
"United States",N/A,20260312,,"8a6cdb0f-1674-40ce-aa3b-50d182e5ded7~5a9baa22-36ee-4a67-995b-f138dfa86217~16~1773335170065"
"United States",N/A,20260312,,"f5b53d5f-0ed9-4566-b37c-29ff5f7aee1a~a09120ce-4973-4f20-8d01-1902facde966~16~1773321584329"
"United States",N/A,20260312,,"f5b53d5f-0ed9-4566-b37c-29ff5f7aee1a~a09120ce-4973-4f20-8d01-1902facde966~16~1773321584329"
"United States",N/A,20260312,FY.Module.Genre,"c638bdd3-9a34-47c2-b043-0d5106f1784d~8cda534e-8803-4213-b695-9af90bca05e9~27~1773319730755"
"United States","Olivia Rodrigo - SOUR (Video Version)",20260312,FY.Module.Genre,"c638bdd3-9a34-47c2-b043-0d5106f1784d~8cda534e-8803-4213-b695-9af90bca05e9~27~1773319730755"
"United States","Ed Sheeran - Autumn Variations",20260312,FY.Module.Genre,"c638bdd3-9a34-47c2-b043-0d5106f1784d~8cda534e-8803-4213-b695-9af90bca05e9~27~1773319730755"
"United States","Sabrina Carpenter - Man’s Best Friend",20260312,FY.Module.Genre,"c638bdd3-9a34-47c2-b043-0d5106f1784d~8cda534e-8803-4213-b695-9af90bca05e9~27~1773319730755"
"United States","aespa & Anderson .Paak - Keychain (FROM THE FILM K-POPS!) - Single",20260312,FY.Module.TopPicks,"c638bdd3-9a34-47c2-b043-0d5106f1784d~c280506f-ab0f-40b0-95e0-0dc26cbf9a08~24~1773319730609"
"United States",N/A,20260312,FY.Module.TopPicks,"c638bdd3-9a34-47c2-b043-0d5106f1784d~c280506f-ab0f-40b0-95e0-0dc26cbf9a08~24~1773319730609"
"United States",N/A,20260312,FY.Module.TopPicks,"c638bdd3-9a34-47c2-b043-0d5106f1784d~c280506f-ab0f-40b0-95e0-0dc26cbf9a08~24~1773319730609"
"United States","Charli xcx & Lorde - Girl, so confusing featuring lorde - Single",20260312,FY.Module.MoreLike.Album,"c638bdd3-9a34-47c2-b043-0d5106f1784d~4b5ba5ac-3e4b-4f84-82ac-f670c2d852ef~10~1773319730772"
"United States","Tate McRae - It's ok I'm ok - Single",20260312,FY.Module.MoreLike.Album,"c638bdd3-9a34-47c2-b043-0d5106f1784d~4b5ba5ac-3e4b-4f84-82ac-f670c2d852ef~10~1773319730772"
"United States","Selena Gomez - In The Dark (From the Netflix Series ""Nobody Wants This"" Season 2) - Single",20260312,FY.Module.MoreLike.Album,"c638bdd3-9a34-47c2-b043-0d5106f1784d~4b5ba5ac-3e4b-4f84-82ac-f670c2d852ef~10~1773319730772"
"United States",N/A,20260312,FY.Module.MoreLike.Album,"c638bdd3-9a34-47c2-b043-0d5106f1784d~4b5ba5ac-3e4b-4f84-82ac-f670c2d852ef~10~1773319730772"
"United States",N/A,20260312,FY.Module.MadeForYou,"c638bdd3-9a34-47c2-b043-0d5106f1784d~72506955-2fdd-420f-b84a-00f7fe587fc0~14~1773319730598"
"United States",N/A,20260312,FY.Module.MadeForYou,"c638bdd3-9a34-47c2-b043-0d5106f1784d~72506955-2fdd-420f-b84a-00f7fe587fc0~14~1773319730598"
"United States",N/A,20260312,FY.Module.MadeForYou,"c638bdd3-9a34-47c2-b043-0d5106f1784d~72506955-2fdd-420f-b84a-00f7fe587fc0~14~1773319730598"
"United States","Dean Pitchford & Michael Gore - Carrie: The Musical (Premiere Cast Recording)",20260312,FY.Module.Genre,"c638bdd3-9a34-47c2-b043-0d5106f1784d~d517680b-7ef0-42fb-ae40-7765ea2fbcdf~27~1773319730755"
"United States","Sara Bareilles - Waitress (Original Broadway Cast Recording)",20260312,FY.Module.Genre,"c638bdd3-9a34-47c2-b043-0d5106f1784d~d517680b-7ef0-42fb-ae40-7765ea2fbcdf~27~1773319730755"
"United States","Lin-Manuel Miranda - In the Heights (Original Broadway Cast Recording)",20260312,FY.Module.Genre,"c638bdd3-9a34-47c2-b043-0d5106f1784d~d517680b-7ef0-42fb-ae40-7765ea2fbcdf~27~1773319730755"
"United States",N/A,20260312,FY.Module.Genre,"c638bdd3-9a34-47c2-b043-0d5106f1784d~d517680b-7ef0-42fb-ae40-7765ea2fbcdf~27~1773319730755"
"United States",N/A,20260312,FY.Module.StationsForYou,"c638bdd3-9a34-47c2-b043-0d5106f1784d~faa3334b-3a23-4b9a-b78a-8ec61698d8c4~21~1773319730594"
"United States",N/A,20260312,FY.Module.MoodsForYou,"c638bdd3-9a34-47c2-b043-0d5106f1784d~4c9fcf2e-5dd7-4dcf-bb05-c8bb03800400~33~1773319730597"
"United States",N/A,20260312,FY.Module.Genre,"c638bdd3-9a34-47c2-b043-0d5106f1784d~d517680b-7ef0-42fb-ae40-7765ea2fbcdf~27~1773319730755"
"United States","Taylor Swift Radio",20260312,FY.Module.StationsForYou,"c638bdd3-9a34-47c2-b043-0d5106f1784d~faa3334b-3a23-4b9a-b78a-8ec61698d8c4~21~1773319730594"
"United States",N/A,20260312,FY.Module.StationsForYou,"c638bdd3-9a34-47c2-b043-0d5106f1784d~faa3334b-3a23-4b9a-b78a-8ec61698d8c4~21~1773319730594"
"United States",N/A,20260312,FY.Module.MoodsForYou,"c638bdd3-9a34-47c2-b043-0d5106f1784d~4c9fcf2e-5dd7-4dcf-bb05-c8bb03800400~33~1773319730597"
"United States",N/A,20260312,FY.Module.MoodsForYou,"c638bdd3-9a34-47c2-b043-0d5106f1784d~4c9fcf2e-5dd7-4dcf-bb05-c8bb03800400~33~1773319730597"
"United States",N/A,20260312,FY.Module.MoodsForYou,"c638bdd3-9a34-47c2-b043-0d5106f1784d~4c9fcf2e-5dd7-4dcf-bb05-c8bb03800400~33~1773319730597"
"United States",N/A,20260312,FY.Module.StationsForYou,"c638bdd3-9a34-47c2-b043-0d5106f1784d~faa3334b-3a23-4b9a-b78a-8ec61698d8c4~21~1773319730594"
"United States",N/A,20260312,"FUSE.ForYou.Module.Album.New","c638bdd3-9a34-47c2-b043-0d5106f1784d~c519650b-49b5-4d3f-95aa-86b0f6defd0d~15~1773319730607"
"United States","Bleachers - everyone for ten minutes",20260312,,"f5b53d5f-0ed9-4566-b37c-29ff5f7aee1a~a09120ce-4973-4f20-8d01-1902facde966~16~1773321584329"
"United States",N/A,20260312,,"f5b53d5f-0ed9-4566-b37c-29ff5f7aee1a~a09120ce-4973-4f20-8d01-1902facde966~16~1773321584329"
"United States",N/A,20260312,,"f5b53d5f-0ed9-4566-b37c-29ff5f7aee1a~a09120ce-4973-4f20-8d01-1902facde966~16~1773321584329"
"United States",N/A,20260312,,"f5b53d5f-0ed9-4566-b37c-29ff5f7aee1a~a09120ce-4973-4f20-8d01-1902facde966~16~1773321584329"
"United States",N/A,20260312,,"f5b53d5f-0ed9-4566-b37c-29ff5f7aee1a~a09120ce-4973-4f20-8d01-1902facde966~16~1773321584329"
"United States","JENNIE - Ruby (The Complete Collection)",20260312,,"f5b53d5f-0ed9-4566-b37c-29ff5f7aee1a~a09120ce-4973-4f20-8d01-1902facde966~16~1773321584329"
"United States",N/A,20260312,,"f5b53d5f-0ed9-4566-b37c-29ff5f7aee1a~a09120ce-4973-4f20-8d01-1902facde966~16~1773321584329"
"United States","JENNIE - Ruby (The Complete Collection)",20260312,,"cce85c3e-4cd9-47e1-81a8-f5952fb06cc8~a1c65201-2ede-4392-a013-f1d3e1afb31a~16~1773319742895"
"United States",N/A,20260312,"FUSE.ForYou.Module.Recently.Played","c638bdd3-9a34-47c2-b043-0d5106f1784d~5c86f752-2b4a-4710-ab16-abe4cda46d3c~16~1773319730609"
"United States",N/A,20260312,,"cce85c3e-4cd9-47e1-81a8-f5952fb06cc8~a1c65201-2ede-4392-a013-f1d3e1afb31a~16~1773319742895"
"United States",N/A,20260312,,"cce85c3e-4cd9-47e1-81a8-f5952fb06cc8~a1c65201-2ede-4392-a013-f1d3e1afb31a~16~1773319742895"
"United States",N/A,20260312,,"cce85c3e-4cd9-47e1-81a8-f5952fb06cc8~a1c65201-2ede-4392-a013-f1d3e1afb31a~16~1773319742895"
"United States",N/A,20260312,,"cce85c3e-4cd9-47e1-81a8-f5952fb06cc8~a1c65201-2ede-4392-a013-f1d3e1afb31a~16~1773319742895"
"United States","Bleachers - everyone for ten minutes",20260312,,"cce85c3e-4cd9-47e1-81a8-f5952fb06cc8~a1c65201-2ede-4392-a013-f1d3e1afb31a~16~1773319742895"
"United States",N/A,20260312,,"cce85c3e-4cd9-47e1-81a8-f5952fb06cc8~a1c65201-2ede-4392-a013-f1d3e1afb31a~16~1773319742895"
"United States",N/A,20260312,,"cce85c3e-4cd9-47e1-81a8-f5952fb06cc8~a1c65201-2ede-4392-a013-f1d3e1afb31a~16~1773319742895"
"United States",N/A,20260312,"FUSE.ForYou.Module.Recently.Played","c638bdd3-9a34-47c2-b043-0d5106f1784d~5c86f752-2b4a-4710-ab16-abe4cda46d3c~16~1773319730609"
"United States",N/A,20260312,"FUSE.ForYou.Module.Recently.Played","c638bdd3-9a34-47c2-b043-0d5106f1784d~5c86f752-2b4a-4710-ab16-abe4cda46d3c~16~1773319730609"
"United States",N/A,20260312,"FUSE.ForYou.Module.Recently.Played","c638bdd3-9a34-47c2-b043-0d5106f1784d~5c86f752-2b4a-4710-ab16-abe4cda46d3c~16~1773319730609"
"United States","Gracie Abrams - The Secret of Us (Deluxe)",20260312,FY.Module.TopPicks,"e57fad32-530d-40f7-b451-e817dfc37d9f~f4ed82ee-77a1-47ab-bb9d-a7926432c8ba~24~1773279007972"
"United States","YENA - LOVE CATCHER - EP",20260312,FY.Module.TopPicks,"e57fad32-530d-40f7-b451-e817dfc37d9f~f4ed82ee-77a1-47ab-bb9d-a7926432c8ba~24~1773279007972"
"United States",N/A,20260312,FY.Module.TopPicks,"e57fad32-530d-40f7-b451-e817dfc37d9f~f4ed82ee-77a1-47ab-bb9d-a7926432c8ba~24~1773279007972"
"United States",N/A,20260312,"FUSE.ForYou.Module.Recently.Played","e57fad32-530d-40f7-b451-e817dfc37d9f~60173519-1e3c-474b-98c4-c69f5602faa0~16~1773279007962"
"United States",N/A,20260312,"FUSE.ForYou.Module.Recently.Played","e57fad32-530d-40f7-b451-e817dfc37d9f~60173519-1e3c-474b-98c4-c69f5602faa0~16~1773279007962"
"United States",N/A,20260312,"FUSE.ForYou.Module.Recently.Played","e57fad32-530d-40f7-b451-e817dfc37d9f~60173519-1e3c-474b-98c4-c69f5602faa0~16~1773279007962"
"United States",N/A,20260312,"FUSE.ForYou.Module.Recently.Played","e57fad32-530d-40f7-b451-e817dfc37d9f~60173519-1e3c-474b-98c4-c69f5602faa0~16~1773279007962"
"United States","Bleachers - everyone for ten minutes",20260311,FY.Module.TopPicks,"b14e8ab5-aa0b-4752-853b-744d7a4677d9~cb980441-50a1-4e5f-83f1-8b62656a0d07~24~1773257422669"
"United States",N/A,20260311,FY.Module.TopPicks,"b14e8ab5-aa0b-4752-853b-744d7a4677d9~cb980441-50a1-4e5f-83f1-8b62656a0d07~24~1773257422669"
"United States",N/A,20260311,"FUSE.ForYou.Module.Recently.Played","b14e8ab5-aa0b-4752-853b-744d7a4677d9~371f7607-d7ac-4d34-8ce5-e96c47aaa73b~16~1773257422658"
"United States",N/A,20260311,,"6fc106da-a4b3-49a2-82f8-d25abf3c6474~ad284c94-3941-4eae-81df-d1bd15321765~16~1773265330698"
"United States",N/A,20260311,,"6fc106da-a4b3-49a2-82f8-d25abf3c6474~ad284c94-3941-4eae-81df-d1bd15321765~16~1773265330698"
"United States",N/A,20260311,"FUSE.ForYou.Module.Recently.Played","b14e8ab5-aa0b-4752-853b-744d7a4677d9~371f7607-d7ac-4d34-8ce5-e96c47aaa73b~16~1773257422658"
"United States",N/A,20260311,FY.Module.TopPicks,"b14e8ab5-aa0b-4752-853b-744d7a4677d9~cb980441-50a1-4e5f-83f1-8b62656a0d07~24~1773257422669"
"United States",N/A,20260311,"FUSE.ForYou.Module.Recently.Played","b14e8ab5-aa0b-4752-853b-744d7a4677d9~371f7607-d7ac-4d34-8ce5-e96c47aaa73b~16~1773257422658"
"United States",N/A,20260311,"FUSE.ForYou.Module.Recently.Played","b14e8ab5-aa0b-4752-853b-744d7a4677d9~371f7607-d7ac-4d34-8ce5-e96c47aaa73b~16~1773257422658"
"United States",N/A,20260311,,"6c586351-b22b-435a-ba22-4f1baf09009a~4c8eb0da-5782-4f84-9232-a24e31b6a3c5~16~1773245137860"
"United States",N/A,20260311,,"6c586351-b22b-435a-ba22-4f1baf09009a~4c8eb0da-5782-4f84-9232-a24e31b6a3c5~16~1773245137860"
"United States",N/A,20260311,,"6c586351-b22b-435a-ba22-4f1baf09009a~4c8eb0da-5782-4f84-9232-a24e31b6a3c5~16~1773245137860"
"United States",N/A,20260311,,"6c586351-b22b-435a-ba22-4f1baf09009a~4c8eb0da-5782-4f84-9232-a24e31b6a3c5~16~1773245137860"
"United States","Bleachers - everyone for ten minutes",20260311,,"6c586351-b22b-435a-ba22-4f1baf09009a~4c8eb0da-5782-4f84-9232-a24e31b6a3c5~16~1773245137860"
"United States",N/A,20260311,,"2f85290e-2d8b-424c-a8eb-ae150a358c3f~82952812-3dae-493f-9cf2-bb3838095828~16~1773243810630"
"United States",N/A,20260311,,"6c586351-b22b-435a-ba22-4f1baf09009a~4c8eb0da-5782-4f84-9232-a24e31b6a3c5~16~1773245137860"
"United States","Various Artists - The Great Gatsby (Music from Baz Luhrmann's Film) [Deluxe Edition]",20260311,FY.Module.TopPicks,"d4ec91c1-f20f-4806-a7cb-ee473feca102~aa1c13d9-3b73-47df-99ce-37207bf2a5f0~24~1773219945020"
"United States",N/A,20260311,FY.Module.TopPicks,"d4ec91c1-f20f-4806-a7cb-ee473feca102~aa1c13d9-3b73-47df-99ce-37207bf2a5f0~24~1773219945020"
"United States",N/A,20260311,,"2f85290e-2d8b-424c-a8eb-ae150a358c3f~82952812-3dae-493f-9cf2-bb3838095828~16~1773243810630"
"United States",N/A,20260311,,"2f85290e-2d8b-424c-a8eb-ae150a358c3f~82952812-3dae-493f-9cf2-bb3838095828~16~1773243810630"
"United States",N/A,20260311,,"2f85290e-2d8b-424c-a8eb-ae150a358c3f~82952812-3dae-493f-9cf2-bb3838095828~16~1773243810630"
"United States",N/A,20260311,FY.Module.TopPicks,"d4ec91c1-f20f-4806-a7cb-ee473feca102~aa1c13d9-3b73-47df-99ce-37207bf2a5f0~24~1773219945020"
"United States",N/A,20260311,,"5dee9bd4-f28b-4acc-81f3-7fcdec87df66~db861f56-4f62-4274-ac2c-cafddf37cf50~16~1773230231226"
"United States",N/A,20260311,,"5dee9bd4-f28b-4acc-81f3-7fcdec87df66~db861f56-4f62-4274-ac2c-cafddf37cf50~16~1773230231226"
"United States",N/A,20260311,,"5dee9bd4-f28b-4acc-81f3-7fcdec87df66~db861f56-4f62-4274-ac2c-cafddf37cf50~16~1773230231226"
"United States","JENNIE - Ruby (The Complete Collection)",20260311,,"5dee9bd4-f28b-4acc-81f3-7fcdec87df66~db861f56-4f62-4274-ac2c-cafddf37cf50~16~1773230231226"
"United States",N/A,20260311,,"5dee9bd4-f28b-4acc-81f3-7fcdec87df66~db861f56-4f62-4274-ac2c-cafddf37cf50~16~1773230231226"
"United States",N/A,20260311,,"5dee9bd4-f28b-4acc-81f3-7fcdec87df66~db861f56-4f62-4274-ac2c-cafddf37cf50~16~1773230231226"
"United States",N/A,20260311,,"5dee9bd4-f28b-4acc-81f3-7fcdec87df66~db861f56-4f62-4274-ac2c-cafddf37cf50~16~1773230231226"
"United States",N/A,20260311,,"5dee9bd4-f28b-4acc-81f3-7fcdec87df66~db861f56-4f62-4274-ac2c-cafddf37cf50~16~1773230231226"
"United States",N/A,20260311,,"5dee9bd4-f28b-4acc-81f3-7fcdec87df66~db861f56-4f62-4274-ac2c-cafddf37cf50~16~1773230231226"
"United States","Bleachers - everyone for ten minutes",20260311,,"5dee9bd4-f28b-4acc-81f3-7fcdec87df66~db861f56-4f62-4274-ac2c-cafddf37cf50~16~1773230231226"
"United States",N/A,20260311,,"5dee9bd4-f28b-4acc-81f3-7fcdec87df66~db861f56-4f62-4274-ac2c-cafddf37cf50~16~1773230231226"
"United States",N/A,20260311,,"5dee9bd4-f28b-4acc-81f3-7fcdec87df66~db861f56-4f62-4274-ac2c-cafddf37cf50~16~1773230231226"
"United States",N/A,20260311,,"5dee9bd4-f28b-4acc-81f3-7fcdec87df66~db861f56-4f62-4274-ac2c-cafddf37cf50~16~1773230231226"
"United States",N/A,20260311,FY.Module.MoreLike.Album,"d4ec91c1-f20f-4806-a7cb-ee473feca102~a7569328-936e-40c9-933f-99e548cd207b~10~1773219945333"
"United States",N/A,20260311,,"d4ec91c1-f20f-4806-a7cb-ee473feca102~f7e512e1-591a-48f2-a84c-e4021e042e48~3~1773219945018"
"United States","Olivia Rodrigo - GUTS (spilled)",20260311,FY.Module.MoreLike.Album,"d4ec91c1-f20f-4806-a7cb-ee473feca102~a7569328-936e-40c9-933f-99e548cd207b~10~1773219945333"
"United States","Taylor Swift - THE TORTURED POETS DEPARTMENT: THE ANTHOLOGY",20260311,,"47871848-1ee7-495b-b3a6-fb3fe95b7d92~94b1a622-fead-47dc-a14c-c94a9f913f4d~16~1773219974172"
"United States","Ed Sheeran - Play (Extended Edition)",20260311,FY.Module.MoreLike.Album,"d4ec91c1-f20f-4806-a7cb-ee473feca102~a7569328-936e-40c9-933f-99e548cd207b~10~1773219945333"
"United States","Bleachers - everyone for ten minutes",20260311,FY.Module.MoreLike.Album,"d4ec91c1-f20f-4806-a7cb-ee473feca102~a7569328-936e-40c9-933f-99e548cd207b~10~1773219945333"
"United States",N/A,20260311,"FUSE.ForYou.Module.Recently.Played","d4ec91c1-f20f-4806-a7cb-ee473feca102~84c569a8-babd-43f3-b9ab-522173478e1c~16~1773219945008"
"United States",N/A,20260311,"FUSE.ForYou.Module.Recently.Played","d4ec91c1-f20f-4806-a7cb-ee473feca102~84c569a8-babd-43f3-b9ab-522173478e1c~16~1773219945008"
"United States",N/A,20260311,,"47871848-1ee7-495b-b3a6-fb3fe95b7d92~94b1a622-fead-47dc-a14c-c94a9f913f4d~16~1773219974172"
"United States",N/A,20260311,FY.Module.TopPicks,"d4ec91c1-f20f-4806-a7cb-ee473feca102~aa1c13d9-3b73-47df-99ce-37207bf2a5f0~24~1773219945020"
"United States","John Summit Radio",20260311,FY.Module.TopPicks,"d4ec91c1-f20f-4806-a7cb-ee473feca102~aa1c13d9-3b73-47df-99ce-37207bf2a5f0~24~1773219945020"
"United States",N/A,20260311,"FUSE.ForYou.Module.Recently.Played","d4ec91c1-f20f-4806-a7cb-ee473feca102~84c569a8-babd-43f3-b9ab-522173478e1c~16~1773219945008"
"United States",N/A,20260311,,"47871848-1ee7-495b-b3a6-fb3fe95b7d92~94b1a622-fead-47dc-a14c-c94a9f913f4d~16~1773219974172"
"United States",N/A,20260311,"FUSE.ForYou.Module.Recently.Played","d4ec91c1-f20f-4806-a7cb-ee473feca102~84c569a8-babd-43f3-b9ab-522173478e1c~16~1773219945008"
"United States","JENNIE - Ruby (The Complete Collection)",20260311,"FUSE.ForYou.Module.Recently.Played","d4ec91c1-f20f-4806-a7cb-ee473feca102~84c569a8-babd-43f3-b9ab-522173478e1c~16~1773219945008"
"United States",N/A,20260311,"FUSE.ForYou.Module.Recently.Played","d4ec91c1-f20f-4806-a7cb-ee473feca102~84c569a8-babd-43f3-b9ab-522173478e1c~16~1773219945008"
"United States",N/A,20260311,"FUSE.ForYou.Module.Recently.Played","d4ec91c1-f20f-4806-a7cb-ee473feca102~84c569a8-babd-43f3-b9ab-522173478e1c~16~1773219945008"
"United States","John Summit & Rohaan - SATA - Single",20260311,FY.Module.TopPicks,"d4ec91c1-f20f-4806-a7cb-ee473feca102~aa1c13d9-3b73-47df-99ce-37207bf2a5f0~24~1773219945020"
"United States",N/A,20260311,"FUSE.ForYou.Module.Recently.Played","d4ec91c1-f20f-4806-a7cb-ee473feca102~84c569a8-babd-43f3-b9ab-522173478e1c~16~1773219945008"
"United States",N/A,20260311,"FUSE.ForYou.Module.Recently.Played","d4ec91c1-f20f-4806-a7cb-ee473feca102~84c569a8-babd-43f3-b9ab-522173478e1c~16~1773219945008"
"United States",N/A,20260311,"FUSE.ForYou.Module.Recently.Played","d4ec91c1-f20f-4806-a7cb-ee473feca102~84c569a8-babd-43f3-b9ab-522173478e1c~16~1773219945008"
"United States",N/A,20260310,FY.Module.TopPicks,"8edc4040-1d5f-406a-afb7-0b87d078a911~d58a1891-f202-4ab3-b1c5-dad3d933e607~24~1773160808440"
"United States",N/A,20260310,"FUSE.ForYou.Module.Recently.Played","8edc4040-1d5f-406a-afb7-0b87d078a911~eb2ff183-3b9e-41a8-8612-046417ae86a0~16~1773160808411"
"United States",N/A,20260310,"FUSE.ForYou.Module.Recently.Played","8edc4040-1d5f-406a-afb7-0b87d078a911~eb2ff183-3b9e-41a8-8612-046417ae86a0~16~1773160808411"
"United States",N/A,20260310,FY.Module.TopPicks,"8edc4040-1d5f-406a-afb7-0b87d078a911~d58a1891-f202-4ab3-b1c5-dad3d933e607~24~1773160808440"
"United States",N/A,20260310,"FUSE.ForYou.Module.Recently.Played","8edc4040-1d5f-406a-afb7-0b87d078a911~eb2ff183-3b9e-41a8-8612-046417ae86a0~16~1773160808411"
"United States",N/A,20260310,FY.Module.TopPicks,"8edc4040-1d5f-406a-afb7-0b87d078a911~d58a1891-f202-4ab3-b1c5-dad3d933e607~24~1773160808440"
"United States",N/A,20260310,"FUSE.ForYou.Module.Recently.Played","8edc4040-1d5f-406a-afb7-0b87d078a911~eb2ff183-3b9e-41a8-8612-046417ae86a0~16~1773160808411"
"United States",N/A,20260310,"FUSE.ForYou.Module.Recently.Played","df40f387-a4a3-4f17-99fe-2722bf519db2~09d78bfd-188a-4710-b341-159e70a92be6~16~1773149972073"
"United States","Harry Styles - Harry Styles",20260310,,"df40f387-a4a3-4f17-99fe-2722bf519db2~f9e2c119-23cb-4f08-be04-27a0e9e7cae2~3~1773149972089"
"United States",N/A,20260310,,"df40f387-a4a3-4f17-99fe-2722bf519db2~f9e2c119-23cb-4f08-be04-27a0e9e7cae2~3~1773149972089"
"United States","Zara Larsson - Midnight Sun (+ more)- Single",20260310,FY.Module.TopPicks,"df40f387-a4a3-4f17-99fe-2722bf519db2~eeac643b-3c1b-49a2-bff4-eea67f259807~24~1773149972099"
"United States","JENNIE - Ruby (The Complete Collection)",20260310,"FUSE.ForYou.Module.Recently.Played","df40f387-a4a3-4f17-99fe-2722bf519db2~09d78bfd-188a-4710-b341-159e70a92be6~16~1773149972073"
"United States",N/A,20260310,FY.Module.TopPicks,"df40f387-a4a3-4f17-99fe-2722bf519db2~eeac643b-3c1b-49a2-bff4-eea67f259807~24~1773149972099"
"United States",N/A,20260310,"FUSE.ForYou.Module.Recently.Played","df40f387-a4a3-4f17-99fe-2722bf519db2~09d78bfd-188a-4710-b341-159e70a92be6~16~1773149972073"
"United States",N/A,20260310,"FUSE.ForYou.Module.Recently.Played","df40f387-a4a3-4f17-99fe-2722bf519db2~09d78bfd-188a-4710-b341-159e70a92be6~16~1773149972073"
"United States",N/A,20260310,,"df40f387-a4a3-4f17-99fe-2722bf519db2~f9e2c119-23cb-4f08-be04-27a0e9e7cae2~3~1773149972089"
"United States",N/A,20260310,,"df40f387-a4a3-4f17-99fe-2722bf519db2~f9e2c119-23cb-4f08-be04-27a0e9e7cae2~3~1773149972089"
"United States",N/A,20260310,"FUSE.ForYou.Module.Recently.Played","df40f387-a4a3-4f17-99fe-2722bf519db2~09d78bfd-188a-4710-b341-159e70a92be6~16~1773149972073"
"United States",N/A,20260310,FY.Module.TopPicks,"df40f387-a4a3-4f17-99fe-2722bf519db2~eeac643b-3c1b-49a2-bff4-eea67f259807~24~1773149972099"
"United States",N/A,20260310,"FUSE.ForYou.Module.Recently.Played","df40f387-a4a3-4f17-99fe-2722bf519db2~09d78bfd-188a-4710-b341-159e70a92be6~16~1773149972073"
"United States",N/A,20260310,"FUSE.ForYou.Module.Recently.Played","df40f387-a4a3-4f17-99fe-2722bf519db2~09d78bfd-188a-4710-b341-159e70a92be6~16~1773149972073"
"United States",N/A,20260310,"FUSE.ForYou.Module.Recently.Played","df40f387-a4a3-4f17-99fe-2722bf519db2~09d78bfd-188a-4710-b341-159e70a92be6~16~1773149972073"
"United States",N/A,20260310,FY.Module.MadeForYou,"7c9bfa0c-c7d6-446f-95c8-afcdfa2e343f~d97e23e6-bb20-4f38-8145-68a46bcd83ad~14~1773115664710"
"United States",N/A,20260310,FY.Module.MadeForYou,"7c9bfa0c-c7d6-446f-95c8-afcdfa2e343f~d97e23e6-bb20-4f38-8145-68a46bcd83ad~14~1773115664710"
"United States",N/A,20260310,FY.Module.MadeForYou,"7c9bfa0c-c7d6-446f-95c8-afcdfa2e343f~d97e23e6-bb20-4f38-8145-68a46bcd83ad~14~1773115664710"
"United States",N/A,20260310,FY.Module.TopPicks,"7c9bfa0c-c7d6-446f-95c8-afcdfa2e343f~c47399e5-9176-4498-b014-958f967f6bb5~24~1773115664719"
"United States",N/A,20260310,,"33ce118c-97a9-4466-b44b-7aa31dcb6230~5c9c505b-24df-4a1a-aee7-4b9b8a017b92~16~1773115810691"
"United States",N/A,20260310,,"33ce118c-97a9-4466-b44b-7aa31dcb6230~5c9c505b-24df-4a1a-aee7-4b9b8a017b92~16~1773115810691"
"United States",N/A,20260310,,"33ce118c-97a9-4466-b44b-7aa31dcb6230~5c9c505b-24df-4a1a-aee7-4b9b8a017b92~16~1773115810691"
"United States",N/A,20260310,,"33ce118c-97a9-4466-b44b-7aa31dcb6230~5c9c505b-24df-4a1a-aee7-4b9b8a017b92~16~1773115810691"
"United States","Tate McRae Radio",20260310,FY.Module.TopPicks,"7c9bfa0c-c7d6-446f-95c8-afcdfa2e343f~c47399e5-9176-4498-b014-958f967f6bb5~24~1773115664719"
"United States",N/A,20260310,FY.Module.TopPicks,"7c9bfa0c-c7d6-446f-95c8-afcdfa2e343f~c47399e5-9176-4498-b014-958f967f6bb5~24~1773115664719"
"United States","Taylor Swift - THE TORTURED POETS DEPARTMENT: THE ANTHOLOGY",20260309,,"d06e357d-60ef-4bf2-9038-abd05f4baf58~8a026338-5a3f-494f-90f6-7adf06ed5e29~16~1773098475721"
"United States",N/A,20260309,,"d06e357d-60ef-4bf2-9038-abd05f4baf58~8a026338-5a3f-494f-90f6-7adf06ed5e29~16~1773098475721"
"United States",N/A,20260309,,"d06e357d-60ef-4bf2-9038-abd05f4baf58~8a026338-5a3f-494f-90f6-7adf06ed5e29~16~1773098475721"
"United States",N/A,20260309,,"d06e357d-60ef-4bf2-9038-abd05f4baf58~8a026338-5a3f-494f-90f6-7adf06ed5e29~16~1773098475721"
"United States",N/A,20260309,,"d06e357d-60ef-4bf2-9038-abd05f4baf58~8a026338-5a3f-494f-90f6-7adf06ed5e29~16~1773098475721"
"United States",N/A,20260309,,"d06e357d-60ef-4bf2-9038-abd05f4baf58~8a026338-5a3f-494f-90f6-7adf06ed5e29~16~1773098475721"
"United States",N/A,20260309,,"d06e357d-60ef-4bf2-9038-abd05f4baf58~8a026338-5a3f-494f-90f6-7adf06ed5e29~16~1773098475721"
"United States",N/A,20260309,,"d06e357d-60ef-4bf2-9038-abd05f4baf58~8a026338-5a3f-494f-90f6-7adf06ed5e29~16~1773098475721"
"United States",N/A,20260309,,"8bc97435-6611-4371-a167-9e7ec175473e~045ceea4-907b-44ae-8771-9514e1a81c42~16~1773096661420"
"United States","JENNIE - Ruby (The Complete Collection)",20260309,,"d06e357d-60ef-4bf2-9038-abd05f4baf58~8a026338-5a3f-494f-90f6-7adf06ed5e29~16~1773098475721"
"United States",N/A,20260309,FY.Module.TopPicks,"c133dadb-053e-4fcc-9f1c-b5a5a69fd2c8~6665a79f-72ea-40a8-9618-be1120c27afd~24~1773093830608"
"United States",N/A,20260309,,"8bc97435-6611-4371-a167-9e7ec175473e~045ceea4-907b-44ae-8771-9514e1a81c42~16~1773096661420"
"United States",N/A,20260309,,"8bc97435-6611-4371-a167-9e7ec175473e~045ceea4-907b-44ae-8771-9514e1a81c42~16~1773096661420"
"United States",N/A,20260309,,"8bc97435-6611-4371-a167-9e7ec175473e~045ceea4-907b-44ae-8771-9514e1a81c42~16~1773096661420"
"United States",N/A,20260309,FY.Module.TopPicks,"c133dadb-053e-4fcc-9f1c-b5a5a69fd2c8~6665a79f-72ea-40a8-9618-be1120c27afd~24~1773093830608"
"United States","Gracie Abrams Radio",20260309,FY.Module.TopPicks,"c133dadb-053e-4fcc-9f1c-b5a5a69fd2c8~6665a79f-72ea-40a8-9618-be1120c27afd~24~1773093830608"
"United States",N/A,20260309,"FUSE.ForYou.Module.Recently.Played","c133dadb-053e-4fcc-9f1c-b5a5a69fd2c8~692b649f-fc55-4cb8-a446-ba28819bf6b9~16~1773093830594"
"United States",N/A,20260309,"FUSE.ForYou.Module.Recently.Played","c133dadb-053e-4fcc-9f1c-b5a5a69fd2c8~692b649f-fc55-4cb8-a446-ba28819bf6b9~16~1773093830594"
"United States","JENNIE - Ruby (The Complete Collection)",20260309,"FUSE.ForYou.Module.Recently.Played","c133dadb-053e-4fcc-9f1c-b5a5a69fd2c8~692b649f-fc55-4cb8-a446-ba28819bf6b9~16~1773093830594"
"United States",N/A,20260309,"FUSE.ForYou.Module.Recently.Played","c133dadb-053e-4fcc-9f1c-b5a5a69fd2c8~692b649f-fc55-4cb8-a446-ba28819bf6b9~16~1773093830594"
"United States",N/A,20260309,"FUSE.ForYou.Module.Recently.Played","c133dadb-053e-4fcc-9f1c-b5a5a69fd2c8~692b649f-fc55-4cb8-a446-ba28819bf6b9~16~1773093830594"
"United States",N/A,20260309,"FUSE.ForYou.Module.Recently.Played","c133dadb-053e-4fcc-9f1c-b5a5a69fd2c8~692b649f-fc55-4cb8-a446-ba28819bf6b9~16~1773093830594"
"United States",N/A,20260309,FY.Module.Genre,"7665b6b2-ffdb-4321-a294-635a4e4c85c6~40616481-f1d8-46e8-893f-262095d347cb~27~1773076281440"
"United States","Sabrina Carpenter - emails i can't send fwd:",20260309,FY.Module.Genre,"7665b6b2-ffdb-4321-a294-635a4e4c85c6~40616481-f1d8-46e8-893f-262095d347cb~27~1773076281440"
"United States","Gracie Abrams - The Secret of Us",20260309,FY.Module.Genre,"7665b6b2-ffdb-4321-a294-635a4e4c85c6~40616481-f1d8-46e8-893f-262095d347cb~27~1773076281440"
"United States","Ed Sheeran - Play (Deluxe)",20260309,FY.Module.Genre,"7665b6b2-ffdb-4321-a294-635a4e4c85c6~40616481-f1d8-46e8-893f-262095d347cb~27~1773076281440"
"United States","JENNIE - Ruby (The Complete Collection)",20260309,,"24da8846-6a30-41f9-8c05-1b472db4858d~743087ec-a9db-414c-82a2-7fd3176f7ad1~16~1773089509049"
"United States",N/A,20260309,FY.Module.TopPicks,"7665b6b2-ffdb-4321-a294-635a4e4c85c6~531b3709-d899-49ba-95b5-4ba79ac094ab~24~1773076281285"
"United States",N/A,20260309,,"1c3c03b0-fd6c-4544-b9d5-c0510f2afa87~18707c75-7d59-48f8-99fd-0dc053ab8999~16~1773084550775"
"United States",N/A,20260309,,"24da8846-6a30-41f9-8c05-1b472db4858d~743087ec-a9db-414c-82a2-7fd3176f7ad1~16~1773089509049"
"United States",N/A,20260309,FY.Module.TopPicks,"7665b6b2-ffdb-4321-a294-635a4e4c85c6~531b3709-d899-49ba-95b5-4ba79ac094ab~24~1773076281285"
"United States",N/A,20260309,,"341416f9-34d6-4eb6-8798-95c70ccfe2a8~ac1de501-ee52-44a6-b458-53f1a4e49bed~16~1773090145433"
"United States",N/A,20260309,FY.Module.TopPicks,"7665b6b2-ffdb-4321-a294-635a4e4c85c6~531b3709-d899-49ba-95b5-4ba79ac094ab~24~1773076281285"
"United States",N/A,20260309,,"1c3c03b0-fd6c-4544-b9d5-c0510f2afa87~18707c75-7d59-48f8-99fd-0dc053ab8999~16~1773084550775"
"United States","Taylor Swift - THE TORTURED POETS DEPARTMENT: THE ANTHOLOGY",20260309,,"24da8846-6a30-41f9-8c05-1b472db4858d~743087ec-a9db-414c-82a2-7fd3176f7ad1~16~1773089509049"
"United States",N/A,20260309,,"1c3c03b0-fd6c-4544-b9d5-c0510f2afa87~18707c75-7d59-48f8-99fd-0dc053ab8999~16~1773084550775"
"United States",N/A,20260309,,"9300df17-1ccb-4af9-9502-3c138d4b8061~7d463b77-4660-4b78-b9a2-dbd09cec4ec5~16~1773088861001"
"United States",N/A,20260309,,"1c3c03b0-fd6c-4544-b9d5-c0510f2afa87~18707c75-7d59-48f8-99fd-0dc053ab8999~16~1773084550775"
"United States",N/A,20260309,,"4ce5d328-302e-4adc-a3ba-ac10639a1c81~44f278cf-b777-49b1-8bbb-3356f1c8a793~16~1773088850936"
"United States",N/A,20260309,"FUSE.ForYou.Module.Recently.Played","7665b6b2-ffdb-4321-a294-635a4e4c85c6~05c8e4cd-956e-4ca3-9580-90d5d3e79dba~16~1773076281278"
"United States",N/A,20260309,"FUSE.ForYou.Module.Recently.Played","7665b6b2-ffdb-4321-a294-635a4e4c85c6~05c8e4cd-956e-4ca3-9580-90d5d3e79dba~16~1773076281278"
"United States",N/A,20260309,"FUSE.ForYou.Module.Recently.Played","7665b6b2-ffdb-4321-a294-635a4e4c85c6~05c8e4cd-956e-4ca3-9580-90d5d3e79dba~16~1773076281278"
"United States",N/A,20260309,"FUSE.ForYou.Module.Recently.Played","7665b6b2-ffdb-4321-a294-635a4e4c85c6~05c8e4cd-956e-4ca3-9580-90d5d3e79dba~16~1773076281278"
"United States","Lorde - Solar Power",20260309,FY.Module.Genre,"8d1203b5-39ff-47a7-b46d-48b9ffdd9983~2928380e-1c6b-46aa-a48c-d3f03c1d2c1e~27~1773013727412"
"United States","Phoebe Bridgers - So Much Wine - EP",20260309,FY.Module.Genre,"8d1203b5-39ff-47a7-b46d-48b9ffdd9983~2928380e-1c6b-46aa-a48c-d3f03c1d2c1e~27~1773013727412"
"United States","Bleachers - Real Love (Acoustic Set - New York City - 03.07.24) - EP",20260309,FY.Module.Genre,"8d1203b5-39ff-47a7-b46d-48b9ffdd9983~2928380e-1c6b-46aa-a48c-d3f03c1d2c1e~27~1773013727412"
"United States",N/A,20260309,FY.Module.Genre,"8d1203b5-39ff-47a7-b46d-48b9ffdd9983~2928380e-1c6b-46aa-a48c-d3f03c1d2c1e~27~1773013727412"
"United States","Bad Bunny - EL ÚLTIMO TOUR DEL MUNDO",20260309,FY.Module.TopPicks,"8d1203b5-39ff-47a7-b46d-48b9ffdd9983~00a1e9b9-319e-4ce4-9b08-5ea7b8b8ab12~24~1773013727296"
"United States",N/A,20260309,FY.Module.TopPicks,"8d1203b5-39ff-47a7-b46d-48b9ffdd9983~00a1e9b9-319e-4ce4-9b08-5ea7b8b8ab12~24~1773013727296"
"United States",N/A,20260309,,"28df0943-bd2a-44e0-a3f1-1101649ddf2d~3ffc1903-1102-4cc0-b96e-e626af9acef2~16~1773028436351"
"United States",N/A,20260309,,"28df0943-bd2a-44e0-a3f1-1101649ddf2d~3ffc1903-1102-4cc0-b96e-e626af9acef2~16~1773028436351"
"United States",N/A,20260309,,"28df0943-bd2a-44e0-a3f1-1101649ddf2d~3ffc1903-1102-4cc0-b96e-e626af9acef2~16~1773028436351"
"United States",N/A,20260309,FY.Module.TopPicks,"8d1203b5-39ff-47a7-b46d-48b9ffdd9983~00a1e9b9-319e-4ce4-9b08-5ea7b8b8ab12~24~1773013727296"
"United States",N/A,20260309,,"28df0943-bd2a-44e0-a3f1-1101649ddf2d~3ffc1903-1102-4cc0-b96e-e626af9acef2~16~1773028436351"
"United States",N/A,20260308,,"048126be-7779-4d15-a9a2-3d04d9426f1f~25a293b9-c68d-4c52-b30d-ca0ca97d900e~16~1773005440126"
"United States","JENNIE - Ruby (The Complete Collection)",20260308,,"d65f5ed9-d514-4f42-9c4e-0de0e1dd2b9e~19a632b3-0b0f-4a8f-8854-b91629261d80~16~1773013723526"
"United States","Taylor Swift - THE TORTURED POETS DEPARTMENT: THE ANTHOLOGY",20260308,,"d65f5ed9-d514-4f42-9c4e-0de0e1dd2b9e~19a632b3-0b0f-4a8f-8854-b91629261d80~16~1773013723526"
"United States","Harry Styles - Kiss All The Time. Disco, Occasionally.",20260308,FY.Module.TopPicks,"38089f65-b905-40a8-86e2-430656c14bee~4f31fb8a-0ee2-408f-bb58-95b0a9605ee0~24~1772989566757"
"United States",N/A,20260308,FY.Module.TopPicks,"38089f65-b905-40a8-86e2-430656c14bee~4f31fb8a-0ee2-408f-bb58-95b0a9605ee0~24~1772989566757"
"United States",N/A,20260308,,"048126be-7779-4d15-a9a2-3d04d9426f1f~25a293b9-c68d-4c52-b30d-ca0ca97d900e~16~1773005440126"
"United States",N/A,20260308,FY.Module.TopPicks,"38089f65-b905-40a8-86e2-430656c14bee~4f31fb8a-0ee2-408f-bb58-95b0a9605ee0~24~1772989566757"
"United States",N/A,20260308,,"048126be-7779-4d15-a9a2-3d04d9426f1f~25a293b9-c68d-4c52-b30d-ca0ca97d900e~16~1773005440126"
"United States",N/A,20260308,,"048126be-7779-4d15-a9a2-3d04d9426f1f~25a293b9-c68d-4c52-b30d-ca0ca97d900e~16~1773005440126"
"United States",N/A,20260308,,"df1a10d0-2561-4f52-ba9e-cf1ba5e38557~52345145-55a1-43e9-be91-0504ea35d995~16~1772994163522"
"United States",N/A,20260308,,"df1a10d0-2561-4f52-ba9e-cf1ba5e38557~52345145-55a1-43e9-be91-0504ea35d995~16~1772994163522"
"United States",N/A,20260308,,"39c9e136-e998-4795-9c24-72745d91b063~fec40e61-e8ed-4c47-8b29-2a36eba26461~16~1772994602177"
"United States",N/A,20260308,,"df1a10d0-2561-4f52-ba9e-cf1ba5e38557~52345145-55a1-43e9-be91-0504ea35d995~16~1772994163522"
"United States",N/A,20260308,,"df1a10d0-2561-4f52-ba9e-cf1ba5e38557~52345145-55a1-43e9-be91-0504ea35d995~16~1772994163522"
"United States",N/A,20260308,"FUSE.ForYou.Module.Recently.Played","38089f65-b905-40a8-86e2-430656c14bee~67da067e-9b51-4525-8824-fb1a6b2321c6~16~1772989566735"
"United States",N/A,20260308,"FUSE.ForYou.Module.Recently.Played","38089f65-b905-40a8-86e2-430656c14bee~67da067e-9b51-4525-8824-fb1a6b2321c6~16~1772989566735"
"United States",N/A,20260308,"FUSE.ForYou.Module.Recently.Played","38089f65-b905-40a8-86e2-430656c14bee~67da067e-9b51-4525-8824-fb1a6b2321c6~16~1772989566735"
"United States",N/A,20260308,"FUSE.ForYou.Module.Recently.Played","38089f65-b905-40a8-86e2-430656c14bee~67da067e-9b51-4525-8824-fb1a6b2321c6~16~1772989566735"
"United States",N/A,20260308,FY.Module.TopPicks,"f94a1ac8-8096-49f6-b8fa-d3ac714a48df~385f2ae0-0024-42f6-a7ee-e3f985708b2b~24~1772945395208"
"United States",N/A,20260308,FY.Module.TopPicks,"f94a1ac8-8096-49f6-b8fa-d3ac714a48df~385f2ae0-0024-42f6-a7ee-e3f985708b2b~24~1772945395208"
"United States",N/A,20260308,FY.Module.TopPicks,"f94a1ac8-8096-49f6-b8fa-d3ac714a48df~385f2ae0-0024-42f6-a7ee-e3f985708b2b~24~1772945395208"
"United States",N/A,20260308,"FUSE.ForYou.Module.Recently.Played","f94a1ac8-8096-49f6-b8fa-d3ac714a48df~5a55006f-2443-4159-8dee-591e9acc7a66~16~1772945395198"
"United States",N/A,20260308,"FUSE.ForYou.Module.Recently.Played","f94a1ac8-8096-49f6-b8fa-d3ac714a48df~5a55006f-2443-4159-8dee-591e9acc7a66~16~1772945395198"
"United States",N/A,20260308,"FUSE.ForYou.Module.Recently.Played","f94a1ac8-8096-49f6-b8fa-d3ac714a48df~5a55006f-2443-4159-8dee-591e9acc7a66~16~1772945395198"
"United States",N/A,20260308,"FUSE.ForYou.Module.Recently.Played","f94a1ac8-8096-49f6-b8fa-d3ac714a48df~5a55006f-2443-4159-8dee-591e9acc7a66~16~1772945395198"
"United States",N/A,20260307,FY.Module.TopPicks,"0d8129bf-916a-4024-acfb-c63626617232~880ebe4a-8452-44ca-b701-9c227d800514~24~1772910484826"
"United States",N/A,20260307,,"b1f918b4-1f21-44c9-8669-40de833fa85f~fa49c968-e893-4159-aa95-27ee36ac0bb3~16~1772918280499"
"United States",N/A,20260307,,"b1f918b4-1f21-44c9-8669-40de833fa85f~fa49c968-e893-4159-aa95-27ee36ac0bb3~16~1772918280499"
"United States",N/A,20260307,,"b1f918b4-1f21-44c9-8669-40de833fa85f~fa49c968-e893-4159-aa95-27ee36ac0bb3~16~1772918280499"
"United States",N/A,20260307,,"b1f918b4-1f21-44c9-8669-40de833fa85f~fa49c968-e893-4159-aa95-27ee36ac0bb3~16~1772918280499"
"United States",N/A,20260307,FY.Module.TopPicks,"0d8129bf-916a-4024-acfb-c63626617232~880ebe4a-8452-44ca-b701-9c227d800514~24~1772910484826"
"United States","GIRLSET - Tweak - Single",20260307,FY.Module.TopPicks,"0d8129bf-916a-4024-acfb-c63626617232~880ebe4a-8452-44ca-b701-9c227d800514~24~1772910484826"
"United States",N/A,20260307,"FUSE.ForYou.Module.Recently.Played","0d8129bf-916a-4024-acfb-c63626617232~1003678f-0852-4258-86b8-3ece3171b4df~16~1772910484814"
"United States",N/A,20260307,"FUSE.ForYou.Module.Recently.Played","0d8129bf-916a-4024-acfb-c63626617232~1003678f-0852-4258-86b8-3ece3171b4df~16~1772910484814"
"United States",N/A,20260307,,"703e3c60-df56-405b-b615-95449703b3dd~f501497b-8ec2-4aa5-b229-a127b24695d7~16~1772916749066"
"United States",N/A,20260307,"FUSE.ForYou.Module.Recently.Played","0d8129bf-916a-4024-acfb-c63626617232~1003678f-0852-4258-86b8-3ece3171b4df~16~1772910484814"
"United States","Taylor Swift - THE TORTURED POETS DEPARTMENT: THE ANTHOLOGY",20260307,"FUSE.ForYou.Module.Recently.Played","0d8129bf-916a-4024-acfb-c63626617232~1003678f-0852-4258-86b8-3ece3171b4df~16~1772910484814"
"United States",N/A,20260307,"FUSE.ForYou.Module.Recently.Played","0d8129bf-916a-4024-acfb-c63626617232~1003678f-0852-4258-86b8-3ece3171b4df~16~1772910484814"
"United States",N/A,20260307,"FUSE.ForYou.Module.Recently.Played","0d8129bf-916a-4024-acfb-c63626617232~1003678f-0852-4258-86b8-3ece3171b4df~16~1772910484814"
"United States",N/A,20260307,"FUSE.ForYou.Module.Recently.Played","0d8129bf-916a-4024-acfb-c63626617232~1003678f-0852-4258-86b8-3ece3171b4df~16~1772910484814"
"United States",N/A,20260307,"FUSE.ForYou.Module.Recently.Played","0d8129bf-916a-4024-acfb-c63626617232~1003678f-0852-4258-86b8-3ece3171b4df~16~1772910484814"
"United States",N/A,20260307,"FUSE.ForYou.Module.Recently.Played","0d8129bf-916a-4024-acfb-c63626617232~1003678f-0852-4258-86b8-3ece3171b4df~16~1772910484814"
"United States","JENNIE - Ruby (The Complete Collection)",20260307,"FUSE.ForYou.Module.Recently.Played","0d8129bf-916a-4024-acfb-c63626617232~1003678f-0852-4258-86b8-3ece3171b4df~16~1772910484814"
"United States","Phoebe Bridgers - Punisher",20260307,FY.Module.MoreLike.Album,"0d8129bf-916a-4024-acfb-c63626617232~6422f6c9-131f-4979-8599-fe5ff5bceb2e~10~1772910484974"
"United States","Sabrina Carpenter - emails i can’t send fwd:",20260307,FY.Module.MoreLike.Album,"0d8129bf-916a-4024-acfb-c63626617232~6422f6c9-131f-4979-8599-fe5ff5bceb2e~10~1772910484974"
"United States","Olivia Rodrigo - GUTS (spilled)",20260307,FY.Module.MoreLike.Album,"0d8129bf-916a-4024-acfb-c63626617232~6422f6c9-131f-4979-8599-fe5ff5bceb2e~10~1772910484974"
"United States",N/A,20260307,FY.Module.MoreLike.Album,"0d8129bf-916a-4024-acfb-c63626617232~6422f6c9-131f-4979-8599-fe5ff5bceb2e~10~1772910484974"
"United States","JENNIE - Ruby (The Complete Collection)",20260307,,"8c1aca1e-687f-4d2c-8913-d563a17fb2fe~64690a65-c218-47a1-bb17-8df6f31cea34~16~1772907135933"
"United States","Taylor Swift - Midnights (The Til Dawn Edition)",20260307,FY.Module.TopPicks,"ed4d772c-ff5d-4388-b78b-fcf4f2362606~22609dc9-9058-48b5-b355-0179394b3683~24~1772890528405"
"United States","Taylor Swift - THE TORTURED POETS DEPARTMENT: THE ANTHOLOGY",20260307,,"708615bb-0730-4fbd-ae4e-08b2e8d88eda~867a6ce3-139c-41b6-abb8-27060e0acc5d~16~1772901500044"
"United States",N/A,20260307,FY.Module.TopPicks,"ed4d772c-ff5d-4388-b78b-fcf4f2362606~22609dc9-9058-48b5-b355-0179394b3683~24~1772890528405"
"United States",N/A,20260307,,"708615bb-0730-4fbd-ae4e-08b2e8d88eda~867a6ce3-139c-41b6-abb8-27060e0acc5d~16~1772901500044"
"United States",N/A,20260307,,"708615bb-0730-4fbd-ae4e-08b2e8d88eda~867a6ce3-139c-41b6-abb8-27060e0acc5d~16~1772901500044"
"United States",N/A,20260307,FY.Module.TopPicks,"ed4d772c-ff5d-4388-b78b-fcf4f2362606~22609dc9-9058-48b5-b355-0179394b3683~24~1772890528405"
"United States",N/A,20260307,,"708615bb-0730-4fbd-ae4e-08b2e8d88eda~867a6ce3-139c-41b6-abb8-27060e0acc5d~16~1772901500044"
"United States",N/A,20260307,FY.Module.MoreLike.Album,"ed4d772c-ff5d-4388-b78b-fcf4f2362606~5b98c78f-e83a-4291-9342-d1f4a871c491~10~1772890528546"
"United States","JENNIE - Ruby (The Complete Collection)",20260307,"FUSE.ForYou.Module.Recently.Played","ed4d772c-ff5d-4388-b78b-fcf4f2362606~84a9ce51-9b9a-4c75-9c48-b8041963a6e8~16~1772890528391"
"United States",N/A,20260307,"FUSE.ForYou.Module.Recently.Played","ed4d772c-ff5d-4388-b78b-fcf4f2362606~84a9ce51-9b9a-4c75-9c48-b8041963a6e8~16~1772890528391"
"United States",N/A,20260307,"FUSE.ForYou.Module.Recently.Played","ed4d772c-ff5d-4388-b78b-fcf4f2362606~84a9ce51-9b9a-4c75-9c48-b8041963a6e8~16~1772890528391"
"United States",N/A,20260307,"FUSE.ForYou.Module.Recently.Played","ed4d772c-ff5d-4388-b78b-fcf4f2362606~84a9ce51-9b9a-4c75-9c48-b8041963a6e8~16~1772890528391"
"United States","Bad Bunny - DeBÍ TiRAR MáS FOToS",20260307,FY.Module.TopPicks,"93cd311b-537b-444d-bc36-82f421972f34~64e70a52-ec59-4c9d-90d4-4d335e2eb47c~24~1772860611765"
"United States","Zara Larsson - Midnight Sun (+ more)- Single",20260307,FY.Module.TopPicks,"93cd311b-537b-444d-bc36-82f421972f34~64e70a52-ec59-4c9d-90d4-4d335e2eb47c~24~1772860611765"
"United States","JENNIE - Ruby (The Complete Collection)",20260307,,"ac1ed345-2f31-4157-97d6-25581b9ead86~deb619fc-fbbf-45f6-8680-99ad9af12895~16~1772870287509"
"United States",N/A,20260307,FY.Module.TopPicks,"93cd311b-537b-444d-bc36-82f421972f34~64e70a52-ec59-4c9d-90d4-4d335e2eb47c~24~1772860611765"
"United States",N/A,20260307,,"ac1ed345-2f31-4157-97d6-25581b9ead86~deb619fc-fbbf-45f6-8680-99ad9af12895~16~1772870287509"
"United States",N/A,20260307,,"ac1ed345-2f31-4157-97d6-25581b9ead86~deb619fc-fbbf-45f6-8680-99ad9af12895~16~1772870287509"
"United States",N/A,20260307,,"ac1ed345-2f31-4157-97d6-25581b9ead86~deb619fc-fbbf-45f6-8680-99ad9af12895~16~1772870287509"
"United States","JENNIE - Ruby (The Complete Collection)",20260307,"FUSE.ForYou.Module.Recently.Played","93cd311b-537b-444d-bc36-82f421972f34~61f79e06-f684-4bd5-b763-fff5b86f2236~16~1772860611754"
"United States",N/A,20260307,"FUSE.ForYou.Module.Recently.Played","93cd311b-537b-444d-bc36-82f421972f34~61f79e06-f684-4bd5-b763-fff5b86f2236~16~1772860611754"
"United States",N/A,20260307,"FUSE.ForYou.Module.Recently.Played","93cd311b-537b-444d-bc36-82f421972f34~61f79e06-f684-4bd5-b763-fff5b86f2236~16~1772860611754"
"United States",N/A,20260307,"FUSE.ForYou.Module.Recently.Played","93cd311b-537b-444d-bc36-82f421972f34~61f79e06-f684-4bd5-b763-fff5b86f2236~16~1772860611754"
"United States","JENNIE - Ruby (The Complete Collection)",20260307,FY.Module.TopPicks,"1f2c817c-aeaa-4f4c-9adc-661b70dc0770~f7c66597-f00a-4240-a72c-8655d6414449~24~1772838292554"
"United States","JENNIE - Ruby (The Complete Collection)",20260307,,"e8139124-d405-4ede-81c7-7e74dac01ca9~ba98415a-0049-4ac6-a1d7-f47a3e9049a2~16~1772850344238"
"United States",N/A,20260307,FY.Module.TopPicks,"1f2c817c-aeaa-4f4c-9adc-661b70dc0770~f7c66597-f00a-4240-a72c-8655d6414449~24~1772838292554"
"United States",N/A,20260307,,"e8139124-d405-4ede-81c7-7e74dac01ca9~ba98415a-0049-4ac6-a1d7-f47a3e9049a2~16~1772850344238"
"United States",N/A,20260307,,"e8139124-d405-4ede-81c7-7e74dac01ca9~ba98415a-0049-4ac6-a1d7-f47a3e9049a2~16~1772850344238"
"United States",N/A,20260307,,"e8139124-d405-4ede-81c7-7e74dac01ca9~ba98415a-0049-4ac6-a1d7-f47a3e9049a2~16~1772850344238"
"United States",N/A,20260307,FY.Module.TopPicks,"1f2c817c-aeaa-4f4c-9adc-661b70dc0770~f7c66597-f00a-4240-a72c-8655d6414449~24~1772838292554"
"United States","Phoebe Bridgers - Stranger in the Alps (Deluxe Edition)",20260307,FY.Module.Genre,"1f2c817c-aeaa-4f4c-9adc-661b70dc0770~2339363a-c52e-4338-a83d-dbff4cc62202~27~1772838292722"
"United States","Lorde - Solar Power",20260307,FY.Module.Genre,"1f2c817c-aeaa-4f4c-9adc-661b70dc0770~2339363a-c52e-4338-a83d-dbff4cc62202~27~1772838292722"
"United States","Bleachers - 91 (Live at Fort Adams State Park - Newport - 07.27.21)",20260307,FY.Module.Genre,"1f2c817c-aeaa-4f4c-9adc-661b70dc0770~2339363a-c52e-4338-a83d-dbff4cc62202~27~1772838292722"
"United States",N/A,20260307,FY.Module.Genre,"1f2c817c-aeaa-4f4c-9adc-661b70dc0770~2339363a-c52e-4338-a83d-dbff4cc62202~27~1772838292722"
"United States",N/A,20260306,,"e8d3b333-fc94-4adb-91b3-08ee8ee99250~8c50a3e8-111f-4262-b5eb-54b8442e9ce5~16~1772840752414"
"United States","JENNIE - Ruby (The Complete Collection)",20260306,,"45acc880-3faf-4626-9410-db7f57c71b38~14214879-6b16-414e-8467-186eed5dbc5c~16~1772841108659"
"United States",N/A,20260306,,"e8d3b333-fc94-4adb-91b3-08ee8ee99250~8c50a3e8-111f-4262-b5eb-54b8442e9ce5~16~1772840752414"
"United States",N/A,20260306,,"e8d3b333-fc94-4adb-91b3-08ee8ee99250~8c50a3e8-111f-4262-b5eb-54b8442e9ce5~16~1772840752414"
"United States",N/A,20260306,,"e8d3b333-fc94-4adb-91b3-08ee8ee99250~8c50a3e8-111f-4262-b5eb-54b8442e9ce5~16~1772840752414"
"United States",N/A,20260306,,"162996d4-ffaa-48ff-bc6b-23e78ad6eba2~0211fe81-0851-4dcc-b17a-d8f88ae95bda~16~1772810517278"
"United States",N/A,20260306,"FUSE.ForYou.Module.Recently.Played","e79383f6-73b8-4d01-88af-757271151d42~69232e1e-549e-498b-adfe-0bf16e7123f7~16~1772806482894"
"United States",N/A,20260306,"FUSE.ForYou.Module.Recently.Played","e79383f6-73b8-4d01-88af-757271151d42~69232e1e-549e-498b-adfe-0bf16e7123f7~16~1772806482894"
"United States",N/A,20260306,"FUSE.ForYou.Module.Recently.Played","e79383f6-73b8-4d01-88af-757271151d42~69232e1e-549e-498b-adfe-0bf16e7123f7~16~1772806482894"
"United States",N/A,20260306,,"162996d4-ffaa-48ff-bc6b-23e78ad6eba2~0211fe81-0851-4dcc-b17a-d8f88ae95bda~16~1772810517278"
"United States",N/A,20260306,,"162996d4-ffaa-48ff-bc6b-23e78ad6eba2~0211fe81-0851-4dcc-b17a-d8f88ae95bda~16~1772810517278"
"United States",N/A,20260306,,"162996d4-ffaa-48ff-bc6b-23e78ad6eba2~0211fe81-0851-4dcc-b17a-d8f88ae95bda~16~1772810517278"
"United States",N/A,20260306,,"162996d4-ffaa-48ff-bc6b-23e78ad6eba2~0211fe81-0851-4dcc-b17a-d8f88ae95bda~16~1772810517278"
"United States",N/A,20260306,,"162996d4-ffaa-48ff-bc6b-23e78ad6eba2~0211fe81-0851-4dcc-b17a-d8f88ae95bda~16~1772810517278"
"United States",N/A,20260306,,"162996d4-ffaa-48ff-bc6b-23e78ad6eba2~0211fe81-0851-4dcc-b17a-d8f88ae95bda~16~1772810517278"
"United States",N/A,20260306,FY.Module.TopPicks,"e79383f6-73b8-4d01-88af-757271151d42~8ca4caa9-489a-4991-ac45-fff3ee7554ef~24~1772806482906"
"United States",N/A,20260306,,"162996d4-ffaa-48ff-bc6b-23e78ad6eba2~0211fe81-0851-4dcc-b17a-d8f88ae95bda~16~1772810517278"
"United States",N/A,20260306,,"162996d4-ffaa-48ff-bc6b-23e78ad6eba2~0211fe81-0851-4dcc-b17a-d8f88ae95bda~16~1772810517278"
"United States",N/A,20260306,FY.Module.TopPicks,"e79383f6-73b8-4d01-88af-757271151d42~8ca4caa9-489a-4991-ac45-fff3ee7554ef~24~1772806482906"
"United States","SZA Radio",20260306,FY.Module.TopPicks,"e79383f6-73b8-4d01-88af-757271151d42~8ca4caa9-489a-4991-ac45-fff3ee7554ef~24~1772806482906"
"United States",N/A,20260306,"FUSE.ForYou.Module.Recently.Played","e79383f6-73b8-4d01-88af-757271151d42~69232e1e-549e-498b-adfe-0bf16e7123f7~16~1772806482894"
"United States",N/A,20260306,"FUSE.ForYou.Module.Recently.Played","e79383f6-73b8-4d01-88af-757271151d42~69232e1e-549e-498b-adfe-0bf16e7123f7~16~1772806482894"
"United States",N/A,20260306,"FUSE.ForYou.Module.Recently.Played","e79383f6-73b8-4d01-88af-757271151d42~69232e1e-549e-498b-adfe-0bf16e7123f7~16~1772806482894"
"United States",N/A,20260306,FY.Module.MadeForYou,"e79383f6-73b8-4d01-88af-757271151d42~31e3afb5-f1fa-411b-8cdd-17c9a81a0cff~14~1772806482894"
"United States",N/A,20260306,FY.Module.MadeForYou,"e79383f6-73b8-4d01-88af-757271151d42~31e3afb5-f1fa-411b-8cdd-17c9a81a0cff~14~1772806482894"
"United States",N/A,20260306,FY.Module.MadeForYou,"e79383f6-73b8-4d01-88af-757271151d42~31e3afb5-f1fa-411b-8cdd-17c9a81a0cff~14~1772806482894"
"United States","Phoebe Bridgers - Punisher",20260306,"FY.Module.SimilarTo.Artist","e79383f6-73b8-4d01-88af-757271151d42~ec723f43-daac-438c-a9c3-cd5c64cae04b~11~1772806483161"
"United States","Tate McRae - you broke me first - Single",20260306,"FY.Module.SimilarTo.Artist","e79383f6-73b8-4d01-88af-757271151d42~ec723f43-daac-438c-a9c3-cd5c64cae04b~11~1772806483161"
"United States","Reneé Rapp - BITE ME",20260306,"FY.Module.SimilarTo.Artist","e79383f6-73b8-4d01-88af-757271151d42~ec723f43-daac-438c-a9c3-cd5c64cae04b~11~1772806483161"
"United States",N/A,20260306,"FY.Module.SimilarTo.Artist","e79383f6-73b8-4d01-88af-757271151d42~ec723f43-daac-438c-a9c3-cd5c64cae04b~11~1772806483161"
"United States","Bleachers - Bleachers",20260306,FY.Module.MoreLike.Album,"e79383f6-73b8-4d01-88af-757271151d42~974f3669-0b70-4414-92c7-9b212250f139~10~1772806483258"
"United States","Reneé Rapp - Snow Angel (Deluxe)",20260306,FY.Module.MoreLike.Album,"e79383f6-73b8-4d01-88af-757271151d42~974f3669-0b70-4414-92c7-9b212250f139~10~1772806483258"
"United States","Lorde - Virgin",20260306,FY.Module.MoreLike.Album,"e79383f6-73b8-4d01-88af-757271151d42~974f3669-0b70-4414-92c7-9b212250f139~10~1772806483258"
"United States",N/A,20260306,FY.Module.MoreLike.Album,"e79383f6-73b8-4d01-88af-757271151d42~974f3669-0b70-4414-92c7-9b212250f139~10~1772806483258"
"United States",N/A,20260306,,"adabf75f-4312-4d40-a4d8-e2c81d79a37b~754a1179-e26f-41d1-aa49-626f20d010ee~16~1772771840561"
"United States","Harry Styles - Kiss All The Time. Disco, Occasionally.",20260306,FY.Module.TopPicks,"37a60bf1-68f6-4444-a19b-03558d9b9cbb~1e0997a8-fb17-4fd6-9414-39956b9866c1~24~1772767285789"
"United States","Taylor Swift & Ely Oaks - Opalite (Ely Oaks Remix) - Single",20260306,FY.Module.TopPicks,"37a60bf1-68f6-4444-a19b-03558d9b9cbb~1e0997a8-fb17-4fd6-9414-39956b9866c1~24~1772767285789"
"United States",N/A,20260306,FY.Module.TopPicks,"37a60bf1-68f6-4444-a19b-03558d9b9cbb~1e0997a8-fb17-4fd6-9414-39956b9866c1~24~1772767285789"
"United States",N/A,20260306,"FUSE.ForYou.Module.Recently.Played","37a60bf1-68f6-4444-a19b-03558d9b9cbb~ab2530da-3124-41ed-af3c-31da30bc48f3~16~1772767285775"
"United States",N/A,20260306,"FUSE.ForYou.Module.Recently.Played","37a60bf1-68f6-4444-a19b-03558d9b9cbb~ab2530da-3124-41ed-af3c-31da30bc48f3~16~1772767285775"
"United States",N/A,20260306,"FUSE.ForYou.Module.Recently.Played","37a60bf1-68f6-4444-a19b-03558d9b9cbb~ab2530da-3124-41ed-af3c-31da30bc48f3~16~1772767285775"
"United States",N/A,20260306,"FUSE.ForYou.Module.Recently.Played","37a60bf1-68f6-4444-a19b-03558d9b9cbb~ab2530da-3124-41ed-af3c-31da30bc48f3~16~1772767285775"
"United States",N/A,20260306,,"02deb415-5c09-42b3-87b5-96b3b60a0885~5b7cbd01-c726-494f-972f-8fd557cfb7d9~16~1772768357773"
"United States","aespa - ATTITUDE - Single",20260306,FY.Module.TopPicks,"37a60bf1-68f6-4444-a19b-03558d9b9cbb~1e0997a8-fb17-4fd6-9414-39956b9866c1~24~1772767285789"
"United States",N/A,20260305,FY.Module.TopPicks,"53d15379-d7a0-4693-9c17-3356da854ec6~7ad1fe79-3981-4e28-b5aa-b2c88197d33f~24~1772732234855"
"United States",N/A,20260305,,"d0822b20-40ce-428a-a1ab-2793de4bfeb1~5565f4b7-fce2-4502-ba4e-fc78b38ef066~16~1772751315635"
"United States",N/A,20260305,,"8d57f29a-c558-4570-9b56-174adf13cce0~d67ef746-1025-4bc6-a271-be56d2306320~16~1772754496814"
"United States",N/A,20260305,FY.Module.TopPicks,"53d15379-d7a0-4693-9c17-3356da854ec6~7ad1fe79-3981-4e28-b5aa-b2c88197d33f~24~1772732234855"
"United States",N/A,20260305,,"d0822b20-40ce-428a-a1ab-2793de4bfeb1~5565f4b7-fce2-4502-ba4e-fc78b38ef066~16~1772751315635"
"United States",N/A,20260305,FY.Module.TopPicks,"53d15379-d7a0-4693-9c17-3356da854ec6~7ad1fe79-3981-4e28-b5aa-b2c88197d33f~24~1772732234855"
"United States",N/A,20260305,,"d0822b20-40ce-428a-a1ab-2793de4bfeb1~5565f4b7-fce2-4502-ba4e-fc78b38ef066~16~1772751315635"
"United States",N/A,20260305,,"d0822b20-40ce-428a-a1ab-2793de4bfeb1~5565f4b7-fce2-4502-ba4e-fc78b38ef066~16~1772751315635"
"United States",N/A,20260305,,"37668abd-5d2a-498f-849e-2cd7a2daa3ff~0350677e-5a6b-41a4-a4b8-c523ede515b2~16~1772741604376"
"United States",N/A,20260305,,"37668abd-5d2a-498f-849e-2cd7a2daa3ff~0350677e-5a6b-41a4-a4b8-c523ede515b2~16~1772741604376"
"United States",N/A,20260305,,"37668abd-5d2a-498f-849e-2cd7a2daa3ff~0350677e-5a6b-41a4-a4b8-c523ede515b2~16~1772741604376"
"United States",N/A,20260305,,"37668abd-5d2a-498f-849e-2cd7a2daa3ff~0350677e-5a6b-41a4-a4b8-c523ede515b2~16~1772741604376"
"United States",N/A,20260305,"FUSE.ForYou.Module.Recently.Played","53d15379-d7a0-4693-9c17-3356da854ec6~f55cb08d-37b9-479f-8eea-7fe15c6c0e5f~16~1772732234841"
"United States",N/A,20260305,"FUSE.ForYou.Module.Recently.Played","53d15379-d7a0-4693-9c17-3356da854ec6~f55cb08d-37b9-479f-8eea-7fe15c6c0e5f~16~1772732234841"
"United States",N/A,20260305,,"fdd187bb-9ccf-4c7c-b027-ba26f8be6806~ece1834b-2dda-4b48-b071-c7209470c5ce~16~1772738366094"
"United States",N/A,20260305,"FUSE.ForYou.Module.Recently.Played","53d15379-d7a0-4693-9c17-3356da854ec6~f55cb08d-37b9-479f-8eea-7fe15c6c0e5f~16~1772732234841"
"United States",N/A,20260305,"FUSE.ForYou.Module.Recently.Played","53d15379-d7a0-4693-9c17-3356da854ec6~f55cb08d-37b9-479f-8eea-7fe15c6c0e5f~16~1772732234841"
"United States","Bleachers - Bleachers",20260305,FY.Module.MoreLike.Album,"53d15379-d7a0-4693-9c17-3356da854ec6~4c411464-69b0-4759-8d39-163be4a8b352~10~1772732235059"
"United States","Reneé Rapp - Snow Angel (Deluxe)",20260305,FY.Module.MoreLike.Album,"53d15379-d7a0-4693-9c17-3356da854ec6~4c411464-69b0-4759-8d39-163be4a8b352~10~1772732235059"
"United States","Lorde - Virgin",20260305,FY.Module.MoreLike.Album,"53d15379-d7a0-4693-9c17-3356da854ec6~4c411464-69b0-4759-8d39-163be4a8b352~10~1772732235059"
"United States",N/A,20260305,FY.Module.MoreLike.Album,"53d15379-d7a0-4693-9c17-3356da854ec6~4c411464-69b0-4759-8d39-163be4a8b352~10~1772732235059"
"United States",N/A,20260305,"FUSE.ForYou.Module.Recently.Played","53d15379-d7a0-4693-9c17-3356da854ec6~f55cb08d-37b9-479f-8eea-7fe15c6c0e5f~16~1772732234841"
"United States","Taylor Swift - Red (Taylor's Version) [Video Deluxe]",20260305,"FUSE.ForYou.Module.Recently.Played","53d15379-d7a0-4693-9c17-3356da854ec6~f55cb08d-37b9-479f-8eea-7fe15c6c0e5f~16~1772732234841"
"United States",N/A,20260305,"FUSE.ForYou.Module.Recently.Played","53d15379-d7a0-4693-9c17-3356da854ec6~f55cb08d-37b9-479f-8eea-7fe15c6c0e5f~16~1772732234841"
"United States",N/A,20260305,"FUSE.ForYou.Module.Recently.Played","53d15379-d7a0-4693-9c17-3356da854ec6~f55cb08d-37b9-479f-8eea-7fe15c6c0e5f~16~1772732234841"
"United States",N/A,20260305,"FUSE.ForYou.Module.Recently.Played","53d15379-d7a0-4693-9c17-3356da854ec6~f55cb08d-37b9-479f-8eea-7fe15c6c0e5f~16~1772732234841"
"United States",N/A,20260305,"FUSE.ForYou.Module.Recently.Played","53d15379-d7a0-4693-9c17-3356da854ec6~f55cb08d-37b9-479f-8eea-7fe15c6c0e5f~16~1772732234841"
"United States",N/A,20260305,"FUSE.ForYou.Module.Recently.Played","53d15379-d7a0-4693-9c17-3356da854ec6~f55cb08d-37b9-479f-8eea-7fe15c6c0e5f~16~1772732234841"
"United States",N/A,20260305,"FUSE.ForYou.Module.Recently.Played","53d15379-d7a0-4693-9c17-3356da854ec6~f55cb08d-37b9-479f-8eea-7fe15c6c0e5f~16~1772732234841"
"United States",N/A,20260305,"FUSE.ForYou.Module.Recently.Played","53d15379-d7a0-4693-9c17-3356da854ec6~f55cb08d-37b9-479f-8eea-7fe15c6c0e5f~16~1772732234841"
"United States","Gracie Abrams - Apple Music Live: Gracie Abrams",20260305,FY.Module.TopPicks,"058d1881-1333-4d33-9d17-3f6dcdfcca98~f0f9cce3-4bbe-4ac1-b837-6edbaaec6622~24~1772729152339"
"United States",N/A,20260305,FY.Module.TopPicks,"058d1881-1333-4d33-9d17-3f6dcdfcca98~f0f9cce3-4bbe-4ac1-b837-6edbaaec6622~24~1772729152339"
"United States",N/A,20260305,"FUSE.ForYou.Module.Recently.Played","058d1881-1333-4d33-9d17-3f6dcdfcca98~8b90004d-cb8e-4aec-a164-6d7537ad42d2~16~1772729152328"
"United States",N/A,20260305,"FUSE.ForYou.Module.Recently.Played","058d1881-1333-4d33-9d17-3f6dcdfcca98~8b90004d-cb8e-4aec-a164-6d7537ad42d2~16~1772729152328"
"United States",N/A,20260305,"FUSE.ForYou.Module.Recently.Played","058d1881-1333-4d33-9d17-3f6dcdfcca98~8b90004d-cb8e-4aec-a164-6d7537ad42d2~16~1772729152328"
"United States",N/A,20260305,"FUSE.ForYou.Module.Recently.Played","058d1881-1333-4d33-9d17-3f6dcdfcca98~8b90004d-cb8e-4aec-a164-6d7537ad42d2~16~1772729152328"
"United States",N/A,20260305,FY.Module.TopPicks,"058d1881-1333-4d33-9d17-3f6dcdfcca98~f0f9cce3-4bbe-4ac1-b837-6edbaaec6622~24~1772729152339"
"United States","Mitski - Nothing's About to Happen to Me",20260305,FY.Module.TopPicks,"5b6851a6-f67e-4414-85aa-9e7dfdaf00aa~e56afd58-0d46-42b6-aa9d-e5d025e1ed90~24~1772700351082"
"United States",N/A,20260305,FY.Module.TopPicks,"5b6851a6-f67e-4414-85aa-9e7dfdaf00aa~e56afd58-0d46-42b6-aa9d-e5d025e1ed90~24~1772700351082"
"United States",N/A,20260305,"FUSE.ForYou.Module.Recently.Played","5b6851a6-f67e-4414-85aa-9e7dfdaf00aa~8b16476e-1a2c-4d3a-bc1d-85497ea60b44~16~1772700351066"
"United States",N/A,20260305,"FUSE.ForYou.Module.Recently.Played","5b6851a6-f67e-4414-85aa-9e7dfdaf00aa~8b16476e-1a2c-4d3a-bc1d-85497ea60b44~16~1772700351066"
"United States",N/A,20260305,"FUSE.ForYou.Module.Recently.Played","5b6851a6-f67e-4414-85aa-9e7dfdaf00aa~8b16476e-1a2c-4d3a-bc1d-85497ea60b44~16~1772700351066"
"United States",N/A,20260305,FY.Module.TopPicks,"5b6851a6-f67e-4414-85aa-9e7dfdaf00aa~e56afd58-0d46-42b6-aa9d-e5d025e1ed90~24~1772700351082"
"United States",N/A,20260305,FY.Module.MoreLike.Album,"5b6851a6-f67e-4414-85aa-9e7dfdaf00aa~7c256a67-5b7b-4e72-bf9e-b218d953e568~10~1772700351252"
"United States","Olivia Rodrigo - GUTS (spilled)",20260305,FY.Module.MoreLike.Album,"5b6851a6-f67e-4414-85aa-9e7dfdaf00aa~7c256a67-5b7b-4e72-bf9e-b218d953e568~10~1772700351252"
"United States","Ed Sheeran - Play (Extended Edition)",20260305,FY.Module.MoreLike.Album,"5b6851a6-f67e-4414-85aa-9e7dfdaf00aa~7c256a67-5b7b-4e72-bf9e-b218d953e568~10~1772700351252"
"United States","Bleachers - everyone for ten minutes",20260305,FY.Module.MoreLike.Album,"5b6851a6-f67e-4414-85aa-9e7dfdaf00aa~7c256a67-5b7b-4e72-bf9e-b218d953e568~10~1772700351252"
"United States",N/A,20260305,"FUSE.ForYou.Module.Recently.Played","5b6851a6-f67e-4414-85aa-9e7dfdaf00aa~8b16476e-1a2c-4d3a-bc1d-85497ea60b44~16~1772700351066"
"United States",N/A,20260305,"FUSE.ForYou.Module.Recently.Played","5b6851a6-f67e-4414-85aa-9e7dfdaf00aa~8b16476e-1a2c-4d3a-bc1d-85497ea60b44~16~1772700351066"
"United States",N/A,20260305,"FUSE.ForYou.Module.Recently.Played","5b6851a6-f67e-4414-85aa-9e7dfdaf00aa~8b16476e-1a2c-4d3a-bc1d-85497ea60b44~16~1772700351066"
"United States",N/A,20260305,"FUSE.ForYou.Module.Recently.Played","5b6851a6-f67e-4414-85aa-9e7dfdaf00aa~8b16476e-1a2c-4d3a-bc1d-85497ea60b44~16~1772700351066"
"United States",N/A,20260305,"FUSE.ForYou.Module.Recently.Played","5b6851a6-f67e-4414-85aa-9e7dfdaf00aa~8b16476e-1a2c-4d3a-bc1d-85497ea60b44~16~1772700351066"
"United States",N/A,20260305,"FUSE.ForYou.Module.Recently.Played","5b6851a6-f67e-4414-85aa-9e7dfdaf00aa~8b16476e-1a2c-4d3a-bc1d-85497ea60b44~16~1772700351066"
"United States","TAEYEON - To. X - The 5th Mini Album - EP",20260305,FY.Module.Genre,"5b6851a6-f67e-4414-85aa-9e7dfdaf00aa~7082d5a0-ad52-4b24-8b74-206ea7c1882a~27~1772700351208"
"United States","Red Velvet - Cosmic",20260305,FY.Module.Genre,"5b6851a6-f67e-4414-85aa-9e7dfdaf00aa~7082d5a0-ad52-4b24-8b74-206ea7c1882a~27~1772700351208"
"United States","aespa - Armageddon - The 1st Album",20260305,FY.Module.Genre,"5b6851a6-f67e-4414-85aa-9e7dfdaf00aa~7082d5a0-ad52-4b24-8b74-206ea7c1882a~27~1772700351208"
"United States",N/A,20260305,FY.Module.Genre,"5b6851a6-f67e-4414-85aa-9e7dfdaf00aa~7082d5a0-ad52-4b24-8b74-206ea7c1882a~27~1772700351208"
"United States",N/A,20260305,"FUSE.ForYou.Module.Recently.Played","5b6851a6-f67e-4414-85aa-9e7dfdaf00aa~8b16476e-1a2c-4d3a-bc1d-85497ea60b44~16~1772700351066"
"United States","Taylor Swift - The Life of a Showgirl",20260304,FY.Module.TopPicks,"cc686a09-c8b0-429d-b44a-65987aebeae7~be2453ab-f19b-4163-8db4-4a0af2d027a6~24~1772608063743"
"United States",N/A,20260304,FY.Module.TopPicks,"cc686a09-c8b0-429d-b44a-65987aebeae7~be2453ab-f19b-4163-8db4-4a0af2d027a6~24~1772608063743"
"United States",N/A,20260304,FY.Module.TopPicks,"cc686a09-c8b0-429d-b44a-65987aebeae7~be2453ab-f19b-4163-8db4-4a0af2d027a6~24~1772608063743"
"United States",N/A,20260304,"FUSE.ForYou.Module.Recently.Played","cc686a09-c8b0-429d-b44a-65987aebeae7~6272e7c7-f410-4a30-9d09-16aee1cc735d~16~1772608063724"
"United States",N/A,20260304,"FUSE.ForYou.Module.Recently.Played","cc686a09-c8b0-429d-b44a-65987aebeae7~6272e7c7-f410-4a30-9d09-16aee1cc735d~16~1772608063724"
"United States",N/A,20260304,"FUSE.ForYou.Module.Recently.Played","cc686a09-c8b0-429d-b44a-65987aebeae7~6272e7c7-f410-4a30-9d09-16aee1cc735d~16~1772608063724"
"United States",N/A,20260304,"FUSE.ForYou.Module.Recently.Played","cc686a09-c8b0-429d-b44a-65987aebeae7~6272e7c7-f410-4a30-9d09-16aee1cc735d~16~1772608063724"
"United States",N/A,20260304,"FUSE.ForYou.Module.Recently.Played","92abc911-6fec-479b-9600-2029266dc791~13b48e16-dd8d-491a-8293-dd126a285e20~16~1772585861363"
"United States",N/A,20260304,"FUSE.ForYou.Module.Recently.Played","92abc911-6fec-479b-9600-2029266dc791~13b48e16-dd8d-491a-8293-dd126a285e20~16~1772585861363"
"United States",N/A,20260304,"FUSE.ForYou.Module.Recently.Played","92abc911-6fec-479b-9600-2029266dc791~13b48e16-dd8d-491a-8293-dd126a285e20~16~1772585861363"
"United States",N/A,20260304,"FUSE.ForYou.Module.Recently.Played","92abc911-6fec-479b-9600-2029266dc791~13b48e16-dd8d-491a-8293-dd126a285e20~16~1772585861363"
"United States",N/A,20260304,FY.Module.TopPicks,"92abc911-6fec-479b-9600-2029266dc791~2d055d38-a572-40aa-b8b1-a12e035c1494~24~1772585861374"
"United States",N/A,20260304,FY.Module.TopPicks,"92abc911-6fec-479b-9600-2029266dc791~2d055d38-a572-40aa-b8b1-a12e035c1494~24~1772585861374"
"United States",N/A,20260304,FY.Module.TopPicks,"92abc911-6fec-479b-9600-2029266dc791~2d055d38-a572-40aa-b8b1-a12e035c1494~24~1772585861374"
"United States",N/A,20260303,"FUSE.ForYou.Module.Recently.Played","e0232238-b8fb-4beb-8746-9142b196c6dc~154fbaaa-b6cb-40b6-90d4-02de9e2e3778~16~1772573319237"
"United States",N/A,20260303,,"cccdb87f-2773-4ef0-868a-1fe6801aa4a7~6c76794b-083b-416d-b3f8-a03419ed9457~16~1772577911461"
"United States","Taylor Swift - Red (Taylor's Version) [Video Deluxe]",20260303,"FUSE.ForYou.Module.Recently.Played","e0232238-b8fb-4beb-8746-9142b196c6dc~154fbaaa-b6cb-40b6-90d4-02de9e2e3778~16~1772573319237"
"United States",N/A,20260303,,"acaa8f9b-0bea-49f8-9b57-550c46d21761~57e8d49a-9986-47f9-9225-07f52f212c7f~16~1772577943630"
"United States",N/A,20260303,,"acaa8f9b-0bea-49f8-9b57-550c46d21761~57e8d49a-9986-47f9-9225-07f52f212c7f~16~1772577943630"
"United States",N/A,20260303,,"aaccf14a-ec25-4645-8a7e-ea11c0e83bd7~79bdcda1-2501-46b5-b784-9d076da9cf23~16~1772577921311"
"United States",N/A,20260303,FY.Module.TopPicks,"e0232238-b8fb-4beb-8746-9142b196c6dc~ded92842-0f6a-40bc-8f74-7662ffbedfb3~24~1772573319259"
"United States",N/A,20260303,"FUSE.ForYou.Module.Recently.Played","e0232238-b8fb-4beb-8746-9142b196c6dc~154fbaaa-b6cb-40b6-90d4-02de9e2e3778~16~1772573319237"
"United States",N/A,20260303,FY.Module.TopPicks,"e0232238-b8fb-4beb-8746-9142b196c6dc~ded92842-0f6a-40bc-8f74-7662ffbedfb3~24~1772573319259"
"United States",N/A,20260303,FY.Module.TopPicks,"e0232238-b8fb-4beb-8746-9142b196c6dc~ded92842-0f6a-40bc-8f74-7662ffbedfb3~24~1772573319259"
"United States",N/A,20260303,"FUSE.ForYou.Module.Recently.Played","e0232238-b8fb-4beb-8746-9142b196c6dc~154fbaaa-b6cb-40b6-90d4-02de9e2e3778~16~1772573319237"
"United States",N/A,20260303,,"aaccf14a-ec25-4645-8a7e-ea11c0e83bd7~79bdcda1-2501-46b5-b784-9d076da9cf23~16~1772577921311"
"United States",N/A,20260303,FY.Module.MoreLike.Album,"5bb29ad1-b991-49b7-a0c1-7987ec6e7f58~e1274368-e86e-4925-99aa-0b1f4f142181~10~1772538411597"
"United States","Taylor Swift - Red (Taylor's Version) [Video Deluxe]",20260303,,"70766dd9-c0b8-4118-a91d-fd4f8a69b4bd~057cc82b-0e88-466b-99c1-3adcd4f430a5~16~1772549998952"
"United States","John Summit - Experts Only #018 (DJ Mix)",20260303,FY.Module.TopPicks,"5bb29ad1-b991-49b7-a0c1-7987ec6e7f58~6158c62b-b41b-4373-a093-2bb41b6a70c9~24~1772538411487"
"United States",N/A,20260303,,"70766dd9-c0b8-4118-a91d-fd4f8a69b4bd~057cc82b-0e88-466b-99c1-3adcd4f430a5~16~1772549998952"
"United States",N/A,20260303,,"70766dd9-c0b8-4118-a91d-fd4f8a69b4bd~057cc82b-0e88-466b-99c1-3adcd4f430a5~16~1772549998952"
"United States",N/A,20260303,,"70766dd9-c0b8-4118-a91d-fd4f8a69b4bd~057cc82b-0e88-466b-99c1-3adcd4f430a5~16~1772549998952"
"United States",N/A,20260303,FY.Module.TopPicks,"5bb29ad1-b991-49b7-a0c1-7987ec6e7f58~6158c62b-b41b-4373-a093-2bb41b6a70c9~24~1772538411487"
"United States",N/A,20260303,FY.Module.TopPicks,"5bb29ad1-b991-49b7-a0c1-7987ec6e7f58~6158c62b-b41b-4373-a093-2bb41b6a70c9~24~1772538411487"
"United States","Phoebe Bridgers - Copycat Killer (feat. Rob Moose) - EP",20260303,FY.Module.MoreLike.Album,"5bb29ad1-b991-49b7-a0c1-7987ec6e7f58~e1274368-e86e-4925-99aa-0b1f4f142181~10~1772538411597"
"United States","Bleachers - Take the Sadness Out of Saturday Night",20260303,FY.Module.MoreLike.Album,"5bb29ad1-b991-49b7-a0c1-7987ec6e7f58~e1274368-e86e-4925-99aa-0b1f4f142181~10~1772538411597"
"United States","Harry Styles - Harry's House",20260303,FY.Module.MoreLike.Album,"5bb29ad1-b991-49b7-a0c1-7987ec6e7f58~e1274368-e86e-4925-99aa-0b1f4f142181~10~1772538411597"
"United States",N/A,20260303,,"70766dd9-c0b8-4118-a91d-fd4f8a69b4bd~057cc82b-0e88-466b-99c1-3adcd4f430a5~16~1772549998952"
"United States","Taylor Swift - Red (Taylor's Version) [Video Deluxe]",20260303,"FUSE.ForYou.Module.Recently.Played","5bb29ad1-b991-49b7-a0c1-7987ec6e7f58~c9085efd-47be-466a-a194-ece9d97acc3d~16~1772538411476"
"United States",N/A,20260303,"FUSE.ForYou.Module.Recently.Played","5bb29ad1-b991-49b7-a0c1-7987ec6e7f58~c9085efd-47be-466a-a194-ece9d97acc3d~16~1772538411476"
"United States",N/A,20260303,"FUSE.ForYou.Module.Recently.Played","5bb29ad1-b991-49b7-a0c1-7987ec6e7f58~c9085efd-47be-466a-a194-ece9d97acc3d~16~1772538411476"
"United States",N/A,20260303,"FUSE.ForYou.Module.Recently.Played","5bb29ad1-b991-49b7-a0c1-7987ec6e7f58~c9085efd-47be-466a-a194-ece9d97acc3d~16~1772538411476"
"United States",N/A,20260303,,"27829b10-cd67-4425-bf7a-8d6861c99a12"
"United States",N/A,20260303,FY.Module.YourFavorites,"ac49f728-c608-4ed4-b567-b42988c0b438~6a0388e8-27d8-42bc-88a8-20df0c35e3b6~6~1772524409593"
"United States",N/A,20260303,FY.Module.ReplayMixes,"ac49f728-c608-4ed4-b567-b42988c0b438~02321f82-c419-42bd-b14f-3e66eb3c07bc~20~1772524409610"
"United States",N/A,20260303,FY.Module.ReplayMixes,"ac49f728-c608-4ed4-b567-b42988c0b438~02321f82-c419-42bd-b14f-3e66eb3c07bc~20~1772524409610"
"United States",N/A,20260303,FY.Module.ReplayMixes,"ac49f728-c608-4ed4-b567-b42988c0b438~02321f82-c419-42bd-b14f-3e66eb3c07bc~20~1772524409610"
"United States",N/A,20260303,FY.Module.YourFavorites,"ac49f728-c608-4ed4-b567-b42988c0b438~6a0388e8-27d8-42bc-88a8-20df0c35e3b6~6~1772524409593"
"United States",N/A,20260303,FY.Module.YourFavorites,"ac49f728-c608-4ed4-b567-b42988c0b438~6a0388e8-27d8-42bc-88a8-20df0c35e3b6~6~1772524409593"
"United States",N/A,20260303,FY.Module.YourFavorites,"ac49f728-c608-4ed4-b567-b42988c0b438~6a0388e8-27d8-42bc-88a8-20df0c35e3b6~6~1772524409593"
"United States",N/A,20260303,FY.Module.ReplayMixes,"ac49f728-c608-4ed4-b567-b42988c0b438~02321f82-c419-42bd-b14f-3e66eb3c07bc~20~1772524409610"
"United States","Taylor Swift - Lover",20260303,"FY.Module.SimilarTo.Artist","ac49f728-c608-4ed4-b567-b42988c0b438~23d59404-8f54-4749-8f4a-25ab56ea713a~11~1772524409816"
"United States","Phoebe Bridgers - Punisher",20260303,"FY.Module.SimilarTo.Artist","ac49f728-c608-4ed4-b567-b42988c0b438~23d59404-8f54-4749-8f4a-25ab56ea713a~11~1772524409816"
"United States","Tate McRae - you broke me first - Single",20260303,"FY.Module.SimilarTo.Artist","ac49f728-c608-4ed4-b567-b42988c0b438~23d59404-8f54-4749-8f4a-25ab56ea713a~11~1772524409816"
"United States",N/A,20260303,"FY.Module.SimilarTo.Artist","ac49f728-c608-4ed4-b567-b42988c0b438~23d59404-8f54-4749-8f4a-25ab56ea713a~11~1772524409816"
"United States","Nana Ou-yang - NANA II - Single",20260303,FY.Module.Genre,"ac49f728-c608-4ed4-b567-b42988c0b438~702ecf6b-1189-454b-909a-df68935da9c3~27~1772524409718"
"United States","鄧紫棋 - T.I.M.E. - EP",20260303,FY.Module.Genre,"ac49f728-c608-4ed4-b567-b42988c0b438~702ecf6b-1189-454b-909a-df68935da9c3~27~1772524409718"
"United States",N/A,20260303,FY.Module.Genre,"ac49f728-c608-4ed4-b567-b42988c0b438~702ecf6b-1189-454b-909a-df68935da9c3~27~1772524409718"
"United States",N/A,20260303,FY.Module.Genre,"ac49f728-c608-4ed4-b567-b42988c0b438~702ecf6b-1189-454b-909a-df68935da9c3~27~1772524409718"
"United States","Zara Larsson - Lush Life (The Remixes) - EP",20260303,"FY.Module.MoreFrom.Artist","ac49f728-c608-4ed4-b567-b42988c0b438~66e690e1-44ac-400a-8aa1-36e3a51b767f~8~1772524409841"
"United States","Zara Larsson - Midnight Sun",20260303,"FY.Module.MoreFrom.Artist","ac49f728-c608-4ed4-b567-b42988c0b438~66e690e1-44ac-400a-8aa1-36e3a51b767f~8~1772524409841"
"United States","Zara Larsson - Uncover - EP",20260303,"FY.Module.MoreFrom.Artist","ac49f728-c608-4ed4-b567-b42988c0b438~66e690e1-44ac-400a-8aa1-36e3a51b767f~8~1772524409841"
"United States",N/A,20260303,"FY.Module.MoreFrom.Artist","ac49f728-c608-4ed4-b567-b42988c0b438~66e690e1-44ac-400a-8aa1-36e3a51b767f~8~1772524409841"
"United States","Arsy Widianto & Tiara Andini - ArTi Semestinya Cinta - EP",20260303,FY.Module.Genre,"ac49f728-c608-4ed4-b567-b42988c0b438~8b4bcf44-6234-4ad1-b62e-196426b6dd82~27~1772524409718"
"United States","Raisa - ambiVert",20260303,FY.Module.Genre,"ac49f728-c608-4ed4-b567-b42988c0b438~8b4bcf44-6234-4ad1-b62e-196426b6dd82~27~1772524409718"
"United States",N/A,20260303,FY.Module.Genre,"ac49f728-c608-4ed4-b567-b42988c0b438~8b4bcf44-6234-4ad1-b62e-196426b6dd82~27~1772524409718"
"United States",N/A,20260303,FY.Module.Genre,"ac49f728-c608-4ed4-b567-b42988c0b438~8b4bcf44-6234-4ad1-b62e-196426b6dd82~27~1772524409718"
"United States","Elyse Myers - Wall Work",20260303,FY.Module.Genre,"ac49f728-c608-4ed4-b567-b42988c0b438~38fbd805-041f-4069-bbb8-631e56356e1a~27~1772524409718"
"United States","Deana Carter - Did I Shave My Legs For This? (25th Anniversary Edition)",20260303,FY.Module.Genre,"ac49f728-c608-4ed4-b567-b42988c0b438~38fbd805-041f-4069-bbb8-631e56356e1a~27~1772524409718"
"United States","Avery Anna - let go letters",20260303,FY.Module.Genre,"ac49f728-c608-4ed4-b567-b42988c0b438~38fbd805-041f-4069-bbb8-631e56356e1a~27~1772524409718"
"United States",N/A,20260303,FY.Module.Genre,"ac49f728-c608-4ed4-b567-b42988c0b438~38fbd805-041f-4069-bbb8-631e56356e1a~27~1772524409718"
"United States","Olivia Rodrigo - drivers license - Single",20260303,"FY.Module.SimilarTo.Artist","ac49f728-c608-4ed4-b567-b42988c0b438~86922286-4ce8-4fb5-82ae-89376bc88c44~11~1772524409789"
"United States",N/A,20260303,"FY.Module.SimilarTo.Artist","ac49f728-c608-4ed4-b567-b42988c0b438~86922286-4ce8-4fb5-82ae-89376bc88c44~11~1772524409789"
"United States",N/A,20260303,"FY.Module.SimilarTo.Artist","ac49f728-c608-4ed4-b567-b42988c0b438~86922286-4ce8-4fb5-82ae-89376bc88c44~11~1772524409789"
"United States",N/A,20260303,"FY.Module.SimilarTo.Artist","ac49f728-c608-4ed4-b567-b42988c0b438~86922286-4ce8-4fb5-82ae-89376bc88c44~11~1772524409789"
"United States","Ed Sheeran - Autumn Variations",20260303,FY.Module.Genre,"ac49f728-c608-4ed4-b567-b42988c0b438~7e7c40a4-ce69-4f87-aaad-3f49dbcc1550~27~1772524409718"
"United States",N/A,20260303,FY.Module.Genre,"ac49f728-c608-4ed4-b567-b42988c0b438~7e7c40a4-ce69-4f87-aaad-3f49dbcc1550~27~1772524409718"
"United States",N/A,20260303,FY.Module.Genre,"ac49f728-c608-4ed4-b567-b42988c0b438~7e7c40a4-ce69-4f87-aaad-3f49dbcc1550~27~1772524409718"
"United States",N/A,20260303,FY.Module.Genre,"ac49f728-c608-4ed4-b567-b42988c0b438~7e7c40a4-ce69-4f87-aaad-3f49dbcc1550~27~1772524409718"
"United States","Red Velvet - ‘The ReVe Festival 2022 - Birthday’ - EP",20260303,FY.Module.Genre,"ac49f728-c608-4ed4-b567-b42988c0b438~e29fda5e-71db-4081-9c50-4b2619cb7582~27~1772524409718"
"United States","TWICE - ONE SPARK - EP",20260303,FY.Module.Genre,"ac49f728-c608-4ed4-b567-b42988c0b438~e29fda5e-71db-4081-9c50-4b2619cb7582~27~1772524409718"
"United States","aespa - SYNK : PARALLEL LINE - Special Digital Single - EP",20260303,FY.Module.Genre,"ac49f728-c608-4ed4-b567-b42988c0b438~e29fda5e-71db-4081-9c50-4b2619cb7582~27~1772524409718"
"United States",N/A,20260303,FY.Module.Genre,"ac49f728-c608-4ed4-b567-b42988c0b438~e29fda5e-71db-4081-9c50-4b2619cb7582~27~1772524409718"
"United States","Phoebe Bridgers - Stranger in the Alps (Deluxe Edition)",20260303,FY.Module.Genre,"ac49f728-c608-4ed4-b567-b42988c0b438~34859d33-dd75-42c6-98ac-2c0a310f3d45~27~1772524409718"
"United States","The National - First Two Pages of Frankenstein",20260303,FY.Module.Genre,"ac49f728-c608-4ed4-b567-b42988c0b438~34859d33-dd75-42c6-98ac-2c0a310f3d45~27~1772524409718"
"United States","Billie Eilish - HIT ME HARD AND SOFT",20260303,FY.Module.Genre,"ac49f728-c608-4ed4-b567-b42988c0b438~34859d33-dd75-42c6-98ac-2c0a310f3d45~27~1772524409718"
"United States",N/A,20260303,FY.Module.Genre,"ac49f728-c608-4ed4-b567-b42988c0b438~34859d33-dd75-42c6-98ac-2c0a310f3d45~27~1772524409718"
"United States","BLACKPINK - DEADLINE - EP",20260303,"FUSE.ForYou.Module.Album.New","ac49f728-c608-4ed4-b567-b42988c0b438~a06a8a37-6160-4c2d-8b49-e3d7494e767f~15~1772524409613"
"United States","aespa & Anderson .Paak - Keychain (FROM THE FILM K-POPS!) - Single",20260303,"FUSE.ForYou.Module.Album.New","ac49f728-c608-4ed4-b567-b42988c0b438~a06a8a37-6160-4c2d-8b49-e3d7494e767f~15~1772524409613"
"United States","Vivienne Artur - TV Dinner - EP",20260303,"FUSE.ForYou.Module.Album.New","ac49f728-c608-4ed4-b567-b42988c0b438~a06a8a37-6160-4c2d-8b49-e3d7494e767f~15~1772524409613"
"United States",N/A,20260303,"FUSE.ForYou.Module.Album.New","ac49f728-c608-4ed4-b567-b42988c0b438~a06a8a37-6160-4c2d-8b49-e3d7494e767f~15~1772524409613"
"United States",N/A,20260303,FY.Module.MoodsForYou,"ac49f728-c608-4ed4-b567-b42988c0b438~599d53ae-7151-48a3-b1de-4471586bcaa6~33~1772524409593"
"United States",N/A,20260303,FY.Module.MoodsForYou,"ac49f728-c608-4ed4-b567-b42988c0b438~599d53ae-7151-48a3-b1de-4471586bcaa6~33~1772524409593"
"United States",N/A,20260303,FY.Module.MoodsForYou,"ac49f728-c608-4ed4-b567-b42988c0b438~599d53ae-7151-48a3-b1de-4471586bcaa6~33~1772524409593"
"United States",N/A,20260303,FY.Module.MoodsForYou,"ac49f728-c608-4ed4-b567-b42988c0b438~599d53ae-7151-48a3-b1de-4471586bcaa6~33~1772524409593"
"United States","Zara Larsson Radio",20260303,FY.Module.StationsForYou,"ac49f728-c608-4ed4-b567-b42988c0b438~11866ea4-f1a3-4b26-a325-45e24db171c7~21~1772524409590"
"United States",N/A,20260303,FY.Module.StationsForYou,"ac49f728-c608-4ed4-b567-b42988c0b438~11866ea4-f1a3-4b26-a325-45e24db171c7~21~1772524409590"
"United States",N/A,20260303,FY.Module.StationsForYou,"ac49f728-c608-4ed4-b567-b42988c0b438~11866ea4-f1a3-4b26-a325-45e24db171c7~21~1772524409590"
"United States",N/A,20260303,FY.Module.StationsForYou,"ac49f728-c608-4ed4-b567-b42988c0b438~11866ea4-f1a3-4b26-a325-45e24db171c7~21~1772524409590"
"United States",N/A,20260303,FY.Module.MadeForYou,"ac49f728-c608-4ed4-b567-b42988c0b438~aaadec8c-b3b6-4b2c-bad1-59fb5b0fbe98~14~1772524409594"
"United States",N/A,20260303,FY.Module.MadeForYou,"ac49f728-c608-4ed4-b567-b42988c0b438~aaadec8c-b3b6-4b2c-bad1-59fb5b0fbe98~14~1772524409594"
"United States",N/A,20260303,FY.Module.MadeForYou,"ac49f728-c608-4ed4-b567-b42988c0b438~aaadec8c-b3b6-4b2c-bad1-59fb5b0fbe98~14~1772524409594"
"United States","Miky Woodz - Los 90 Piketes",20260303,FY.Module.MoreLike.Album,"ac49f728-c608-4ed4-b567-b42988c0b438~1fefe9d6-84fd-4068-85d4-fb4e551b8923~10~1772524409768"
"United States","Nio García & Casper Mágico - Now Or Never",20260303,FY.Module.MoreLike.Album,"ac49f728-c608-4ed4-b567-b42988c0b438~1fefe9d6-84fd-4068-85d4-fb4e551b8923~10~1772524409768"
"United States","J Balvin - Summer Vacation - EP",20260303,FY.Module.MoreLike.Album,"ac49f728-c608-4ed4-b567-b42988c0b438~1fefe9d6-84fd-4068-85d4-fb4e551b8923~10~1772524409768"
"United States",N/A,20260303,FY.Module.MoreLike.Album,"ac49f728-c608-4ed4-b567-b42988c0b438~1fefe9d6-84fd-4068-85d4-fb4e551b8923~10~1772524409768"
"United States","Olivia Rodrigo - GUTS",20260303,FY.Module.Genre,"ac49f728-c608-4ed4-b567-b42988c0b438~7ba9d8ee-9bb9-42da-aeb8-837da8d9a0d2~27~1772524409718"
"United States","Zara Larsson - Lush Life (The Remixes) - EP",20260303,FY.Module.TopPicks,"ac49f728-c608-4ed4-b567-b42988c0b438~0d91997e-6e18-40fb-802c-3b52b13ca13f~24~1772524409608"
"United States",N/A,20260303,FY.Module.TopPicks,"ac49f728-c608-4ed4-b567-b42988c0b438~0d91997e-6e18-40fb-802c-3b52b13ca13f~24~1772524409608"
"United States",N/A,20260303,FY.Module.TopPicks,"ac49f728-c608-4ed4-b567-b42988c0b438~0d91997e-6e18-40fb-802c-3b52b13ca13f~24~1772524409608"
"United States","Taylor Swift - Red (Taylor's Version) [Video Deluxe]",20260303,"FUSE.ForYou.Module.Recently.Played","ac49f728-c608-4ed4-b567-b42988c0b438~5798ff8b-4798-4305-9142-10daf80784ee~16~1772524409594"
"United States",N/A,20260303,"FUSE.ForYou.Module.Recently.Played","ac49f728-c608-4ed4-b567-b42988c0b438~5798ff8b-4798-4305-9142-10daf80784ee~16~1772524409594"
"United States",N/A,20260303,"FUSE.ForYou.Module.Recently.Played","ac49f728-c608-4ed4-b567-b42988c0b438~5798ff8b-4798-4305-9142-10daf80784ee~16~1772524409594"
"United States",N/A,20260303,"FUSE.ForYou.Module.Recently.Played","ac49f728-c608-4ed4-b567-b42988c0b438~5798ff8b-4798-4305-9142-10daf80784ee~16~1772524409594"
"United States","Sabrina Carpenter - Singular Act II",20260303,FY.Module.Genre,"ac49f728-c608-4ed4-b567-b42988c0b438~7ba9d8ee-9bb9-42da-aeb8-837da8d9a0d2~27~1772524409718"
"United States","Tate McRae - SO CLOSE TO WHAT??? (deluxe)",20260303,FY.Module.Genre,"ac49f728-c608-4ed4-b567-b42988c0b438~7ba9d8ee-9bb9-42da-aeb8-837da8d9a0d2~27~1772524409718"
"United States",N/A,20260303,FY.Module.Genre,"ac49f728-c608-4ed4-b567-b42988c0b438~7ba9d8ee-9bb9-42da-aeb8-837da8d9a0d2~27~1772524409718"
"United States","Taylor Swift - Red (Taylor's Version) [Video Deluxe]",20260303,,"c66aa952-4b03-41d0-9bf1-c43a149d8acf~88142655-eae2-4703-8f48-313dbedd5787~16~1772508717514"
"United States","Gracie Abrams - The Secret of Us (Deluxe)",20260303,FY.Module.TopPicks,"490b8961-3748-49c5-8a91-61dc17042459~15705315-37f9-4fb0-8f03-62744058725e~24~1772493071327"
"United States",N/A,20260303,FY.Module.TopPicks,"490b8961-3748-49c5-8a91-61dc17042459~15705315-37f9-4fb0-8f03-62744058725e~24~1772493071327"
"United States",N/A,20260303,,"c66aa952-4b03-41d0-9bf1-c43a149d8acf~88142655-eae2-4703-8f48-313dbedd5787~16~1772508717514"
"United States",N/A,20260303,,"c66aa952-4b03-41d0-9bf1-c43a149d8acf~88142655-eae2-4703-8f48-313dbedd5787~16~1772508717514"
"United States",N/A,20260303,,"c66aa952-4b03-41d0-9bf1-c43a149d8acf~88142655-eae2-4703-8f48-313dbedd5787~16~1772508717514"
"United States",N/A,20260303,FY.Module.TopPicks,"490b8961-3748-49c5-8a91-61dc17042459~15705315-37f9-4fb0-8f03-62744058725e~24~1772493071327"
"United States","Taylor Swift - Red (Taylor's Version) [Video Deluxe]",20260302,"FUSE.ForYou.Module.Recently.Played","490b8961-3748-49c5-8a91-61dc17042459~5d90e509-e97a-433f-8576-afa80043d8e1~16~1772493071296"
"United States",N/A,20260302,"FUSE.ForYou.Module.Recently.Played","490b8961-3748-49c5-8a91-61dc17042459~5d90e509-e97a-433f-8576-afa80043d8e1~16~1772493071296"
"United States",N/A,20260302,"FUSE.ForYou.Module.Recently.Played","490b8961-3748-49c5-8a91-61dc17042459~5d90e509-e97a-433f-8576-afa80043d8e1~16~1772493071296"
"United States",N/A,20260302,"FUSE.ForYou.Module.Recently.Played","490b8961-3748-49c5-8a91-61dc17042459~5d90e509-e97a-433f-8576-afa80043d8e1~16~1772493071296"
"United States","Taylor Swift - folklore: the long pond studio sessions (from the Disney+ special) [deluxe edition]",20260302,FY.Module.TopPicks,"1f9402d2-55c3-4827-a89a-249d68eb1fbb~afa8110d-4649-4fb6-87cc-6fb3874aed84~24~1772473195683"
"United States","Taylor Swift - Red (Taylor's Version) [Video Deluxe]",20260302,,"32182f93-3a3a-4d9d-9bb0-4490fb43f639~d36525b4-2bc7-4d6b-9774-03d86f35698e~16~1772482409342"
"United States",N/A,20260302,FY.Module.TopPicks,"1f9402d2-55c3-4827-a89a-249d68eb1fbb~afa8110d-4649-4fb6-87cc-6fb3874aed84~24~1772473195683"
"United States",N/A,20260302,,"32182f93-3a3a-4d9d-9bb0-4490fb43f639~d36525b4-2bc7-4d6b-9774-03d86f35698e~16~1772482409342"
"United States",N/A,20260302,,"32182f93-3a3a-4d9d-9bb0-4490fb43f639~d36525b4-2bc7-4d6b-9774-03d86f35698e~16~1772482409342"
"United States",N/A,20260302,,"32182f93-3a3a-4d9d-9bb0-4490fb43f639~d36525b4-2bc7-4d6b-9774-03d86f35698e~16~1772482409342"
"United States",N/A,20260302,FY.Module.TopPicks,"1f9402d2-55c3-4827-a89a-249d68eb1fbb~afa8110d-4649-4fb6-87cc-6fb3874aed84~24~1772473195683"
"United States",N/A,20260302,,"d7c9368a-2b8e-497a-a437-74cc92aec8f9~7e8fd8a0-4bc2-45a3-97c7-892399c7e587~16~1772477476083"
"United States","Taylor Swift - Red (Taylor's Version) [Video Deluxe]",20260302,,"d7c9368a-2b8e-497a-a437-74cc92aec8f9~7e8fd8a0-4bc2-45a3-97c7-892399c7e587~16~1772477476083"
"United States",N/A,20260302,,"d7c9368a-2b8e-497a-a437-74cc92aec8f9~7e8fd8a0-4bc2-45a3-97c7-892399c7e587~16~1772477476083"
"United States",N/A,20260302,,"d7c9368a-2b8e-497a-a437-74cc92aec8f9~7e8fd8a0-4bc2-45a3-97c7-892399c7e587~16~1772477476083"
"United States",N/A,20260302,,"d7c9368a-2b8e-497a-a437-74cc92aec8f9~7e8fd8a0-4bc2-45a3-97c7-892399c7e587~16~1772477476083"
"United States",N/A,20260302,FY.Module.TopPicks,"a53aca86-57a5-44af-8f9b-535ec542a48b~6c33830b-bed0-4b86-a880-e41fcd8a8d10~24~1772428475959"
"United States",N/A,20260302,"FUSE.ForYou.Module.Recently.Played","a53aca86-57a5-44af-8f9b-535ec542a48b~8a2cf40d-c90f-4b0e-ac0a-61c4755f6080~16~1772428475924"
"United States",N/A,20260302,"FUSE.ForYou.Module.Recently.Played","a53aca86-57a5-44af-8f9b-535ec542a48b~8a2cf40d-c90f-4b0e-ac0a-61c4755f6080~16~1772428475924"
"United States",N/A,20260302,"FUSE.ForYou.Module.Recently.Played","a53aca86-57a5-44af-8f9b-535ec542a48b~8a2cf40d-c90f-4b0e-ac0a-61c4755f6080~16~1772428475924"
"United States",N/A,20260302,FY.Module.TopPicks,"a53aca86-57a5-44af-8f9b-535ec542a48b~6c33830b-bed0-4b86-a880-e41fcd8a8d10~24~1772428475959"
"United States",N/A,20260302,"FUSE.ForYou.Module.Recently.Played","a53aca86-57a5-44af-8f9b-535ec542a48b~8a2cf40d-c90f-4b0e-ac0a-61c4755f6080~16~1772428475924"
"United States",N/A,20260302,FY.Module.TopPicks,"a53aca86-57a5-44af-8f9b-535ec542a48b~6c33830b-bed0-4b86-a880-e41fcd8a8d10~24~1772428475959"
"United States",N/A,20260302,,"8f3a94c5-50b6-4458-97c8-9325961cab03~fbf78659-a448-4e4c-babc-279914ac46be~16~1772419901039"
"United States",N/A,20260302,,"8f3a94c5-50b6-4458-97c8-9325961cab03~fbf78659-a448-4e4c-babc-279914ac46be~16~1772419901039"
"United States",N/A,20260302,,"b5ae7aeb-878f-41ed-a2a9-3448f888e9aa~8db5bee0-f853-49c8-8101-e44d59a5cd7a~16~1772426959185"
"United States",N/A,20260302,FY.Module.TopPicks,"2eb56824-2d27-41a5-817e-4e816f3b6915~6e0dc74b-76c3-4d24-b143-38e0940ff1de~24~1772412119789"
"United States",N/A,20260302,,"8f3a94c5-50b6-4458-97c8-9325961cab03~fbf78659-a448-4e4c-babc-279914ac46be~16~1772419901039"
"United States",N/A,20260302,FY.Module.TopPicks,"2eb56824-2d27-41a5-817e-4e816f3b6915~6e0dc74b-76c3-4d24-b143-38e0940ff1de~24~1772412119789"
"United States","Bad Bunny Radio",20260302,FY.Module.TopPicks,"2eb56824-2d27-41a5-817e-4e816f3b6915~6e0dc74b-76c3-4d24-b143-38e0940ff1de~24~1772412119789"
"United States","Gracie Abrams - Apple Music Live: Gracie Abrams",20260302,,"8f3a94c5-50b6-4458-97c8-9325961cab03~fbf78659-a448-4e4c-babc-279914ac46be~16~1772419901039"
"United States",N/A,20260302,,"eae1036c-fbcf-475a-96fb-ffc920f79417~abc0748e-a199-46eb-84ae-c758dd9e9145~16~1772426506691"
"United States",N/A,20260302,,"eae1036c-fbcf-475a-96fb-ffc920f79417~abc0748e-a199-46eb-84ae-c758dd9e9145~16~1772426506691"
"United States",N/A,20260302,,"021cdfed-afa0-4753-a96e-1b071091af50~f0d9c6ad-3fd3-47ef-9097-dc34d797f15d~16~1772426494295"
"United States",N/A,20260301,,"0b0186c7-ac61-46fa-a3d3-75d4c5b2e1c4~55a8c5ab-46d9-403a-af6e-e2850d3059ec~16~1772403893263"
"United States",N/A,20260301,,"40c4c4d7-eee2-450d-aff8-34483d19a4ed~e5a6d67b-64c4-4042-9a98-c51cd988ed7f~16~1772400364961"
"United States",N/A,20260301,,"0b0186c7-ac61-46fa-a3d3-75d4c5b2e1c4~55a8c5ab-46d9-403a-af6e-e2850d3059ec~16~1772403893263"
"United States",N/A,20260301,,"0b0186c7-ac61-46fa-a3d3-75d4c5b2e1c4~55a8c5ab-46d9-403a-af6e-e2850d3059ec~16~1772403893263"
"United States","Ed Sheeran - ÷ (Deluxe)",20260301,,"2d98494b-3ff4-4f1d-8577-7ad8837f1e3f~8ea9e444-1773-4c19-b867-8a4c0d7d8986~3~1772390693457"
"United States","Dua Lipa - Dua Lipa (Deluxe)",20260301,,"2d98494b-3ff4-4f1d-8577-7ad8837f1e3f~8ea9e444-1773-4c19-b867-8a4c0d7d8986~3~1772390693457"
"United States","Maroon 5 - Hands All Over",20260301,,"2d98494b-3ff4-4f1d-8577-7ad8837f1e3f~8ea9e444-1773-4c19-b867-8a4c0d7d8986~3~1772390693457"
"United States",N/A,20260301,,"2d98494b-3ff4-4f1d-8577-7ad8837f1e3f~8ea9e444-1773-4c19-b867-8a4c0d7d8986~3~1772390693457"
"United States","Olivia Rodrigo Radio",20260301,FY.Module.TopPicks,"2d98494b-3ff4-4f1d-8577-7ad8837f1e3f~52df2cd6-5cf0-438c-9522-14ef672ef5de~24~1772390693463"
"United States",N/A,20260301,FY.Module.TopPicks,"2d98494b-3ff4-4f1d-8577-7ad8837f1e3f~52df2cd6-5cf0-438c-9522-14ef672ef5de~24~1772390693463"
"United States",N/A,20260301,FY.Module.TopPicks,"2d98494b-3ff4-4f1d-8577-7ad8837f1e3f~52df2cd6-5cf0-438c-9522-14ef672ef5de~24~1772390693463"
"United States","Taylor Swift - Lover",20260301,,"2d98494b-3ff4-4f1d-8577-7ad8837f1e3f~8ea9e444-1773-4c19-b867-8a4c0d7d8986~3~1772390693457"
"United States",N/A,20260301,,"0b0186c7-ac61-46fa-a3d3-75d4c5b2e1c4~55a8c5ab-46d9-403a-af6e-e2850d3059ec~16~1772403893263"
"United States",N/A,20260301,,"0b0186c7-ac61-46fa-a3d3-75d4c5b2e1c4~55a8c5ab-46d9-403a-af6e-e2850d3059ec~16~1772403893263"
"United States",N/A,20260301,,"40c4c4d7-eee2-450d-aff8-34483d19a4ed~e5a6d67b-64c4-4042-9a98-c51cd988ed7f~16~1772400364961"
"United States","Sia - This Is Acting",20260301,,"2d98494b-3ff4-4f1d-8577-7ad8837f1e3f~8ea9e444-1773-4c19-b867-8a4c0d7d8986~3~1772390693457"
"United States","Taylor Swift - 1989",20260301,,"2d98494b-3ff4-4f1d-8577-7ad8837f1e3f~8ea9e444-1773-4c19-b867-8a4c0d7d8986~3~1772390693457"
"United States","Billie Eilish - WHEN WE ALL FALL ASLEEP, WHERE DO WE GO?",20260301,,"2d98494b-3ff4-4f1d-8577-7ad8837f1e3f~8ea9e444-1773-4c19-b867-8a4c0d7d8986~3~1772390693457"
"United States","ENHYPEN - ORANGE BLOOD",20260301,FY.Module.Genre,"2d98494b-3ff4-4f1d-8577-7ad8837f1e3f~c3f26fd2-6975-4a0f-b662-959473c993f6~27~1772390693558"
"United States","ILLIT - Cherish (My Love) [Remixes]",20260301,FY.Module.Genre,"2d98494b-3ff4-4f1d-8577-7ad8837f1e3f~c3f26fd2-6975-4a0f-b662-959473c993f6~27~1772390693558"
"United States","P1Harmony - EX - EP",20260301,FY.Module.Genre,"2d98494b-3ff4-4f1d-8577-7ad8837f1e3f~c3f26fd2-6975-4a0f-b662-959473c993f6~27~1772390693558"
"United States","WENDY - Like Water - The 1st Mini Album - EP",20260301,FY.Module.Genre,"2d98494b-3ff4-4f1d-8577-7ad8837f1e3f~c3f26fd2-6975-4a0f-b662-959473c993f6~27~1772390693558"
"United States","IVE - I'VE MINE - EP",20260301,FY.Module.Genre,"2d98494b-3ff4-4f1d-8577-7ad8837f1e3f~c3f26fd2-6975-4a0f-b662-959473c993f6~27~1772390693558"
"United States","Girls' Generation - Holiday Night - The 6th Album",20260301,FY.Module.Genre,"2d98494b-3ff4-4f1d-8577-7ad8837f1e3f~c3f26fd2-6975-4a0f-b662-959473c993f6~27~1772390693558"
"United States","BLACKPINK - BORN PINK",20260301,FY.Module.Genre,"2d98494b-3ff4-4f1d-8577-7ad8837f1e3f~c3f26fd2-6975-4a0f-b662-959473c993f6~27~1772390693558"
"United States","LE SSERAFIM - SPAGHETTI",20260301,FY.Module.Genre,"2d98494b-3ff4-4f1d-8577-7ad8837f1e3f~c3f26fd2-6975-4a0f-b662-959473c993f6~27~1772390693558"
"United States","Olivia Rodrigo Radio",20260301,FY.Module.StationsForYou,"2d98494b-3ff4-4f1d-8577-7ad8837f1e3f~d871d981-b023-4ad3-bfb2-d82a2d28ddae~21~1772390693445"
"United States",N/A,20260301,FY.Module.StationsForYou,"2d98494b-3ff4-4f1d-8577-7ad8837f1e3f~d871d981-b023-4ad3-bfb2-d82a2d28ddae~21~1772390693445"
"United States",N/A,20260301,FY.Module.StationsForYou,"2d98494b-3ff4-4f1d-8577-7ad8837f1e3f~d871d981-b023-4ad3-bfb2-d82a2d28ddae~21~1772390693445"
"United States",N/A,20260301,FY.Module.Genre,"2d98494b-3ff4-4f1d-8577-7ad8837f1e3f~c3f26fd2-6975-4a0f-b662-959473c993f6~27~1772390693558"
"United States","Red Velvet - Cosmic - EP",20260301,FY.Module.Genre,"2d98494b-3ff4-4f1d-8577-7ad8837f1e3f~c3f26fd2-6975-4a0f-b662-959473c993f6~27~1772390693558"
"United States","TAEYEON - Letter To Myself - The 6th Mini Album - EP",20260301,FY.Module.Genre,"2d98494b-3ff4-4f1d-8577-7ad8837f1e3f~c3f26fd2-6975-4a0f-b662-959473c993f6~27~1772390693558"
"United States","TWICE - THIS IS FOR (DELUXE)",20260301,FY.Module.Genre,"2d98494b-3ff4-4f1d-8577-7ad8837f1e3f~c3f26fd2-6975-4a0f-b662-959473c993f6~27~1772390693558"
"United States",N/A,20260301,FY.Module.StationsForYou,"2d98494b-3ff4-4f1d-8577-7ad8837f1e3f~d871d981-b023-4ad3-bfb2-d82a2d28ddae~21~1772390693445"
"United States",N/A,20260301,FY.Module.MadeForYou,"2d98494b-3ff4-4f1d-8577-7ad8837f1e3f~78435bb4-e114-4656-8063-5721b922a80f~14~1772390693449"
"United States",N/A,20260301,FY.Module.MadeForYou,"2d98494b-3ff4-4f1d-8577-7ad8837f1e3f~78435bb4-e114-4656-8063-5721b922a80f~14~1772390693449"
"United States",N/A,20260301,FY.Module.MadeForYou,"2d98494b-3ff4-4f1d-8577-7ad8837f1e3f~78435bb4-e114-4656-8063-5721b922a80f~14~1772390693449"
"United States",N/A,20260301,FY.Module.MadeForYou,"2d98494b-3ff4-4f1d-8577-7ad8837f1e3f~78435bb4-e114-4656-8063-5721b922a80f~14~1772390693449"
"United States",N/A,20260301,FY.Module.MadeForYou,"2d98494b-3ff4-4f1d-8577-7ad8837f1e3f~78435bb4-e114-4656-8063-5721b922a80f~14~1772390693449"
"United States",N/A,20260301,FY.Module.MoodsForYou,"2d98494b-3ff4-4f1d-8577-7ad8837f1e3f~56cb41f5-8bdb-4abc-822f-dd2b8f23466e~33~1772390693452"
"United States",N/A,20260301,FY.Module.MoodsForYou,"2d98494b-3ff4-4f1d-8577-7ad8837f1e3f~56cb41f5-8bdb-4abc-822f-dd2b8f23466e~33~1772390693452"
"United States",N/A,20260301,FY.Module.MoodsForYou,"2d98494b-3ff4-4f1d-8577-7ad8837f1e3f~56cb41f5-8bdb-4abc-822f-dd2b8f23466e~33~1772390693452"
"United States",N/A,20260301,FY.Module.MoodsForYou,"2d98494b-3ff4-4f1d-8577-7ad8837f1e3f~56cb41f5-8bdb-4abc-822f-dd2b8f23466e~33~1772390693452"
"United States",N/A,20260301,,"2d98494b-3ff4-4f1d-8577-7ad8837f1e3f~8697f3ea-2519-4b7d-b303-b2195a8fbfa2~3~1772390693457"
"United States",N/A,20260301,,"2d98494b-3ff4-4f1d-8577-7ad8837f1e3f~8697f3ea-2519-4b7d-b303-b2195a8fbfa2~3~1772390693457"
"United States",N/A,20260301,,"2d98494b-3ff4-4f1d-8577-7ad8837f1e3f~8697f3ea-2519-4b7d-b303-b2195a8fbfa2~3~1772390693457"
"United States",N/A,20260301,,"2d98494b-3ff4-4f1d-8577-7ad8837f1e3f~8697f3ea-2519-4b7d-b303-b2195a8fbfa2~3~1772390693457"
"United States","Various Artists - A Single Man (Original Motion Picture Soundtrack)",20260301,FY.Module.MoreLike.Album,"2d98494b-3ff4-4f1d-8577-7ad8837f1e3f~904ebbc7-a40d-4879-9c5f-dd3c6d638d62~10~1772390693710"
"United States","BLACKPINK - DEADLINE - EP",20260301,"FUSE.ForYou.Module.Album.New","2d98494b-3ff4-4f1d-8577-7ad8837f1e3f~ccb57862-772e-42ef-ba1c-16ee23057950~15~1772390693459"
"United States","aespa & Anderson .Paak - Keychain (FROM THE FILM K-POPS!) - Single",20260301,"FUSE.ForYou.Module.Album.New","2d98494b-3ff4-4f1d-8577-7ad8837f1e3f~ccb57862-772e-42ef-ba1c-16ee23057950~15~1772390693459"
"United States","amelie kalia - while we're ahead",20260301,"FUSE.ForYou.Module.Album.New","2d98494b-3ff4-4f1d-8577-7ad8837f1e3f~ccb57862-772e-42ef-ba1c-16ee23057950~15~1772390693459"
"United States",N/A,20260301,"FUSE.ForYou.Module.Album.New","2d98494b-3ff4-4f1d-8577-7ad8837f1e3f~ccb57862-772e-42ef-ba1c-16ee23057950~15~1772390693459"
"United States","Abel Korzeniowski - W.E. (Music from the Motion Picture)",20260301,FY.Module.MoreLike.Album,"2d98494b-3ff4-4f1d-8577-7ad8837f1e3f~904ebbc7-a40d-4879-9c5f-dd3c6d638d62~10~1772390693710"
"United States","Craig Armstrong - The Orchestral Score From Baz Luhrmann's Film the Great Gatsby",20260301,FY.Module.MoreLike.Album,"2d98494b-3ff4-4f1d-8577-7ad8837f1e3f~904ebbc7-a40d-4879-9c5f-dd3c6d638d62~10~1772390693710"
"United States","Dario Marianelli - Anna Karenina (Original Music from the Motion Picture)",20260301,FY.Module.MoreLike.Album,"2d98494b-3ff4-4f1d-8577-7ad8837f1e3f~904ebbc7-a40d-4879-9c5f-dd3c6d638d62~10~1772390693710"
"United States",N/A,20260301,FY.Module.MoreLike.Album,"2d98494b-3ff4-4f1d-8577-7ad8837f1e3f~904ebbc7-a40d-4879-9c5f-dd3c6d638d62~10~1772390693710"
"United States","Olivia Rodrigo - SOUR (Video Version)",20260301,FY.Module.Genre,"2d98494b-3ff4-4f1d-8577-7ad8837f1e3f~6d92205c-5734-4077-be49-b22978d636e0~27~1772390693558"
"United States","Sabrina Carpenter - Short n' Sweet",20260301,FY.Module.Genre,"2d98494b-3ff4-4f1d-8577-7ad8837f1e3f~6d92205c-5734-4077-be49-b22978d636e0~27~1772390693558"
"United States","Tate McRae - So Close To What",20260301,FY.Module.Genre,"2d98494b-3ff4-4f1d-8577-7ad8837f1e3f~6d92205c-5734-4077-be49-b22978d636e0~27~1772390693558"
"United States",N/A,20260301,FY.Module.Genre,"2d98494b-3ff4-4f1d-8577-7ad8837f1e3f~6d92205c-5734-4077-be49-b22978d636e0~27~1772390693558"
"United States","Reneé Rapp - Snow Angel (Deluxe)",20260301,FY.Module.MoreLike.Album,"2d98494b-3ff4-4f1d-8577-7ad8837f1e3f~d08fa8a0-1a04-4ac9-b060-e2653279ca86~10~1772390693674"
"United States","Sabrina Carpenter - Short n' Sweet (Deluxe)",20260301,FY.Module.MoreLike.Album,"2d98494b-3ff4-4f1d-8577-7ad8837f1e3f~d08fa8a0-1a04-4ac9-b060-e2653279ca86~10~1772390693674"
"United States","Lorde - Virgin",20260301,FY.Module.MoreLike.Album,"2d98494b-3ff4-4f1d-8577-7ad8837f1e3f~d08fa8a0-1a04-4ac9-b060-e2653279ca86~10~1772390693674"
"United States",N/A,20260301,FY.Module.MoreLike.Album,"2d98494b-3ff4-4f1d-8577-7ad8837f1e3f~d08fa8a0-1a04-4ac9-b060-e2653279ca86~10~1772390693674"
"United States","The National - First Two Pages of Frankenstein",20260301,FY.Module.Genre,"2d98494b-3ff4-4f1d-8577-7ad8837f1e3f~aa4ecbce-7db8-44b2-be5f-70a2f898cc48~27~1772390693558"
"United States","Reneé Rapp - Snow Angel",20260301,FY.Module.Genre,"2d98494b-3ff4-4f1d-8577-7ad8837f1e3f~aa4ecbce-7db8-44b2-be5f-70a2f898cc48~27~1772390693558"
"United States","Billie Eilish - HIT ME HARD AND SOFT",20260301,FY.Module.Genre,"2d98494b-3ff4-4f1d-8577-7ad8837f1e3f~aa4ecbce-7db8-44b2-be5f-70a2f898cc48~27~1772390693558"
"United States",N/A,20260301,FY.Module.Genre,"2d98494b-3ff4-4f1d-8577-7ad8837f1e3f~aa4ecbce-7db8-44b2-be5f-70a2f898cc48~27~1772390693558"
"United States","Ed Sheeran - - (Deluxe)",20260301,FY.Module.Genre,"2d98494b-3ff4-4f1d-8577-7ad8837f1e3f~13bf0b06-e5a0-4a8d-8035-5ebf90074494~27~1772390693558"
"United States",N/A,20260301,FY.Module.Genre,"2d98494b-3ff4-4f1d-8577-7ad8837f1e3f~13bf0b06-e5a0-4a8d-8035-5ebf90074494~27~1772390693558"
"United States",N/A,20260301,FY.Module.Genre,"2d98494b-3ff4-4f1d-8577-7ad8837f1e3f~13bf0b06-e5a0-4a8d-8035-5ebf90074494~27~1772390693558"
"United States",N/A,20260301,FY.Module.Genre,"2d98494b-3ff4-4f1d-8577-7ad8837f1e3f~13bf0b06-e5a0-4a8d-8035-5ebf90074494~27~1772390693558"
"United States",N/A,20260301,FY.Module.MoreLike.Album,"2d98494b-3ff4-4f1d-8577-7ad8837f1e3f~c57e6a74-93ce-4fc1-b0b8-c370efbf1210~10~1772390693581"
"United States","Lana Del Rey - Did you know that there's a tunnel under Ocean Blvd",20260301,FY.Module.MoreLike.Album,"2d98494b-3ff4-4f1d-8577-7ad8837f1e3f~c57e6a74-93ce-4fc1-b0b8-c370efbf1210~10~1772390693581"
"United States","Sabrina Carpenter - emails i can’t send fwd:",20260301,FY.Module.MoreLike.Album,"2d98494b-3ff4-4f1d-8577-7ad8837f1e3f~c57e6a74-93ce-4fc1-b0b8-c370efbf1210~10~1772390693581"
"United States","Gracie Abrams - Good Riddance (Deluxe)",20260301,FY.Module.MoreLike.Album,"2d98494b-3ff4-4f1d-8577-7ad8837f1e3f~c57e6a74-93ce-4fc1-b0b8-c370efbf1210~10~1772390693581"
"United States","Bernadya - Terlintas - EP",20260301,FY.Module.Genre,"2d98494b-3ff4-4f1d-8577-7ad8837f1e3f~8088c530-e6fc-41ad-8f5c-ebecd8375635~27~1772390693558"
"United States","Nadhif Basalamah, Aziz Harun & Aisha Retno - kota ini tak sama tanpamu (with Aziz Harun & Aisha Retno) - Single",20260301,FY.Module.Genre,"2d98494b-3ff4-4f1d-8577-7ad8837f1e3f~8088c530-e6fc-41ad-8f5c-ebecd8375635~27~1772390693558"
"United States",N/A,20260301,FY.Module.Genre,"2d98494b-3ff4-4f1d-8577-7ad8837f1e3f~8088c530-e6fc-41ad-8f5c-ebecd8375635~27~1772390693558"
"United States",N/A,20260301,FY.Module.Genre,"2d98494b-3ff4-4f1d-8577-7ad8837f1e3f~8088c530-e6fc-41ad-8f5c-ebecd8375635~27~1772390693558"
"United States","Caitlyn Smith - Supernova",20260301,FY.Module.Genre,"2d98494b-3ff4-4f1d-8577-7ad8837f1e3f~bf4fb3f5-7d92-4e9e-a408-c3391bae07a4~27~1772390693558"
"United States","Kimberly Perry - Bloom - EP",20260301,FY.Module.Genre,"2d98494b-3ff4-4f1d-8577-7ad8837f1e3f~bf4fb3f5-7d92-4e9e-a408-c3391bae07a4~27~1772390693558"
"United States","Ella Langley - Dandelion",20260301,FY.Module.Genre,"2d98494b-3ff4-4f1d-8577-7ad8837f1e3f~bf4fb3f5-7d92-4e9e-a408-c3391bae07a4~27~1772390693558"
"United States",N/A,20260301,FY.Module.Genre,"2d98494b-3ff4-4f1d-8577-7ad8837f1e3f~bf4fb3f5-7d92-4e9e-a408-c3391bae07a4~27~1772390693558"
"United States","Ellie Goulding - Delirium (Deluxe)",20260301,FY.Module.MoreLike.Album,"2d98494b-3ff4-4f1d-8577-7ad8837f1e3f~bdff1829-5db6-434c-9ad0-74cad5b86c81~10~1772390693742"
"United States",N/A,20260301,,"40c4c4d7-eee2-450d-aff8-34483d19a4ed~56702b83-6b44-4723-8c83-dea8e3d0eea4~6~1772400364955"
"United States",N/A,20260301,,"40c4c4d7-eee2-450d-aff8-34483d19a4ed~56702b83-6b44-4723-8c83-dea8e3d0eea4~6~1772400364955"
"United States",N/A,20260301,,"40c4c4d7-eee2-450d-aff8-34483d19a4ed~56702b83-6b44-4723-8c83-dea8e3d0eea4~6~1772400364955"
"United States",N/A,20260301,,"40c4c4d7-eee2-450d-aff8-34483d19a4ed~56702b83-6b44-4723-8c83-dea8e3d0eea4~6~1772400364955"
"United States",N/A,20260301,,"40c4c4d7-eee2-450d-aff8-34483d19a4ed~56702b83-6b44-4723-8c83-dea8e3d0eea4~6~1772400364955"
"United States",N/A,20260301,,"40c4c4d7-eee2-450d-aff8-34483d19a4ed~56702b83-6b44-4723-8c83-dea8e3d0eea4~6~1772400364955"
"United States","Meghan Trainor - Title (Special Edition)",20260301,FY.Module.MoreLike.Album,"2d98494b-3ff4-4f1d-8577-7ad8837f1e3f~bdff1829-5db6-434c-9ad0-74cad5b86c81~10~1772390693742"
"United States","Katy Perry - PRISM (Deluxe Version)",20260301,FY.Module.MoreLike.Album,"2d98494b-3ff4-4f1d-8577-7ad8837f1e3f~bdff1829-5db6-434c-9ad0-74cad5b86c81~10~1772390693742"
"United States",N/A,20260301,FY.Module.MoreLike.Album,"2d98494b-3ff4-4f1d-8577-7ad8837f1e3f~bdff1829-5db6-434c-9ad0-74cad5b86c81~10~1772390693742"
"United States",N/A,20260301,FY.Module.Genre,"2d98494b-3ff4-4f1d-8577-7ad8837f1e3f~123e6bd3-1af7-4ee4-8194-310ec5dfc0d8~27~1772390693558"
"United States","林俊傑 - 重拾_快樂",20260301,FY.Module.Genre,"2d98494b-3ff4-4f1d-8577-7ad8837f1e3f~123e6bd3-1af7-4ee4-8194-310ec5dfc0d8~27~1772390693558"
"United States","单依纯 - 纯妹妹",20260301,FY.Module.Genre,"2d98494b-3ff4-4f1d-8577-7ad8837f1e3f~123e6bd3-1af7-4ee4-8194-310ec5dfc0d8~27~1772390693558"
"United States",N/A,20260301,FY.Module.Genre,"2d98494b-3ff4-4f1d-8577-7ad8837f1e3f~123e6bd3-1af7-4ee4-8194-310ec5dfc0d8~27~1772390693558"
"United States",N/A,20260301,FY.Module.ReplayMixes,"2d98494b-3ff4-4f1d-8577-7ad8837f1e3f~8cf9ac05-1250-45b9-a26b-ce1cd4243b5f~20~1772390693464"
"United States",N/A,20260301,FY.Module.ReplayMixes,"2d98494b-3ff4-4f1d-8577-7ad8837f1e3f~8cf9ac05-1250-45b9-a26b-ce1cd4243b5f~20~1772390693464"
"United States",N/A,20260301,FY.Module.ReplayMixes,"2d98494b-3ff4-4f1d-8577-7ad8837f1e3f~8cf9ac05-1250-45b9-a26b-ce1cd4243b5f~20~1772390693464"
"United States",N/A,20260301,,"40c4c4d7-eee2-450d-aff8-34483d19a4ed~56702b83-6b44-4723-8c83-dea8e3d0eea4~6~1772400364955"
"United States",N/A,20260301,,"40c4c4d7-eee2-450d-aff8-34483d19a4ed~56702b83-6b44-4723-8c83-dea8e3d0eea4~6~1772400364955"
"United States",N/A,20260301,FY.Module.ReplayMixes,"2d98494b-3ff4-4f1d-8577-7ad8837f1e3f~8cf9ac05-1250-45b9-a26b-ce1cd4243b5f~20~1772390693464"
"United States",N/A,20260301,FY.Module.ReplayMixes,"2d98494b-3ff4-4f1d-8577-7ad8837f1e3f~8cf9ac05-1250-45b9-a26b-ce1cd4243b5f~20~1772390693464"
"United States",N/A,20260301,,"0b0186c7-ac61-46fa-a3d3-75d4c5b2e1c4~55a8c5ab-46d9-403a-af6e-e2850d3059ec~16~1772403893263"
"United States","Taylor Swift & Ely Oaks - Opalite (Ely Oaks Remix) - Single",20260301,,"40c4c4d7-eee2-450d-aff8-34483d19a4ed~e5a6d67b-64c4-4042-9a98-c51cd988ed7f~16~1772400364961"
"United States",N/A,20260301,,"40c4c4d7-eee2-450d-aff8-34483d19a4ed~e5a6d67b-64c4-4042-9a98-c51cd988ed7f~16~1772400364961"
"United States",N/A,20260301,,"40c4c4d7-eee2-450d-aff8-34483d19a4ed~e5a6d67b-64c4-4042-9a98-c51cd988ed7f~16~1772400364961"
"United States","aespa - MY WORLD - The 3rd Mini Album - EP",20260301,FY.Module.Genre,"2d98494b-3ff4-4f1d-8577-7ad8837f1e3f~c3f26fd2-6975-4a0f-b662-959473c993f6~27~1772390693558"
"United States","Ed Sheeran - x (Wembley Edition)",20260301,,"2d98494b-3ff4-4f1d-8577-7ad8837f1e3f~8ea9e444-1773-4c19-b867-8a4c0d7d8986~3~1772390693457"
"United States","Lorde - Pure Heroine",20260301,,"2d98494b-3ff4-4f1d-8577-7ad8837f1e3f~8ea9e444-1773-4c19-b867-8a4c0d7d8986~3~1772390693457"
"United States","Taylor Swift - Red",20260301,,"2d98494b-3ff4-4f1d-8577-7ad8837f1e3f~8ea9e444-1773-4c19-b867-8a4c0d7d8986~3~1772390693457"
"United States",N/A,20260301,,"40c4c4d7-eee2-450d-aff8-34483d19a4ed~e5a6d67b-64c4-4042-9a98-c51cd988ed7f~16~1772400364961"
"United States",N/A,20260301,,"40c4c4d7-eee2-450d-aff8-34483d19a4ed~e5a6d67b-64c4-4042-9a98-c51cd988ed7f~16~1772400364961"
"United States",N/A,20260301,FY.Module.TopPicks,"e8d0e191-1a05-48d2-bcf0-6a4e5d617336~face107f-74d3-49d4-b88f-e11fd11459ca~24~1772370738930"
"United States",N/A,20260301,"FUSE.ForYou.Module.Recently.Played","e8d0e191-1a05-48d2-bcf0-6a4e5d617336~a3394b3e-a960-4187-a641-282cece83f29~16~1772370738913"
"United States",N/A,20260301,"FUSE.ForYou.Module.Recently.Played","e8d0e191-1a05-48d2-bcf0-6a4e5d617336~a3394b3e-a960-4187-a641-282cece83f29~16~1772370738913"
"United States",N/A,20260301,"FUSE.ForYou.Module.Recently.Played","e8d0e191-1a05-48d2-bcf0-6a4e5d617336~a3394b3e-a960-4187-a641-282cece83f29~16~1772370738913"
"United States",N/A,20260301,FY.Module.TopPicks,"e8d0e191-1a05-48d2-bcf0-6a4e5d617336~face107f-74d3-49d4-b88f-e11fd11459ca~24~1772370738930"
"United States",N/A,20260301,"FUSE.ForYou.Module.Recently.Played","e8d0e191-1a05-48d2-bcf0-6a4e5d617336~a3394b3e-a960-4187-a641-282cece83f29~16~1772370738913"
"United States",N/A,20260301,FY.Module.TopPicks,"e8d0e191-1a05-48d2-bcf0-6a4e5d617336~face107f-74d3-49d4-b88f-e11fd11459ca~24~1772370738930"
"United States",N/A,20260301,"FUSE.ForYou.Module.Recently.Played","e8d0e191-1a05-48d2-bcf0-6a4e5d617336~a3394b3e-a960-4187-a641-282cece83f29~16~1772370738913"
"United States","Olivia Rodrigo - GUTS (spilled)",20260301,FY.Module.TopPicks,"2260f0b1-d848-4aeb-b0d6-83a5d6f23592~c72781fc-1207-4c10-8f13-9a576e59a4bd~24~1772337754638"
"United States",N/A,20260301,FY.Module.TopPicks,"2260f0b1-d848-4aeb-b0d6-83a5d6f23592~c72781fc-1207-4c10-8f13-9a576e59a4bd~24~1772337754638"
"United States",N/A,20260301,"FUSE.ForYou.Module.Recently.Played","2260f0b1-d848-4aeb-b0d6-83a5d6f23592~4737f84a-cf2d-44a2-9eb2-41527034b1ff~16~1772337754626"
"United States",N/A,20260301,"FUSE.ForYou.Module.Recently.Played","2260f0b1-d848-4aeb-b0d6-83a5d6f23592~4737f84a-cf2d-44a2-9eb2-41527034b1ff~16~1772337754626"
"United States",N/A,20260301,"FUSE.ForYou.Module.Recently.Played","2260f0b1-d848-4aeb-b0d6-83a5d6f23592~4737f84a-cf2d-44a2-9eb2-41527034b1ff~16~1772337754626"
"United States",N/A,20260301,"FUSE.ForYou.Module.Recently.Played","2260f0b1-d848-4aeb-b0d6-83a5d6f23592~4737f84a-cf2d-44a2-9eb2-41527034b1ff~16~1772337754626"
"United States",N/A,20260301,FY.Module.TopPicks,"2260f0b1-d848-4aeb-b0d6-83a5d6f23592~c72781fc-1207-4c10-8f13-9a576e59a4bd~24~1772337754638"
"United States",N/A,20260228,FY.Module.MoreLike.Album,"8715d61a-1c39-4ac7-9ecc-fee97ccb555d~8936f551-899d-428b-bffe-32fc1dc8b96a~10~1772312161226"
"United States","Bleachers - Bleachers",20260228,FY.Module.MoreLike.Album,"8715d61a-1c39-4ac7-9ecc-fee97ccb555d~8936f551-899d-428b-bffe-32fc1dc8b96a~10~1772312161226"
"United States","Tate McRae - THINK LATER",20260228,FY.Module.MoreLike.Album,"8715d61a-1c39-4ac7-9ecc-fee97ccb555d~8936f551-899d-428b-bffe-32fc1dc8b96a~10~1772312161226"
"United States","Lorde - Virgin",20260228,FY.Module.MoreLike.Album,"8715d61a-1c39-4ac7-9ecc-fee97ccb555d~8936f551-899d-428b-bffe-32fc1dc8b96a~10~1772312161226"
"United States","Megan Moroney - Cloud 9",20260228,FY.Module.TopPicks,"8715d61a-1c39-4ac7-9ecc-fee97ccb555d~cfd9fd6d-a9c7-4322-97f7-c0f77d26b4c0~24~1772312161097"
"United States",N/A,20260228,FY.Module.TopPicks,"8715d61a-1c39-4ac7-9ecc-fee97ccb555d~cfd9fd6d-a9c7-4322-97f7-c0f77d26b4c0~24~1772312161097"
"United States",N/A,20260228,"FUSE.ForYou.Module.Recently.Played","8715d61a-1c39-4ac7-9ecc-fee97ccb555d~240a1509-699d-40ae-bc8c-529575d42f57~16~1772312161079"
"United States",N/A,20260228,"FUSE.ForYou.Module.Recently.Played","8715d61a-1c39-4ac7-9ecc-fee97ccb555d~240a1509-699d-40ae-bc8c-529575d42f57~16~1772312161079"
"United States",N/A,20260228,"FUSE.ForYou.Module.Recently.Played","8715d61a-1c39-4ac7-9ecc-fee97ccb555d~240a1509-699d-40ae-bc8c-529575d42f57~16~1772312161079"
"United States",N/A,20260228,"FUSE.ForYou.Module.Recently.Played","8715d61a-1c39-4ac7-9ecc-fee97ccb555d~240a1509-699d-40ae-bc8c-529575d42f57~16~1772312161079"
"United States","Bleachers Radio",20260228,FY.Module.TopPicks,"8715d61a-1c39-4ac7-9ecc-fee97ccb555d~cfd9fd6d-a9c7-4322-97f7-c0f77d26b4c0~24~1772312161097"
"United States","Taylor Swift & Ely Oaks - Opalite (Ely Oaks Remix) - Single",20260228,"FUSE.ForYou.Module.Recently.Played","8715d61a-1c39-4ac7-9ecc-fee97ccb555d~240a1509-699d-40ae-bc8c-529575d42f57~16~1772312161079"
"United States",N/A,20260228,"FUSE.ForYou.Module.Recently.Played","8715d61a-1c39-4ac7-9ecc-fee97ccb555d~240a1509-699d-40ae-bc8c-529575d42f57~16~1772312161079"
"United States",N/A,20260228,,"371c5084-c588-4a6e-a4f9-c63a22bc7903~66771927-ddcb-414e-8e1e-3a8892657a6d~16~1772252633099"
"United States",N/A,20260228,,"371c5084-c588-4a6e-a4f9-c63a22bc7903~66771927-ddcb-414e-8e1e-3a8892657a6d~16~1772252633099"
"United States","Bad Bunny - DeBÍ TiRAR MáS FOToS",20260228,,"371c5084-c588-4a6e-a4f9-c63a22bc7903~66771927-ddcb-414e-8e1e-3a8892657a6d~16~1772252633099"
"United States",N/A,20260228,,"371c5084-c588-4a6e-a4f9-c63a22bc7903~66771927-ddcb-414e-8e1e-3a8892657a6d~16~1772252633099"
"United States",N/A,20260228,,"371c5084-c588-4a6e-a4f9-c63a22bc7903~66771927-ddcb-414e-8e1e-3a8892657a6d~16~1772252633099"
"United States",N/A,20260228,,"371c5084-c588-4a6e-a4f9-c63a22bc7903~66771927-ddcb-414e-8e1e-3a8892657a6d~16~1772252633099"
"United States",N/A,20260228,,"371c5084-c588-4a6e-a4f9-c63a22bc7903~66771927-ddcb-414e-8e1e-3a8892657a6d~16~1772252633099"
"United States",N/A,20260228,,"371c5084-c588-4a6e-a4f9-c63a22bc7903~66771927-ddcb-414e-8e1e-3a8892657a6d~16~1772252633099"
"United States",N/A,20260228,,"371c5084-c588-4a6e-a4f9-c63a22bc7903~66771927-ddcb-414e-8e1e-3a8892657a6d~16~1772252633099"
"United States","Various Artists - The Great Gatsby (Music from Baz Luhrmann's Film) [Deluxe Edition]",20260228,FY.Module.TopPicks,"5dd9c902-0671-40a7-85aa-eaea9d03af92~792dba21-defa-46b4-9994-595271991caf~24~1772246716960"
"United States","Alex Warren - FEVER DREAM - Single",20260228,FY.Module.TopPicks,"5dd9c902-0671-40a7-85aa-eaea9d03af92~792dba21-defa-46b4-9994-595271991caf~24~1772246716960"
"United States",N/A,20260228,FY.Module.TopPicks,"5dd9c902-0671-40a7-85aa-eaea9d03af92~792dba21-defa-46b4-9994-595271991caf~24~1772246716960"
"United States",N/A,20260228,"FUSE.ForYou.Module.Recently.Played","5dd9c902-0671-40a7-85aa-eaea9d03af92~a347b02e-cea1-47d6-86b3-3840f0a29376~16~1772246716942"
"United States",N/A,20260228,"FUSE.ForYou.Module.Recently.Played","5dd9c902-0671-40a7-85aa-eaea9d03af92~a347b02e-cea1-47d6-86b3-3840f0a29376~16~1772246716942"
"United States",N/A,20260228,"FUSE.ForYou.Module.Recently.Played","5dd9c902-0671-40a7-85aa-eaea9d03af92~a347b02e-cea1-47d6-86b3-3840f0a29376~16~1772246716942"
"United States",N/A,20260228,"FUSE.ForYou.Module.Recently.Played","5dd9c902-0671-40a7-85aa-eaea9d03af92~a347b02e-cea1-47d6-86b3-3840f0a29376~16~1772246716942"
"United States",N/A,20260227,,"f79bbbd7-358b-41c7-9d5d-1aa23358b344~97f30904-30b8-41eb-82d9-e21a864c6b34~16~1772236012764"
"United States",N/A,20260227,FY.Module.TopPicks,"caee17a3-ba4c-4d04-98c4-574331132573~9675a970-1093-468a-9f33-4010f03bb17c~24~1772224168972"
"United States",N/A,20260227,,"befcf388-0489-4d01-8cf3-7d72ba34e9af~dc0fdfff-f9a1-47ca-9876-6340ea593144~16~1772231773029"
"United States","f(x) - NU ABO - EP",20260227,FY.Module.TopPicks,"caee17a3-ba4c-4d04-98c4-574331132573~9675a970-1093-468a-9f33-4010f03bb17c~24~1772224168972"
"United States",N/A,20260227,,"befcf388-0489-4d01-8cf3-7d72ba34e9af~dc0fdfff-f9a1-47ca-9876-6340ea593144~16~1772231773029"
"United States",N/A,20260227,,"befcf388-0489-4d01-8cf3-7d72ba34e9af~dc0fdfff-f9a1-47ca-9876-6340ea593144~16~1772231773029"
"United States",N/A,20260227,FY.Module.TopPicks,"caee17a3-ba4c-4d04-98c4-574331132573~9675a970-1093-468a-9f33-4010f03bb17c~24~1772224168972"
"United States",N/A,20260227,,"befcf388-0489-4d01-8cf3-7d72ba34e9af~dc0fdfff-f9a1-47ca-9876-6340ea593144~16~1772231773029"
"United States",N/A,20260227,,"63449739-aee9-44f1-9421-f53b7dfeabc7~ef408350-3998-4199-a05e-175359473540~16~1772235236887"
"United States","Charli xcx - BRAT",20260227,FY.Module.MoreLike.Album,"caee17a3-ba4c-4d04-98c4-574331132573~74110fd4-1a91-4971-910d-1b21effff805~10~1772224169067"
"United States","Gracie Abrams - The Secret of Us (Deluxe)",20260227,FY.Module.MoreLike.Album,"caee17a3-ba4c-4d04-98c4-574331132573~74110fd4-1a91-4971-910d-1b21effff805~10~1772224169067"
"United States",N/A,20260227,,"caee17a3-ba4c-4d04-98c4-574331132573~8a08ec17-59e9-4a89-802b-b1b2e60a2b67~3~1772224168967"
"United States",N/A,20260227,,"caee17a3-ba4c-4d04-98c4-574331132573~8a08ec17-59e9-4a89-802b-b1b2e60a2b67~3~1772224168967"
"United States",N/A,20260227,,"caee17a3-ba4c-4d04-98c4-574331132573~8a08ec17-59e9-4a89-802b-b1b2e60a2b67~3~1772224168967"
"United States",N/A,20260227,,"caee17a3-ba4c-4d04-98c4-574331132573~8a08ec17-59e9-4a89-802b-b1b2e60a2b67~3~1772224168967"
"United States","Bleachers - Bleachers",20260227,FY.Module.MoreLike.Album,"caee17a3-ba4c-4d04-98c4-574331132573~74110fd4-1a91-4971-910d-1b21effff805~10~1772224169067"
"United States","Sabrina Carpenter - Short n' Sweet (Deluxe)",20260227,FY.Module.MoreLike.Album,"caee17a3-ba4c-4d04-98c4-574331132573~74110fd4-1a91-4971-910d-1b21effff805~10~1772224169067"
"United States","Lorde - Virgin",20260227,FY.Module.MoreLike.Album,"caee17a3-ba4c-4d04-98c4-574331132573~74110fd4-1a91-4971-910d-1b21effff805~10~1772224169067"
"United States",N/A,20260227,,"3616654f-830e-4e5c-b012-4fd085473173~d78f21fd-4bf5-484d-96d5-70ecded390d5~16~1772225157244"
"United States",N/A,20260227,,"3616654f-830e-4e5c-b012-4fd085473173~d78f21fd-4bf5-484d-96d5-70ecded390d5~16~1772225157244"
"United States",N/A,20260227,,"3616654f-830e-4e5c-b012-4fd085473173~d78f21fd-4bf5-484d-96d5-70ecded390d5~16~1772225157244"
"United States",N/A,20260227,FY.Module.MoreLike.Album,"caee17a3-ba4c-4d04-98c4-574331132573~74110fd4-1a91-4971-910d-1b21effff805~10~1772224169067"
"United States","Bad Bunny - DeBÍ TiRAR MáS FOToS",20260227,"FUSE.ForYou.Module.Recently.Played","caee17a3-ba4c-4d04-98c4-574331132573~6a3e66e5-0f06-447d-ac73-02c024c7bb6b~16~1772224168962"
"United States",N/A,20260227,"FUSE.ForYou.Module.Recently.Played","caee17a3-ba4c-4d04-98c4-574331132573~6a3e66e5-0f06-447d-ac73-02c024c7bb6b~16~1772224168962"
"United States",N/A,20260227,"FUSE.ForYou.Module.Recently.Played","caee17a3-ba4c-4d04-98c4-574331132573~6a3e66e5-0f06-447d-ac73-02c024c7bb6b~16~1772224168962"
"United States",N/A,20260227,"FUSE.ForYou.Module.Recently.Played","caee17a3-ba4c-4d04-98c4-574331132573~6a3e66e5-0f06-447d-ac73-02c024c7bb6b~16~1772224168962"
"United States",N/A,20260227,"FUSE.ForYou.Module.Recently.Played","caee17a3-ba4c-4d04-98c4-574331132573~6a3e66e5-0f06-447d-ac73-02c024c7bb6b~16~1772224168962"
"United States",N/A,20260227,"FUSE.ForYou.Module.Recently.Played","caee17a3-ba4c-4d04-98c4-574331132573~6a3e66e5-0f06-447d-ac73-02c024c7bb6b~16~1772224168962"
"United States",N/A,20260227,"FUSE.ForYou.Module.Recently.Played","caee17a3-ba4c-4d04-98c4-574331132573~6a3e66e5-0f06-447d-ac73-02c024c7bb6b~16~1772224168962"
"United States",N/A,20260227,"FUSE.ForYou.Module.Recently.Played","caee17a3-ba4c-4d04-98c4-574331132573~6a3e66e5-0f06-447d-ac73-02c024c7bb6b~16~1772224168962"
"United States",N/A,20260227,"FUSE.ForYou.Module.Recently.Played","caee17a3-ba4c-4d04-98c4-574331132573~6a3e66e5-0f06-447d-ac73-02c024c7bb6b~16~1772224168962"
"United States",N/A,20260227,"FUSE.ForYou.Module.Recently.Played","caee17a3-ba4c-4d04-98c4-574331132573~6a3e66e5-0f06-447d-ac73-02c024c7bb6b~16~1772224168962"
"United States",N/A,20260227,,"e2647f9f-55ba-4061-926b-51a7c062135c~cccf09fe-2e15-47d7-8f9f-a1ac137ef1a6~16~1772210604509"
"United States",N/A,20260227,,"e8222daa-c5b5-4244-a40f-c315f1efcafc~4de6e6a4-a9ec-494d-96a2-4f4dea62a627~16~1772216727381"
"United States",N/A,20260227,,"e2647f9f-55ba-4061-926b-51a7c062135c~cccf09fe-2e15-47d7-8f9f-a1ac137ef1a6~16~1772210604509"
"United States",N/A,20260227,,"e2647f9f-55ba-4061-926b-51a7c062135c~cccf09fe-2e15-47d7-8f9f-a1ac137ef1a6~16~1772210604509"
"United States",N/A,20260227,,"e8222daa-c5b5-4244-a40f-c315f1efcafc~4de6e6a4-a9ec-494d-96a2-4f4dea62a627~16~1772216727381"
"United States","Bad Bunny - DeBÍ TiRAR MáS FOToS",20260227,,"e8222daa-c5b5-4244-a40f-c315f1efcafc~4de6e6a4-a9ec-494d-96a2-4f4dea62a627~16~1772216727381"
"United States",N/A,20260227,,"e8222daa-c5b5-4244-a40f-c315f1efcafc~4de6e6a4-a9ec-494d-96a2-4f4dea62a627~16~1772216727381"
"United States",N/A,20260227,,"e8222daa-c5b5-4244-a40f-c315f1efcafc~4de6e6a4-a9ec-494d-96a2-4f4dea62a627~16~1772216727381"
"United States",N/A,20260227,,"e8222daa-c5b5-4244-a40f-c315f1efcafc~4de6e6a4-a9ec-494d-96a2-4f4dea62a627~16~1772216727381"
"United States",N/A,20260227,FY.Module.MoreLike.Album,"cc3ff5ce-f459-4fa7-ba83-648d8ae5b166~c26fd4a2-9b62-4838-8ef2-b02e6080609a~10~1772200431458"
"United States","Phoebe Bridgers - Punisher",20260227,FY.Module.MoreLike.Album,"cc3ff5ce-f459-4fa7-ba83-648d8ae5b166~c26fd4a2-9b62-4838-8ef2-b02e6080609a~10~1772200431458"
"United States","Lana Del Rey - Chemtrails Over the Country Club",20260227,FY.Module.MoreLike.Album,"cc3ff5ce-f459-4fa7-ba83-648d8ae5b166~c26fd4a2-9b62-4838-8ef2-b02e6080609a~10~1772200431458"
"United States","Olivia Rodrigo - GUTS (spilled)",20260227,FY.Module.MoreLike.Album,"cc3ff5ce-f459-4fa7-ba83-648d8ae5b166~c26fd4a2-9b62-4838-8ef2-b02e6080609a~10~1772200431458"
"United States","Red Velvet - Chill Kill - The 3rd Album",20260227,FY.Module.Genre,"cc3ff5ce-f459-4fa7-ba83-648d8ae5b166~6bdcf4c5-b7a0-494e-8845-a0ec538b1c47~27~1772200431534"
"United States","aespa - Whiplash - The 5th Mini Album - EP",20260227,FY.Module.Genre,"cc3ff5ce-f459-4fa7-ba83-648d8ae5b166~6bdcf4c5-b7a0-494e-8845-a0ec538b1c47~27~1772200431534"
"United States",N/A,20260227,,"e2647f9f-55ba-4061-926b-51a7c062135c~cccf09fe-2e15-47d7-8f9f-a1ac137ef1a6~16~1772210604509"
"United States",N/A,20260227,,"e8222daa-c5b5-4244-a40f-c315f1efcafc~4de6e6a4-a9ec-494d-96a2-4f4dea62a627~16~1772216727381"
"United States",N/A,20260227,,"e8222daa-c5b5-4244-a40f-c315f1efcafc~4de6e6a4-a9ec-494d-96a2-4f4dea62a627~16~1772216727381"
"United States",N/A,20260227,,"e8222daa-c5b5-4244-a40f-c315f1efcafc~4de6e6a4-a9ec-494d-96a2-4f4dea62a627~16~1772216727381"
"United States",N/A,20260227,FY.Module.Genre,"cc3ff5ce-f459-4fa7-ba83-648d8ae5b166~6bdcf4c5-b7a0-494e-8845-a0ec538b1c47~27~1772200431534"
"United States","TWICE - STRATEGY",20260227,FY.Module.Genre,"cc3ff5ce-f459-4fa7-ba83-648d8ae5b166~6bdcf4c5-b7a0-494e-8845-a0ec538b1c47~27~1772200431534"
"United States","Harry Styles - Fine Line",20260227,FY.Module.MoreLike.Album,"cc3ff5ce-f459-4fa7-ba83-648d8ae5b166~c26fd4a2-9b62-4838-8ef2-b02e6080609a~10~1772200431458"
"United States","Lorde - Solar Power",20260227,FY.Module.MoreLike.Album,"cc3ff5ce-f459-4fa7-ba83-648d8ae5b166~c26fd4a2-9b62-4838-8ef2-b02e6080609a~10~1772200431458"
"United States","Sabrina Carpenter - emails i can’t send fwd:",20260227,FY.Module.MoreLike.Album,"cc3ff5ce-f459-4fa7-ba83-648d8ae5b166~c26fd4a2-9b62-4838-8ef2-b02e6080609a~10~1772200431458"
"United States","aespa & Anderson .Paak - Keychain (FROM THE FILM K-POPS!) - Single",20260227,FY.Module.TopPicks,"cc3ff5ce-f459-4fa7-ba83-648d8ae5b166~a90d4c87-688c-416a-9c35-71faa285f743~24~1772200431360"
"United States",N/A,20260227,FY.Module.TopPicks,"cc3ff5ce-f459-4fa7-ba83-648d8ae5b166~a90d4c87-688c-416a-9c35-71faa285f743~24~1772200431360"
"United States",N/A,20260227,FY.Module.TopPicks,"cc3ff5ce-f459-4fa7-ba83-648d8ae5b166~a90d4c87-688c-416a-9c35-71faa285f743~24~1772200431360"
"United States",N/A,20260227,,"e2647f9f-55ba-4061-926b-51a7c062135c~cccf09fe-2e15-47d7-8f9f-a1ac137ef1a6~16~1772210604509"
"United States",N/A,20260227,,"cb68ac18-0803-41a4-a5cd-dc605129810c~2de39be2-64f6-4fcf-b3a3-5978eb9376d4~16~1772208161526"
"United States",N/A,20260227,,"cb68ac18-0803-41a4-a5cd-dc605129810c~2de39be2-64f6-4fcf-b3a3-5978eb9376d4~16~1772208161526"
"United States",N/A,20260227,,"cb68ac18-0803-41a4-a5cd-dc605129810c~2de39be2-64f6-4fcf-b3a3-5978eb9376d4~16~1772208161526"
"United States",N/A,20260227,,"cb68ac18-0803-41a4-a5cd-dc605129810c~2de39be2-64f6-4fcf-b3a3-5978eb9376d4~16~1772208161526"
"United States",N/A,20260227,,"cb68ac18-0803-41a4-a5cd-dc605129810c~2de39be2-64f6-4fcf-b3a3-5978eb9376d4~16~1772208161526"
"United States",N/A,20260227,,"cb68ac18-0803-41a4-a5cd-dc605129810c~2de39be2-64f6-4fcf-b3a3-5978eb9376d4~16~1772208161526"
"United States","Taylor Swift - Fortnight (feat. Post Malone) Radio",20260227,,"cb68ac18-0803-41a4-a5cd-dc605129810c~2de39be2-64f6-4fcf-b3a3-5978eb9376d4~16~1772208161526"
"United States","Bleachers - everyone for ten minutes",20260227,,"cb68ac18-0803-41a4-a5cd-dc605129810c~2de39be2-64f6-4fcf-b3a3-5978eb9376d4~16~1772208161526"
"United States",N/A,20260227,,"cb68ac18-0803-41a4-a5cd-dc605129810c~2de39be2-64f6-4fcf-b3a3-5978eb9376d4~16~1772208161526"
"United States",N/A,20260227,,"cb68ac18-0803-41a4-a5cd-dc605129810c~2de39be2-64f6-4fcf-b3a3-5978eb9376d4~16~1772208161526"
"United States",N/A,20260227,,"cb68ac18-0803-41a4-a5cd-dc605129810c~2de39be2-64f6-4fcf-b3a3-5978eb9376d4~16~1772208161526"
"United States",N/A,20260227,,"cb68ac18-0803-41a4-a5cd-dc605129810c~2de39be2-64f6-4fcf-b3a3-5978eb9376d4~16~1772208161526"
"United States",N/A,20260227,,"cb68ac18-0803-41a4-a5cd-dc605129810c~2de39be2-64f6-4fcf-b3a3-5978eb9376d4~16~1772208161526"
"United States","Bad Bunny - DeBÍ TiRAR MáS FOToS",20260227,,"cb68ac18-0803-41a4-a5cd-dc605129810c~2de39be2-64f6-4fcf-b3a3-5978eb9376d4~16~1772208161526"
"United States",N/A,20260227,,"cb68ac18-0803-41a4-a5cd-dc605129810c~2de39be2-64f6-4fcf-b3a3-5978eb9376d4~16~1772208161526"
"United States",N/A,20260227,,"cb68ac18-0803-41a4-a5cd-dc605129810c~2de39be2-64f6-4fcf-b3a3-5978eb9376d4~16~1772208161526"
"United States",N/A,20260227,,"cb68ac18-0803-41a4-a5cd-dc605129810c~2de39be2-64f6-4fcf-b3a3-5978eb9376d4~16~1772208161526"
"United States",N/A,20260227,,"cb68ac18-0803-41a4-a5cd-dc605129810c~2de39be2-64f6-4fcf-b3a3-5978eb9376d4~16~1772208161526"
"United States",N/A,20260227,,"cb68ac18-0803-41a4-a5cd-dc605129810c~2de39be2-64f6-4fcf-b3a3-5978eb9376d4~16~1772208161526"
"United States",N/A,20260227,,"ae9ff6e7-ab91-4945-87d6-af1becae6a5d~cf39a0e4-977e-4033-afe2-f83e160c674b~16~1772208153405"
"United States",N/A,20260227,,"ae9ff6e7-ab91-4945-87d6-af1becae6a5d~cf39a0e4-977e-4033-afe2-f83e160c674b~16~1772208153405"
"United States","Bleachers - everyone for ten minutes",20260227,,"ae9ff6e7-ab91-4945-87d6-af1becae6a5d~cf39a0e4-977e-4033-afe2-f83e160c674b~16~1772208153405"
"United States",N/A,20260227,,"ae9ff6e7-ab91-4945-87d6-af1becae6a5d~cf39a0e4-977e-4033-afe2-f83e160c674b~16~1772208153405"
"United States",N/A,20260227,,"ae9ff6e7-ab91-4945-87d6-af1becae6a5d~cf39a0e4-977e-4033-afe2-f83e160c674b~16~1772208153405"
"United States",N/A,20260227,,"ae9ff6e7-ab91-4945-87d6-af1becae6a5d~cf39a0e4-977e-4033-afe2-f83e160c674b~16~1772208153405"
"United States",N/A,20260227,,"ae9ff6e7-ab91-4945-87d6-af1becae6a5d~cf39a0e4-977e-4033-afe2-f83e160c674b~16~1772208153405"
"United States",N/A,20260227,,"ae9ff6e7-ab91-4945-87d6-af1becae6a5d~cf39a0e4-977e-4033-afe2-f83e160c674b~16~1772208153405"
"United States","Bad Bunny - DeBÍ TiRAR MáS FOToS",20260227,,"ae9ff6e7-ab91-4945-87d6-af1becae6a5d~cf39a0e4-977e-4033-afe2-f83e160c674b~16~1772208153405"
"United States",N/A,20260227,,"ae9ff6e7-ab91-4945-87d6-af1becae6a5d~cf39a0e4-977e-4033-afe2-f83e160c674b~16~1772208153405"
"United States",N/A,20260227,,"ae9ff6e7-ab91-4945-87d6-af1becae6a5d~cf39a0e4-977e-4033-afe2-f83e160c674b~16~1772208153405"
"United States",N/A,20260227,,"ae9ff6e7-ab91-4945-87d6-af1becae6a5d~cf39a0e4-977e-4033-afe2-f83e160c674b~16~1772208153405"
"United States",N/A,20260227,,"ae9ff6e7-ab91-4945-87d6-af1becae6a5d~cf39a0e4-977e-4033-afe2-f83e160c674b~16~1772208153405"
"United States","Bad Bunny - DeBÍ TiRAR MáS FOToS",20260227,,"000fad10-e56c-4c15-b505-e7a5f9e762c3~216e89c2-652e-4b62-91e2-5f29f0555f97~16~1772203182708"
"United States",N/A,20260227,,"000fad10-e56c-4c15-b505-e7a5f9e762c3~216e89c2-652e-4b62-91e2-5f29f0555f97~16~1772203182708"
"United States",N/A,20260227,,"000fad10-e56c-4c15-b505-e7a5f9e762c3~216e89c2-652e-4b62-91e2-5f29f0555f97~16~1772203182708"
"United States",N/A,20260227,,"000fad10-e56c-4c15-b505-e7a5f9e762c3~216e89c2-652e-4b62-91e2-5f29f0555f97~16~1772203182708"
"United States",N/A,20260227,"FUSE.ForYou.Module.Recently.Played","cc3ff5ce-f459-4fa7-ba83-648d8ae5b166~5df1d5d3-2907-4fb0-8ef4-08f164c25ca2~16~1772200431345"
"United States",N/A,20260227,,"058a6ae0-31e1-47e7-a33a-637a06b13f04~719bb710-e919-4d1b-9e35-027d09621532~16~1772201891937"
"United States","Bad Bunny - DeBÍ TiRAR MáS FOToS",20260227,"FUSE.ForYou.Module.Recently.Played","cc3ff5ce-f459-4fa7-ba83-648d8ae5b166~5df1d5d3-2907-4fb0-8ef4-08f164c25ca2~16~1772200431345"
"United States","Tame Impala & JENNIE - Dracula (Remix) - Single",20260227,FY.Module.TopPicks,"cc3ff5ce-f459-4fa7-ba83-648d8ae5b166~a90d4c87-688c-416a-9c35-71faa285f743~24~1772200431360"
"United States",N/A,20260227,"FUSE.ForYou.Module.Recently.Played","cc3ff5ce-f459-4fa7-ba83-648d8ae5b166~5df1d5d3-2907-4fb0-8ef4-08f164c25ca2~16~1772200431345"
"United States",N/A,20260227,"FUSE.ForYou.Module.Recently.Played","cc3ff5ce-f459-4fa7-ba83-648d8ae5b166~5df1d5d3-2907-4fb0-8ef4-08f164c25ca2~16~1772200431345"
"United States",N/A,20260227,FY.Module.TopPicks,"cc3ff5ce-f459-4fa7-ba83-648d8ae5b166~a90d4c87-688c-416a-9c35-71faa285f743~24~1772200431360"
"United States","BLACKPINK - DEADLINE - EP",20260227,FY.Module.TopPicks,"cc3ff5ce-f459-4fa7-ba83-648d8ae5b166~a90d4c87-688c-416a-9c35-71faa285f743~24~1772200431360"
"United States",N/A,20260227,,"ebc655ab-4926-41fb-ae7c-b65e5b841a19~5220e861-2358-4cec-9dac-93627a4a69b4~16~1772160146572"
"United States",N/A,20260227,,"6e721649-85af-4ceb-98ba-7778beae23d4~41b3f1b2-b4fb-47dc-a376-3a834fccd676~16~1772160109949"
"United States",N/A,20260227,,"6e721649-85af-4ceb-98ba-7778beae23d4~41b3f1b2-b4fb-47dc-a376-3a834fccd676~16~1772160109949"
"United States","Bad Bunny - DeBÍ TiRAR MáS FOToS",20260227,,"bcf843e9-3890-43ab-b9e7-a5efc8c97473~90df9407-1212-4063-90c7-c32924e66214~16~1772156100810"
"United States",N/A,20260227,FY.Module.TopPicks,"665605da-4e73-4362-8779-65bece9ee586~284d7863-75e4-4854-ae8a-79251c2a9b3a~24~1772148186637"
"United States",N/A,20260227,,"bcf843e9-3890-43ab-b9e7-a5efc8c97473~90df9407-1212-4063-90c7-c32924e66214~16~1772156100810"
"United States",N/A,20260227,,"bcf843e9-3890-43ab-b9e7-a5efc8c97473~90df9407-1212-4063-90c7-c32924e66214~16~1772156100810"
"United States",N/A,20260227,FY.Module.TopPicks,"665605da-4e73-4362-8779-65bece9ee586~284d7863-75e4-4854-ae8a-79251c2a9b3a~24~1772148186637"
"United States",N/A,20260227,,"bcf843e9-3890-43ab-b9e7-a5efc8c97473~90df9407-1212-4063-90c7-c32924e66214~16~1772156100810"
"United States",N/A,20260227,FY.Module.TopPicks,"665605da-4e73-4362-8779-65bece9ee586~284d7863-75e4-4854-ae8a-79251c2a9b3a~24~1772148186637"
"United States",N/A,20260227,,"bcf843e9-3890-43ab-b9e7-a5efc8c97473~90df9407-1212-4063-90c7-c32924e66214~16~1772156100810"
"United States",N/A,20260227,,"bcf843e9-3890-43ab-b9e7-a5efc8c97473~90df9407-1212-4063-90c7-c32924e66214~16~1772156100810"
"United States",N/A,20260227,,"bcf843e9-3890-43ab-b9e7-a5efc8c97473~90df9407-1212-4063-90c7-c32924e66214~16~1772156100810"
"United States","SZA - Save The Day (From ""Hoppers"") - Single",20260226,FY.Module.TopPicks,"c4f50614-71cb-46fc-84a2-e242e54d4645~a2be5867-01d3-4423-83c1-4e8ea33901a8~24~1772136965705"
"United States",N/A,20260226,FY.Module.TopPicks,"c4f50614-71cb-46fc-84a2-e242e54d4645~a2be5867-01d3-4423-83c1-4e8ea33901a8~24~1772136965705"
"United States",N/A,20260226,"FUSE.ForYou.Module.Recently.Played","c4f50614-71cb-46fc-84a2-e242e54d4645~ba58a8c2-fbe0-4652-9bec-587de8c18a13~16~1772136965693"
"United States",N/A,20260226,"FUSE.ForYou.Module.Recently.Played","c4f50614-71cb-46fc-84a2-e242e54d4645~ba58a8c2-fbe0-4652-9bec-587de8c18a13~16~1772136965693"
"United States",N/A,20260226,"FUSE.ForYou.Module.Recently.Played","c4f50614-71cb-46fc-84a2-e242e54d4645~ba58a8c2-fbe0-4652-9bec-587de8c18a13~16~1772136965693"
"United States",N/A,20260226,FY.Module.TopPicks,"c4f50614-71cb-46fc-84a2-e242e54d4645~a2be5867-01d3-4423-83c1-4e8ea33901a8~24~1772136965705"
"United States",N/A,20260226,"FUSE.ForYou.Module.Recently.Played","c4f50614-71cb-46fc-84a2-e242e54d4645~ba58a8c2-fbe0-4652-9bec-587de8c18a13~16~1772136965693"
"United States",N/A,20260226,FY.Module.TopPicks,"c4f50614-71cb-46fc-84a2-e242e54d4645~a2be5867-01d3-4423-83c1-4e8ea33901a8~24~1772136965705"
"United States",N/A,20260226,FY.Module.TopPicks,"c4f50614-71cb-46fc-84a2-e242e54d4645~a2be5867-01d3-4423-83c1-4e8ea33901a8~24~1772136965705"
"United States","Taylor Swift - THE TORTURED POETS DEPARTMENT: THE ANTHOLOGY",20260226,FY.Module.TopPicks,"c4c7ed97-64a5-4104-9896-763752c7571e~90efe8c9-503d-4872-9cba-69b9d9c09028~24~1772115829425"
"United States",N/A,20260226,FY.Module.TopPicks,"c4c7ed97-64a5-4104-9896-763752c7571e~90efe8c9-503d-4872-9cba-69b9d9c09028~24~1772115829425"
"United States",N/A,20260226,,"faad2eed-de9d-4496-bed2-0baad45dfddd~b4d87d76-03cc-41eb-8c93-4b28c5b8da17~16~1772124127509"
"United States",N/A,20260226,,"faad2eed-de9d-4496-bed2-0baad45dfddd~b4d87d76-03cc-41eb-8c93-4b28c5b8da17~16~1772124127509"
"United States",N/A,20260226,,"faad2eed-de9d-4496-bed2-0baad45dfddd~b4d87d76-03cc-41eb-8c93-4b28c5b8da17~16~1772124127509"
"United States",N/A,20260226,FY.Module.TopPicks,"c4c7ed97-64a5-4104-9896-763752c7571e~90efe8c9-503d-4872-9cba-69b9d9c09028~24~1772115829425"
"United States",N/A,20260226,,"faad2eed-de9d-4496-bed2-0baad45dfddd~b4d87d76-03cc-41eb-8c93-4b28c5b8da17~16~1772124127509"
"United States","Bad Bunny - DeBÍ TiRAR MáS FOToS",20260226,,"bd8e4a05-28b2-43b9-90bc-8ccbfb9c9579~21ff6cbf-4cf5-49e7-b92a-2b3bef4c83e8~16~1772117147938"
"United States",N/A,20260226,,"bd8e4a05-28b2-43b9-90bc-8ccbfb9c9579~21ff6cbf-4cf5-49e7-b92a-2b3bef4c83e8~16~1772117147938"
"United States",N/A,20260226,,"bd8e4a05-28b2-43b9-90bc-8ccbfb9c9579~21ff6cbf-4cf5-49e7-b92a-2b3bef4c83e8~16~1772117147938"
"United States",N/A,20260226,,"bd8e4a05-28b2-43b9-90bc-8ccbfb9c9579~21ff6cbf-4cf5-49e7-b92a-2b3bef4c83e8~16~1772117147938"
"United States","Bleachers - everyone for ten minutes",20260226,,"bd8e4a05-28b2-43b9-90bc-8ccbfb9c9579~21ff6cbf-4cf5-49e7-b92a-2b3bef4c83e8~16~1772117147938"
"United States",N/A,20260226,,"bd8e4a05-28b2-43b9-90bc-8ccbfb9c9579~21ff6cbf-4cf5-49e7-b92a-2b3bef4c83e8~16~1772117147938"
"United States",N/A,20260226,,"bd8e4a05-28b2-43b9-90bc-8ccbfb9c9579~21ff6cbf-4cf5-49e7-b92a-2b3bef4c83e8~16~1772117147938"
"United States",N/A,20260226,FY.Module.MoreLike.Album,"c4c7ed97-64a5-4104-9896-763752c7571e~5b88150c-6662-402a-ac48-1eaa36e03c0b~10~1772115829580"
"United States","Bleachers - Bleachers",20260226,FY.Module.MoreLike.Album,"c4c7ed97-64a5-4104-9896-763752c7571e~5b88150c-6662-402a-ac48-1eaa36e03c0b~10~1772115829580"
"United States","Gracie Abrams - The Secret of Us (Deluxe)",20260226,FY.Module.MoreLike.Album,"c4c7ed97-64a5-4104-9896-763752c7571e~5b88150c-6662-402a-ac48-1eaa36e03c0b~10~1772115829580"
"United States","Lorde - Virgin",20260226,FY.Module.MoreLike.Album,"c4c7ed97-64a5-4104-9896-763752c7571e~5b88150c-6662-402a-ac48-1eaa36e03c0b~10~1772115829580"
"United States",N/A,20260226,"FUSE.ForYou.Module.Recently.Played","c4c7ed97-64a5-4104-9896-763752c7571e~11600efb-b1c8-461d-8989-369cfb5c953a~16~1772115829411"
"United States",N/A,20260226,"FUSE.ForYou.Module.Recently.Played","c4c7ed97-64a5-4104-9896-763752c7571e~11600efb-b1c8-461d-8989-369cfb5c953a~16~1772115829411"
"United States",N/A,20260226,"FUSE.ForYou.Module.Recently.Played","c4c7ed97-64a5-4104-9896-763752c7571e~11600efb-b1c8-461d-8989-369cfb5c953a~16~1772115829411"
"United States",N/A,20260226,"FUSE.ForYou.Module.Recently.Played","c4c7ed97-64a5-4104-9896-763752c7571e~11600efb-b1c8-461d-8989-369cfb5c953a~16~1772115829411"
"United States","Reneé Rapp Radio",20260226,FY.Module.TopPicks,"c4c7ed97-64a5-4104-9896-763752c7571e~90efe8c9-503d-4872-9cba-69b9d9c09028~24~1772115829425"
"United States","Taylor Swift - Fortnight (feat. Post Malone) Radio",20260226,"FUSE.ForYou.Module.Recently.Played","afece8f4-770d-42b2-8e57-1f01bccd2a9d~9859de7a-4571-4c2e-b014-a439bb9b5507~16~1772082068574"
"United States",N/A,20260226,"FUSE.ForYou.Module.Recently.Played","afece8f4-770d-42b2-8e57-1f01bccd2a9d~9859de7a-4571-4c2e-b014-a439bb9b5507~16~1772082068574"
"United States","Taylor Swift - 1989 (Taylor's Version) [Deluxe]",20260226,FY.Module.TopPicks,"4b761a56-e242-4173-8c85-46e1f46ca3fa~fce50ca8-d1f5-4df3-88d2-87d56e4a6ff9~24~1772063601397"
"United States",N/A,20260226,FY.Module.TopPicks,"4b761a56-e242-4173-8c85-46e1f46ca3fa~fce50ca8-d1f5-4df3-88d2-87d56e4a6ff9~24~1772063601397"
"United States",N/A,20260226,,"bcbed3d1-ba35-4ce9-a28b-23e7238f4c4f~5d1b2d14-f816-4306-8596-7da5897ad0e0~16~1772078312746"
"United States",N/A,20260226,"FUSE.ForYou.Module.Recently.Played","afece8f4-770d-42b2-8e57-1f01bccd2a9d~9859de7a-4571-4c2e-b014-a439bb9b5507~16~1772082068574"
"United States",N/A,20260226,"FUSE.ForYou.Module.Recently.Played","afece8f4-770d-42b2-8e57-1f01bccd2a9d~9859de7a-4571-4c2e-b014-a439bb9b5507~16~1772082068574"
"United States",N/A,20260226,"FUSE.ForYou.Module.Recently.Played","afece8f4-770d-42b2-8e57-1f01bccd2a9d~9859de7a-4571-4c2e-b014-a439bb9b5507~16~1772082068574"
"United States",N/A,20260226,FY.Module.TopPicks,"4b761a56-e242-4173-8c85-46e1f46ca3fa~fce50ca8-d1f5-4df3-88d2-87d56e4a6ff9~24~1772063601397"
"United States","Bad Bunny - DeBÍ TiRAR MáS FOToS",20260226,,"bcbed3d1-ba35-4ce9-a28b-23e7238f4c4f~5d1b2d14-f816-4306-8596-7da5897ad0e0~16~1772078312746"
"United States",N/A,20260226,,"bcbed3d1-ba35-4ce9-a28b-23e7238f4c4f~5d1b2d14-f816-4306-8596-7da5897ad0e0~16~1772078312746"
"United States",N/A,20260226,,"bcbed3d1-ba35-4ce9-a28b-23e7238f4c4f~5d1b2d14-f816-4306-8596-7da5897ad0e0~16~1772078312746"
"United States",N/A,20260226,,"60ee6cb1-c750-44db-97c8-e5726d2f4642~a654b367-15d2-42fb-ab49-deb0d7361dae~16~1772070601548"
"United States",N/A,20260226,,"60ee6cb1-c750-44db-97c8-e5726d2f4642~a654b367-15d2-42fb-ab49-deb0d7361dae~16~1772070601548"
"United States","Taylor Swift & Ely Oaks - Opalite (Ely Oaks Remix) - Single",20260226,,"cc0b0ba0-eae1-4447-ae99-7f240aae0af4~50121e92-4b5a-499f-8b6d-7c5525e78e63~16~1772070596731"
"United States",N/A,20260226,"FUSE.ForYou.Module.Recently.Played","4b761a56-e242-4173-8c85-46e1f46ca3fa~8b6be2e1-a57b-4b05-9b50-be12dabf0e1d~16~1772063601383"
"United States",N/A,20260226,"FUSE.ForYou.Module.Recently.Played","4b761a56-e242-4173-8c85-46e1f46ca3fa~8b6be2e1-a57b-4b05-9b50-be12dabf0e1d~16~1772063601383"
"United States",N/A,20260226,"FUSE.ForYou.Module.Recently.Played","4b761a56-e242-4173-8c85-46e1f46ca3fa~8b6be2e1-a57b-4b05-9b50-be12dabf0e1d~16~1772063601383"
"United States",N/A,20260226,"FUSE.ForYou.Module.Recently.Played","4b761a56-e242-4173-8c85-46e1f46ca3fa~8b6be2e1-a57b-4b05-9b50-be12dabf0e1d~16~1772063601383"
"United States",N/A,20260226,"FUSE.ForYou.Module.Recently.Played","4b761a56-e242-4173-8c85-46e1f46ca3fa~8b6be2e1-a57b-4b05-9b50-be12dabf0e1d~16~1772063601383"
"United States","Taylor Swift - Fortnight (feat. Post Malone) Radio",20260226,"FUSE.ForYou.Module.Recently.Played","4b761a56-e242-4173-8c85-46e1f46ca3fa~8b6be2e1-a57b-4b05-9b50-be12dabf0e1d~16~1772063601383"
"United States","Taylor Swift & Ely Oaks - Opalite (Ely Oaks Remix) - Single",20260225,"FUSE.ForYou.Module.Recently.Played","4b761a56-e242-4173-8c85-46e1f46ca3fa~8b6be2e1-a57b-4b05-9b50-be12dabf0e1d~16~1772063601383"
"United States",N/A,20260225,"FUSE.ForYou.Module.Recently.Played","4b761a56-e242-4173-8c85-46e1f46ca3fa~8b6be2e1-a57b-4b05-9b50-be12dabf0e1d~16~1772063601383"
"United States",N/A,20260225,,"6688d4b5-9585-460b-ae33-725e6814452a~0d34f706-8b50-42b9-b4f5-32a98488db40~16~1772048838348"
"United States","Taylor Swift & Ely Oaks - Opalite (Ely Oaks Remix) - Single",20260225,,"6688d4b5-9585-460b-ae33-725e6814452a~0d34f706-8b50-42b9-b4f5-32a98488db40~16~1772048838348"
"United States",N/A,20260225,FY.Module.TopPicks,"27af6ae6-6089-4a62-9a8b-bb878a725f66~1205cb1d-3baa-4d85-b46a-7ca5bbb9fb7d~24~1772047240856"
"United States",N/A,20260225,,"4fe822e9-76a0-4704-8ebb-9b8b6190afb2~5fac6053-05c2-436c-8f16-45cd2f7cd21b~16~1772051231649"
"United States",N/A,20260225,,"6688d4b5-9585-460b-ae33-725e6814452a~0d34f706-8b50-42b9-b4f5-32a98488db40~16~1772048838348"
"United States","Ed Sheeran Radio",20260225,FY.Module.TopPicks,"27af6ae6-6089-4a62-9a8b-bb878a725f66~1205cb1d-3baa-4d85-b46a-7ca5bbb9fb7d~24~1772047240856"
"United States",N/A,20260225,FY.Module.TopPicks,"27af6ae6-6089-4a62-9a8b-bb878a725f66~1205cb1d-3baa-4d85-b46a-7ca5bbb9fb7d~24~1772047240856"
"United States",N/A,20260225,,"6688d4b5-9585-460b-ae33-725e6814452a~0d34f706-8b50-42b9-b4f5-32a98488db40~16~1772048838348"
"United States",N/A,20260225,,"6688d4b5-9585-460b-ae33-725e6814452a~0d34f706-8b50-42b9-b4f5-32a98488db40~16~1772048838348"
"United States","SZA - Save The Day (From ""Hoppers"") - Single",20260225,FY.Module.TopPicks,"27af6ae6-6089-4a62-9a8b-bb878a725f66~1205cb1d-3baa-4d85-b46a-7ca5bbb9fb7d~24~1772047240856"
"United States",N/A,20260225,,"6688d4b5-9585-460b-ae33-725e6814452a~0d34f706-8b50-42b9-b4f5-32a98488db40~16~1772048838348"
"United States",N/A,20260225,,"6688d4b5-9585-460b-ae33-725e6814452a~0d34f706-8b50-42b9-b4f5-32a98488db40~16~1772048838348"
"United States",N/A,20260225,,"ff959b20-4e1e-4f3a-bf15-05cb80480dac~18c2cd52-4251-4ef6-aed5-286132991dd5~16~1772037747586"
"United States",N/A,20260225,,"ff959b20-4e1e-4f3a-bf15-05cb80480dac~18c2cd52-4251-4ef6-aed5-286132991dd5~16~1772037747586"
"United States","Harry Styles - Fine Line",20260225,FY.Module.MoreLike.Album,"3082415e-fc14-46c8-ade9-be3f76a23e96~375dc169-e327-4875-a210-597727f1c146~10~1772027048552"
"United States","Lorde - Solar Power",20260225,FY.Module.MoreLike.Album,"3082415e-fc14-46c8-ade9-be3f76a23e96~375dc169-e327-4875-a210-597727f1c146~10~1772027048552"
"United States","Sabrina Carpenter - emails i can’t send fwd:",20260225,FY.Module.MoreLike.Album,"3082415e-fc14-46c8-ade9-be3f76a23e96~375dc169-e327-4875-a210-597727f1c146~10~1772027048552"
"United States",N/A,20260225,FY.Module.MoreLike.Album,"3082415e-fc14-46c8-ade9-be3f76a23e96~375dc169-e327-4875-a210-597727f1c146~10~1772027048552"
"United States","Taylor Swift & Ely Oaks - Opalite (Ely Oaks Remix) - Single",20260225,,"ff959b20-4e1e-4f3a-bf15-05cb80480dac~18c2cd52-4251-4ef6-aed5-286132991dd5~16~1772037747586"
"United States",N/A,20260225,FY.Module.TopPicks,"3082415e-fc14-46c8-ade9-be3f76a23e96~1a2e337b-59d0-42ee-83fe-7444cd45b0bf~24~1772027048400"
"United States",N/A,20260225,,"ff959b20-4e1e-4f3a-bf15-05cb80480dac~18c2cd52-4251-4ef6-aed5-286132991dd5~16~1772037747586"
"United States",N/A,20260225,,"ff959b20-4e1e-4f3a-bf15-05cb80480dac~18c2cd52-4251-4ef6-aed5-286132991dd5~16~1772037747586"
"United States",N/A,20260225,FY.Module.TopPicks,"3082415e-fc14-46c8-ade9-be3f76a23e96~1a2e337b-59d0-42ee-83fe-7444cd45b0bf~24~1772027048400"
"United States",N/A,20260225,,"ff959b20-4e1e-4f3a-bf15-05cb80480dac~18c2cd52-4251-4ef6-aed5-286132991dd5~16~1772037747586"
"United States",N/A,20260225,FY.Module.TopPicks,"3082415e-fc14-46c8-ade9-be3f76a23e96~1a2e337b-59d0-42ee-83fe-7444cd45b0bf~24~1772027048400"
"United States","Taylor Swift & Ely Oaks - Opalite (Ely Oaks Remix) - Single",20260225,"FUSE.ForYou.Module.Recently.Played","3082415e-fc14-46c8-ade9-be3f76a23e96~44ab847b-a8f5-497f-80b1-ef939bc79186~16~1772027048348"
"United States",N/A,20260225,"FUSE.ForYou.Module.Recently.Played","3082415e-fc14-46c8-ade9-be3f76a23e96~44ab847b-a8f5-497f-80b1-ef939bc79186~16~1772027048348"
"United States",N/A,20260225,"FUSE.ForYou.Module.Recently.Played","3082415e-fc14-46c8-ade9-be3f76a23e96~44ab847b-a8f5-497f-80b1-ef939bc79186~16~1772027048348"
"United States",N/A,20260225,"FUSE.ForYou.Module.Recently.Played","3082415e-fc14-46c8-ade9-be3f76a23e96~44ab847b-a8f5-497f-80b1-ef939bc79186~16~1772027048348"
"United States",N/A,20260225,"FUSE.ForYou.Module.Recently.Played","3082415e-fc14-46c8-ade9-be3f76a23e96~44ab847b-a8f5-497f-80b1-ef939bc79186~16~1772027048348"
"United States","Reneé Rapp - Everything To Everyone (Deluxe)",20260225,"FUSE.ForYou.Module.Recently.Played","3082415e-fc14-46c8-ade9-be3f76a23e96~44ab847b-a8f5-497f-80b1-ef939bc79186~16~1772027048348"
"United States","Bad Bunny - DeBÍ TiRAR MáS FOToS",20260225,,"c7aa830f-368d-4007-b0f9-d3c40fbe5cac~e5807800-0316-434e-9d5f-9924689cb5f9~16~1771978510290"
"United States",N/A,20260225,,"c7aa830f-368d-4007-b0f9-d3c40fbe5cac~e5807800-0316-434e-9d5f-9924689cb5f9~16~1771978510290"
"United States",N/A,20260225,,"c7aa830f-368d-4007-b0f9-d3c40fbe5cac~e5807800-0316-434e-9d5f-9924689cb5f9~16~1771978510290"
"United States",N/A,20260225,,"c7aa830f-368d-4007-b0f9-d3c40fbe5cac~e5807800-0316-434e-9d5f-9924689cb5f9~16~1771978510290"
"United States","Taylor Swift & BUNT. - Opalite (BUNT. Remix) - Single",20260225,,"c7aa830f-368d-4007-b0f9-d3c40fbe5cac~e5807800-0316-434e-9d5f-9924689cb5f9~16~1771978510290"
"United States","Taylor Swift & Ely Oaks - Opalite (Ely Oaks Remix) - Single",20260225,,"c7aa830f-368d-4007-b0f9-d3c40fbe5cac~e5807800-0316-434e-9d5f-9924689cb5f9~16~1771978510290"
"United States","Taylor Swift & Skream - Opalite (Skream Remix) - Single",20260225,,"c7aa830f-368d-4007-b0f9-d3c40fbe5cac~e5807800-0316-434e-9d5f-9924689cb5f9~16~1771978510290"
"United States",N/A,20260225,,"699ae181-41c7-440b-a60a-ebfe0409a9be~67a05cfd-0cf2-40e5-aaa8-0ad1557e5f28~16~1771976005937"
"United States",N/A,20260225,,"699ae181-41c7-440b-a60a-ebfe0409a9be~67a05cfd-0cf2-40e5-aaa8-0ad1557e5f28~16~1771976005937"
"United States","Harry Styles - Harry Styles",20260225,,"b57b03be-88a7-4651-b625-fec2ce9b6847~0d156599-5a84-46fd-abec-e77e63fcd609~3~1771975565085"
"United States","Lorde - Melodrama",20260225,,"b57b03be-88a7-4651-b625-fec2ce9b6847~0d156599-5a84-46fd-abec-e77e63fcd609~3~1771975565085"
"United States","Taylor Swift - Midnights (The Til Dawn Edition)",20260225,FY.Module.TopPicks,"b57b03be-88a7-4651-b625-fec2ce9b6847~29ab712e-94fb-4c48-8167-22fe9c6aa836~24~1771975565101"
"United States",N/A,20260225,FY.Module.TopPicks,"b57b03be-88a7-4651-b625-fec2ce9b6847~29ab712e-94fb-4c48-8167-22fe9c6aa836~24~1771975565101"
"United States",N/A,20260225,"FUSE.ForYou.Module.Recently.Played","b57b03be-88a7-4651-b625-fec2ce9b6847~286d99af-5574-4b96-bd93-027359668924~16~1771975565079"
"United States",N/A,20260225,"FUSE.ForYou.Module.Recently.Played","b57b03be-88a7-4651-b625-fec2ce9b6847~286d99af-5574-4b96-bd93-027359668924~16~1771975565079"
"United States",N/A,20260225,"FUSE.ForYou.Module.Recently.Played","b57b03be-88a7-4651-b625-fec2ce9b6847~286d99af-5574-4b96-bd93-027359668924~16~1771975565079"
"United States","The Songs That Defined the 2010s",20260225,,"b57b03be-88a7-4651-b625-fec2ce9b6847~0d156599-5a84-46fd-abec-e77e63fcd609~3~1771975565085"
"United States",N/A,20260225,FY.Module.TopPicks,"b57b03be-88a7-4651-b625-fec2ce9b6847~29ab712e-94fb-4c48-8167-22fe9c6aa836~24~1771975565101"
"United States",N/A,20260225,"FUSE.ForYou.Module.Recently.Played","b57b03be-88a7-4651-b625-fec2ce9b6847~286d99af-5574-4b96-bd93-027359668924~16~1771975565079"
"United States",N/A,20260225,,"b57b03be-88a7-4651-b625-fec2ce9b6847~0d156599-5a84-46fd-abec-e77e63fcd609~3~1771975565085"
"United States","NCT JNJM - BOTH SIDES - The 1st Mini Album - EP",20260224,FY.Module.TopPicks,"fcd0594c-1933-465d-a18d-5b8f3430bacc~1af458af-1f7a-4579-b952-666ffae6609a~24~1771954853256"
"United States",N/A,20260224,FY.Module.TopPicks,"fcd0594c-1933-465d-a18d-5b8f3430bacc~1af458af-1f7a-4579-b952-666ffae6609a~24~1771954853256"
"United States",N/A,20260224,,"967abda9-4f28-4fb6-b0d4-807bda320618~0ecd7afc-8192-408b-b66d-6b9e5b322d74~16~1771960889896"
"United States",N/A,20260224,,"967abda9-4f28-4fb6-b0d4-807bda320618~0ecd7afc-8192-408b-b66d-6b9e5b322d74~16~1771960889896"
"United States",N/A,20260224,,"967abda9-4f28-4fb6-b0d4-807bda320618~0ecd7afc-8192-408b-b66d-6b9e5b322d74~16~1771960889896"
"United States",N/A,20260224,,"967abda9-4f28-4fb6-b0d4-807bda320618~0ecd7afc-8192-408b-b66d-6b9e5b322d74~16~1771960889896"
"United States",N/A,20260224,FY.Module.TopPicks,"fcd0594c-1933-465d-a18d-5b8f3430bacc~1af458af-1f7a-4579-b952-666ffae6609a~24~1771954853256"
"United States",N/A,20260224,"FUSE.ForYou.Module.Recently.Played","fcd0594c-1933-465d-a18d-5b8f3430bacc~70af3b14-e579-415e-8c9d-c649acc76d5c~16~1771954853230"
"United States",N/A,20260224,"FUSE.ForYou.Module.Recently.Played","fcd0594c-1933-465d-a18d-5b8f3430bacc~70af3b14-e579-415e-8c9d-c649acc76d5c~16~1771954853230"
"United States",N/A,20260224,"FUSE.ForYou.Module.Recently.Played","fcd0594c-1933-465d-a18d-5b8f3430bacc~70af3b14-e579-415e-8c9d-c649acc76d5c~16~1771954853230"
"United States",N/A,20260224,"FUSE.ForYou.Module.Recently.Played","fcd0594c-1933-465d-a18d-5b8f3430bacc~70af3b14-e579-415e-8c9d-c649acc76d5c~16~1771954853230"
"United States",N/A,20260224,FY.Module.MoreLike.Album,"a9ebde02-0073-4cb0-bb4f-4df24cb96911~abc783aa-06c4-4e99-b5a4-056610039a0a~10~1771939478980"
"United States","IVE - REVIVE+",20260224,FY.Module.TopPicks,"a9ebde02-0073-4cb0-bb4f-4df24cb96911~9d531c59-d016-4d09-853a-07b640307c02~24~1771939478689"
"United States",N/A,20260224,FY.Module.TopPicks,"a9ebde02-0073-4cb0-bb4f-4df24cb96911~9d531c59-d016-4d09-853a-07b640307c02~24~1771939478689"
"United States",N/A,20260224,"FUSE.ForYou.Module.Recently.Played","a9ebde02-0073-4cb0-bb4f-4df24cb96911~cf1b8dc8-5afe-4b56-8dfb-d4cfc77b30da~16~1771939478665"
"United States",N/A,20260224,"FUSE.ForYou.Module.Recently.Played","a9ebde02-0073-4cb0-bb4f-4df24cb96911~cf1b8dc8-5afe-4b56-8dfb-d4cfc77b30da~16~1771939478665"
"United States",N/A,20260224,"FUSE.ForYou.Module.Recently.Played","a9ebde02-0073-4cb0-bb4f-4df24cb96911~cf1b8dc8-5afe-4b56-8dfb-d4cfc77b30da~16~1771939478665"
"United States",N/A,20260224,"FUSE.ForYou.Module.Recently.Played","a9ebde02-0073-4cb0-bb4f-4df24cb96911~cf1b8dc8-5afe-4b56-8dfb-d4cfc77b30da~16~1771939478665"
"United States",N/A,20260224,FY.Module.TopPicks,"a9ebde02-0073-4cb0-bb4f-4df24cb96911~9d531c59-d016-4d09-853a-07b640307c02~24~1771939478689"
"United States","JENNIE - Ruby",20260224,FY.Module.TopPicks,"a9ebde02-0073-4cb0-bb4f-4df24cb96911~9d531c59-d016-4d09-853a-07b640307c02~24~1771939478689"
"United States",N/A,20260224,FY.Module.TopPicks,"a9ebde02-0073-4cb0-bb4f-4df24cb96911~9d531c59-d016-4d09-853a-07b640307c02~24~1771939478689"
"United States","Bad Bunny - DeBÍ TiRAR MáS FOToS",20260224,,"91907ac6-8bde-4adc-87fe-7ee6190cea2b~1ffc4f2c-d3bf-4470-a3e8-74b9062469e2~16~1771908642893"
"United States",N/A,20260224,,"91907ac6-8bde-4adc-87fe-7ee6190cea2b~1ffc4f2c-d3bf-4470-a3e8-74b9062469e2~16~1771908642893"
"United States",N/A,20260224,,"91907ac6-8bde-4adc-87fe-7ee6190cea2b~1ffc4f2c-d3bf-4470-a3e8-74b9062469e2~16~1771908642893"
"United States",N/A,20260224,,"91907ac6-8bde-4adc-87fe-7ee6190cea2b~1ffc4f2c-d3bf-4470-a3e8-74b9062469e2~16~1771908642893"
"United States",N/A,20260224,FY.Module.MoreLike.Album,"2c0fdb97-9959-4ba3-914b-696ddb60944c~b9ab0cb4-9c5f-4668-b49a-c2ce2e7544ea~10~1771888432541"
"United States","Bleachers - Bleachers",20260224,FY.Module.MoreLike.Album,"2c0fdb97-9959-4ba3-914b-696ddb60944c~b9ab0cb4-9c5f-4668-b49a-c2ce2e7544ea~10~1771888432541"
"United States","Gracie Abrams - The Secret of Us (Deluxe)",20260224,FY.Module.MoreLike.Album,"2c0fdb97-9959-4ba3-914b-696ddb60944c~b9ab0cb4-9c5f-4668-b49a-c2ce2e7544ea~10~1771888432541"
"United States","Lorde - Virgin",20260224,FY.Module.MoreLike.Album,"2c0fdb97-9959-4ba3-914b-696ddb60944c~b9ab0cb4-9c5f-4668-b49a-c2ce2e7544ea~10~1771888432541"
"United States","Taylor Swift & Chris Lake - Opalite (Chris Lake Remix) - Single",20260224,FY.Module.TopPicks,"2c0fdb97-9959-4ba3-914b-696ddb60944c~a6793381-283d-4f55-a3cb-71dd6017d311~24~1771888432344"
"United States",N/A,20260224,FY.Module.TopPicks,"2c0fdb97-9959-4ba3-914b-696ddb60944c~a6793381-283d-4f55-a3cb-71dd6017d311~24~1771888432344"
"United States",N/A,20260224,,"91907ac6-8bde-4adc-87fe-7ee6190cea2b~1ffc4f2c-d3bf-4470-a3e8-74b9062469e2~16~1771908642893"
"United States",N/A,20260224,,"91907ac6-8bde-4adc-87fe-7ee6190cea2b~1ffc4f2c-d3bf-4470-a3e8-74b9062469e2~16~1771908642893"
"United States",N/A,20260224,,"91907ac6-8bde-4adc-87fe-7ee6190cea2b~1ffc4f2c-d3bf-4470-a3e8-74b9062469e2~16~1771908642893"
"United States",N/A,20260224,FY.Module.TopPicks,"2c0fdb97-9959-4ba3-914b-696ddb60944c~a6793381-283d-4f55-a3cb-71dd6017d311~24~1771888432344"
"United States",N/A,20260224,,"91907ac6-8bde-4adc-87fe-7ee6190cea2b~1ffc4f2c-d3bf-4470-a3e8-74b9062469e2~16~1771908642893"
"United States","Taylor Swift & BUNT. - Opalite (BUNT. Remix) - Single",20260224,,"91907ac6-8bde-4adc-87fe-7ee6190cea2b~1ffc4f2c-d3bf-4470-a3e8-74b9062469e2~16~1771908642893"
"United States","Taylor Swift & Ely Oaks - Opalite (Ely Oaks Remix) - Single",20260224,,"91907ac6-8bde-4adc-87fe-7ee6190cea2b~1ffc4f2c-d3bf-4470-a3e8-74b9062469e2~16~1771908642893"
"United States","Taylor Swift & Skream - Opalite (Skream Remix) - Single",20260224,,"91907ac6-8bde-4adc-87fe-7ee6190cea2b~1ffc4f2c-d3bf-4470-a3e8-74b9062469e2~16~1771908642893"
"United States",N/A,20260224,,"91907ac6-8bde-4adc-87fe-7ee6190cea2b~1ffc4f2c-d3bf-4470-a3e8-74b9062469e2~16~1771908642893"
"United States",N/A,20260224,,"91907ac6-8bde-4adc-87fe-7ee6190cea2b~1ffc4f2c-d3bf-4470-a3e8-74b9062469e2~16~1771908642893"
"United States","Taylor Swift & Skream - Opalite (Skream Remix) - Single",20260224,,"186255b0-b4da-4e36-bdc7-0c89d51557c6~30ff31aa-7b6f-4d5f-a0f5-cb184a85e105~16~1771896406806"
"United States",N/A,20260224,,"186255b0-b4da-4e36-bdc7-0c89d51557c6~30ff31aa-7b6f-4d5f-a0f5-cb184a85e105~16~1771896406806"
"United States",N/A,20260224,,"186255b0-b4da-4e36-bdc7-0c89d51557c6~30ff31aa-7b6f-4d5f-a0f5-cb184a85e105~16~1771896406806"
"United States",N/A,20260224,,"186255b0-b4da-4e36-bdc7-0c89d51557c6~30ff31aa-7b6f-4d5f-a0f5-cb184a85e105~16~1771896406806"
"United States","Taylor Swift & Skream - Opalite (Skream Remix) - Single",20260223,"FUSE.ForYou.Module.Recently.Played","2c0fdb97-9959-4ba3-914b-696ddb60944c~8e69b9aa-d869-48bd-843d-6e3746a13a39~16~1771888432335"
"United States",N/A,20260223,"FUSE.ForYou.Module.Recently.Played","2c0fdb97-9959-4ba3-914b-696ddb60944c~8e69b9aa-d869-48bd-843d-6e3746a13a39~16~1771888432335"
"United States",N/A,20260223,"FUSE.ForYou.Module.Recently.Played","2c0fdb97-9959-4ba3-914b-696ddb60944c~8e69b9aa-d869-48bd-843d-6e3746a13a39~16~1771888432335"
"United States",N/A,20260223,"FUSE.ForYou.Module.Recently.Played","2c0fdb97-9959-4ba3-914b-696ddb60944c~8e69b9aa-d869-48bd-843d-6e3746a13a39~16~1771888432335"
"United States",N/A,20260223,FY.Module.TopPicks,"b9aebb25-867c-4d6a-96de-0245b70437fe~76661ff7-86cc-4eee-9377-7b48735ed0de~24~1771858016497"
"United States",N/A,20260223,"FUSE.ForYou.Module.Recently.Played","b9aebb25-867c-4d6a-96de-0245b70437fe~79293bb1-3dd5-4010-bb00-377b5c5abb3b~16~1771858016479"
"United States",N/A,20260223,"FUSE.ForYou.Module.Recently.Played","b9aebb25-867c-4d6a-96de-0245b70437fe~79293bb1-3dd5-4010-bb00-377b5c5abb3b~16~1771858016479"
"United States",N/A,20260223,"FUSE.ForYou.Module.Recently.Played","b9aebb25-867c-4d6a-96de-0245b70437fe~79293bb1-3dd5-4010-bb00-377b5c5abb3b~16~1771858016479"
"United States",N/A,20260223,"FUSE.ForYou.Module.Recently.Played","b9aebb25-867c-4d6a-96de-0245b70437fe~79293bb1-3dd5-4010-bb00-377b5c5abb3b~16~1771858016479"
"United States",N/A,20260223,FY.Module.TopPicks,"b9aebb25-867c-4d6a-96de-0245b70437fe~76661ff7-86cc-4eee-9377-7b48735ed0de~24~1771858016497"
"United States",N/A,20260223,FY.Module.TopPicks,"b9aebb25-867c-4d6a-96de-0245b70437fe~76661ff7-86cc-4eee-9377-7b48735ed0de~24~1771858016497"
"United States","Tame Impala & JENNIE - Dracula (Remix) - Single",20260223,FY.Module.TopPicks,"f0a8ece1-633c-4aa5-af21-57fad8f0ce82~0da714f8-341b-4bb6-ab40-74f26f8d9748~24~1771825045762"
"United States",N/A,20260223,FY.Module.TopPicks,"f0a8ece1-633c-4aa5-af21-57fad8f0ce82~0da714f8-341b-4bb6-ab40-74f26f8d9748~24~1771825045762"
"United States",N/A,20260223,"FUSE.ForYou.Module.Recently.Played","f0a8ece1-633c-4aa5-af21-57fad8f0ce82~d866d2ce-3a09-4cd7-b6a8-7a38a8085423~16~1771825045750"
"United States",N/A,20260223,"FUSE.ForYou.Module.Recently.Played","f0a8ece1-633c-4aa5-af21-57fad8f0ce82~d866d2ce-3a09-4cd7-b6a8-7a38a8085423~16~1771825045750"
"United States",N/A,20260223,"FUSE.ForYou.Module.Recently.Played","f0a8ece1-633c-4aa5-af21-57fad8f0ce82~d866d2ce-3a09-4cd7-b6a8-7a38a8085423~16~1771825045750"
"United States",N/A,20260223,"FUSE.ForYou.Module.Recently.Played","f0a8ece1-633c-4aa5-af21-57fad8f0ce82~d866d2ce-3a09-4cd7-b6a8-7a38a8085423~16~1771825045750"
"United States",N/A,20260223,FY.Module.TopPicks,"f0a8ece1-633c-4aa5-af21-57fad8f0ce82~0da714f8-341b-4bb6-ab40-74f26f8d9748~24~1771825045762"
"United States",N/A,20260223,,"f6d6e89e-304a-485d-ac40-d659eb3da063~08228544-326d-40eb-b98a-f88fb71433ae~16~1771819949807"
"United States",N/A,20260223,,"f6d6e89e-304a-485d-ac40-d659eb3da063~08228544-326d-40eb-b98a-f88fb71433ae~16~1771819949807"
"United States",N/A,20260223,,"f6d6e89e-304a-485d-ac40-d659eb3da063~08228544-326d-40eb-b98a-f88fb71433ae~16~1771819949807"
"United States",N/A,20260223,,"f6d6e89e-304a-485d-ac40-d659eb3da063~08228544-326d-40eb-b98a-f88fb71433ae~16~1771819949807"
"United States",N/A,20260223,,"f6d6e89e-304a-485d-ac40-d659eb3da063~08228544-326d-40eb-b98a-f88fb71433ae~16~1771819949807"
"United States",N/A,20260223,,"f6d6e89e-304a-485d-ac40-d659eb3da063~08228544-326d-40eb-b98a-f88fb71433ae~16~1771819949807"
"United States","Bad Bunny - DeBÍ TiRAR MáS FOToS",20260223,"FUSE.ForYou.Module.Recently.Played","7380f96c-6989-4edd-bc50-934d2a71a70c~1f9aff10-0f7f-45c5-8fba-c5c217fae027~16~1771812730007"
"United States",N/A,20260223,"FUSE.ForYou.Module.Recently.Played","7380f96c-6989-4edd-bc50-934d2a71a70c~1f9aff10-0f7f-45c5-8fba-c5c217fae027~16~1771812730007"
"United States",N/A,20260223,FY.Module.TopPicks,"7380f96c-6989-4edd-bc50-934d2a71a70c~7c39f4a5-2aae-458b-ac5f-dfed3dc81984~24~1771812730018"
"United States",N/A,20260223,"FUSE.ForYou.Module.Recently.Played","7380f96c-6989-4edd-bc50-934d2a71a70c~1f9aff10-0f7f-45c5-8fba-c5c217fae027~16~1771812730007"
"United States",N/A,20260223,"FUSE.ForYou.Module.Recently.Played","7380f96c-6989-4edd-bc50-934d2a71a70c~1f9aff10-0f7f-45c5-8fba-c5c217fae027~16~1771812730007"
"United States",N/A,20260223,"FUSE.ForYou.Module.Recently.Played","7380f96c-6989-4edd-bc50-934d2a71a70c~1f9aff10-0f7f-45c5-8fba-c5c217fae027~16~1771812730007"
"United States",N/A,20260223,"FUSE.ForYou.Module.Recently.Played","7380f96c-6989-4edd-bc50-934d2a71a70c~1f9aff10-0f7f-45c5-8fba-c5c217fae027~16~1771812730007"
"United States","Gracie Abrams Radio",20260223,FY.Module.TopPicks,"7380f96c-6989-4edd-bc50-934d2a71a70c~7c39f4a5-2aae-458b-ac5f-dfed3dc81984~24~1771812730018"
"United States",N/A,20260223,FY.Module.TopPicks,"7380f96c-6989-4edd-bc50-934d2a71a70c~7c39f4a5-2aae-458b-ac5f-dfed3dc81984~24~1771812730018"
"United States",N/A,20260222,,"96473b31-1c48-49dd-a1e3-a778b10f2ea4~915bbce4-f69f-4448-b3a3-1f59f6c14bd2~16~1771798600645"
"United States",N/A,20260222,,"96473b31-1c48-49dd-a1e3-a778b10f2ea4~915bbce4-f69f-4448-b3a3-1f59f6c14bd2~16~1771798600645"
"United States","Bad Bunny - DeBÍ TiRAR MáS FOToS",20260222,,"561c564f-ed13-4e58-a7bc-36a5db6830bf~a2cc8201-1ead-437b-b916-171e584e67b4~16~1771795722053"
"United States",N/A,20260222,,"96473b31-1c48-49dd-a1e3-a778b10f2ea4~915bbce4-f69f-4448-b3a3-1f59f6c14bd2~16~1771798600645"
"United States","Taylor Swift & Ely Oaks - Opalite (Ely Oaks Remix) - Single",20260222,FY.Module.TopPicks,"560da279-7748-4d46-bd0a-4d28f48a9d5b~f97b15fe-d322-4d40-a83d-cc85b8d0f443~24~1771786650905"
"United States",N/A,20260222,FY.Module.TopPicks,"560da279-7748-4d46-bd0a-4d28f48a9d5b~f97b15fe-d322-4d40-a83d-cc85b8d0f443~24~1771786650905"
"United States",N/A,20260222,,"561c564f-ed13-4e58-a7bc-36a5db6830bf~a2cc8201-1ead-437b-b916-171e584e67b4~16~1771795722053"
"United States",N/A,20260222,,"561c564f-ed13-4e58-a7bc-36a5db6830bf~a2cc8201-1ead-437b-b916-171e584e67b4~16~1771795722053"
"United States",N/A,20260222,,"561c564f-ed13-4e58-a7bc-36a5db6830bf~a2cc8201-1ead-437b-b916-171e584e67b4~16~1771795722053"
"United States",N/A,20260222,FY.Module.TopPicks,"560da279-7748-4d46-bd0a-4d28f48a9d5b~f97b15fe-d322-4d40-a83d-cc85b8d0f443~24~1771786650905"
"United States",N/A,20260222,"FUSE.ForYou.Module.Recently.Played","560da279-7748-4d46-bd0a-4d28f48a9d5b~db918328-04ff-48b1-badc-dd56a4375b14~16~1771786650885"
"United States",N/A,20260222,"FUSE.ForYou.Module.Recently.Played","560da279-7748-4d46-bd0a-4d28f48a9d5b~db918328-04ff-48b1-badc-dd56a4375b14~16~1771786650885"
"United States",N/A,20260222,"FUSE.ForYou.Module.Recently.Played","560da279-7748-4d46-bd0a-4d28f48a9d5b~db918328-04ff-48b1-badc-dd56a4375b14~16~1771786650885"
"United States",N/A,20260222,"FUSE.ForYou.Module.Recently.Played","560da279-7748-4d46-bd0a-4d28f48a9d5b~db918328-04ff-48b1-badc-dd56a4375b14~16~1771786650885"
"United States",N/A,20260222,"FUSE.ForYou.Module.Recently.Played","560da279-7748-4d46-bd0a-4d28f48a9d5b~db918328-04ff-48b1-badc-dd56a4375b14~16~1771786650885"
"United States",N/A,20260222,"FUSE.ForYou.Module.Recently.Played","e93f7192-c7e9-4a4d-ab4d-4326a9b50bc0~30f8fff4-24f2-4162-94d3-e2d7b9330c97~16~1771742135784"
"United States",N/A,20260222,"FUSE.ForYou.Module.Recently.Played","e93f7192-c7e9-4a4d-ab4d-4326a9b50bc0~30f8fff4-24f2-4162-94d3-e2d7b9330c97~16~1771742135784"
"United States",N/A,20260222,"FUSE.ForYou.Module.Recently.Played","e93f7192-c7e9-4a4d-ab4d-4326a9b50bc0~30f8fff4-24f2-4162-94d3-e2d7b9330c97~16~1771742135784"
"United States",N/A,20260222,"FUSE.ForYou.Module.Recently.Played","e93f7192-c7e9-4a4d-ab4d-4326a9b50bc0~30f8fff4-24f2-4162-94d3-e2d7b9330c97~16~1771742135784"
"United States",N/A,20260222,"FUSE.ForYou.Module.Recently.Played","e93f7192-c7e9-4a4d-ab4d-4326a9b50bc0~30f8fff4-24f2-4162-94d3-e2d7b9330c97~16~1771742135784"
"United States","Bad Bunny - DeBÍ TiRAR MáS FOToS",20260222,FY.Module.TopPicks,"e93f7192-c7e9-4a4d-ab4d-4326a9b50bc0~ea8eaa23-f9f2-46b2-90df-6574e2c8f71c~24~1771742135797"
"United States",N/A,20260222,FY.Module.TopPicks,"e93f7192-c7e9-4a4d-ab4d-4326a9b50bc0~ea8eaa23-f9f2-46b2-90df-6574e2c8f71c~24~1771742135797"
"United States",N/A,20260222,"FUSE.ForYou.Module.Recently.Played","e93f7192-c7e9-4a4d-ab4d-4326a9b50bc0~30f8fff4-24f2-4162-94d3-e2d7b9330c97~16~1771742135784"
"United States",N/A,20260222,"FUSE.ForYou.Module.Recently.Played","e93f7192-c7e9-4a4d-ab4d-4326a9b50bc0~30f8fff4-24f2-4162-94d3-e2d7b9330c97~16~1771742135784"
"United States",N/A,20260222,"FUSE.ForYou.Module.Recently.Played","e93f7192-c7e9-4a4d-ab4d-4326a9b50bc0~30f8fff4-24f2-4162-94d3-e2d7b9330c97~16~1771742135784"
"United States",N/A,20260222,FY.Module.TopPicks,"e93f7192-c7e9-4a4d-ab4d-4326a9b50bc0~ea8eaa23-f9f2-46b2-90df-6574e2c8f71c~24~1771742135797"
"United States","Taylor Swift & BUNT. - Opalite (BUNT. Remix) - Single",20260222,FY.Module.TopPicks,"a294fed8-fefb-4988-8c85-dbe9eb193c0d~18ed9e1b-9e3d-4d42-a7c1-70a5fc478e67~24~1771715356946"
"United States",N/A,20260222,FY.Module.TopPicks,"a294fed8-fefb-4988-8c85-dbe9eb193c0d~18ed9e1b-9e3d-4d42-a7c1-70a5fc478e67~24~1771715356946"
"United States",N/A,20260222,,"6ff6e065-7053-48e9-b3ca-e60290f43cf8~c6a297e1-7a5f-4a29-9e97-b481329e2fa2~16~1771728177878"
"United States",N/A,20260222,,"6ff6e065-7053-48e9-b3ca-e60290f43cf8~c6a297e1-7a5f-4a29-9e97-b481329e2fa2~16~1771728177878"
"United States",N/A,20260222,,"6ff6e065-7053-48e9-b3ca-e60290f43cf8~c6a297e1-7a5f-4a29-9e97-b481329e2fa2~16~1771728177878"
"United States",N/A,20260222,,"6ff6e065-7053-48e9-b3ca-e60290f43cf8~c6a297e1-7a5f-4a29-9e97-b481329e2fa2~16~1771728177878"
"United States",N/A,20260222,FY.Module.TopPicks,"a294fed8-fefb-4988-8c85-dbe9eb193c0d~18ed9e1b-9e3d-4d42-a7c1-70a5fc478e67~24~1771715356946"
"United States","Taylor Swift & Skream - Opalite (Skream Remix) - Single",20260222,,"6ff6e065-7053-48e9-b3ca-e60290f43cf8~c6a297e1-7a5f-4a29-9e97-b481329e2fa2~16~1771728177878"
"United States",N/A,20260222,,"6ff6e065-7053-48e9-b3ca-e60290f43cf8~c6a297e1-7a5f-4a29-9e97-b481329e2fa2~16~1771728177878"
"United States",N/A,20260222,,"6ff6e065-7053-48e9-b3ca-e60290f43cf8~c6a297e1-7a5f-4a29-9e97-b481329e2fa2~16~1771728177878"
"United States","Various Artists - The Hunger Games: Mockingjay, Pt. 1 (Original Motion Picture Soundtrack)",20260222,,"6ff6e065-7053-48e9-b3ca-e60290f43cf8~c6a297e1-7a5f-4a29-9e97-b481329e2fa2~16~1771728177878"
"United States",N/A,20260222,,"6ff6e065-7053-48e9-b3ca-e60290f43cf8~c6a297e1-7a5f-4a29-9e97-b481329e2fa2~16~1771728177878"
"United States",N/A,20260222,,"6ff6e065-7053-48e9-b3ca-e60290f43cf8~c6a297e1-7a5f-4a29-9e97-b481329e2fa2~16~1771728177878"
