Country,"Track Identifier","Media type","Date Played",Hours,"Play Duration Milliseconds","End Reason Type","Source Type","Play Count","Skip Count","Ignore For Recommendations","Track Reference","Track Description"
"United States",1786682877,AUDIO,20241231,"7, 19",730099,TRACK_SKIPPED_FORWARDS,"IPHONE, MACINTOSH",3,3,false,1786682877,"Bleachers - Merry Christmas, Please Don't Call (Live at NYU Skirball - New York City - 12.17.2024)"
"United States",1440933517,AUDIO,20241231,"7, 19",203091,TRACK_SKIPPED_FORWARDS,"IPHONE, MACINTOSH",1,1,false,N/A,"Taylor Swift - Blank Space"
"United States",1784301566,AUDIO,20241231,19,126000,NATURAL_END_OF_TRACK,IPHONE,1,0,false,1784301566,"Charli xcx & Billie Eilish - Guess featuring Billie Eilish (PEEKABOO Remix) [Mixed]"
"United States",1698554079,AUDIO,20241231,7,76806,"MANUALLY_SELECTED_PLAYBACK_OF_A_DIFF_ITEM",IPHONE,1,1,false,1698554079,"AGNEZ MO - Things Will Get Better"
"United States",299701862,AUDIO,20241231,19,63054,"MANUALLY_SELECTED_PLAYBACK_OF_A_DIFF_ITEM",MACINTOSH,1,1,false,N/A,"Bruce Springsteen - Santa Claus Is Comin' to Town (Live at C.W. Post College, Greenvale, NY - December 1975)"
"United States",1784301567,AUDIO,20241231,19,56856,OTHER,IPHONE,1,0,false,1784301567,"Julia Church, John Summit & Sub Focus - Go Back (Kyle Watson Remix) [Mixed]"
"United States",1769668695,AUDIO,20241231,7,39643,PLAYBACK_MANUALLY_PAUSED,IPHONE,1,0,false,N/A,"Ben Hemsley - Tidal (feat. Rose Gray)"
"United States",1600864185,AUDIO,20241231,7,36088,"MANUALLY_SELECTED_PLAYBACK_OF_A_DIFF_ITEM",IPHONE,1,1,false,N/A,"Maia Friedman - First to Love"
"United States",1690840121,AUDIO,20241231,19,0,"MANUALLY_SELECTED_PLAYBACK_OF_A_DIFF_ITEM",IPHONE,0,1,false,N/A,"Taylor Swift - Back To December (Taylor's Version)"
"United States",1440935841,AUDIO,20241231,19,0,TRACK_SKIPPED_FORWARDS,IPHONE,0,1,false,N/A,"Taylor Swift - Enchanted"
"United States",1728501027,AUDIO,20241231,19,0,"MANUALLY_SELECTED_PLAYBACK_OF_A_DIFF_ITEM",IPHONE,0,1,false,N/A,"Noah Kahan - Stick Season"
"United States",1775877096,AUDIO,20241231,7,0,"MANUALLY_SELECTED_PLAYBACK_OF_A_DIFF_ITEM",IPHONE,0,1,false,1775877096,"Bleachers - Merry Christmas, Please Don't Call"
"United States",1698554079,AUDIO,20241231,19,0,"MANUALLY_SELECTED_PLAYBACK_OF_A_DIFF_ITEM",MACINTOSH,0,1,false,N/A,"AGNEZ MO - Things Will Get Better"
"United States",1582277653,AUDIO,20241231,19,0,TRACK_SKIPPED_FORWARDS,MACINTOSH,0,1,false,N/A,"Olivia Rodrigo - enough for you"
"United States",884282120,AUDIO,20241231,19,0,"MANUALLY_SELECTED_PLAYBACK_OF_A_DIFF_ITEM",IPHONE,0,1,false,N/A,"Bleachers - Rollercoaster"
"United States",1742075220,AUDIO,20241231,19,0,TRACK_SKIPPED_FORWARDS,IPHONE,0,1,false,N/A,"Taylor Swift - The Albatross"
"United States",1579632803,AUDIO,20241231,19,0,"MANUALLY_SELECTED_PLAYBACK_OF_A_DIFF_ITEM",IPHONE,0,1,false,N/A,"Teddy Adhitya - Langit Favoritku"
"United States",1680069571,AUDIO,20250101,"0, 1, 15, 19",745032,"MANUALLY_SELECTED_PLAYBACK_OF_A_DIFF_ITEM",IPHONE,4,3,false,1680069571,"Gracie Abrams - I know it won't work (Live)"
"United States",1225759939,AUDIO,20250101,"7, 23",400984,NATURAL_END_OF_TRACK,IPHONE,2,1,false,1225759939,"Bleachers - Don't Take the Money"
"United States",1742058100,AUDIO,20250101,20,334084,NATURAL_END_OF_TRACK,IPHONE,1,0,false,1742058100,"Taylor Swift - Who’s Afraid of Little Old Me?"
"United States",1552791228,AUDIO,20250101,"4, 7",296857,"MANUALLY_SELECTED_PLAYBACK_OF_A_DIFF_ITEM",IPHONE,2,1,false,1552791228,"Taylor Swift - Fearless (Taylor’s Version)"
"United States",1712730492,AUDIO,20250101,"8, 23",269813,NATURAL_END_OF_TRACK,IPHONE,1,1,false,1712730492,"Bleachers - Tiny Moves"
"United States",1590368740,AUDIO,20250101,16,246687,NATURAL_END_OF_TRACK,MACINTOSH,1,0,false,1590368740,"Taylor Swift - Everything Has Changed (Taylor's Version) [feat. Ed Sheeran]"
"United States",1698554079,AUDIO,20250101,7,245000,NATURAL_END_OF_TRACK,IPHONE,1,0,false,1698554079,"AGNEZ MO - Things Will Get Better"
"United States",1590368737,AUDIO,20250101,16,241770,NATURAL_END_OF_TRACK,MACINTOSH,1,0,false,1590368737,"Taylor Swift - The Lucky One (Taylor's Version)"
"United States",1225759940,AUDIO,20250101,"8, 23",235257,NATURAL_END_OF_TRACK,IPHONE,1,1,false,1225759940,"Bleachers - Everybody Lost Somebody"
"United States",1468058180,AUDIO,20250101,"3, 15",234000,TRACK_SKIPPED_FORWARDS,IPHONE,1,1,false,1468058180,"Taylor Swift - Miss Americana & The Heartbreak Prince"
"United States",1715759492,AUDIO,20250101,3,229614,NATURAL_END_OF_TRACK,IPHONE,1,0,false,1715759492,"Taylor Swift - Cruel Summer (Live from TS  The Eras Tour)"
"United States",1702583449,AUDIO,20250101,23,223100,NATURAL_END_OF_TRACK,IPHONE,1,0,false,1702583449,"Bleachers - Modern Girl"
"United States",1590368743,AUDIO,20250101,17,221673,NATURAL_END_OF_TRACK,MACINTOSH,1,0,false,1590368743,"Taylor Swift - Starlight (Taylor's Version)"
"United States",1742058104,AUDIO,20250101,20,218004,NATURAL_END_OF_TRACK,IPHONE,1,0,false,1742058104,"Taylor Swift - I Can Do It With a Broken Heart"
"United States",1742058094,AUDIO,20250101,20,215463,NATURAL_END_OF_TRACK,IPHONE,1,0,false,1742058094,"Taylor Swift - Florida!!! (feat. Florence + the Machine)"
"United States",884282119,AUDIO,20250101,"8, 23",200386,NATURAL_END_OF_TRACK,IPHONE,1,1,false,884282119,"Bleachers - Wild Heart"
"United States",1225759944,AUDIO,20250101,23,185142,"MANUALLY_SELECTED_PLAYBACK_OF_A_DIFF_ITEM",IPHONE,1,1,false,1225759944,"Bleachers - I Miss Those Days"
"United States",884282144,AUDIO,20250101,23,184819,TRACK_SKIPPED_FORWARDS,IPHONE,1,1,false,884282144,"Bleachers - I Wanna Get Better"
"United States",1468058171,AUDIO,20250101,"3, 15",178425,"MANUALLY_SELECTED_PLAYBACK_OF_A_DIFF_ITEM",IPHONE,1,1,false,1468058171,"Taylor Swift - Cruel Summer"
"United States",1590368745,AUDIO,20250101,17,175460,PLAYBACK_MANUALLY_PAUSED,MACINTOSH,1,0,false,1590368745,"Taylor Swift - Begin Again (Taylor's Version)"
"United States",1698554387,AUDIO,20250101,7,87992,"MANUALLY_SELECTED_PLAYBACK_OF_A_DIFF_ITEM",IPHONE,1,1,false,1698554387,"AGNEZ MO - Got Me Figured Out"
"United States",1775877096,AUDIO,20250101,8,75280,OTHER,IPHONE,1,0,false,1775877096,"Bleachers - Merry Christmas, Please Don't Call"
"United States",1742058105,AUDIO,20250101,20,40366,TRACK_SKIPPED_FORWARDS,IPHONE,1,1,false,1742058105,"Taylor Swift - The Smallest Man Who Ever Lived"
"United States",1742057775,AUDIO,20250101,19,0,TRACK_SKIPPED_FORWARDS,IPHONE,0,1,false,1742057775,"Taylor Swift - Fortnight (feat. Post Malone)"
"United States",1486465101,AUDIO,20250101,16,0,"MANUALLY_SELECTED_PLAYBACK_OF_A_DIFF_ITEM",MACINTOSH,0,1,false,1486465101,"Doja Cat - Say So"
"United States",884282120,AUDIO,20250101,8,0,TRACK_SKIPPED_FORWARDS,IPHONE,0,1,false,884282120,"Bleachers - Rollercoaster"
"United States",1567285165,AUDIO,20250101,8,0,TRACK_SKIPPED_FORWARDS,IPHONE,0,1,false,1567285165,"Bleachers - Stop Making This Hurt"
"United States",1468058176,AUDIO,20250101,3,0,"MANUALLY_SELECTED_PLAYBACK_OF_A_DIFF_ITEM",IPHONE,0,1,false,1468058176,"Taylor Swift - The Man"
"United States",1716610840,AUDIO,20250101,7,0,"MANUALLY_SELECTED_PLAYBACK_OF_A_DIFF_ITEM",IPHONE,0,1,false,N/A,"Isabella Lovestory - Fuetazo (feat. Villano Antillano)"
"United States",1552791558,AUDIO,20250101,3,0,"MANUALLY_SELECTED_PLAYBACK_OF_A_DIFF_ITEM",IPHONE,0,1,false,1552791558,"Taylor Swift - You Belong With Me (Taylor’s Version)"
"United States",1577417932,AUDIO,20250101,7,0,TRACK_SKIPPED_FORWARDS,IPHONE,0,1,false,N/A,"Ben Hemsley - Bebé Música"
"United States",1334779519,AUDIO,20250101,8,0,TRACK_SKIPPED_FORWARDS,IPHONE,0,1,false,1334779519,"Bleachers - Alfie's Song (Not So Typical Love Song)"
"United States",884282148,AUDIO,20250101,8,0,TRACK_SKIPPED_FORWARDS,IPHONE,0,1,false,884282148,"Bleachers - Like a River Runs"
"United States",1460840853,AUDIO,20250101,16,0,"MANUALLY_SELECTED_PLAYBACK_OF_A_DIFF_ITEM",MACINTOSH,0,1,false,1460840853,"Shawn Mendes - If I Can't Have You"
"United States",1567285160,AUDIO,20250101,8,0,TRACK_SKIPPED_FORWARDS,IPHONE,0,1,false,1567285160,"Bleachers - Chinatown (feat. Bruce Springsteen)"
"United States",1702583449,AUDIO,20250102,"0, 18, 19",496994,NATURAL_END_OF_TRACK,IPHONE,3,1,false,1702583449,"Bleachers - Modern Girl"
"United States",1567285160,AUDIO,20250102,18,244189,NATURAL_END_OF_TRACK,IPHONE,1,0,false,1567285160,"Bleachers - Chinatown (feat. Bruce Springsteen)"
"United States",1712730492,AUDIO,20250102,18,228322,NATURAL_END_OF_TRACK,IPHONE,1,0,false,1712730492,"Bleachers - Tiny Moves"
"United States",884282144,AUDIO,20250102,"18, 19",226055,OTHER,IPHONE,2,1,false,884282144,"Bleachers - I Wanna Get Better"
"United States",1225759944,AUDIO,20250102,18,217976,NATURAL_END_OF_TRACK,IPHONE,1,0,false,1225759944,"Bleachers - I Miss Those Days"
"United States",1225759939,AUDIO,20250102,0,215539,NATURAL_END_OF_TRACK,IPHONE,1,0,false,1225759939,"Bleachers - Don't Take the Money"
"United States",1225759942,AUDIO,20250102,18,186044,NATURAL_END_OF_TRACK,IPHONE,1,0,false,1225759942,"Bleachers - Let's Get Married"
"United States",1334779519,AUDIO,20250102,"0, 18",181104,TRACK_SKIPPED_FORWARDS,IPHONE,1,1,false,1334779519,"Bleachers - Alfie's Song (Not So Typical Love Song)"
"United States",884282119,AUDIO,20250102,18,0,TRACK_SKIPPED_FORWARDS,IPHONE,0,1,false,884282119,"Bleachers - Wild Heart"
"United States",884282145,AUDIO,20250102,0,0,"MANUALLY_SELECTED_PLAYBACK_OF_A_DIFF_ITEM",IPHONE,0,1,false,884282145,"Bleachers - Wake Me"
"United States",1742057775,AUDIO,20250102,0,0,"MANUALLY_SELECTED_PLAYBACK_OF_A_DIFF_ITEM",IPHONE,0,1,false,1742057775,"Taylor Swift - Fortnight (feat. Post Malone)"
"United States",1042007986,AUDIO,20250102,"0, 18",0,TRACK_SKIPPED_FORWARDS,IPHONE,0,2,false,1042007986,"Bleachers & Sia - Like a River Runs"
"United States",1742058100,AUDIO,20250102,18,0,"MANUALLY_SELECTED_PLAYBACK_OF_A_DIFF_ITEM",IPHONE,0,1,false,1742058100,"Taylor Swift - Who’s Afraid of Little Old Me?"
"United States",1567285161,AUDIO,20250102,18,0,TRACK_SKIPPED_FORWARDS,IPHONE,0,1,false,1567285161,"Bleachers - How Dare You Want More"
"United States",1225759940,AUDIO,20250102,18,0,TRACK_SKIPPED_FORWARDS,IPHONE,0,1,false,1225759940,"Bleachers - Everybody Lost Somebody"
"United States",884282148,AUDIO,20250102,18,0,TRACK_SKIPPED_FORWARDS,IPHONE,0,1,false,884282148,"Bleachers - Like a River Runs"
"United States",1225759938,AUDIO,20250102,18,0,TRACK_SKIPPED_FORWARDS,IPHONE,0,1,false,1225759938,"Bleachers - Hate That You Know Me"
"United States",1225759939,AUDIO,20250103,3,215539,NATURAL_END_OF_TRACK,IPHONE,1,0,false,1225759939,"Bleachers - Don't Take the Money"
"United States",1524801964,AUDIO,20250103,3,190000,NATURAL_END_OF_TRACK,IPHONE,1,0,false,1524801964,"Taylor Swift - illicit affairs"
"United States",1702583449,AUDIO,20250103,3,0,"MANUALLY_SELECTED_PLAYBACK_OF_A_DIFF_ITEM",IPHONE,0,1,false,1702583449,"Bleachers - Modern Girl"
"United States",1567285165,AUDIO,20250103,3,0,"MANUALLY_SELECTED_PLAYBACK_OF_A_DIFF_ITEM",IPHONE,0,1,false,1567285165,"Bleachers - Stop Making This Hurt"
"United States",1225759939,AUDIO,20250104,"1, 4, 19",567278,NATURAL_END_OF_TRACK,IPHONE,3,1,false,1225759939,"Bleachers - Don't Take the Money"
"United States",1742058078,AUDIO,20250104,19,293085,NATURAL_END_OF_TRACK,IPHONE,1,0,false,1742058078,"Taylor Swift - The Tortured Poets Department"
"United States",1742057775,AUDIO,20250104,19,228965,NATURAL_END_OF_TRACK,IPHONE,1,0,false,1742057775,"Taylor Swift - Fortnight (feat. Post Malone)"
"United States",1742058079,AUDIO,20250104,19,203845,NATURAL_END_OF_TRACK,IPHONE,1,0,false,1742058079,"Taylor Swift - My Boy Only Breaks His Favorite Toys"
"United States",1712730492,AUDIO,20250104,1,192038,"MANUALLY_SELECTED_PLAYBACK_OF_A_DIFF_ITEM",IPHONE,1,1,false,1712730492,"Bleachers - Tiny Moves"
"United States",1702583449,AUDIO,20250104,3,100240,TRACK_SKIPPED_FORWARDS,IPHONE,1,1,false,1702583449,"Bleachers - Modern Girl"
"United States",884282144,AUDIO,20250104,4,0,TRACK_SKIPPED_FORWARDS,IPHONE,0,1,false,884282144,"Bleachers - I Wanna Get Better"
"United States",1524801591,AUDIO,20250104,1,0,"MANUALLY_SELECTED_PLAYBACK_OF_A_DIFF_ITEM",IPHONE,0,1,false,1524801591,"Taylor Swift - my tears ricochet"
"United States",884282120,AUDIO,20250104,3,0,"MANUALLY_SELECTED_PLAYBACK_OF_A_DIFF_ITEM",IPHONE,0,1,false,884282120,"Bleachers - Rollercoaster"
"United States",1567285165,AUDIO,20250104,3,0,TRACK_SKIPPED_FORWARDS,IPHONE,0,1,false,1567285165,"Bleachers - Stop Making This Hurt"
"United States",1650860039,AUDIO,20250105,"4, 13",231476,NATURAL_END_OF_TRACK,IPHONE,2,0,false,1650860039,"Taylor Swift - High Infidelity"
"United States",1571330212,AUDIO,20250105,1,230000,NATURAL_END_OF_TRACK,IPHONE,1,0,false,1571330212,"Ed Sheeran - Bad Habits"
"United States",1702583449,AUDIO,20250105,1,223100,NATURAL_END_OF_TRACK,IPHONE,1,0,false,1702583449,"Bleachers - Modern Girl"
"United States",1225759939,AUDIO,20250105,1,215539,NATURAL_END_OF_TRACK,IPHONE,1,1,false,1225759939,"Bleachers - Don't Take the Money"
"United States",1552269072,AUDIO,20250105,1,193000,NATURAL_END_OF_TRACK,IPHONE,1,0,false,N/A,"Dua Lipa - Physical"
"United States",1521724998,AUDIO,20250105,13,126882,PLAYBACK_MANUALLY_PAUSED,IPHONE,1,0,false,N/A,"Gracie Abrams - I miss you, I’m sorry"
"United States",1707782189,AUDIO,20250105,1,39226,OTHER,IPHONE,1,0,false,N/A,"Dua Lipa - Dance The Night (From Barbie The Album)"
"United States",884282144,AUDIO,20250105,1,0,TRACK_SKIPPED_FORWARDS,IPHONE,0,1,false,884282144,"Bleachers - I Wanna Get Better"
"United States",884282120,AUDIO,20250105,1,0,"MANUALLY_SELECTED_PLAYBACK_OF_A_DIFF_ITEM",IPHONE,0,1,false,884282120,"Bleachers - Rollercoaster"
"United States",1621817894,AUDIO,20250105,1,0,TRACK_SKIPPED_FORWARDS,IPHONE,0,1,false,1621817894,"OneRepublic - I Ain't Worried"
"United States",1229315050,AUDIO,20250105,1,0,TRACK_SKIPPED_FORWARDS,IPHONE,0,1,false,1229315050,"Portugal. The Man - Feel It Still"
"United States",1538003635,AUDIO,20250105,1,0,"MANUALLY_SELECTED_PLAYBACK_OF_A_DIFF_ITEM",IPHONE,0,1,false,1538003635,"Dua Lipa - Don't Start Now"
"United States",1477880764,AUDIO,20250105,1,0,"MANUALLY_SELECTED_PLAYBACK_OF_A_DIFF_ITEM",IPHONE,0,1,false,1477880764,"Post Malone & Swae Lee - Sunflower (Spider-Man: Into the Spider-Verse)"
"United States",1567285165,AUDIO,20250105,1,0,TRACK_SKIPPED_FORWARDS,IPHONE,0,2,false,1567285165,"Bleachers - Stop Making This Hurt"
"United States",1225759939,AUDIO,20250106,21,144715,PLAYBACK_MANUALLY_PAUSED,IPHONE,1,0,false,1225759939,"Bleachers - Don't Take the Money"
"United States",1552269077,AUDIO,20250106,21,105936,TRACK_SKIPPED_FORWARDS,IPHONE,1,1,false,N/A,"Dua Lipa - Break My Heart"
"United States",1745741857,AUDIO,20250106,21,73492,TRACK_SKIPPED_FORWARDS,IPHONE,1,1,false,N/A,"Dua Lipa - Houdini"
"United States",1521724998,AUDIO,20250106,2,40660,NATURAL_END_OF_TRACK,IPHONE,1,0,false,N/A,"Gracie Abrams - I miss you, I’m sorry"
"United States",1750307362,AUDIO,20250106,2,38637,PLAYBACK_SUSPENDED,IPHONE,1,0,false,N/A,"Sabrina Carpenter - Espresso"
"United States",1364709436,AUDIO,20250106,21,0,"MANUALLY_SELECTED_PLAYBACK_OF_A_DIFF_ITEM",IPHONE,0,1,false,N/A,"Calvin Harris, Dua Lipa - One Kiss"
"United States",1625198692,AUDIO,20250106,21,0,TRACK_SKIPPED_FORWARDS,IPHONE,0,1,false,N/A,"Ed Sheeran - One Life"
"United States",283699774,AUDIO,20250106,21,0,TRACK_SKIPPED_FORWARDS,IPHONE,0,1,false,N/A,"John Mayer - Your Body Is a Wonderland"
"United States",1228742325,AUDIO,20250106,21,0,"MANUALLY_SELECTED_PLAYBACK_OF_A_DIFF_ITEM",IPHONE,0,1,false,N/A,"Dua Lipa - Genesis"
"United States",1468058708,AUDIO,20250106,21,0,TRACK_SKIPPED_FORWARDS,IPHONE,0,1,false,N/A,"Taylor Swift - Daylight"
"United States",1513156388,AUDIO,20250107,9,249426,NATURAL_END_OF_TRACK,IPHONE,1,0,false,N/A,"Ben Platt - Grow As We Go"
"United States",1440505355,AUDIO,20250107,9,218693,NATURAL_END_OF_TRACK,IPHONE,1,0,false,N/A,"Sara Bareilles - I Choose You"
"United States",1225759939,AUDIO,20250107,9,215539,NATURAL_END_OF_TRACK,IPHONE,1,0,false,1225759939,"Bleachers - Don't Take the Money"
"United States",1598000282,AUDIO,20250107,9,152361,NATURAL_END_OF_TRACK,IPHONE,1,0,false,N/A,"Gracie Abrams - Feels Like"
"United States",1669618961,AUDIO,20250107,9,140892,NATURAL_END_OF_TRACK,IPHONE,1,0,false,N/A,"Hearts On The Run - Digital Love"
"United States",1663992224,AUDIO,20250107,9,89697,TRACK_SKIPPED_FORWARDS,IPHONE,1,1,false,N/A,"Ashley Kutcher - Everyone And No One"
"United States",1625198692,AUDIO,20250107,9,0,"MANUALLY_SELECTED_PLAYBACK_OF_A_DIFF_ITEM",IPHONE,0,1,false,N/A,"Ed Sheeran - One Life"
"United States",1702583449,AUDIO,20250108,1,63416,PLAYBACK_SUSPENDED,IPHONE,1,0,false,1702583449,"Bleachers - Modern Girl"
"United States",1784926302,AUDIO,20250109,19,62982,"MANUALLY_SELECTED_PLAYBACK_OF_A_DIFF_ITEM",IPHONE,1,1,false,1784926302,"Jung Jae Il - Round the Circle I"
"United States",1689131956,AUDIO,20250109,19,35286,PLAYBACK_MANUALLY_PAUSED,IPHONE,1,0,false,1689131956,"Taylor Swift - You're On Your Own, Kid"
"United States",1689131531,AUDIO,20250109,19,31467,TRACK_SKIPPED_FORWARDS,IPHONE,1,1,false,1689131531,"Taylor Swift - Lavender Haze"
"United States",1784926308,AUDIO,20250109,19,31012,"MANUALLY_SELECTED_PLAYBACK_OF_A_DIFF_ITEM",IPHONE,1,2,false,1784926308,"Jung Jae Il - O X II"
"United States",1689131533,AUDIO,20250109,19,30762,TRACK_SKIPPED_FORWARDS,IPHONE,1,1,false,1689131533,"Taylor Swift - Anti-Hero"
"United States",1784926471,AUDIO,20250109,19,30004,"MANUALLY_SELECTED_PLAYBACK_OF_A_DIFF_ITEM",IPHONE,1,1,false,1784926471,"Jung Jae Il - Round the Circle V"
"United States",1784926307,AUDIO,20250109,19,0,"MANUALLY_SELECTED_PLAYBACK_OF_A_DIFF_ITEM",IPHONE,0,1,false,1784926307,"Jung Jae Il - No Way Back"
"United States",1689131534,AUDIO,20250109,19,0,TRACK_SKIPPED_FORWARDS,IPHONE,0,1,false,1689131534,"Taylor Swift - Snow On The Beach (feat. Lana Del Rey)"
"United States",1585116222,AUDIO,20250109,19,0,"MANUALLY_SELECTED_PLAYBACK_OF_A_DIFF_ITEM",IPHONE,0,1,false,1585116222,"Park Minjoo - Needles and Dalgona"
"United States",1784926306,AUDIO,20250109,19,0,TRACK_SKIPPED_FORWARDS,IPHONE,0,1,false,1784926306,"Jung Jae Il - Round II"
"United States",1784926299,AUDIO,20250109,19,0,"MANUALLY_SELECTED_PLAYBACK_OF_A_DIFF_ITEM",IPHONE,0,1,false,1784926299,"Kim Sungsoo - Pink Soldiers Redux"
"United States",1689131532,AUDIO,20250109,19,0,TRACK_SKIPPED_FORWARDS,IPHONE,0,1,false,1689131532,"Taylor Swift - Maroon"
"United States",1225759939,AUDIO,20250110,13,215539,NATURAL_END_OF_TRACK,IPHONE,1,0,false,1225759939,"Bleachers - Don't Take the Money"
"United States",1702583449,AUDIO,20250110,11,215489,NATURAL_END_OF_TRACK,IPHONE,1,0,false,1702583449,"Bleachers - Modern Girl"
"United States",884282144,AUDIO,20250110,11,204488,NATURAL_END_OF_TRACK,IPHONE,1,0,false,884282144,"Bleachers - I Wanna Get Better"
"United States",1567285165,AUDIO,20250110,13,199626,NATURAL_END_OF_TRACK,IPHONE,1,0,false,1567285165,"Bleachers - Stop Making This Hurt"
"United States",884282120,AUDIO,20250110,13,69548,PLAYBACK_MANUALLY_PAUSED,IPHONE,1,0,false,884282120,"Bleachers - Rollercoaster"
"United States",1225759939,AUDIO,20250111,22,365323,NATURAL_END_OF_TRACK,IPHONE,1,0,false,1225759939,"Bleachers - Don't Take the Money"
"United States",884282144,AUDIO,20250111,22,204520,NATURAL_END_OF_TRACK,IPHONE,1,0,false,884282144,"Bleachers - I Wanna Get Better"
"United States",1567285165,AUDIO,20250111,22,199626,NATURAL_END_OF_TRACK,IPHONE,1,0,false,1567285165,"Bleachers - Stop Making This Hurt"
"United States",884282120,AUDIO,20250111,22,188866,NATURAL_END_OF_TRACK,IPHONE,1,0,false,884282120,"Bleachers - Rollercoaster"
"United States",1225759944,AUDIO,20250111,23,97565,PLAYBACK_SUSPENDED,IPHONE,1,0,false,1225759944,"Bleachers - I Miss Those Days"
"United States",884282149,AUDIO,20250111,23,74878,TRACK_SKIPPED_FORWARDS,IPHONE,1,1,false,884282149,"Bleachers - You're Still a Mystery"
"United States",1225759938,AUDIO,20250111,23,0,TRACK_SKIPPED_FORWARDS,IPHONE,0,1,false,1225759938,"Bleachers - Hate That You Know Me"
"United States",1712730492,AUDIO,20250111,23,0,TRACK_SKIPPED_FORWARDS,IPHONE,0,1,false,1712730492,"Bleachers - Tiny Moves"
"United States",1567285161,AUDIO,20250111,23,0,TRACK_SKIPPED_FORWARDS,IPHONE,0,1,false,1567285161,"Bleachers - How Dare You Want More"
"United States",1702583449,AUDIO,20250111,22,0,TRACK_SKIPPED_FORWARDS,IPHONE,0,1,false,1702583449,"Bleachers - Modern Girl"
"United States",884282119,AUDIO,20250111,23,0,TRACK_SKIPPED_FORWARDS,IPHONE,0,1,false,884282119,"Bleachers - Wild Heart"
"United States",1042007986,AUDIO,20250111,23,0,TRACK_SKIPPED_FORWARDS,IPHONE,0,1,false,1042007986,"Bleachers & Sia - Like a River Runs"
"United States",1225759940,AUDIO,20250111,23,0,TRACK_SKIPPED_FORWARDS,IPHONE,0,1,false,1225759940,"Bleachers - Everybody Lost Somebody"
"United States",884282148,AUDIO,20250111,23,0,TRACK_SKIPPED_FORWARDS,IPHONE,0,1,false,884282148,"Bleachers - Like a River Runs"
"United States",1334779519,AUDIO,20250111,23,0,TRACK_SKIPPED_FORWARDS,IPHONE,0,1,false,1334779519,"Bleachers - Alfie's Song (Not So Typical Love Song)"
"United States",1567285160,AUDIO,20250111,23,0,TRACK_SKIPPED_FORWARDS,IPHONE,0,1,false,1567285160,"Bleachers - Chinatown (feat. Bruce Springsteen)"
"United States",1689131534,AUDIO,20250112,2,256124,NATURAL_END_OF_TRACK,IPHONE,1,0,false,1689131534,"Taylor Swift - Snow On The Beach (feat. Lana Del Rey)"
"United States",1689131532,AUDIO,20250112,2,218270,NATURAL_END_OF_TRACK,IPHONE,1,0,false,1689131532,"Taylor Swift - Maroon"
"United States",1689131531,AUDIO,20250112,2,202396,NATURAL_END_OF_TRACK,IPHONE,1,0,false,1689131531,"Taylor Swift - Lavender Haze"
"United States",1689131533,AUDIO,20250112,2,200690,NATURAL_END_OF_TRACK,IPHONE,1,0,false,1689131533,"Taylor Swift - Anti-Hero"
"United States",1689131956,AUDIO,20250112,2,100066,PLAYBACK_SUSPENDED,IPHONE,1,0,false,1689131956,"Taylor Swift - You're On Your Own, Kid"
"United States",1784926292,AUDIO,20250112,1,0,"MANUALLY_SELECTED_PLAYBACK_OF_A_DIFF_ITEM",IPHONE,0,1,false,1784926292,"Jung Jae Il - Way Forward"
"United States",1784926292,AUDIO,20250113,12,244000,NATURAL_END_OF_TRACK,IPHONE,1,0,false,1784926292,"Jung Jae Il - Way Forward"
"United States",1784926296,AUDIO,20250113,18,145943,PLAYBACK_SUSPENDED,IPHONE,1,0,false,1784926296,"Jung Jae Il - You're Nothing but a Puppet"
"United States",1784926295,AUDIO,20250113,12,114851,PLAYBACK_MANUALLY_PAUSED,IPHONE,1,0,false,1784926295,"Jung Jae Il - O X I"
"United States",1689131968,AUDIO,20250115,18,247962,NATURAL_END_OF_TRACK,IPHONE,1,0,false,1689131968,"Taylor Swift - Labyrinth"
"United States",1689131976,AUDIO,20250115,17,240467,NATURAL_END_OF_TRACK,IPHONE,1,0,false,1689131976,"Taylor Swift - The Great War"
"United States",1689131531,AUDIO,20250115,"17, 18",202395,NATURAL_END_OF_TRACK,IPHONE,1,1,false,1689131531,"Taylor Swift - Lavender Haze"
"United States",1702583449,AUDIO,20250115,15,128144,TRACK_SKIPPED_FORWARDS,IPHONE,1,1,false,1702583449,"Bleachers - Modern Girl"
"United States",1689131965,AUDIO,20250115,18,45503,PLAYBACK_SUSPENDED,IPHONE,1,0,false,1689131965,"Taylor Swift - Bejeweled"
"United States",1689132080,AUDIO,20250115,18,0,TRACK_SKIPPED_FORWARDS,IPHONE,0,1,false,1689132080,"Taylor Swift - Snow On The Beach (feat. More Lana Del Rey)"
"United States",1689131532,AUDIO,20250115,17,0,"MANUALLY_SELECTED_PLAYBACK_OF_A_DIFF_ITEM",IPHONE,0,1,false,1689131532,"Taylor Swift - Maroon"
"United States",1691828321,AUDIO,20250119,11,350827,NATURAL_END_OF_TRACK,MACINTOSH,1,0,false,1691828321,"Gracie Abrams - Right now"
"United States",1742058100,AUDIO,20250119,9,333980,NATURAL_END_OF_TRACK,MACINTOSH,1,0,false,1742058100,"Taylor Swift - Who’s Afraid of Little Old Me?"
"United States",1691828320,AUDIO,20250119,11,300205,NATURAL_END_OF_TRACK,MACINTOSH,1,0,false,1691828320,"Gracie Abrams - The blue"
"United States",1742058103,AUDIO,20250119,10,277211,NATURAL_END_OF_TRACK,MACINTOSH,1,0,false,1742058103,"Taylor Swift - loml"
"United States",1691828318,AUDIO,20250119,11,267669,NATURAL_END_OF_TRACK,MACINTOSH,1,0,false,1691828318,"Gracie Abrams - Fault line"
"United States",1742058083,AUDIO,20250119,9,262888,NATURAL_END_OF_TRACK,MACINTOSH,1,0,false,1742058083,"Taylor Swift - So Long, London"
"United States",1742058080,AUDIO,20250119,9,261130,NATURAL_END_OF_TRACK,MACINTOSH,1,0,false,1742058080,"Taylor Swift - Down Bad"
"United States",1691828312,AUDIO,20250119,10,259590,NATURAL_END_OF_TRACK,MACINTOSH,1,0,false,1691828312,"Gracie Abrams - Amelie"
"United States",1691828302,AUDIO,20250119,10,258946,NATURAL_END_OF_TRACK,MACINTOSH,1,0,false,1691828302,"Gracie Abrams - I should hate you"
"United States",1691828315,AUDIO,20250119,10,258909,NATURAL_END_OF_TRACK,MACINTOSH,1,0,false,1691828315,"Gracie Abrams - Difficult"
"United States",1691828054,AUDIO,20250119,10,255712,NATURAL_END_OF_TRACK,MACINTOSH,1,0,false,1691828054,"Gracie Abrams - Full machine"
"United States",1742058097,AUDIO,20250119,10,254258,NATURAL_END_OF_TRACK,MACINTOSH,1,0,false,1742058097,"Taylor Swift - Guilty as Sin?"
"United States",1691828325,AUDIO,20250119,11,253040,NATURAL_END_OF_TRACK,MACINTOSH,1,0,false,1691828325,"Gracie Abrams - Two people"
"United States",1691828323,AUDIO,20250119,11,250830,NATURAL_END_OF_TRACK,MACINTOSH,1,0,false,1691828323,"Gracie Abrams - Unsteady"
"United States",1691828322,AUDIO,20250119,11,249464,NATURAL_END_OF_TRACK,MACINTOSH,1,0,false,1691828322,"Gracie Abrams - Block me out"
"United States",1593913707,AUDIO,20250119,10,246342,NATURAL_END_OF_TRACK,MACINTOSH,1,0,false,1593913707,"Gracie Abrams - Camden"
"United States",1691828050,AUDIO,20250119,10,245591,NATURAL_END_OF_TRACK,MACINTOSH,1,0,false,1691828050,"Gracie Abrams - I know it won't work"
"United States",1691828317,AUDIO,20250119,11,245587,NATURAL_END_OF_TRACK,MACINTOSH,1,0,false,1691828317,"Gracie Abrams - This is what the drugs are for"
"United States",1742058273,AUDIO,20250119,10,243887,NATURAL_END_OF_TRACK,MACINTOSH,1,0,false,1742058273,"Taylor Swift - I Hate It Here"
"United States",1691828299,AUDIO,20250119,10,243592,NATURAL_END_OF_TRACK,MACINTOSH,1,0,false,1691828299,"Gracie Abrams - Where do we go now?"
"United States",1742075509,AUDIO,20250119,9,238735,NATURAL_END_OF_TRACK,MACINTOSH,1,0,false,1742075509,"Taylor Swift - How Did It End?"
"United States",1691828047,AUDIO,20250119,10,233463,NATURAL_END_OF_TRACK,MACINTOSH,1,0,false,1691828047,"Gracie Abrams - Best"
"United States",1691828307,AUDIO,20250119,10,230142,NATURAL_END_OF_TRACK,MACINTOSH,1,0,false,1691828307,"Gracie Abrams - Will you cry?"
"United States",1742074018,AUDIO,20250119,9,229002,NATURAL_END_OF_TRACK,MACINTOSH,1,0,false,1742074018,"Taylor Swift - Fortnight (feat. Post Malone)"
"United States",1742058269,AUDIO,20250119,9,228719,NATURAL_END_OF_TRACK,MACINTOSH,1,0,false,1742058269,"Taylor Swift - So High School"
"United States",1742076181,AUDIO,20250119,9,224669,NATURAL_END_OF_TRACK,MACINTOSH,1,0,false,1742076181,"Taylor Swift - The Manuscript"
"United States",1593913898,AUDIO,20250119,11,217900,PLAYBACK_MANUALLY_PAUSED,MACINTOSH,1,0,false,1593913898,"Gracie Abrams - Hard to Sleep"
"United States",1593913702,AUDIO,20250119,10,217334,NATURAL_END_OF_TRACK,MACINTOSH,1,0,false,1593913702,"Gracie Abrams - Rockland"
"United States",1742074936,AUDIO,20250119,9,216688,NATURAL_END_OF_TRACK,MACINTOSH,1,0,false,1742074936,"Taylor Swift - Clara Bow"
"United States",1742074192,AUDIO,20250119,9,203651,NATURAL_END_OF_TRACK,MACINTOSH,1,0,false,1742074192,"Taylor Swift - My Boy Only Breaks His Favorite Toys"
"United States",1593913706,AUDIO,20250119,10,193626,NATURAL_END_OF_TRACK,MACINTOSH,1,0,false,1593913706,"Gracie Abrams - For Real This Time"
"United States",1593913715,AUDIO,20250119,11,187103,NATURAL_END_OF_TRACK,MACINTOSH,1,0,false,1593913715,"Gracie Abrams - Older"
"United States",1691828324,AUDIO,20250119,11,181881,NATURAL_END_OF_TRACK,MACINTOSH,1,0,false,1691828324,"Gracie Abrams - 405"
"United States",1593913711,AUDIO,20250119,11,180529,NATURAL_END_OF_TRACK,MACINTOSH,1,0,false,1593913711,"Gracie Abrams - The Bottom"
"United States",1593913896,AUDIO,20250119,11,170788,NATURAL_END_OF_TRACK,MACINTOSH,1,0,false,1593913896,"Gracie Abrams - Better"
"United States",1593913714,AUDIO,20250119,11,160449,NATURAL_END_OF_TRACK,MACINTOSH,1,0,false,1593913714,"Gracie Abrams - Wishful Thinking"
"United States",1742058261,AUDIO,20250119,10,155316,TRACK_SKIPPED_FORWARDS,MACINTOSH,1,1,false,1742058261,"Taylor Swift - The Albatross"
"United States",1593913701,AUDIO,20250119,10,152381,NATURAL_END_OF_TRACK,MACINTOSH,1,0,false,1593913701,"Gracie Abrams - Feels Like"
"United States",1742058101,AUDIO,20250119,10,0,"MANUALLY_SELECTED_PLAYBACK_OF_A_DIFF_ITEM",MACINTOSH,0,1,false,1742058101,"Taylor Swift - I Can Fix Him (No Really I Can)"
"United States",1689132077,AUDIO,20250121,"1, 5",335307,PLAYBACK_MANUALLY_PAUSED,IPHONE,2,0,false,1689132077,"Taylor Swift - Dear Reader"
"United States",329757892,AUDIO,20250121,5,0,TRACK_SKIPPED_FORWARDS,IPHONE,0,1,false,N/A,"BOYS LIKE GIRLS - Two Is Better Than One (feat. Taylor Swift)"
"United States",303171516,AUDIO,20250121,5,0,TRACK_SKIPPED_FORWARDS,IPHONE,0,1,false,N/A,"*NSYNC - I Thought She Knew"
"United States",1689132080,AUDIO,20250121,1,0,"MANUALLY_SELECTED_PLAYBACK_OF_A_DIFF_ITEM",IPHONE,0,1,false,1689132080,"Taylor Swift - Snow On The Beach (feat. More Lana Del Rey)"
"United States",1689131533,AUDIO,20250127,18,200690,NATURAL_END_OF_TRACK,IPHONE,1,0,false,1689131533,"Taylor Swift - Anti-Hero"
"United States",250112772,AUDIO,20250127,18,0,TRACK_SKIPPED_FORWARDS,IPHONE,0,1,false,N/A,"Brandi Carlile - The Story"
"United States",1440905878,AUDIO,20250127,18,0,TRACK_SKIPPED_FORWARDS,IPHONE,0,1,false,N/A,"Cher & Peter Cetera - After All (Love Theme from ""Chances Are"")"
"United States",1689132077,AUDIO,20250127,18,0,"MANUALLY_SELECTED_PLAYBACK_OF_A_DIFF_ITEM",IPHONE,0,1,false,1689132077,"Taylor Swift - Dear Reader"
"United States",1582343522,AUDIO,20250127,18,0,TRACK_SKIPPED_FORWARDS,IPHONE,0,1,false,N/A,"The Civil Wars - Poison & Wine"
"United States",1742058105,AUDIO,20250128,5,245000,NATURAL_END_OF_TRACK,IPHONE,1,0,false,1742058105,"Taylor Swift - The Smallest Man Who Ever Lived"
"United States",1742058107,AUDIO,20250128,5,216710,NATURAL_END_OF_TRACK,IPHONE,1,0,false,1742058107,"Taylor Swift - Clara Bow"
"United States",1742058079,AUDIO,20250128,5,203845,NATURAL_END_OF_TRACK,IPHONE,1,0,false,1742058079,"Taylor Swift - My Boy Only Breaks His Favorite Toys"
"United States",1440818664,AUDIO,20250128,5,0,TRACK_SKIPPED_FORWARDS,IPHONE,0,1,false,N/A,"Lorde - Royals"
"United States",1541905893,AUDIO,20250128,5,0,TRACK_SKIPPED_FORWARDS,IPHONE,0,1,false,N/A,"Taylor Swift - cardigan"
"United States",1550026144,AUDIO,20250128,5,0,TRACK_SKIPPED_FORWARDS,IPHONE,0,1,false,N/A,"Sabrina Carpenter - Skin"
"United States",1440880507,AUDIO,20250128,5,0,TRACK_SKIPPED_FORWARDS,IPHONE,0,1,false,N/A,"Halsey - Bad at Love"
"United States",1468058171,AUDIO,20250128,5,0,"MANUALLY_SELECTED_PLAYBACK_OF_A_DIFF_ITEM",IPHONE,0,1,false,N/A,"Taylor Swift - Cruel Summer"
"United States",1742058078,AUDIO,20250130,20,55165,TRACK_SKIPPED_FORWARDS,IPHONE,1,1,false,1742058078,"Taylor Swift - The Tortured Poets Department"
"United States",1742058083,AUDIO,20250130,20,0,TRACK_SKIPPED_FORWARDS,IPHONE,0,1,false,1742058083,"Taylor Swift - So Long, London"
"United States",1742058100,AUDIO,20250131,4,334132,NATURAL_END_OF_TRACK,IPHONE,1,0,false,1742058100,"Taylor Swift - Who’s Afraid of Little Old Me?"
"United States",1742058094,AUDIO,20250131,4,0,TRACK_SKIPPED_FORWARDS,IPHONE,0,1,false,1742058094,"Taylor Swift - Florida!!! (feat. Florence + the Machine)"
"United States",1742058260,AUDIO,20250131,4,0,TRACK_SKIPPED_FORWARDS,IPHONE,0,1,false,1742058260,"Taylor Swift - imgonnagetyouback"
"United States",1742075877,AUDIO,20250201,22,479344,NATURAL_END_OF_TRACK,IPHONE,1,1,false,1742075877,"Taylor Swift - The Prophecy"
"United States",1742058275,AUDIO,20250201,22,131944,NATURAL_END_OF_TRACK,IPHONE,1,0,false,1742058275,"Taylor Swift - I Look in People's Windows"
"United States",1225759939,AUDIO,20250204,22,175789,TRACK_SKIPPED_FORWARDS,IPHONE,1,1,false,1225759939,"Bleachers - Don't Take the Money"
"United States",1567285165,AUDIO,20250204,23,52338,PLAYBACK_SUSPENDED,IPHONE,1,0,false,1567285165,"Bleachers - Stop Making This Hurt"
"United States",1702583449,AUDIO,20250204,22,0,TRACK_SKIPPED_FORWARDS,IPHONE,0,1,false,1702583449,"Bleachers - Modern Girl"
"United States",884282144,AUDIO,20250204,22,0,TRACK_SKIPPED_FORWARDS,IPHONE,0,1,false,884282144,"Bleachers - I Wanna Get Better"
"United States",1689131976,AUDIO,20250208,4,240355,NATURAL_END_OF_TRACK,IPHONE,1,0,false,1689131976,"Taylor Swift - The Great War"
"United States",1689131978,AUDIO,20250208,4,218502,NATURAL_END_OF_TRACK,IPHONE,1,0,false,1689131978,"Taylor Swift - Bigger Than The Whole Sky"
"United States",1689131960,AUDIO,20250208,3,210556,NATURAL_END_OF_TRACK,IPHONE,1,0,false,1689131960,"Taylor Swift - Question...?"
"United States",1689131973,AUDIO,20250208,3,191039,NATURAL_END_OF_TRACK,IPHONE,1,0,false,1689131973,"Taylor Swift - Mastermind"
"United States",1689131961,AUDIO,20250208,3,164801,NATURAL_END_OF_TRACK,IPHONE,1,0,false,1689131961,"Taylor Swift - Vigilante Shit"
"United States",1689131979,AUDIO,20250208,4,52321,PLAYBACK_MANUALLY_PAUSED,IPHONE,1,0,false,1689131979,"Taylor Swift - Paris"
"United States",1689131532,AUDIO,20250208,3,0,TRACK_SKIPPED_FORWARDS,IPHONE,0,1,false,1689131532,"Taylor Swift - Maroon"
"United States",1689131959,AUDIO,20250208,3,0,TRACK_SKIPPED_FORWARDS,IPHONE,0,1,false,1689131959,"Taylor Swift - Midnight Rain"
"United States",1689131534,AUDIO,20250208,3,0,TRACK_SKIPPED_FORWARDS,IPHONE,0,1,false,1689131534,"Taylor Swift - Snow On The Beach (feat. Lana Del Rey)"
"United States",1689131531,AUDIO,20250208,3,0,TRACK_SKIPPED_FORWARDS,IPHONE,0,1,false,1689131531,"Taylor Swift - Lavender Haze"
"United States",1689131968,AUDIO,20250208,3,0,TRACK_SKIPPED_FORWARDS,IPHONE,0,1,false,1689131968,"Taylor Swift - Labyrinth"
"United States",1689131969,AUDIO,20250208,3,0,TRACK_SKIPPED_FORWARDS,IPHONE,0,1,false,1689131969,"Taylor Swift - Karma"
"United States",1689131971,AUDIO,20250208,3,0,TRACK_SKIPPED_FORWARDS,IPHONE,0,1,false,1689131971,"Taylor Swift - Sweet Nothing"
"United States",1689131533,AUDIO,20250208,3,0,TRACK_SKIPPED_FORWARDS,IPHONE,0,1,false,1689131533,"Taylor Swift - Anti-Hero"
"United States",1689131982,AUDIO,20250209,18,462951,NATURAL_END_OF_TRACK,IPHONE,2,1,false,1689131982,"Taylor Swift - High Infidelity"
"United States",1689131976,AUDIO,20250209,18,240356,NATURAL_END_OF_TRACK,IPHONE,1,0,false,1689131976,"Taylor Swift - The Great War"
"United States",1689132076,AUDIO,20250209,19,134938,PLAYBACK_SUSPENDED,IPHONE,1,0,false,1689132076,"Taylor Swift - Would've, Could've, Should've"
"United States",1689131985,AUDIO,20250209,"18, 19",78523,TRACK_SKIPPED_FORWARDS,IPHONE,1,2,false,1689131985,"Taylor Swift - Glitch"
"United States",1689131979,AUDIO,20250209,18,69847,TRACK_SKIPPED_FORWARDS,IPHONE,1,2,false,1689131979,"Taylor Swift - Paris"
"United States",1689131978,AUDIO,20250209,18,0,TRACK_SKIPPED_FORWARDS,IPHONE,0,2,false,1689131978,"Taylor Swift - Bigger Than The Whole Sky"
"United States",1718576584,AUDIO,20250213,23,277832,NATURAL_END_OF_TRACK,IPHONE,1,0,false,1718576584,"Taylor Swift - You’re Losing Me (From The Vault)"
"United States",1689132076,AUDIO,20250213,23,0,"MANUALLY_SELECTED_PLAYBACK_OF_A_DIFF_ITEM",IPHONE,0,1,false,1689132076,"Taylor Swift - Would've, Could've, Should've"
"United States",1795513610,AUDIO,20250216,0,97373,PLAYBACK_MANUALLY_PAUSED,MACINTOSH,1,0,false,1795513610,"Sabrina Carpenter - Bad Reviews"
"United States",1742075877,AUDIO,20250225,"11, 18",499722,NATURAL_END_OF_TRACK,IPHONE,3,1,false,1742075877,"Taylor Swift - The Prophecy"
"United States",1742058274,AUDIO,20250225,11,263862,NATURAL_END_OF_TRACK,IPHONE,1,1,false,1742058274,"Taylor Swift - thanK you aIMee"
"United States",1742058273,AUDIO,20250225,11,243905,NATURAL_END_OF_TRACK,IPHONE,1,1,false,1742058273,"Taylor Swift - I Hate It Here"
"United States",1742075225,AUDIO,20250225,18,213342,NATURAL_END_OF_TRACK,IPHONE,1,0,false,1742075225,"Taylor Swift - Chloe or Sam or Sophia or Marcus"
"United States",1742058083,AUDIO,20250225,18,184181,TRACK_SKIPPED_FORWARDS,IPHONE,1,1,false,1742058083,"Taylor Swift - So Long, London"
"United States",1742058261,AUDIO,20250225,18,178816,TRACK_SKIPPED_FORWARDS,IPHONE,1,1,false,1742058261,"Taylor Swift - The Albatross"
"United States",1742058269,AUDIO,20250225,"11, 18",155915,OTHER,IPHONE,1,1,false,1742058269,"Taylor Swift - So High School"
"United States",1742058275,AUDIO,20250225,11,131944,NATURAL_END_OF_TRACK,IPHONE,1,1,false,1742058275,"Taylor Swift - I Look in People's Windows"
"United States",1742075509,AUDIO,20250225,18,90149,TRACK_SKIPPED_FORWARDS,IPHONE,1,1,false,1742075509,"Taylor Swift - How Did It End?"
"United States",1742074936,AUDIO,20250225,18,82195,TRACK_SKIPPED_FORWARDS,IPHONE,1,1,false,1742074936,"Taylor Swift - Clara Bow"
"United States",1742058529,AUDIO,20250225,18,0,"MANUALLY_SELECTED_PLAYBACK_OF_A_DIFF_ITEM",IPHONE,0,1,false,1742058529,"Taylor Swift - Robin"
"United States",1742058094,AUDIO,20250225,18,0,"MANUALLY_SELECTED_PLAYBACK_OF_A_DIFF_ITEM",IPHONE,0,2,false,1742058094,"Taylor Swift - Florida!!! (feat. Florence + the Machine)"
"United States",1742058085,AUDIO,20250225,18,0,TRACK_SKIPPED_FORWARDS,IPHONE,0,1,false,1742058085,"Taylor Swift - But Daddy I Love Him"
"United States",1742058259,AUDIO,20250225,18,0,TRACK_SKIPPED_FORWARDS,IPHONE,0,1,false,1742058259,"Taylor Swift - The Black Dog"
"United States",1742058260,AUDIO,20250225,18,0,TRACK_SKIPPED_FORWARDS,IPHONE,0,1,false,1742058260,"Taylor Swift - imgonnagetyouback"
"United States",1742058284,AUDIO,20250225,18,0,TRACK_SKIPPED_FORWARDS,IPHONE,0,1,false,1742058284,"Taylor Swift - Peter"
"United States",1742058092,AUDIO,20250225,18,0,TRACK_SKIPPED_FORWARDS,IPHONE,0,1,false,1742058092,"Taylor Swift - Fresh Out The Slammer"
"United States",1742058273,AUDIO,20250303,21,243905,NATURAL_END_OF_TRACK,IPHONE,1,0,false,1742058273,"Taylor Swift - I Hate It Here"
"United States",1742058269,AUDIO,20250303,21,238896,NATURAL_END_OF_TRACK,IPHONE,1,0,false,1742058269,"Taylor Swift - So High School"
"United States",1742075877,AUDIO,20250303,21,174621,PLAYBACK_MANUALLY_PAUSED,IPHONE,1,0,false,1742075877,"Taylor Swift - The Prophecy"
"United States",1742058275,AUDIO,20250303,21,0,TRACK_SKIPPED_FORWARDS,IPHONE,0,1,false,1742058275,"Taylor Swift - I Look in People's Windows"
"United States",1742058274,AUDIO,20250303,21,0,TRACK_SKIPPED_FORWARDS,IPHONE,0,1,false,1742058274,"Taylor Swift - thanK you aIMee"
"United States",1742075877,AUDIO,20250304,13,255484,NATURAL_END_OF_TRACK,IPHONE,1,0,false,1742075877,"Taylor Swift - The Prophecy"
"United States",1712730826,AUDIO,20250304,19,254000,NATURAL_END_OF_TRACK,IPHONE,1,0,false,1712730826,"Bleachers - Self Respect"
"United States",1742057775,AUDIO,20250304,13,228965,NATURAL_END_OF_TRACK,IPHONE,1,0,false,1742057775,"Taylor Swift - Fortnight (feat. Post Malone)"
"United States",1742074018,AUDIO,20250304,13,216449,TRACK_SKIPPED_FORWARDS,IPHONE,1,1,false,1742074018,"Taylor Swift - Fortnight (feat. Post Malone)"
"United States",1225759939,AUDIO,20250304,16,204862,TRACK_SKIPPED_FORWARDS,IPHONE,1,1,false,1225759939,"Bleachers - Don't Take the Money"
"United States",1742058078,AUDIO,20250304,13,203801,PLAYBACK_MANUALLY_PAUSED,IPHONE,1,0,false,1742058078,"Taylor Swift - The Tortured Poets Department"
"United States",1712730496,AUDIO,20250304,19,203000,NATURAL_END_OF_TRACK,IPHONE,1,0,false,1712730496,"Bleachers - Isimo"
"United States",1712730807,AUDIO,20250304,19,151000,NATURAL_END_OF_TRACK,IPHONE,1,0,false,1712730807,"Bleachers - Woke Up Today"
"United States",1712730486,AUDIO,20250304,19,129500,PLAYBACK_MANUALLY_PAUSED,IPHONE,1,0,false,1712730486,"Bleachers - Jesus Is Dead"
"United States",1712730484,AUDIO,20250304,19,112697,TRACK_SKIPPED_FORWARDS,IPHONE,1,1,false,1712730484,"Bleachers - I Am Right On Time"
"United States",1702583449,AUDIO,20250304,19,38414,"MANUALLY_SELECTED_PLAYBACK_OF_A_DIFF_ITEM",IPHONE,1,1,false,1702583449,"Bleachers - Modern Girl"
"United States",1567285165,AUDIO,20250304,18,30074,TRACK_SKIPPED_FORWARDS,IPHONE,1,1,false,1567285165,"Bleachers - Stop Making This Hurt"
"United States",1712730492,AUDIO,20250304,19,0,"MANUALLY_SELECTED_PLAYBACK_OF_A_DIFF_ITEM",IPHONE,0,1,false,1712730492,"Bleachers - Tiny Moves"
"United States",1742076181,AUDIO,20250304,13,0,TRACK_SKIPPED_FORWARDS,IPHONE,0,1,false,1742076181,"Taylor Swift - The Manuscript"
"United States",1742058080,AUDIO,20250304,16,0,TRACK_SKIPPED_FORWARDS,IPHONE,0,1,false,1742058080,"Taylor Swift - Down Bad"
"United States",884282120,AUDIO,20250304,19,0,TRACK_SKIPPED_FORWARDS,IPHONE,0,1,false,884282120,"Bleachers - Rollercoaster"
"United States",1742058083,AUDIO,20250304,16,0,"MANUALLY_SELECTED_PLAYBACK_OF_A_DIFF_ITEM",IPHONE,0,1,false,1742058083,"Taylor Swift - So Long, London"
"United States",1712730923,AUDIO,20250304,19,0,"MANUALLY_SELECTED_PLAYBACK_OF_A_DIFF_ITEM",IPHONE,0,1,false,1712730923,"Bleachers - Call Me After Midnight"
"United States",1742058529,AUDIO,20250304,13,0,TRACK_SKIPPED_FORWARDS,IPHONE,0,1,false,1742058529,"Taylor Swift - Robin"
"United States",1712730485,AUDIO,20250304,19,0,TRACK_SKIPPED_FORWARDS,IPHONE,0,1,false,1712730485,"Bleachers - Modern Girl"
"United States",1742058284,AUDIO,20250304,13,0,TRACK_SKIPPED_FORWARDS,IPHONE,0,1,false,1742058284,"Taylor Swift - Peter"
"United States",1742074192,AUDIO,20250304,16,0,TRACK_SKIPPED_FORWARDS,IPHONE,0,1,false,1742074192,"Taylor Swift - My Boy Only Breaks His Favorite Toys"
"United States",1712730826,AUDIO,20250306,17,254000,NATURAL_END_OF_TRACK,IPHONE,1,0,false,1712730826,"Bleachers - Self Respect"
"United States",1712730919,AUDIO,20250306,17,65796,TRACK_SKIPPED_FORWARDS,IPHONE,1,1,false,1712730919,"Bleachers - Hey Joe"
"United States",1712730486,AUDIO,20250306,17,0,TRACK_SKIPPED_FORWARDS,IPHONE,0,2,false,1712730486,"Bleachers - Jesus Is Dead"
"United States",1712730485,AUDIO,20250306,17,0,TRACK_SKIPPED_FORWARDS,IPHONE,0,1,false,1712730485,"Bleachers - Modern Girl"
"United States",1440934251,AUDIO,20250310,16,238251,NATURAL_END_OF_TRACK,IPHONE,1,0,false,1440934251,"Taylor Swift - I Did Something Bad"
"United States",1440934423,AUDIO,20250310,16,207126,NATURAL_END_OF_TRACK,IPHONE,1,0,false,1440934423,"Taylor Swift - This Is Why We Can’t Have Nice Things"
"United States",1440934249,AUDIO,20250310,18,38937,PLAYBACK_MANUALLY_PAUSED,IPHONE,1,0,false,1440934249,"Taylor Swift - End Game (feat. Ed Sheeran & Future)"
"United States",1742058100,AUDIO,20250312,13,324205,TRACK_SKIPPED_FORWARDS,IPHONE,1,1,false,1742058100,"Taylor Swift - Who’s Afraid of Little Old Me?"
"United States",1742058083,AUDIO,20250312,13,263026,NATURAL_END_OF_TRACK,IPHONE,1,0,false,1742058083,"Taylor Swift - So Long, London"
"United States",1742058105,AUDIO,20250312,13,245541,NATURAL_END_OF_TRACK,IPHONE,1,0,false,1742058105,"Taylor Swift - The Smallest Man Who Ever Lived"
"United States",1742074018,AUDIO,20250312,13,229015,NATURAL_END_OF_TRACK,IPHONE,1,0,false,1742074018,"Taylor Swift - Fortnight (feat. Post Malone)"
"United States",1742058092,AUDIO,20250312,13,210834,NATURAL_END_OF_TRACK,IPHONE,1,0,false,1742058092,"Taylor Swift - Fresh Out The Slammer"
"United States",1742074192,AUDIO,20250312,13,203996,NATURAL_END_OF_TRACK,IPHONE,1,0,false,1742074192,"Taylor Swift - My Boy Only Breaks His Favorite Toys"
"United States",1742074927,AUDIO,20250312,13,196937,NATURAL_END_OF_TRACK,IPHONE,1,0,false,1742074927,"Taylor Swift - The Alchemy"
"United States",1742058259,AUDIO,20250312,14,83334,PLAYBACK_SUSPENDED,IPHONE,1,0,false,1742058259,"Taylor Swift - The Black Dog"
"United States",1742074936,AUDIO,20250312,13,80470,TRACK_SKIPPED_FORWARDS,IPHONE,1,1,false,1742074936,"Taylor Swift - Clara Bow"
"United States",1742057775,AUDIO,20250312,13,72947,TRACK_SKIPPED_FORWARDS,IPHONE,1,1,false,1742057775,"Taylor Swift - Fortnight (feat. Post Malone)"
"United States",1742058274,AUDIO,20250312,13,39512,TRACK_SKIPPED_FORWARDS,IPHONE,1,1,false,1742058274,"Taylor Swift - thanK you aIMee"
"United States",1742058101,AUDIO,20250312,13,0,TRACK_SKIPPED_FORWARDS,IPHONE,0,1,false,1742058101,"Taylor Swift - I Can Fix Him (No Really I Can)"
"United States",1742058261,AUDIO,20250312,13,0,TRACK_SKIPPED_FORWARDS,IPHONE,0,1,false,1742058261,"Taylor Swift - The Albatross"
"United States",1742075509,AUDIO,20250312,13,0,TRACK_SKIPPED_FORWARDS,IPHONE,0,1,false,1742075509,"Taylor Swift - How Did It End?"
"United States",1742058103,AUDIO,20250312,13,0,TRACK_SKIPPED_FORWARDS,IPHONE,0,1,false,1742058103,"Taylor Swift - loml"
"United States",1742076181,AUDIO,20250312,13,0,TRACK_SKIPPED_FORWARDS,IPHONE,0,1,false,1742076181,"Taylor Swift - The Manuscript"
"United States",1742075225,AUDIO,20250312,13,0,TRACK_SKIPPED_FORWARDS,IPHONE,0,1,false,1742075225,"Taylor Swift - Chloe or Sam or Sophia or Marcus"
"United States",1742058269,AUDIO,20250312,13,0,TRACK_SKIPPED_FORWARDS,IPHONE,0,1,false,1742058269,"Taylor Swift - So High School"
"United States",1742058284,AUDIO,20250312,13,0,TRACK_SKIPPED_FORWARDS,IPHONE,0,1,false,1742058284,"Taylor Swift - Peter"
"United States",1712730826,AUDIO,20250313,14,254000,NATURAL_END_OF_TRACK,IPHONE,1,0,false,1712730826,"Bleachers - Self Respect"
"United States",1712730932,AUDIO,20250313,14,113308,PLAYBACK_MANUALLY_PAUSED,IPHONE,1,0,false,1712730932,"Bleachers - We're Gonna Know Each Other Forever"
"United States",1742058100,AUDIO,20250314,20,334132,NATURAL_END_OF_TRACK,IPHONE,1,1,false,1742058100,"Taylor Swift - Who’s Afraid of Little Old Me?"
"United States",1742058094,AUDIO,20250314,21,72212,PLAYBACK_SUSPENDED,IPHONE,1,0,false,1742058094,"Taylor Swift - Florida!!! (feat. Florence + the Machine)"
"United States",1742058079,AUDIO,20250314,20,0,TRACK_SKIPPED_FORWARDS,IPHONE,0,1,false,1742058079,"Taylor Swift - My Boy Only Breaks His Favorite Toys"
"United States",1742058259,AUDIO,20250314,20,0,TRACK_SKIPPED_FORWARDS,IPHONE,0,1,false,1742058259,"Taylor Swift - The Black Dog"
"United States",1742074936,AUDIO,20250314,20,0,TRACK_SKIPPED_FORWARDS,IPHONE,0,1,false,1742074936,"Taylor Swift - Clara Bow"
"United States",1742074192,AUDIO,20250314,20,0,TRACK_SKIPPED_FORWARDS,IPHONE,0,1,false,1742074192,"Taylor Swift - My Boy Only Breaks His Favorite Toys"
"United States",1742074927,AUDIO,20250314,20,0,TRACK_SKIPPED_FORWARDS,IPHONE,0,1,false,1742074927,"Taylor Swift - The Alchemy"
"United States",1742058260,AUDIO,20250314,20,0,TRACK_SKIPPED_FORWARDS,IPHONE,0,1,false,1742058260,"Taylor Swift - imgonnagetyouback"
"United States",1742058104,AUDIO,20250314,20,0,TRACK_SKIPPED_FORWARDS,IPHONE,0,2,false,1742058104,"Taylor Swift - I Can Do It With a Broken Heart"
"United States",1742058269,AUDIO,20250314,20,0,TRACK_SKIPPED_FORWARDS,IPHONE,0,1,false,1742058269,"Taylor Swift - So High School"
"United States",1742057775,AUDIO,20250314,20,0,TRACK_SKIPPED_FORWARDS,IPHONE,0,1,false,1742057775,"Taylor Swift - Fortnight (feat. Post Malone)"
"United States",1742058105,AUDIO,20250314,20,0,TRACK_SKIPPED_FORWARDS,IPHONE,0,1,false,1742058105,"Taylor Swift - The Smallest Man Who Ever Lived"
"United States",1742058529,AUDIO,20250314,20,0,TRACK_SKIPPED_FORWARDS,IPHONE,0,1,false,1742058529,"Taylor Swift - Robin"
"United States",1742058275,AUDIO,20250314,20,0,TRACK_SKIPPED_FORWARDS,IPHONE,0,1,false,1742058275,"Taylor Swift - I Look in People's Windows"
"United States",1742058261,AUDIO,20250314,20,0,TRACK_SKIPPED_FORWARDS,IPHONE,0,1,false,1742058261,"Taylor Swift - The Albatross"
"United States",1742058083,AUDIO,20250314,20,0,TRACK_SKIPPED_FORWARDS,IPHONE,0,1,false,1742058083,"Taylor Swift - So Long, London"
"United States",1742058078,AUDIO,20250314,20,0,TRACK_SKIPPED_FORWARDS,IPHONE,0,1,false,1742058078,"Taylor Swift - The Tortured Poets Department"
"United States",1742058097,AUDIO,20250314,20,0,TRACK_SKIPPED_FORWARDS,IPHONE,0,1,false,1742058097,"Taylor Swift - Guilty as Sin?"
"United States",1225759939,AUDIO,20250317,18,0,TRACK_SKIPPED_FORWARDS,IPHONE,0,1,false,1225759939,"Bleachers - Don't Take the Money"
"United States",1712730492,AUDIO,20250318,"1, 17",228382,NATURAL_END_OF_TRACK,IPHONE,2,0,false,1712730492,"Bleachers - Tiny Moves"
"United States",1712730485,AUDIO,20250318,1,223147,NATURAL_END_OF_TRACK,IPHONE,1,0,false,1712730485,"Bleachers - Modern Girl"
"United States",1712730484,AUDIO,20250318,1,211000,NATURAL_END_OF_TRACK,IPHONE,1,0,false,1712730484,"Bleachers - I Am Right On Time"
"United States",1556087008,AUDIO,20250318,23,208170,OTHER,IPHONE,1,0,false,1556087008,"TWICE - Feel Special"
"United States",1712730488,AUDIO,20250318,1,203563,NATURAL_END_OF_TRACK,IPHONE,1,0,false,1712730488,"Bleachers - Me Before You"
"United States",1712730496,AUDIO,20250318,17,203182,NATURAL_END_OF_TRACK,IPHONE,1,0,false,1712730496,"Bleachers - Isimo"
"United States",1712730486,AUDIO,20250318,1,189967,NATURAL_END_OF_TRACK,IPHONE,1,0,false,1712730486,"Bleachers - Jesus Is Dead"
"United States",1712730807,AUDIO,20250318,17,151442,NATURAL_END_OF_TRACK,IPHONE,1,0,false,1712730807,"Bleachers - Woke Up Today"
"United States",1712730826,AUDIO,20250318,18,139821,PLAYBACK_MANUALLY_PAUSED,IPHONE,1,0,false,1712730826,"Bleachers - Self Respect"
"United States",1712730491,AUDIO,20250318,1,114347,TRACK_SKIPPED_FORWARDS,IPHONE,1,1,false,1712730491,"Bleachers - Alma Mater"
"United States",1702583449,AUDIO,20250318,21,32254,TRACK_SKIPPED_FORWARDS,IPHONE,1,1,false,1702583449,"Bleachers - Modern Girl"
"United States",884282144,AUDIO,20250318,21,0,TRACK_SKIPPED_FORWARDS,IPHONE,0,1,false,884282144,"Bleachers - I Wanna Get Better"
"United States",1689131534,AUDIO,20250319,19,256124,NATURAL_END_OF_TRACK,IPHONE,1,0,false,1689131534,"Taylor Swift - Snow On The Beach (feat. Lana Del Rey)"
"United States",1689131968,AUDIO,20250319,20,247980,NATURAL_END_OF_TRACK,IPHONE,1,0,false,1689131968,"Taylor Swift - Labyrinth"
"United States",1689131976,AUDIO,20250319,17,240000,NATURAL_END_OF_TRACK,IPHONE,1,0,false,1689131976,"Taylor Swift - The Great War"
"United States",1689131960,AUDIO,20250319,19,210513,NATURAL_END_OF_TRACK,IPHONE,1,0,false,1689131960,"Taylor Swift - Question...?"
"United States",1689131531,AUDIO,20250319,"17, 19",202000,NATURAL_END_OF_TRACK,IPHONE,1,1,false,1689131531,"Taylor Swift - Lavender Haze"
"United States",1689131965,AUDIO,20250319,20,194194,NATURAL_END_OF_TRACK,IPHONE,1,0,false,1689131965,"Taylor Swift - Bejeweled"
"United States",1689131961,AUDIO,20250319,20,164801,NATURAL_END_OF_TRACK,IPHONE,1,0,false,1689131961,"Taylor Swift - Vigilante Shit"
"United States",1689131978,AUDIO,20250319,17,135936,NATURAL_END_OF_TRACK,IPHONE,1,0,false,1689131978,"Taylor Swift - Bigger Than The Whole Sky"
"United States",1689131532,AUDIO,20250319,19,88393,TRACK_SKIPPED_FORWARDS,IPHONE,1,1,false,1689131532,"Taylor Swift - Maroon"
"United States",1689131979,AUDIO,20250319,19,32896,TRACK_SKIPPED_FORWARDS,IPHONE,1,1,false,1689131979,"Taylor Swift - Paris"
"United States",1689131533,AUDIO,20250319,19,0,TRACK_SKIPPED_FORWARDS,IPHONE,0,1,false,1689131533,"Taylor Swift - Anti-Hero"
"United States",1718576584,AUDIO,20250319,17,0,"MANUALLY_SELECTED_PLAYBACK_OF_A_DIFF_ITEM",IPHONE,0,1,false,1718576584,"Taylor Swift - You’re Losing Me (From The Vault)"
"United States",1689131969,AUDIO,20250319,20,0,TRACK_SKIPPED_FORWARDS,IPHONE,0,1,false,1689131969,"Taylor Swift - Karma"
"United States",1689131959,AUDIO,20250319,19,0,TRACK_SKIPPED_FORWARDS,IPHONE,0,1,false,1689131959,"Taylor Swift - Midnight Rain"
"United States",1689131982,AUDIO,20250319,19,0,"MANUALLY_SELECTED_PLAYBACK_OF_A_DIFF_ITEM",IPHONE,0,1,false,1689131982,"Taylor Swift - High Infidelity"
"United States",1440934249,AUDIO,20250323,19,489640,NATURAL_END_OF_TRACK,IPHONE,2,0,false,1440934249,"Taylor Swift - End Game (feat. Ed Sheeran & Future)"
"United States",1440934254,AUDIO,20250323,"19, 20",464502,NATURAL_END_OF_TRACK,IPHONE,2,0,false,1440934254,"Taylor Swift - Delicate"
"United States",1440934248,AUDIO,20250323,19,416396,NATURAL_END_OF_TRACK,IPHONE,2,0,false,1440934248,"Taylor Swift - ...Ready For It?"
"United States",1440934252,AUDIO,20250323,"19, 20",323145,TRACK_SKIPPED_FORWARDS,IPHONE,2,1,false,1440934252,"Taylor Swift - Don’t Blame Me"
"United States",1440934255,AUDIO,20250323,"19, 20",309148,TRACK_SKIPPED_FORWARDS,IPHONE,2,1,false,1440934255,"Taylor Swift - Look What You Made Me Do"
"United States",1440934251,AUDIO,20250323,"19, 20",302830,TRACK_SKIPPED_FORWARDS,IPHONE,2,1,false,1440934251,"Taylor Swift - I Did Something Bad"
"United States",1689131968,AUDIO,20250323,"20, 22",247980,TRACK_SKIPPED_FORWARDS,IPHONE,1,1,false,1689131968,"Taylor Swift - Labyrinth"
"United States",1440934434,AUDIO,20250323,19,235455,NATURAL_END_OF_TRACK,IPHONE,1,0,false,1440934434,"Taylor Swift - New Year’s Day"
"United States",1440934262,AUDIO,20250323,19,233626,NATURAL_END_OF_TRACK,IPHONE,1,0,false,1440934262,"Taylor Swift - Getaway Car"
"United States",1689131982,AUDIO,20250323,22,231497,NATURAL_END_OF_TRACK,IPHONE,1,0,false,1689131982,"Taylor Swift - High Infidelity"
"United States",1440934421,AUDIO,20250323,19,230384,NATURAL_END_OF_TRACK,IPHONE,1,0,false,1440934421,"Taylor Swift - Dress"
"United States",1440934257,AUDIO,20250323,19,227905,NATURAL_END_OF_TRACK,IPHONE,1,0,false,1440934257,"Taylor Swift - So It Goes..."
"United States",1689131978,AUDIO,20250323,22,218540,NATURAL_END_OF_TRACK,IPHONE,1,0,false,1689131978,"Taylor Swift - Bigger Than The Whole Sky"
"United States",1440934264,AUDIO,20250323,19,214326,NATURAL_END_OF_TRACK,IPHONE,1,0,false,1440934264,"Taylor Swift - King of My Heart"
"United States",1440934269,AUDIO,20250323,19,211496,NATURAL_END_OF_TRACK,IPHONE,1,0,false,1440934269,"Taylor Swift - Dancing With Our Hands Tied"
"United States",1440934423,AUDIO,20250323,19,207126,NATURAL_END_OF_TRACK,IPHONE,1,0,false,1440934423,"Taylor Swift - This Is Why We Can’t Have Nice Things"
"United States",1440934430,AUDIO,20250323,19,203506,NATURAL_END_OF_TRACK,IPHONE,1,0,false,1440934430,"Taylor Swift - Call It What You Want"
"United States",1689131965,AUDIO,20250323,20,194220,NATURAL_END_OF_TRACK,IPHONE,1,0,false,1689131965,"Taylor Swift - Bejeweled"
"United States",1689131969,AUDIO,20250323,20,192947,OTHER,IPHONE,1,0,false,1689131969,"Taylor Swift - Karma"
"United States",1689090248,AUDIO,20250323,22,191059,NATURAL_END_OF_TRACK,IPHONE,1,0,false,1689090248,"Taylor Swift - Mastermind"
"United States",1689132076,AUDIO,20250323,22,118135,PLAYBACK_SUSPENDED,IPHONE,1,0,false,1689132076,"Taylor Swift - Would've, Could've, Should've"
"United States",1689090249,AUDIO,20250323,22,0,TRACK_SKIPPED_FORWARDS,IPHONE,0,1,false,1689090249,"Taylor Swift - The Great War"
"United States",1689090247,AUDIO,20250323,22,0,TRACK_SKIPPED_FORWARDS,IPHONE,0,1,false,1689090247,"Taylor Swift - Sweet Nothing"
"United States",1718576584,AUDIO,20250324,2,277864,NATURAL_END_OF_TRACK,IPHONE,1,0,false,1718576584,"Taylor Swift - You’re Losing Me (From The Vault)"
"United States",1689132077,AUDIO,20250324,2,225227,NATURAL_END_OF_TRACK,IPHONE,1,0,false,1689132077,"Taylor Swift - Dear Reader"
"United States",1689132080,AUDIO,20250324,2,38078,OTHER,IPHONE,1,0,false,1689132080,"Taylor Swift - Snow On The Beach (feat. More Lana Del Rey)"
"United States",1689132076,AUDIO,20250324,2,0,TRACK_SKIPPED_FORWARDS,IPHONE,0,1,false,1689132076,"Taylor Swift - Would've, Could've, Should've"
"United States",1689132077,AUDIO,20250325,8,91442,PLAYBACK_MANUALLY_PAUSED,IPHONE,1,0,false,1689132077,"Taylor Swift - Dear Reader"
"United States",1718576584,AUDIO,20250325,8,42349,"MANUALLY_SELECTED_PLAYBACK_OF_A_DIFF_ITEM",IPHONE,1,1,false,1718576584,"Taylor Swift - You’re Losing Me (From The Vault)"
"United States",1775877096,AUDIO,20250328,12,326343,"MANUALLY_SELECTED_PLAYBACK_OF_A_DIFF_ITEM",IPHONE,2,1,false,1775877096,"Bleachers - Merry Christmas, Please Don't Call"
"United States",1698554079,AUDIO,20250328,12,136273,TRACK_SKIPPED_FORWARDS,IPHONE,1,1,false,1698554079,"AGNEZ MO - Things Will Get Better"
"United States",1698554079,AUDIO,20260116,20,820451,PLAYBACK_MANUALLY_PAUSED,IPHONE,4,0,false,1698554079,"AGNEZ MO - Things Will Get Better"
"United States",1504700020,AUDIO,20260116,"3, 23",689637,NATURAL_END_OF_TRACK,"IPHONE, MACINTOSH",2,0,false,1504700020,"Phoebe Bridgers - I Know the End"
"United States",1676966710,AUDIO,20260116,"2, 23",479694,NATURAL_END_OF_TRACK,"IPHONE, MACINTOSH",2,0,false,1676966710,"Taylor Swift, Joy Williams & John Paul White - Safe & Sound (Taylor's Version)"
"United States",1649434498,AUDIO,20260116,"21, 22",322711,NATURAL_END_OF_TRACK,"IPHONE, MACINTOSH",2,1,false,1649434498,"Taylor Swift - Karma"
"United States",1544268350,AUDIO,20260116,3,315250,NATURAL_END_OF_TRACK,IPHONE,1,0,false,1544268350,"Taylor Swift - happiness"
"United States",1742058097,AUDIO,20260116,1,314606,PLAYBACK_MANUALLY_PAUSED,MACINTOSH,2,1,false,1742058097,"Taylor Swift - Guilty as Sin?"
"United States",1690841083,AUDIO,20260116,3,306292,NATURAL_END_OF_TRACK,IPHONE,1,0,false,1690841083,"Taylor Swift - Castles Crumbling (Taylor's Version) (From The Vault) [feat. Hayley Williams]"
"United States",1595423266,AUDIO,20260116,2,299704,NATURAL_END_OF_TRACK,IPHONE,1,0,false,1595423266,"Taylor Swift - The Last Time (Taylor's Version) [feat. Gary Lightbody]"
"United States",1862550868,AUDIO,20260116,"1, 23",296903,NATURAL_END_OF_TRACK,IPHONE,2,2,false,1862550868,"Sabrina Carpenter - Such A Funny Way"
"United States",1819861168,AUDIO,20260116,23,279378,TRACK_SKIPPED_FORWARDS,IPHONE,2,1,false,1819861168,"Sabrina Carpenter - Go Go Juice"
"United States",1718576584,AUDIO,20260116,1,277894,NATURAL_END_OF_TRACK,IPHONE,1,0,false,1718576584,"Taylor Swift - You’re Losing Me (From The Vault)"
"United States",1742058103,AUDIO,20260116,3,277096,NATURAL_END_OF_TRACK,IPHONE,1,0,false,1742058103,"Taylor Swift - loml"
"United States",1485802966,AUDIO,20260116,21,269085,TRACK_SKIPPED_FORWARDS,"IPHONE, MACINTOSH",2,1,false,N/A,"Harry Styles - Golden"
"United States",1544268356,AUDIO,20260116,3,260749,NATURAL_END_OF_TRACK,IPHONE,1,0,false,1544268356,"Taylor Swift - ivy"
"United States",1691828312,AUDIO,20260116,2,259877,NATURAL_END_OF_TRACK,IPHONE,1,0,false,1691828312,"Gracie Abrams - Amelie"
"United States",1691828315,AUDIO,20260116,2,259181,NATURAL_END_OF_TRACK,IPHONE,1,0,false,1691828315,"Gracie Abrams - Difficult"
"United States",1595423279,AUDIO,20260116,1,258892,NATURAL_END_OF_TRACK,IPHONE,1,0,false,1595423279,"Taylor Swift - Nothing New (Taylor's Version) (From The Vault) [feat. Phoebe Bridgers]"
"United States",1544268361,AUDIO,20260116,2,257820,NATURAL_END_OF_TRACK,IPHONE,1,0,false,1544268361,"Taylor Swift - marjorie"
"United States",1593913707,AUDIO,20260116,3,246374,NATURAL_END_OF_TRACK,IPHONE,1,0,false,1593913707,"Gracie Abrams - Camden"
"United States",1487502476,AUDIO,20260116,2,245373,NATURAL_END_OF_TRACK,IPHONE,1,0,false,1487502476,"Billie Eilish - everything i wanted"
"United States",1595423263,AUDIO,20260116,3,245057,NATURAL_END_OF_TRACK,IPHONE,1,0,false,1595423263,"Taylor Swift - I Almost Do (Taylor's Version)"
"United States",1547316004,AUDIO,20260116,3,245052,NATURAL_END_OF_TRACK,IPHONE,1,0,false,1547316004,"Taylor Swift - right where you left me (bonus track)"
"United States",1544268301,AUDIO,20260116,1,243941,NATURAL_END_OF_TRACK,IPHONE,1,0,false,1544268301,"Taylor Swift - champagne problems"
"United States",1595423269,AUDIO,20260116,2,241154,NATURAL_END_OF_TRACK,IPHONE,1,0,false,1595423269,"Taylor Swift - The Lucky One (Taylor's Version)"
"United States",1485802975,AUDIO,20260116,3,240169,NATURAL_END_OF_TRACK,IPHONE,1,0,false,1485802975,"Harry Styles - Falling"
"United States",1742075509,AUDIO,20260116,2,239151,NATURAL_END_OF_TRACK,IPHONE,1,0,false,1742075509,"Taylor Swift - How Did It End?"
"United States",1742058287,AUDIO,20260116,2,238240,NATURAL_END_OF_TRACK,IPHONE,1,0,false,1742058287,"Taylor Swift - The Bolter"
"United States",1541907057,AUDIO,20260116,2,237752,NATURAL_END_OF_TRACK,IPHONE,1,0,false,1541907057,"Taylor Swift - mirrorball (the long pond studio sessions)"
"United States",1440935820,AUDIO,20260116,22,236066,NATURAL_END_OF_TRACK,IPHONE,1,0,false,1440935820,"Taylor Swift - Out of the Woods"
"United States",1544268344,AUDIO,20260116,4,234799,PLAYBACK_MANUALLY_PAUSED,IPHONE,1,0,false,1544268344,"Taylor Swift - tolerate it"
"United States",1664288807,AUDIO,20260116,1,233457,NATURAL_END_OF_TRACK,IPHONE,1,0,false,1664288807,"Gracie Abrams - Best"
"United States",1440625020,AUDIO,20260116,21,232323,NATURAL_END_OF_TRACK,IPHONE,1,0,false,N/A,"Selena Gomez - Come & Get It"
"United States",1673804914,AUDIO,20260116,2,231114,NATURAL_END_OF_TRACK,IPHONE,1,0,false,1673804914,"Ed Sheeran - End Of Youth"
"United States",1256607810,AUDIO,20260116,2,230185,NATURAL_END_OF_TRACK,IPHONE,1,0,false,1256607810,"Phoebe Bridgers - Motion Sickness"
"United States",1673805199,AUDIO,20260116,4,225269,NATURAL_END_OF_TRACK,IPHONE,1,0,false,1673805199,"Ed Sheeran - Curtains"
"United States",1696819855,AUDIO,20260116,2,222475,NATURAL_END_OF_TRACK,IPHONE,1,0,false,1696819855,"Billie Eilish - What Was I Made For? (From The Motion Picture ""Barbie"")"
"United States",1694386938,AUDIO,20260116,2,222415,NATURAL_END_OF_TRACK,IPHONE,1,0,false,1694386938,"Olivia Rodrigo - teenage dream"
"United States",1193701511,AUDIO,20260116,1,221434,NATURAL_END_OF_TRACK,IPHONE,1,0,false,1193701511,"Ed Sheeran - Supermarket Flowers"
"United States",884282148,AUDIO,20260116,21,213381,NATURAL_END_OF_TRACK,IPHONE,1,0,false,N/A,"Bleachers - Like a River Runs"
"United States",1468058177,AUDIO,20260116,1,211615,NATURAL_END_OF_TRACK,IPHONE,1,0,false,1468058177,"Taylor Swift - The Archer"
"United States",1466351215,AUDIO,20260116,3,211412,NATURAL_END_OF_TRACK,IPHONE,1,0,false,1466351215,"Eva Noblezada - Flowers"
"United States",1673804898,AUDIO,20260116,3,210762,NATURAL_END_OF_TRACK,IPHONE,1,0,false,1673804898,"Ed Sheeran - Life Goes On"
"United States",1541905149,AUDIO,20260116,3,209699,NATURAL_END_OF_TRACK,IPHONE,1,0,false,1541905149,"Taylor Swift - this is me trying (the long pond studio sessions)"
"United States",1645938128,AUDIO,20260116,19,204751,NATURAL_END_OF_TRACK,IPHONE,1,0,false,1645938128,"Taylor Swift - Karma"
"United States",1441067456,AUDIO,20260116,21,204137,NATURAL_END_OF_TRACK,MACINTOSH,1,0,false,N/A,"Conan Gray - Crush Culture"
"United States",1440843078,AUDIO,20260116,1,203786,NATURAL_END_OF_TRACK,IPHONE,1,0,false,1440843078,"Maroon 5 - Leaving California"
"United States",1694386835,AUDIO,20260116,1,198844,NATURAL_END_OF_TRACK,IPHONE,1,0,false,1694386835,"Olivia Rodrigo - making the bed"
"United States",1819861159,AUDIO,20260116,23,198032,NATURAL_END_OF_TRACK,IPHONE,1,0,false,1819861159,"Sabrina Carpenter - My Man on Willpower"
"United States",1673805373,AUDIO,20260116,3,197317,NATURAL_END_OF_TRACK,IPHONE,1,0,false,1673805373,"Ed Sheeran - Stoned (Bonus Track)"
"United States",1440936203,AUDIO,20260116,22,195889,NATURAL_END_OF_TRACK,IPHONE,1,0,false,1440936203,"Taylor Swift - I Know Places"
"United States",1626752986,AUDIO,20260116,19,195263,NATURAL_END_OF_TRACK,IPHONE,1,0,false,1626752986,"aespa - Illusion"
"United States",1650841746,AUDIO,20260116,2,191042,NATURAL_END_OF_TRACK,IPHONE,1,0,false,1650841746,"Taylor Swift - Mastermind"
"United States",1485768243,AUDIO,20260116,21,188228,NATURAL_END_OF_TRACK,MACINTOSH,1,0,false,N/A,"COIN - Crash My Car"
"United States",1440842770,AUDIO,20260116,1,181048,"MANUALLY_SELECTED_PLAYBACK_OF_A_DIFF_ITEM",IPHONE,1,2,false,1440842770,"Maroon 5 - It Was Always You"
"United States",1742058085,AUDIO,20260116,22,178657,PLAYBACK_SUSPENDED,IPHONE,1,0,false,N/A,"Taylor Swift - But Daddy I Love Him"
"United States",1652508861,AUDIO,20260116,19,172305,NATURAL_END_OF_TRACK,IPHONE,1,0,false,1652508861,"Tiësto & Tate McRae - 10:35"
"United States",1826575254,AUDIO,20260116,19,170386,NATURAL_END_OF_TRACK,IPHONE,1,0,false,1826575254,"Audrey Hobert - Sue me"
"United States",1819861170,AUDIO,20260116,23,169076,NATURAL_END_OF_TRACK,IPHONE,1,0,false,1819861170,"Sabrina Carpenter - House Tour"
"United States",1797590810,AUDIO,20260116,19,165302,NATURAL_END_OF_TRACK,IPHONE,1,0,false,1797590810,"Tate McRae - Sports car"
"United States",1819861167,AUDIO,20260116,23,157176,"MANUALLY_SELECTED_PLAYBACK_OF_A_DIFF_ITEM",IPHONE,2,2,false,1819861167,"Sabrina Carpenter - When Did You Get Hot?"
"United States",1795979995,AUDIO,20260116,19,136735,NATURAL_END_OF_TRACK,IPHONE,1,0,false,1795979995,"JENNIE - Mantra"
"United States",1853104436,AUDIO,20260116,1,127690,"MANUALLY_SELECTED_PLAYBACK_OF_A_DIFF_ITEM",IPHONE,1,1,false,1853104436,"Tate McRae - NOBODY'S GIRL"
"United States",1445051404,AUDIO,20260116,21,122730,TRACK_SKIPPED_FORWARDS,IPHONE,1,1,false,N/A,"Lady Gaga - The Cure"
"United States",1631578054,AUDIO,20260116,3,104725,NATURAL_END_OF_TRACK,IPHONE,1,0,false,1631578054,"Sabrina Carpenter - emails i can’t send"
"United States",1819861171,AUDIO,20260116,23,98482,TRACK_SKIPPED_FORWARDS,IPHONE,1,2,false,1819861171,"Sabrina Carpenter - Goodbye"
"United States",1650841907,AUDIO,20260116,21,96630,"MANUALLY_SELECTED_PLAYBACK_OF_A_DIFF_ITEM",MACINTOSH,1,1,false,1650841907,"Taylor Swift - Dear Reader"
"United States",1590368457,AUDIO,20260116,22,88696,"MANUALLY_SELECTED_PLAYBACK_OF_A_DIFF_ITEM",IPHONE,1,1,false,1590368457,"Taylor Swift - 22 (Taylor's Version)"
"United States",1702580852,AUDIO,20260116,19,44382,"MANUALLY_SELECTED_PLAYBACK_OF_A_DIFF_ITEM",IPHONE,1,1,false,1702580852,"FIFTY FIFTY - Cupid – Twin Ver. (feat. Sabrina Carpenter)"
"United States",1819861156,AUDIO,20260116,23,0,TRACK_SKIPPED_FORWARDS,IPHONE,0,1,false,1819861156,"Sabrina Carpenter - Manchild"
"United States",1689331532,AUDIO,20260116,2,0,TRACK_SKIPPED_FORWARDS,IPHONE,0,1,false,1689331532,"Lauren Spencer Smith - Bigger Person"
"United States",1710436008,AUDIO,20260116,21,0,"MANUALLY_SELECTED_PLAYBACK_OF_A_DIFF_ITEM",MACINTOSH,0,1,false,N/A,"Lauren Spencer Smith - Fingers Crossed"
"United States",854889077,AUDIO,20260116,19,0,"MANUALLY_SELECTED_PLAYBACK_OF_A_DIFF_ITEM",IPHONE,0,1,false,854889077,"SHINee - Replay"
"United States",1468058178,AUDIO,20260116,22,0,"MANUALLY_SELECTED_PLAYBACK_OF_A_DIFF_ITEM",IPHONE,0,1,false,1468058178,"Taylor Swift - I Think He Knows"
"United States",1466050461,AUDIO,20260116,21,0,TRACK_SKIPPED_FORWARDS,IPHONE,0,1,false,N/A,"Sophia Anne Caruso & Beetlejuice Original Broadway Cast Recording Ensemble - Dead Mom"
"United States",1550026144,AUDIO,20260116,21,0,"MANUALLY_SELECTED_PLAYBACK_OF_A_DIFF_ITEM",IPHONE,0,1,false,N/A,"Sabrina Carpenter - Skin"
"United States",1581087760,AUDIO,20260116,2,0,"MANUALLY_SELECTED_PLAYBACK_OF_A_DIFF_ITEM",IPHONE,0,1,false,1581087760,"Ed Sheeran - Visiting Hours"
"United States",1563728279,AUDIO,20260116,21,0,TRACK_SKIPPED_FORWARDS,MACINTOSH,0,1,false,N/A,"Joshua Bassett - Feel Something"
"United States",1691828312,AUDIO,20260116,21,0,"MANUALLY_SELECTED_PLAYBACK_OF_A_DIFF_ITEM",IPHONE,0,1,false,N/A,"Gracie Abrams - Amelie"
"United States",1528112364,AUDIO,20260116,2,0,"MANUALLY_SELECTED_PLAYBACK_OF_A_DIFF_ITEM",IPHONE,0,1,false,1528112364,"Taylor Swift - exile (feat. Bon Iver)"
"United States",1552791766,AUDIO,20260116,21,0,TRACK_SKIPPED_FORWARDS,MACINTOSH,0,1,false,N/A,"Taylor Swift - Forever & Always (Taylor’s Version)"
"United States",1318665245,AUDIO,20260116,22,0,TRACK_SKIPPED_FORWARDS,IPHONE,0,1,false,N/A,"Ed Sheeran - Perfect Duet (with Beyoncé)"
"United States",1736995535,AUDIO,20260116,21,0,TRACK_SKIPPED_FORWARDS,IPHONE,0,1,false,N/A,"Olivia Rodrigo - making the bed"
"United States",1595423407,AUDIO,20260116,2,0,TRACK_SKIPPED_FORWARDS,IPHONE,0,1,false,1595423407,"Taylor Swift - Forever Winter (Taylor's Version) (From The Vault)"
"United States",1565850763,AUDIO,20260116,21,0,TRACK_SKIPPED_FORWARDS,MACINTOSH,0,1,false,N/A,"Gracie Abrams - Mess It Up"
"United States",1750307081,AUDIO,20260116,23,0,TRACK_SKIPPED_FORWARDS,IPHONE,0,1,false,1750307081,"Sabrina Carpenter - Good Graces"
"United States",1631578530,AUDIO,20260116,23,0,TRACK_SKIPPED_FORWARDS,IPHONE,0,1,false,1631578530,"Sabrina Carpenter - because i liked a boy"
"United States",448214023,AUDIO,20260116,21,0,TRACK_SKIPPED_FORWARDS,IPHONE,0,1,false,N/A,"Ed Sheeran - Lego House"
"United States",1521724998,AUDIO,20260116,22,0,TRACK_SKIPPED_FORWARDS,IPHONE,0,1,false,N/A,"Gracie Abrams - I miss you, I’m sorry"
"United States",1742058105,AUDIO,20260116,20,0,"MANUALLY_SELECTED_PLAYBACK_OF_A_DIFF_ITEM",IPHONE,0,1,false,1742058105,"Taylor Swift - The Smallest Man Who Ever Lived"
"United States",1698554079,AUDIO,20260116,21,0,TRACK_SKIPPED_FORWARDS,IPHONE,0,1,false,N/A,"AGNEZ MO - Things Will Get Better"
"United States",1369109344,AUDIO,20260116,21,0,TRACK_SKIPPED_FORWARDS,IPHONE,0,1,false,N/A,"5 Seconds of Summer - Ghost of You"
"United States",1655291589,AUDIO,20260116,23,0,"MANUALLY_SELECTED_PLAYBACK_OF_A_DIFF_ITEM",MACINTOSH,0,1,false,1655291589,"Red Velvet - Celebrate"
"United States",1819861164,AUDIO,20260116,23,0,TRACK_SKIPPED_FORWARDS,IPHONE,0,1,false,1819861164,"Sabrina Carpenter - Never Getting Laid"
"United States",1795513518,AUDIO,20260116,23,0,"MANUALLY_SELECTED_PLAYBACK_OF_A_DIFF_ITEM",IPHONE,0,1,false,1795513518,"Sabrina Carpenter - Busy Woman"
"United States",1270817386,AUDIO,20260116,21,0,TRACK_SKIPPED_FORWARDS,IPHONE,0,1,false,N/A,"George Salazar - Michael in the Bathroom"
"United States",1690274412,AUDIO,20260116,21,0,"MANUALLY_SELECTED_PLAYBACK_OF_A_DIFF_ITEM",IPHONE,0,1,false,N/A,"Tiësto & Tate McRae - 10:35"
"United States",1468058696,AUDIO,20260116,22,0,TRACK_SKIPPED_FORWARDS,IPHONE,0,1,false,1468058696,"Taylor Swift - London Boy"
"United States",1819861169,AUDIO,20260116,23,0,TRACK_SKIPPED_FORWARDS,IPHONE,0,1,false,1819861169,"Sabrina Carpenter - Don’t Worry I’ll Make You Worry"
"United States",1016217388,AUDIO,20260116,21,0,TRACK_SKIPPED_FORWARDS,IPHONE,0,1,false,N/A,"Little Mix - Black Magic"
"United States",381237323,AUDIO,20260116,21,0,TRACK_SKIPPED_FORWARDS,IPHONE,0,1,false,N/A,"Kesha - Take It Off"
"United States",1468058699,AUDIO,20260116,21,0,"MANUALLY_SELECTED_PLAYBACK_OF_A_DIFF_ITEM",IPHONE,0,1,false,N/A,"Taylor Swift - Soon You’ll Get Better (feat. The Chicks)"
"United States",1452883894,AUDIO,20260116,21,0,TRACK_SKIPPED_FORWARDS,IPHONE,0,1,false,N/A,"Carrie Hope Fletcher & Original West End Cast of Heathers - I Say No"
"United States",1438671365,AUDIO,20260116,23,0,"MANUALLY_SELECTED_PLAYBACK_OF_A_DIFF_ITEM",IPHONE,0,1,false,1438671365,"Sabrina Carpenter - Sue Me"
"United States",1466351215,AUDIO,20260116,21,0,TRACK_SKIPPED_FORWARDS,IPHONE,0,1,false,N/A,"Eva Noblezada - Flowers"
"United States",1440842752,AUDIO,20260116,1,0,TRACK_SKIPPED_FORWARDS,IPHONE,0,1,false,1440842752,"Maroon 5 - Maps"
"United States",1766383800,AUDIO,20260116,21,0,TRACK_SKIPPED_FORWARDS,IPHONE,0,1,false,N/A,"NIKI - Oceans & Engines"
"United States",1672703433,AUDIO,20260116,2,0,TRACK_SKIPPED_FORWARDS,IPHONE,0,1,false,1672703433,"Reneé Rapp - Everything To Everyone (Extended Version)"
"United States",1440855564,AUDIO,20260116,21,0,"MANUALLY_SELECTED_PLAYBACK_OF_A_DIFF_ITEM",IPHONE,0,1,false,N/A,"Maroon 5 - Leaving California"
"United States",1435482376,AUDIO,20260116,21,0,TRACK_SKIPPED_FORWARDS,IPHONE,0,1,false,N/A,"LANY - Thru These Tears"
"United States",1582277657,AUDIO,20260116,21,0,"MANUALLY_SELECTED_PLAYBACK_OF_A_DIFF_ITEM",IPHONE,0,1,false,N/A,"Olivia Rodrigo - favorite crime"
"United States",1595423411,AUDIO,20260116,2,0,TRACK_SKIPPED_FORWARDS,IPHONE,0,1,false,1595423411,"Taylor Swift - All Too Well (10 Minute Version) (Taylor's Version) (From The Vault)"
"United States",1440935802,AUDIO,20260116,22,0,TRACK_SKIPPED_FORWARDS,IPHONE,0,1,false,1440935802,"Taylor Swift - Welcome To New York"
"United States",1649543847,AUDIO,20260116,21,0,"MANUALLY_SELECTED_PLAYBACK_OF_A_DIFF_ITEM",MACINTOSH,0,1,false,1649543847,"Taylor Swift - A Message From Taylor"
"United States",1569745298,AUDIO,20260116,1,0,"MANUALLY_SELECTED_PLAYBACK_OF_A_DIFF_ITEM",IPHONE,0,1,false,1569745298,"H.I.N.P (Hot Issue of Ntl. Producers) - Rumor"
"United States",1440843090,AUDIO,20260116,1,0,TRACK_SKIPPED_FORWARDS,IPHONE,0,1,false,1440843090,"Maroon 5 - My Heart Is Open (feat. Gwen Stefani)"
"United States",1504700020,AUDIO,20260116,21,0,"MANUALLY_SELECTED_PLAYBACK_OF_A_DIFF_ITEM",IPHONE,0,1,false,N/A,"Phoebe Bridgers - I Know the End"
"United States",563598930,AUDIO,20260116,21,0,TRACK_SKIPPED_FORWARDS,IPHONE,0,1,false,N/A,"Original Broadway Cast of ""Bring It On: The Musical"" - Killer Instinct"
"United States",1440675842,AUDIO,20260116,21,0,TRACK_SKIPPED_FORWARDS,IPHONE,0,1,false,N/A,"Rachel Bay Jones & Jennifer Laura Thompson - Anybody Have a Map?"
"United States",1696819855,AUDIO,20260116,21,0,TRACK_SKIPPED_FORWARDS,IPHONE,0,1,false,N/A,"Billie Eilish - What Was I Made For? (From The Motion Picture ""Barbie"")"
"United States",1193701329,AUDIO,20260116,21,0,"MANUALLY_SELECTED_PLAYBACK_OF_A_DIFF_ITEM",IPHONE,0,1,false,N/A,"Ed Sheeran - Dive"
"United States",1513162746,AUDIO,20260116,21,0,TRACK_SKIPPED_FORWARDS,IPHONE,0,1,false,N/A,"Charli xcx - party 4 u"
"United States",1440936195,AUDIO,20260116,23,0,"MANUALLY_SELECTED_PLAYBACK_OF_A_DIFF_ITEM",IPHONE,0,1,false,1440936195,"Taylor Swift - How You Get the Girl"
"United States",1445766089,AUDIO,20260116,21,0,TRACK_SKIPPED_FORWARDS,IPHONE,0,1,false,N/A,"Taylor Swift - Don’t Blame Me"
"United States",1699853264,AUDIO,20260116,21,0,TRACK_SKIPPED_FORWARDS,IPHONE,0,1,false,N/A,"Kelsea Ballerini - Mountain With A View"
"United States",1552791558,AUDIO,20260116,22,0,TRACK_SKIPPED_FORWARDS,IPHONE,0,1,false,1552791558,"Taylor Swift - You Belong With Me (Taylor’s Version)"
"United States",887521310,AUDIO,20260116,21,0,TRACK_SKIPPED_FORWARDS,IPHONE,0,1,false,N/A,"Katie Ladner, Alice Lee, Jessica Keenan Wynn, Barrett Wilbert Weed & Elle McLemore - Beautiful"
"United States",574407092,AUDIO,20260116,22,0,TRACK_SKIPPED_FORWARDS,IPHONE,0,1,false,N/A,"One Direction - They Don't Know About Us"
"United States",1440635319,AUDIO,20260116,21,0,TRACK_SKIPPED_FORWARDS,IPHONE,0,1,false,N/A,"Demi Lovato - Confident"
"United States",1853104434,AUDIO,20260116,1,0,"MANUALLY_SELECTED_PLAYBACK_OF_A_DIFF_ITEM",IPHONE,0,1,false,1853104434,"Tate McRae - TRYING ON SHOES"
"United States",1564531204,AUDIO,20260116,21,0,"MANUALLY_SELECTED_PLAYBACK_OF_A_DIFF_ITEM",IPHONE,0,1,false,N/A,"Billie Eilish - Male Fantasy"
"United States",1571576167,AUDIO,20260116,21,0,TRACK_SKIPPED_FORWARDS,MACINTOSH,0,1,false,N/A,"Big Red Machine - Renegade (feat. Taylor Swift)"
"United States",1547315999,AUDIO,20260117,21,515387,FAILED_TO_LOAD,MACINTOSH,2,0,false,1547315999,"Taylor Swift - marjorie"
"United States",1547316003,AUDIO,20260117,21,304006,NATURAL_END_OF_TRACK,MACINTOSH,1,0,false,1547316003,"Taylor Swift - evermore (feat. Bon Iver)"
"United States",1541905079,AUDIO,20260117,22,295001,NATURAL_END_OF_TRACK,MACINTOSH,1,0,false,1541905079,"Taylor Swift - my tears ricochet (the long pond studio sessions)"
"United States",1689132077,AUDIO,20260117,"5, 16, 23",290041,"MANUALLY_SELECTED_PLAYBACK_OF_A_DIFF_ITEM","IPHONE, MACINTOSH",2,2,false,1689132077,"Taylor Swift - Dear Reader"
"United States",1689131533,AUDIO,20260117,22,286975,NATURAL_END_OF_TRACK,MACINTOSH,1,0,false,1689131533,"Taylor Swift - Anti-Hero"
"United States",1718576584,AUDIO,20260117,3,278239,NATURAL_END_OF_TRACK,IPHONE,1,0,false,1718576584,"Taylor Swift - You’re Losing Me (From The Vault)"
"United States",1547315997,AUDIO,20260117,21,274886,NATURAL_END_OF_TRACK,MACINTOSH,1,0,false,1547315997,"Taylor Swift - cowboy like me"
"United States",1742058274,AUDIO,20260117,20,263727,NATURAL_END_OF_TRACK,MACINTOSH,1,0,false,1742058274,"Taylor Swift - thanK you aIMee"
"United States",1547315995,AUDIO,20260117,21,260455,FAILED_TO_LOAD,MACINTOSH,1,0,false,1547315995,"Taylor Swift - ivy"
"United States",1689132076,AUDIO,20260117,23,260253,NATURAL_END_OF_TRACK,MACINTOSH,1,0,false,1689132076,"Taylor Swift - Would've, Could've, Should've"
"United States",1742058269,AUDIO,20260117,"16, 20",260182,NATURAL_END_OF_TRACK,"IPHONE, MACINTOSH",2,1,false,1742058269,"Taylor Swift - So High School"
"United States",1541905161,AUDIO,20260117,22,259589,TRACK_SKIPPED_FORWARDS,MACINTOSH,1,1,false,1541905161,"Taylor Swift - epiphany (the long pond studio sessions)"
"United States",1541905075,AUDIO,20260117,22,258287,TRACK_SKIPPED_FORWARDS,MACINTOSH,1,1,false,1541905075,"Taylor Swift - exile (feat. Bon Iver) [the long pond studio sessions]"
"United States",1689131534,AUDIO,20260117,22,255983,NATURAL_END_OF_TRACK,MACINTOSH,1,0,false,1689131534,"Taylor Swift - Snow On The Beach (feat. Lana Del Rey)"
"United States",1742058281,AUDIO,20260117,21,249768,NATURAL_END_OF_TRACK,MACINTOSH,1,0,false,1742058281,"Taylor Swift - The Prophecy"
"United States",1689131968,AUDIO,20260117,23,247876,NATURAL_END_OF_TRACK,MACINTOSH,1,0,false,1689131968,"Taylor Swift - Labyrinth"
"United States",1742058273,AUDIO,20260117,20,243727,NATURAL_END_OF_TRACK,MACINTOSH,1,0,false,1742058273,"Taylor Swift - I Hate It Here"
"United States",1742058529,AUDIO,20260117,21,240909,NATURAL_END_OF_TRACK,MACINTOSH,1,0,false,1742058529,"Taylor Swift - Robin"
"United States",1689131976,AUDIO,20260117,23,240258,NATURAL_END_OF_TRACK,MACINTOSH,1,0,false,1689131976,"Taylor Swift - The Great War"
"United States",1541904692,AUDIO,20260117,22,239479,NATURAL_END_OF_TRACK,MACINTOSH,1,0,false,1541904692,"Taylor Swift - cardigan"
"United States",1541905160,AUDIO,20260117,21,238347,NATURAL_END_OF_TRACK,MACINTOSH,1,0,false,1541905160,"Taylor Swift - mad woman (the long pond studio sessions)"
"United States",1742058287,AUDIO,20260117,21,238267,NATURAL_END_OF_TRACK,MACINTOSH,1,0,false,1742058287,"Taylor Swift - The Bolter"
"United States",1541905080,AUDIO,20260117,22,237333,NATURAL_END_OF_TRACK,MACINTOSH,1,0,false,1541905080,"Taylor Swift - mirrorball (the long pond studio sessions)"
"United States",1689131982,AUDIO,20260117,23,231384,NATURAL_END_OF_TRACK,MACINTOSH,1,0,false,1689131982,"Taylor Swift - High Infidelity"
"United States",1541904693,AUDIO,20260117,22,230843,FAILED_TO_LOAD,MACINTOSH,1,1,false,1541904693,"Taylor Swift - the last great american dynasty"
"United States",1691828307,AUDIO,20260117,5,230280,NATURAL_END_OF_TRACK,IPHONE,1,1,false,N/A,"Gracie Abrams - Will you cry?"
"United States",1547315991,AUDIO,20260117,21,219723,FAILED_TO_LOAD,MACINTOSH,1,0,false,1547315991,"Taylor Swift - no body, no crime (feat. HAIM)"
"United States",1689131978,AUDIO,20260117,23,218452,NATURAL_END_OF_TRACK,MACINTOSH,1,0,false,1689131978,"Taylor Swift - Bigger Than The Whole Sky"
"United States",1742058107,AUDIO,20260117,21,216639,NATURAL_END_OF_TRACK,MACINTOSH,1,0,false,1742058107,"Taylor Swift - Clara Bow"
"United States",1547315998,AUDIO,20260117,21,215874,FAILED_TO_LOAD,MACINTOSH,1,0,false,1547315998,"Taylor Swift - long story short"
"United States",1440934264,AUDIO,20260117,3,214660,NATURAL_END_OF_TRACK,IPHONE,1,0,false,1440934264,"Taylor Swift - King of My Heart"
"United States",1541905163,AUDIO,20260117,22,214389,NATURAL_END_OF_TRACK,MACINTOSH,1,0,false,1541905163,"Taylor Swift - peace (the long pond studio sessions)"
"United States",1838810955,AUDIO,20260117,1,212994,NATURAL_END_OF_TRACK,IPHONE,1,0,false,1838810955,"Taylor Swift - Father Figure"
"United States",1838810961,AUDIO,20260117,0,212152,NATURAL_END_OF_TRACK,IPHONE,1,0,false,1838810961,"Taylor Swift - CANCELLED!"
"United States",1689131960,AUDIO,20260117,22,210336,NATURAL_END_OF_TRACK,MACINTOSH,1,0,false,1689131960,"Taylor Swift - Question...?"
"United States",1541904691,AUDIO,20260117,22,210170,FAILED_TO_LOAD,MACINTOSH,1,0,false,1541904691,"Taylor Swift - the 1"
"United States",1541905149,AUDIO,20260117,22,209309,NATURAL_END_OF_TRACK,MACINTOSH,1,0,false,1541905149,"Taylor Swift - this is me trying (the long pond studio sessions)"
"United States",1541905146,AUDIO,20260117,22,209002,NATURAL_END_OF_TRACK,MACINTOSH,1,1,false,1541905146,"Taylor Swift - seven (the long pond studio sessions)"
"United States",1485802970,AUDIO,20260117,20,207154,NATURAL_END_OF_TRACK,MACINTOSH,1,0,false,N/A,"Harry Styles - Adore You"
"United States",1625197544,AUDIO,20260117,16,205612,NATURAL_END_OF_TRACK,IPHONE,1,1,false,N/A,"Ed Sheeran - Shivers"
"United States",1689131969,AUDIO,20260117,23,204757,NATURAL_END_OF_TRACK,MACINTOSH,1,0,false,1689131969,"Taylor Swift - Karma"
"United States",1445766221,AUDIO,20260117,16,203027,NATURAL_END_OF_TRACK,IPHONE,1,0,false,N/A,"Taylor Swift - Look What You Made Me Do"
"United States",1689131979,AUDIO,20260117,23,196206,NATURAL_END_OF_TRACK,MACINTOSH,1,0,false,1689131979,"Taylor Swift - Paris"
"United States",1742058106,AUDIO,20260117,20,194897,"MANUALLY_SELECTED_PLAYBACK_OF_A_DIFF_ITEM",MACINTOSH,1,1,false,1742058106,"Taylor Swift - The Alchemy"
"United States",1689131956,AUDIO,20260117,22,194150,NATURAL_END_OF_TRACK,MACINTOSH,1,0,false,1689131956,"Taylor Swift - You're On Your Own, Kid"
"United States",1689131965,AUDIO,20260117,23,194074,NATURAL_END_OF_TRACK,MACINTOSH,1,0,false,1689131965,"Taylor Swift - Bejeweled"
"United States",1673804556,AUDIO,20260117,18,194040,NATURAL_END_OF_TRACK,IPHONE,1,0,false,N/A,"Ed Sheeran - Eyes Closed"
"United States",1547316004,AUDIO,20260117,21,191695,"MANUALLY_SELECTED_PLAYBACK_OF_A_DIFF_ITEM",MACINTOSH,1,1,false,1547316004,"Taylor Swift - right where you left me (bonus track)"
"United States",1689131973,AUDIO,20260117,23,190967,NATURAL_END_OF_TRACK,MACINTOSH,1,0,false,1689131973,"Taylor Swift - Mastermind"
"United States",1689131971,AUDIO,20260117,23,188424,NATURAL_END_OF_TRACK,MACINTOSH,1,0,false,1689131971,"Taylor Swift - Sweet Nothing"
"United States",1533014929,AUDIO,20260117,19,182016,NATURAL_END_OF_TRACK,IPHONE,1,0,false,N/A,"Halsey - Graveyard"
"United States",1438671365,AUDIO,20260117,16,180684,OTHER,IPHONE,1,0,false,N/A,"Sabrina Carpenter - Sue Me"
"United States",1547316002,AUDIO,20260117,21,180567,FAILED_TO_LOAD,MACINTOSH,1,0,false,1547316002,"Taylor Swift - closure"
"United States",1524680669,AUDIO,20260117,16,176533,OTHER,IPHONE,1,1,false,N/A,"One Direction - Ready to Run"
"United States",1689131959,AUDIO,20260117,22,174726,NATURAL_END_OF_TRACK,MACINTOSH,1,0,false,1689131959,"Taylor Swift - Midnight Rain"
"United States",1577450291,AUDIO,20260117,16,171781,NATURAL_END_OF_TRACK,IPHONE,1,0,false,N/A,"Pitbull - I Feel Good (feat. Anthony Watts & DJWS)"
"United States",1791794316,AUDIO,20260117,16,170471,NATURAL_END_OF_TRACK,IPHONE,1,0,false,N/A,"Meghan Trainor - Better When I'm Dancin'"
"United States",1689131961,AUDIO,20260117,22,164758,NATURAL_END_OF_TRACK,MACINTOSH,1,0,false,1689131961,"Taylor Swift - Vigilante Shit"
"United States",1506661954,AUDIO,20260117,19,158313,NATURAL_END_OF_TRACK,IPHONE,1,0,false,N/A,"Selena Gomez - Look At Her Now"
"United States",1689131985,AUDIO,20260117,23,148696,NATURAL_END_OF_TRACK,MACINTOSH,1,0,false,1689131985,"Taylor Swift - Glitch"
"United States",1582274789,AUDIO,20260117,18,146321,NATURAL_END_OF_TRACK,IPHONE,1,0,false,N/A,"Olivia Rodrigo - brutal"
"United States",1742058275,AUDIO,20260117,"20, 21",131814,"MANUALLY_SELECTED_PLAYBACK_OF_A_DIFF_ITEM",MACINTOSH,1,1,false,1742058275,"Taylor Swift - I Look in People's Windows"
"United States",1649475912,AUDIO,20260117,16,126047,NATURAL_END_OF_TRACK,IPHONE,1,0,false,N/A,"Joshua Bassett - SHE SAID HE SAID SHE SAID"
"United States",1690274313,AUDIO,20260117,16,105754,TRACK_SKIPPED_FORWARDS,IPHONE,1,1,false,N/A,"GAYLE - don’t call me pretty"
"United States",1541904950,AUDIO,20260117,22,74259,"MANUALLY_SELECTED_PLAYBACK_OF_A_DIFF_ITEM",MACINTOSH,1,1,false,1541904950,"Taylor Swift - this is me trying"
"United States",1676555847,AUDIO,20260117,19,59131,PLAYBACK_MANUALLY_PAUSED,IPHONE,1,0,false,N/A,"Sabrina Carpenter - Fast Times"
"United States",1541904964,AUDIO,20260117,22,55571,TRACK_SKIPPED_FORWARDS,MACINTOSH,1,1,false,1541904964,"Taylor Swift - the lakes (bonus track)"
"United States",1838810960,AUDIO,20260117,1,49304,PLAYBACK_MANUALLY_PAUSED,IPHONE,1,0,false,1838810960,"Taylor Swift - Wood"
"United States",1544268301,AUDIO,20260117,23,34408,"MANUALLY_SELECTED_PLAYBACK_OF_A_DIFF_ITEM",MACINTOSH,1,1,false,1544268301,"Taylor Swift - champagne problems"
"United States",1819861156,AUDIO,20260117,0,32585,"MANUALLY_SELECTED_PLAYBACK_OF_A_DIFF_ITEM",IPHONE,1,1,false,1819861156,"Sabrina Carpenter - Manchild"
"United States",1838810964,AUDIO,20260117,"0, 1",31082,"MANUALLY_SELECTED_PLAYBACK_OF_A_DIFF_ITEM",IPHONE,1,2,false,1838810964,"Taylor Swift - The Life of a Showgirl (feat. Sabrina Carpenter)"
"United States",1742058540,AUDIO,20260117,21,30099,"MANUALLY_SELECTED_PLAYBACK_OF_A_DIFF_ITEM",MACINTOSH,1,1,false,1742058540,"Taylor Swift - The Manuscript"
"United States",1440933797,AUDIO,20260117,20,0,TRACK_SKIPPED_FORWARDS,MACINTOSH,0,1,false,N/A,"Taylor Swift - You Are In Love"
"United States",1561072502,AUDIO,20260117,5,0,TRACK_SKIPPED_FORWARDS,IPHONE,0,1,false,N/A,"Ashe - Ryne’s Song"
"United States",1596494861,AUDIO,20260117,20,0,TRACK_SKIPPED_FORWARDS,MACINTOSH,0,1,false,N/A,"Lizzy McAlpine - ...What Are We?"
"United States",1649476289,AUDIO,20260117,5,0,"MANUALLY_SELECTED_PLAYBACK_OF_A_DIFF_ITEM",IPHONE,0,1,false,N/A,"Joshua Bassett - Different"
"United States",1440918122,AUDIO,20260117,20,0,TRACK_SKIPPED_FORWARDS,MACINTOSH,0,1,false,N/A,"Kacey Musgraves - Oh, What a World"
"United States",1591302540,AUDIO,20260117,20,0,TRACK_SKIPPED_FORWARDS,MACINTOSH,0,1,false,N/A,"LANY - dancing in the kitchen"
"United States",1436646800,AUDIO,20260117,5,0,TRACK_SKIPPED_FORWARDS,IPHONE,0,1,false,N/A,"Phoebe Bridgers - Chelsea"
"United States",1541904951,AUDIO,20260117,22,0,TRACK_SKIPPED_FORWARDS,MACINTOSH,0,1,false,1541904951,"Taylor Swift - illicit affairs"
"United States",1566048512,AUDIO,20260117,5,0,"MANUALLY_SELECTED_PLAYBACK_OF_A_DIFF_ITEM",IPHONE,0,1,false,N/A,"Sofía Valdés - Lonely"
"United States",1511058479,AUDIO,20260117,5,0,TRACK_SKIPPED_FORWARDS,IPHONE,0,1,false,N/A,"Noah Cyrus - Lonely"
"United States",1613598199,AUDIO,20260117,5,0,"MANUALLY_SELECTED_PLAYBACK_OF_A_DIFF_ITEM",IPHONE,0,1,false,N/A,"Sasha Alex Sloan - New Normal"
"United States",1541904961,AUDIO,20260117,22,0,TRACK_SKIPPED_FORWARDS,MACINTOSH,0,1,false,1541904961,"Taylor Swift - peace"
"United States",1669190154,AUDIO,20260117,5,0,"MANUALLY_SELECTED_PLAYBACK_OF_A_DIFF_ITEM",IPHONE,0,1,false,N/A,"Ber - Superspreader"
"United States",1604658071,AUDIO,20260117,5,0,TRACK_SKIPPED_FORWARDS,IPHONE,0,1,false,N/A,"Lizzy McAlpine - firearm"
"United States",1676562914,AUDIO,20260117,18,0,TRACK_SKIPPED_FORWARDS,IPHONE,0,1,false,N/A,"Hailee Steinfeld - SunKissing"
"United States",1541906190,AUDIO,20260117,20,0,"MANUALLY_SELECTED_PLAYBACK_OF_A_DIFF_ITEM",MACINTOSH,0,1,false,N/A,"Taylor Swift - august"
"United States",1541904959,AUDIO,20260117,22,0,TRACK_SKIPPED_FORWARDS,MACINTOSH,0,1,false,1541904959,"Taylor Swift - epiphany"
"United States",1592682025,AUDIO,20260117,5,0,"MANUALLY_SELECTED_PLAYBACK_OF_A_DIFF_ITEM",IPHONE,0,1,false,N/A,"Lorde - Big Star"
"United States",1689131985,AUDIO,20260117,18,0,TRACK_SKIPPED_FORWARDS,IPHONE,0,1,false,N/A,"Taylor Swift - Glitch"
"United States",1574161389,AUDIO,20260117,5,0,TRACK_SKIPPED_FORWARDS,IPHONE,0,1,false,N/A,"Luke Hemmings - Slip Away"
"United States",1549343278,AUDIO,20260117,5,0,"MANUALLY_SELECTED_PLAYBACK_OF_A_DIFF_ITEM",IPHONE,0,1,false,N/A,"Madison Beer - Everything Happens For A Reason"
"United States",1572252245,AUDIO,20260117,5,0,TRACK_SKIPPED_FORWARDS,IPHONE,0,1,false,N/A,"Catie Turner - Funeral"
"United States",1626560689,AUDIO,20260117,5,0,"MANUALLY_SELECTED_PLAYBACK_OF_A_DIFF_ITEM",IPHONE,0,1,false,N/A,"Reneé Rapp - Tattoos"
"United States",1787948224,AUDIO,20260117,5,0,"MANUALLY_SELECTED_PLAYBACK_OF_A_DIFF_ITEM",IPHONE,0,1,false,N/A,"Kenzie Cait - that girl"
"United States",1649475906,AUDIO,20260117,5,0,TRACK_SKIPPED_FORWARDS,IPHONE,0,1,false,N/A,"Joshua Bassett - would you love me now?"
"United States",1440826718,AUDIO,20260117,18,0,TRACK_SKIPPED_FORWARDS,IPHONE,0,1,false,N/A,"Fall Out Boy - Uma Thurman"
"United States",1582274794,AUDIO,20260117,5,0,TRACK_SKIPPED_FORWARDS,IPHONE,0,1,false,N/A,"Olivia Rodrigo - 1 step forward, 3 steps back"
"United States",1666138701,AUDIO,20260117,5,0,TRACK_SKIPPED_FORWARDS,IPHONE,0,1,false,N/A,"boygenius - Cool About It"
"United States",1806717497,AUDIO,20260117,5,0,TRACK_SKIPPED_FORWARDS,IPHONE,0,1,false,N/A,"Tate McRae - Can't Get It Out"
"United States",1672415050,AUDIO,20260117,5,0,"MANUALLY_SELECTED_PLAYBACK_OF_A_DIFF_ITEM",IPHONE,0,1,false,N/A,"Leanna Firestone - Two Week Notice"
"United States",1742058267,AUDIO,20260117,21,0,"MANUALLY_SELECTED_PLAYBACK_OF_A_DIFF_ITEM",MACINTOSH,0,1,false,1742058267,"Taylor Swift - How Did It End?"
"United States",1541904939,AUDIO,20260117,22,0,TRACK_SKIPPED_FORWARDS,MACINTOSH,0,1,false,1541904939,"Taylor Swift - seven"
"United States",1673804546,AUDIO,20260117,5,0,TRACK_SKIPPED_FORWARDS,IPHONE,0,1,false,N/A,"Ed Sheeran - Boat"
"United States",1727434068,AUDIO,20260117,16,0,TRACK_SKIPPED_FORWARDS,IPHONE,0,1,false,N/A,"Conan Gray - Maniac"
"United States",1625198355,AUDIO,20260117,20,0,TRACK_SKIPPED_FORWARDS,MACINTOSH,0,1,false,N/A,"Ed Sheeran - Love In Slow Motion"
"United States",1620209749,AUDIO,20260117,5,0,TRACK_SKIPPED_FORWARDS,IPHONE,0,1,false,N/A,"Tate McRae - i still say goodnight"
"United States",1557531956,AUDIO,20260117,5,0,"MANUALLY_SELECTED_PLAYBACK_OF_A_DIFF_ITEM",IPHONE,0,1,false,N/A,"B.Miles - Wasting Time (New York)"
"United States",1771713115,AUDIO,20260117,5,0,TRACK_SKIPPED_FORWARDS,IPHONE,0,1,false,N/A,"Elliott Smith - Twilight (2024 Remastered)"
"United States",1576390566,AUDIO,20260117,20,0,TRACK_SKIPPED_FORWARDS,MACINTOSH,0,1,false,N/A,"Ben Platt - imagine"
"United States",1525265298,AUDIO,20260117,5,0,TRACK_SKIPPED_FORWARDS,IPHONE,0,1,false,N/A,"Lizzy McAlpine - Same Boat"
"United States",1642385565,AUDIO,20260117,16,0,TRACK_SKIPPED_FORWARDS,IPHONE,0,1,false,N/A,"Halsey - I am not a woman, I'm a god"
"United States",1445766091,AUDIO,20260117,20,0,TRACK_SKIPPED_FORWARDS,MACINTOSH,0,1,false,N/A,"Taylor Swift - Delicate"
"United States",1645455338,AUDIO,20260117,5,0,TRACK_SKIPPED_FORWARDS,IPHONE,0,1,false,N/A,"Sarah Cothran - I'm Here"
"United States",1592749287,AUDIO,20260117,5,0,TRACK_SKIPPED_FORWARDS,IPHONE,0,1,false,N/A,"Lauren Spencer Smith - For Granted"
"United States",1573503238,AUDIO,20260117,5,0,TRACK_SKIPPED_FORWARDS,IPHONE,0,1,false,N/A,"Joy Oladokun - breathe again"
"United States",1667458716,AUDIO,20260117,5,0,TRACK_SKIPPED_FORWARDS,IPHONE,0,1,false,N/A,"Julien Baker - Go Home"
"United States",1691828324,AUDIO,20260117,5,0,TRACK_SKIPPED_FORWARDS,IPHONE,0,1,false,N/A,"Gracie Abrams - 405"
"United States",1582277658,AUDIO,20260117,5,0,TRACK_SKIPPED_FORWARDS,IPHONE,0,1,false,N/A,"Olivia Rodrigo - hope ur ok"
"United States",1559600879,AUDIO,20260117,5,0,TRACK_SKIPPED_FORWARDS,IPHONE,0,1,false,N/A,"benny blanco & Gracie Abrams - Unlearn"
"United States",1805833360,AUDIO,20260117,5,0,TRACK_SKIPPED_FORWARDS,IPHONE,0,1,false,N/A,"Lexi Jayde - gentle"
"United States",1520442900,AUDIO,20260117,20,0,TRACK_SKIPPED_FORWARDS,MACINTOSH,0,1,false,N/A,"Tori Kelly - Unbothered"
"United States",1660283622,AUDIO,20260117,5,0,TRACK_SKIPPED_FORWARDS,IPHONE,0,1,false,N/A,"The National - The Alcott (feat. Taylor Swift)"
"United States",1648959150,AUDIO,20260117,5,0,"MANUALLY_SELECTED_PLAYBACK_OF_A_DIFF_ITEM",IPHONE,0,1,false,N/A,"Ashley Kutcher - Survive My Own Mind"
"United States",1693992092,AUDIO,20260117,16,0,TRACK_SKIPPED_FORWARDS,IPHONE,0,1,false,N/A,"Nessa Barrett - BANG BANG!"
"United States",1650883453,AUDIO,20260117,5,0,TRACK_SKIPPED_FORWARDS,IPHONE,0,1,false,N/A,"LEW - Missing You"
"United States",1541905157,AUDIO,20260117,22,0,TRACK_SKIPPED_FORWARDS,MACINTOSH,0,1,false,1541905157,"Taylor Swift - invisible string (the long pond studio sessions)"
"United States",1541904962,AUDIO,20260117,22,0,TRACK_SKIPPED_FORWARDS,MACINTOSH,0,1,false,1541904962,"Taylor Swift - hoax"
"United States",1727460030,AUDIO,20260117,5,0,TRACK_SKIPPED_FORWARDS,IPHONE,0,1,false,N/A,"Conan Gray - Footnote"
"United States",1752208946,AUDIO,20260117,5,0,TRACK_SKIPPED_FORWARDS,IPHONE,0,1,false,N/A,"Abby Cates - Saw Ur Mom At the Grocery Store"
"United States",1641158549,AUDIO,20260117,16,0,TRACK_SKIPPED_FORWARDS,IPHONE,0,1,false,N/A,"Aidan Bissett - Tripping Over Air"
"United States",1563888624,AUDIO,20260117,5,0,TRACK_SKIPPED_FORWARDS,IPHONE,0,1,false,N/A,"girl in red - ."
"United States",1562510510,AUDIO,20260117,5,0,TRACK_SKIPPED_FORWARDS,IPHONE,0,1,false,N/A,"BLÜ EYES - Break Up With a Friend"
"United States",1436646793,AUDIO,20260117,5,0,TRACK_SKIPPED_FORWARDS,IPHONE,0,1,false,N/A,"Phoebe Bridgers - Smoke Signals"
"United States",1676555853,AUDIO,20260117,20,0,TRACK_SKIPPED_FORWARDS,MACINTOSH,0,1,false,N/A,"Sabrina Carpenter - Feather"
"United States",1620209746,AUDIO,20260117,20,0,TRACK_SKIPPED_FORWARDS,MACINTOSH,0,1,false,N/A,"Tate McRae - feel like shit"
"United States",1691835248,AUDIO,20260117,5,0,TRACK_SKIPPED_FORWARDS,IPHONE,0,1,false,N/A,"Gracie Abrams - I should hate you"
"United States",1689131531,AUDIO,20260117,22,0,"MANUALLY_SELECTED_PLAYBACK_OF_A_DIFF_ITEM",MACINTOSH,0,1,false,1689131531,"Taylor Swift - Lavender Haze"
"United States",884282120,AUDIO,20260117,16,0,TRACK_SKIPPED_FORWARDS,IPHONE,0,1,false,N/A,"Bleachers - Rollercoaster"
"United States",1504700017,AUDIO,20260117,5,0,TRACK_SKIPPED_FORWARDS,IPHONE,0,1,false,N/A,"Phoebe Bridgers - Savior Complex"
"United States",1804522433,AUDIO,20260117,5,0,"MANUALLY_SELECTED_PLAYBACK_OF_A_DIFF_ITEM",IPHONE,0,1,false,N/A,"Niall Horan - Dear Patience"
"United States",1636978324,AUDIO,20260117,5,0,TRACK_SKIPPED_FORWARDS,IPHONE,0,1,false,N/A,"Nessa Barrett - die first (stripped)"
"United States",1440504730,AUDIO,20260117,16,0,TRACK_SKIPPED_FORWARDS,IPHONE,0,1,false,N/A,"Sara Bareilles - Brave"
"United States",1504699865,AUDIO,20260117,5,0,TRACK_SKIPPED_FORWARDS,IPHONE,0,1,false,N/A,"Phoebe Bridgers - Chinese Satellite"
"United States",1594236377,AUDIO,20260117,5,0,TRACK_SKIPPED_FORWARDS,IPHONE,0,1,false,N/A,"Ashley Kutcher - Favorite What If"
"United States",1607446350,AUDIO,20260117,16,0,TRACK_SKIPPED_FORWARDS,IPHONE,0,1,false,N/A,"Claire Rosinkranz - i h8 that i still feel bad for u"
"United States",1617850140,AUDIO,20260117,16,0,TRACK_SKIPPED_FORWARDS,IPHONE,0,1,false,N/A,"Camila Cabello - psychofreak (feat. WILLOW)"
"United States",1712933591,AUDIO,20260117,16,0,TRACK_SKIPPED_FORWARDS,IPHONE,0,1,false,N/A,"Niall Horan - Meltdown"
"United States",1657751999,AUDIO,20260117,5,0,TRACK_SKIPPED_FORWARDS,IPHONE,0,1,false,N/A,"Luz - Lost"
"United States",1683259440,AUDIO,20260117,5,0,TRACK_SKIPPED_FORWARDS,IPHONE,0,1,false,N/A,"Mimi Webb - Roles Reversed"
"United States",1742074936,AUDIO,20260117,4,0,"MANUALLY_SELECTED_PLAYBACK_OF_A_DIFF_ITEM",IPHONE,0,1,false,1742074936,"Taylor Swift - Clara Bow"
"United States",1579531538,AUDIO,20260117,5,0,"MANUALLY_SELECTED_PLAYBACK_OF_A_DIFF_ITEM",IPHONE,0,1,false,N/A,"Avery Lynch - Holding My Own Hand"
"United States",1646324059,AUDIO,20260117,5,0,TRACK_SKIPPED_FORWARDS,IPHONE,0,1,false,N/A,"Haley Joelle - Magical Thinking"
"United States",1646692420,AUDIO,20260117,16,0,TRACK_SKIPPED_FORWARDS,IPHONE,0,1,false,N/A,"Tate McRae - uh oh"
"United States",1771702162,AUDIO,20260117,16,0,TRACK_SKIPPED_FORWARDS,IPHONE,0,1,false,N/A,"Lauv - I Like Me Better"
"United States",1440771016,AUDIO,20260117,5,0,TRACK_SKIPPED_FORWARDS,IPHONE,0,1,false,N/A,"Bea Miller - i can't breathe"
"United States",1812733598,AUDIO,20260117,5,0,TRACK_SKIPPED_FORWARDS,IPHONE,0,1,false,N/A,"Mckenna Grace - do all my friends hate me?"
"United States",1525265291,AUDIO,20260117,5,0,TRACK_SKIPPED_FORWARDS,IPHONE,0,1,false,N/A,"Lizzy McAlpine - I Knew"
"United States",1676555836,AUDIO,20260117,5,0,TRACK_SKIPPED_FORWARDS,IPHONE,0,1,false,N/A,"Sabrina Carpenter - how many things"
"United States",1736995376,AUDIO,20260117,16,0,TRACK_SKIPPED_FORWARDS,IPHONE,0,1,false,N/A,"Olivia Rodrigo - vampire"
"United States",1547315992,AUDIO,20260117,5,0,TRACK_SKIPPED_FORWARDS,IPHONE,0,1,false,N/A,"Taylor Swift - happiness"
"United States",1551219285,AUDIO,20260117,20,0,TRACK_SKIPPED_FORWARDS,MACINTOSH,0,1,false,N/A,"Jeremy Zucker & Chelsea Cutler - this is how you fall in love"
"United States",1635388718,AUDIO,20260117,5,0,TRACK_SKIPPED_FORWARDS,IPHONE,0,2,false,N/A,"Billie Eilish - TV"
"United States",1599834045,AUDIO,20260117,20,0,"MANUALLY_SELECTED_PLAYBACK_OF_A_DIFF_ITEM",MACINTOSH,0,1,false,N/A,"Michael Bublé - My Valentine"
"United States",1545220949,AUDIO,20260117,5,0,TRACK_SKIPPED_FORWARDS,IPHONE,0,1,false,N/A,"Tate McRae - Heather (Bedroom Sessions)"
"United States",1547315992,AUDIO,20260117,21,0,"MANUALLY_SELECTED_PLAYBACK_OF_A_DIFF_ITEM",MACINTOSH,0,1,false,1547315992,"Taylor Swift - happiness"
"United States",1440935930,AUDIO,20260117,5,0,TRACK_SKIPPED_FORWARDS,IPHONE,0,1,false,N/A,"Taylor Swift - If This Was a Movie"
"United States",1673848752,AUDIO,20260117,5,0,"MANUALLY_SELECTED_PLAYBACK_OF_A_DIFF_ITEM",IPHONE,0,1,false,N/A,"Grace Gardner - Deny Me"
"United States",1663992224,AUDIO,20260117,5,0,"MANUALLY_SELECTED_PLAYBACK_OF_A_DIFF_ITEM",IPHONE,0,1,false,N/A,"Ashley Kutcher - Everyone And No One"
"United States",1635256925,AUDIO,20260117,5,0,TRACK_SKIPPED_FORWARDS,IPHONE,0,1,false,N/A,"Maisie Peters - Good Enough"
"United States",1812093706,AUDIO,20260117,5,0,TRACK_SKIPPED_FORWARDS,IPHONE,0,1,false,N/A,"Kings Elliot - I’m Getting Tired of Me"
"United States",1615585012,AUDIO,20260117,5,0,TRACK_SKIPPED_FORWARDS,IPHONE,0,2,false,N/A,"Harry Styles - Matilda"
"United States",1804522432,AUDIO,20260117,20,0,TRACK_SKIPPED_FORWARDS,MACINTOSH,0,1,false,N/A,"Niall Horan - Black And White"
"United States",887521526,AUDIO,20260117,3,0,TRACK_SKIPPED_FORWARDS,IPHONE,0,1,false,887521526,"Jessica Keenan Wynn, Daniel Cooney, Dan Domenech, Michelle Duffy & AJ Meijer - The Me Inside of Me"
"United States",1606972959,AUDIO,20260117,5,0,TRACK_SKIPPED_FORWARDS,IPHONE,0,1,false,N/A,"Kiran + Nivi - 1 Last Bye"
"United States",1778542645,AUDIO,20260117,5,0,TRACK_SKIPPED_FORWARDS,IPHONE,0,1,false,N/A,"Rachel Grae - Daughter"
"United States",1445766084,AUDIO,20260117,16,0,TRACK_SKIPPED_FORWARDS,IPHONE,0,1,false,N/A,"Taylor Swift - I Did Something Bad"
"United States",1707033663,AUDIO,20260117,5,0,TRACK_SKIPPED_FORWARDS,IPHONE,0,2,false,N/A,"Tyler James Bellinger - Unbearable"
"United States",1672554803,AUDIO,20260117,5,0,TRACK_SKIPPED_FORWARDS,IPHONE,0,1,false,N/A,"Ingrid Andress - Pain"
"United States",1634049283,AUDIO,20260117,16,0,TRACK_SKIPPED_FORWARDS,IPHONE,0,1,false,N/A,"Bella Poarch - Dolls"
"United States",1578881367,AUDIO,20260117,5,0,TRACK_SKIPPED_FORWARDS,IPHONE,0,3,false,N/A,"Holly Humberstone - Haunted House"
"United States",1547317078,AUDIO,20260117,5,0,"MANUALLY_SELECTED_PLAYBACK_OF_A_DIFF_ITEM",IPHONE,0,1,false,N/A,"Taylor Swift - evermore (feat. Bon Iver)"
"United States",1541904937,AUDIO,20260117,22,0,TRACK_SKIPPED_FORWARDS,MACINTOSH,0,1,false,1541904937,"Taylor Swift - mirrorball"
"United States",1440855552,AUDIO,20260117,16,0,TRACK_SKIPPED_FORWARDS,IPHONE,0,1,false,N/A,"Maroon 5 - Animals"
"United States",701122123,AUDIO,20260117,16,0,TRACK_SKIPPED_FORWARDS,IPHONE,0,1,false,N/A,"Fifth Harmony - Me & My Girls"
"United States",1558612321,AUDIO,20260117,5,0,"MANUALLY_SELECTED_PLAYBACK_OF_A_DIFF_ITEM",IPHONE,0,1,false,N/A,"Tate McRae - bad ones"
"United States",1541904695,AUDIO,20260117,22,0,TRACK_SKIPPED_FORWARDS,MACINTOSH,0,1,false,1541904695,"Taylor Swift - my tears ricochet"
"United States",1564530955,AUDIO,20260117,20,0,TRACK_SKIPPED_FORWARDS,MACINTOSH,0,1,false,N/A,"Billie Eilish - Halley's Comet"
"United States",1440505333,AUDIO,20260117,5,0,TRACK_SKIPPED_FORWARDS,IPHONE,0,1,false,N/A,"Sara Bareilles - Manhattan"
"United States",1487858514,AUDIO,20260117,5,0,TRACK_SKIPPED_FORWARDS,IPHONE,0,1,false,N/A,"Gracie Abrams - Stay"
"United States",1541905061,AUDIO,20260117,22,0,TRACK_SKIPPED_FORWARDS,MACINTOSH,0,1,false,1541905061,"Taylor Swift - the last great american dynasty (the long pond studio sessions)"
"United States",1604658081,AUDIO,20260117,5,0,TRACK_SKIPPED_FORWARDS,IPHONE,0,1,false,N/A,"Lizzy McAlpine - chemtrails"
"United States",1691828047,AUDIO,20260117,5,0,TRACK_SKIPPED_FORWARDS,IPHONE,0,1,false,N/A,"Gracie Abrams - Best"
"United States",1635388722,AUDIO,20260117,5,0,TRACK_SKIPPED_FORWARDS,IPHONE,0,1,false,N/A,"Billie Eilish - The 30th"
"United States",1677892095,AUDIO,20260117,5,0,"MANUALLY_SELECTED_PLAYBACK_OF_A_DIFF_ITEM",IPHONE,0,1,false,N/A,"Sabrina Carpenter - opposite"
"United States",1582275107,AUDIO,20260117,5,0,"MANUALLY_SELECTED_PLAYBACK_OF_A_DIFF_ITEM",IPHONE,0,1,false,N/A,"Olivia Rodrigo - deja vu"
"United States",1725044470,AUDIO,20260117,5,0,TRACK_SKIPPED_FORWARDS,IPHONE,0,1,false,N/A,"Beth McCarthy - She Gets the Flowers"
"United States",1841435048,AUDIO,20260117,16,0,TRACK_SKIPPED_FORWARDS,IPHONE,0,1,false,N/A,"Bruno Mars - Runaway Baby"
"United States",1608536177,AUDIO,20260117,5,0,TRACK_SKIPPED_FORWARDS,IPHONE,0,1,false,N/A,"Joshua Bassett - Doppelgänger"
"United States",1853104435,AUDIO,20260117,3,0,"MANUALLY_SELECTED_PLAYBACK_OF_A_DIFF_ITEM",IPHONE,0,1,false,1853104435,"Tate McRae - ANYTHING BUT LOVE"
"United States",1552792508,AUDIO,20260117,5,0,TRACK_SKIPPED_FORWARDS,IPHONE,0,1,false,N/A,"Taylor Swift - Don’t You (Taylor’s Version) [From The Vault]"
"United States",1485802975,AUDIO,20260117,5,0,"MANUALLY_SELECTED_PLAYBACK_OF_A_DIFF_ITEM",IPHONE,0,2,false,N/A,"Harry Styles - Falling"
"United States",1677892081,AUDIO,20260117,5,0,TRACK_SKIPPED_FORWARDS,IPHONE,0,1,false,N/A,"Sabrina Carpenter - decode"
"United States",1582277653,AUDIO,20260117,5,0,TRACK_SKIPPED_FORWARDS,IPHONE,0,1,false,N/A,"Olivia Rodrigo - enough for you"
"United States",1541904956,AUDIO,20260117,22,0,TRACK_SKIPPED_FORWARDS,MACINTOSH,0,1,false,1541904956,"Taylor Swift - mad woman"
"United States",1429663168,AUDIO,20260117,5,0,TRACK_SKIPPED_FORWARDS,IPHONE,0,1,false,N/A,"Lorde - Hard Feelings/Loveless"
"United States",1676555862,AUDIO,20260117,5,0,TRACK_SKIPPED_FORWARDS,IPHONE,0,1,false,N/A,"Sabrina Carpenter - things i wish you said"
"United States",1643033973,AUDIO,20260117,5,0,TRACK_SKIPPED_FORWARDS,IPHONE,0,1,false,N/A,"Joshua Bassett - Lifeline"
"United States",1632055468,AUDIO,20260117,5,0,"MANUALLY_SELECTED_PLAYBACK_OF_A_DIFF_ITEM",IPHONE,0,1,false,N/A,"Nova Miller - Cold Feet"
"United States",1541905162,AUDIO,20260117,22,0,TRACK_SKIPPED_FORWARDS,MACINTOSH,0,1,false,1541905162,"Taylor Swift - betty (the long pond studio sessions)"
"United States",1541905167,AUDIO,20260117,22,0,TRACK_SKIPPED_FORWARDS,MACINTOSH,0,1,false,1541905167,"Taylor Swift - hoax (the long pond studio sessions)"
"United States",1812466443,AUDIO,20260117,5,0,TRACK_SKIPPED_FORWARDS,IPHONE,0,1,false,N/A,"Mckenna Grace - Post Party Trauma"
"United States",1784324398,AUDIO,20260117,5,0,TRACK_SKIPPED_FORWARDS,IPHONE,0,1,false,N/A,"Kate Vogel - Reasons to Stay"
"United States",1405752736,AUDIO,20260117,5,0,"MANUALLY_SELECTED_PLAYBACK_OF_A_DIFF_ITEM",IPHONE,0,1,false,N/A,"Manchester Orchestra & Phoebe Bridgers - The Gold"
"United States",1727434266,AUDIO,20260117,5,0,TRACK_SKIPPED_FORWARDS,IPHONE,0,1,false,N/A,"Conan Gray - The Cut That Always Bleeds"
"United States",1440505355,AUDIO,20260117,20,0,TRACK_SKIPPED_FORWARDS,MACINTOSH,0,1,false,N/A,"Sara Bareilles - I Choose You"
"United States",1440808326,AUDIO,20260117,5,0,TRACK_SKIPPED_FORWARDS,IPHONE,0,1,false,N/A,"Maroon 5 - Sad"
"United States",1621777729,AUDIO,20260117,5,0,"MANUALLY_SELECTED_PLAYBACK_OF_A_DIFF_ITEM",IPHONE,0,1,false,N/A,"Eloise Alterman - Sad Bird Still Sings"
"United States",1440918027,AUDIO,20260117,5,0,TRACK_SKIPPED_FORWARDS,IPHONE,0,1,false,N/A,"Niall Horan - Paper Houses"
"United States",1595423266,AUDIO,20260117,5,0,TRACK_SKIPPED_FORWARDS,IPHONE,0,1,false,N/A,"Taylor Swift - The Last Time (Taylor's Version) [feat. Gary Lightbody]"
"United States",1644440670,AUDIO,20260117,16,0,TRACK_SKIPPED_FORWARDS,IPHONE,0,1,false,N/A,"BLACKPINK - Pink Venom"
"United States",1590449985,AUDIO,20260117,16,0,TRACK_SKIPPED_FORWARDS,IPHONE,0,1,false,N/A,"Conan Gray - Telepath"
"United States",1549343276,AUDIO,20260117,5,0,TRACK_SKIPPED_FORWARDS,IPHONE,0,1,false,N/A,"Madison Beer - Emotional Bruises"
"United States",1810752234,AUDIO,20260117,5,0,TRACK_SKIPPED_FORWARDS,IPHONE,0,1,false,N/A,"Maya Manuela - multiverse (feat. PEMBROKE)"
"United States",1582274793,AUDIO,20260117,16,0,TRACK_SKIPPED_FORWARDS,IPHONE,0,1,false,N/A,"Olivia Rodrigo - drivers license"
"United States",1541904960,AUDIO,20260117,22,0,TRACK_SKIPPED_FORWARDS,MACINTOSH,0,1,false,1541904960,"Taylor Swift - betty"
"United States",1521724995,AUDIO,20260117,5,0,TRACK_SKIPPED_FORWARDS,IPHONE,0,1,false,N/A,"Gracie Abrams - Under / Over"
"United States",1672703418,AUDIO,20260117,16,0,TRACK_SKIPPED_FORWARDS,IPHONE,0,1,false,N/A,"Reneé Rapp - Too Well"
"United States",1676555530,AUDIO,20260117,5,0,TRACK_SKIPPED_FORWARDS,IPHONE,0,1,false,N/A,"Sabrina Carpenter - emails i can’t send"
"United States",1440855797,AUDIO,20260117,18,0,TRACK_SKIPPED_FORWARDS,IPHONE,0,1,false,N/A,"Imagine Dragons - It's Time"
"United States",1541905058,AUDIO,20260117,22,0,TRACK_SKIPPED_FORWARDS,MACINTOSH,0,1,false,1541905058,"Taylor Swift - cardigan (the long pond studio sessions)"
"United States",1673804547,AUDIO,20260117,5,0,TRACK_SKIPPED_FORWARDS,IPHONE,0,1,false,N/A,"Ed Sheeran - Salt Water"
"United States",1440934115,AUDIO,20260117,20,0,TRACK_SKIPPED_FORWARDS,MACINTOSH,0,1,false,N/A,"Rihanna - Love on the Brain"
"United States",1440933656,AUDIO,20260117,5,0,"MANUALLY_SELECTED_PLAYBACK_OF_A_DIFF_ITEM",IPHONE,0,1,false,N/A,"Taylor Swift - Wildest Dreams"
"United States",1683259441,AUDIO,20260117,16,0,TRACK_SKIPPED_FORWARDS,IPHONE,0,1,false,N/A,"Mimi Webb - House On Fire"
"United States",1468058704,AUDIO,20260117,16,0,TRACK_SKIPPED_FORWARDS,IPHONE,0,1,false,N/A,"Taylor Swift - You Need To Calm Down"
"United States",1820132467,AUDIO,20260117,5,0,"MANUALLY_SELECTED_PLAYBACK_OF_A_DIFF_ITEM",IPHONE,0,1,false,N/A,"SHY Martin - Can I call you back?"
"United States",1436646802,AUDIO,20260117,5,0,TRACK_SKIPPED_FORWARDS,IPHONE,0,1,false,N/A,"Phoebe Bridgers - You Missed My Heart"
"United States",1643198505,AUDIO,20260117,20,0,TRACK_SKIPPED_FORWARDS,MACINTOSH,0,1,false,N/A,"Forest Blakk - If You Love Her"
"United States",1487862050,AUDIO,20260117,5,0,TRACK_SKIPPED_FORWARDS,IPHONE,0,1,false,N/A,"Sara Kays - Is There Anything Else?"
"United States",1598000562,AUDIO,20260117,5,0,"MANUALLY_SELECTED_PLAYBACK_OF_A_DIFF_ITEM",IPHONE,0,1,false,N/A,"Gracie Abrams - Wishful Thinking"
"United States",1582343523,AUDIO,20260117,5,0,TRACK_SKIPPED_FORWARDS,IPHONE,0,1,false,N/A,"The Civil Wars - Dust to Dust"
"United States",1428784095,AUDIO,20260117,16,0,TRACK_SKIPPED_FORWARDS,IPHONE,0,1,false,N/A,"Maroon 5 - Sunday Morning"
"United States",1501262705,AUDIO,20260117,5,0,TRACK_SKIPPED_FORWARDS,IPHONE,0,1,false,N/A,"Lennon Stella - Older Than I Am"
"United States",1588420638,AUDIO,20260117,5,0,TRACK_SKIPPED_FORWARDS,IPHONE,0,1,false,N/A,"James Blake - Friends That Break Your Heart"
"United States",1541906192,AUDIO,20260117,5,0,TRACK_SKIPPED_FORWARDS,IPHONE,0,1,false,N/A,"Taylor Swift - this is me trying"
"United States",1541904953,AUDIO,20260117,22,0,TRACK_SKIPPED_FORWARDS,MACINTOSH,0,1,false,1541904953,"Taylor Swift - invisible string"
"United States",1691828299,AUDIO,20260117,20,0,TRACK_SKIPPED_FORWARDS,MACINTOSH,0,1,false,N/A,"Gracie Abrams - Where do we go now?"
"United States",1504700018,AUDIO,20260117,5,0,"MANUALLY_SELECTED_PLAYBACK_OF_A_DIFF_ITEM",IPHONE,0,1,false,N/A,"Phoebe Bridgers - ICU"
"United States",1541905150,AUDIO,20260117,22,0,TRACK_SKIPPED_FORWARDS,MACINTOSH,0,1,false,1541905150,"Taylor Swift - illicit affairs (the long pond studio sessions)"
"United States",1541907048,AUDIO,20260117,5,0,TRACK_SKIPPED_FORWARDS,IPHONE,0,1,false,N/A,"Taylor Swift - my tears ricochet (the long pond studio sessions)"
"United States",1720958796,AUDIO,20260117,5,0,TRACK_SKIPPED_FORWARDS,IPHONE,0,1,false,N/A,"FINNEAS - Die Alone"
"United States",1625725380,AUDIO,20260117,16,0,TRACK_SKIPPED_FORWARDS,IPHONE,0,1,false,N/A,"Tate McRae - she's all i wanna be"
"United States",1853118084,AUDIO,20260117,5,0,TRACK_SKIPPED_FORWARDS,IPHONE,0,1,false,N/A,"Tristan - Keep That to Yourself"
"United States",1676555531,AUDIO,20260117,16,0,TRACK_SKIPPED_FORWARDS,IPHONE,0,1,false,N/A,"Sabrina Carpenter - Vicious"
"United States",1609293937,AUDIO,20260117,5,0,"MANUALLY_SELECTED_PLAYBACK_OF_A_DIFF_ITEM",IPHONE,0,1,false,N/A,"Jenna Raine - see you later (ten years)"
"United States",1485802979,AUDIO,20260117,16,0,TRACK_SKIPPED_FORWARDS,IPHONE,0,1,false,N/A,"Harry Styles - Sunflower, Vol. 6"
"United States",1805833359,AUDIO,20260117,5,0,TRACK_SKIPPED_FORWARDS,IPHONE,0,1,false,N/A,"Lexi Jayde - self sabotage"
"United States",1805833352,AUDIO,20260117,5,0,TRACK_SKIPPED_FORWARDS,IPHONE,0,1,false,N/A,"Lexi Jayde - you don't deserve these tears"
"United States",1527991172,AUDIO,20260117,5,0,"MANUALLY_SELECTED_PLAYBACK_OF_A_DIFF_ITEM",IPHONE,0,1,false,N/A,"Clara Mae - Unmiss You"
"United States",1821547081,AUDIO,20260117,5,0,TRACK_SKIPPED_FORWARDS,IPHONE,0,1,false,N/A,"Clairo - Alewife"
"United States",1228742334,AUDIO,20260117,16,0,TRACK_SKIPPED_FORWARDS,IPHONE,0,1,false,N/A,"Dua Lipa - New Rules"
"United States",1688751164,AUDIO,20260117,5,0,TRACK_SKIPPED_FORWARDS,IPHONE,0,1,false,N/A,"ROSIE - Someone You Once Had"
"United States",1759422934,AUDIO,20260117,5,0,TRACK_SKIPPED_FORWARDS,IPHONE,0,1,false,N/A,"Avery Lynch - useless information"
"United States",1629133761,AUDIO,20260117,5,0,TRACK_SKIPPED_FORWARDS,IPHONE,0,1,false,N/A,"Mercer Henderson - Strangers"
"United States",1604664819,AUDIO,20260118,14,614749,NATURAL_END_OF_TRACK,IPHONE,1,0,false,1604664819,"Taylor Swift - All Too Well (10 Minute Version) (Taylor's Version) (From The Vault)"
"United States",1595423268,AUDIO,20260118,"0, 17",569730,NATURAL_END_OF_TRACK,MACINTOSH,2,0,false,1595423268,"Taylor Swift - Sad Beautiful Tragic (Taylor's Version)"
"United States",1595423407,AUDIO,20260118,"0, 5, 12",527806,NATURAL_END_OF_TRACK,"IPHONE, MACINTOSH",3,0,false,1595423407,"Taylor Swift - Forever Winter (Taylor's Version) (From The Vault)"
"United States",1117418451,AUDIO,20260118,"0, 2",520995,"MANUALLY_SELECTED_PLAYBACK_OF_A_DIFF_ITEM",MACINTOSH,2,1,false,1117418451,"Jessie Mueller - She Used to Be Mine"
"United States",1742075509,AUDIO,20260118,"2, 3",477499,NATURAL_END_OF_TRACK,"IPHONE, MACINTOSH",2,0,false,1742075509,"Taylor Swift - How Did It End?"
"United States",1541905079,AUDIO,20260118,"0, 3",469331,PLAYBACK_MANUALLY_PAUSED,"IPHONE, MACINTOSH",2,0,false,1541905079,"Taylor Swift - my tears ricochet (the long pond studio sessions)"
"United States",1676967259,AUDIO,20260118,"3, 5",443662,TRACK_SKIPPED_FORWARDS,IPHONE,1,1,false,1676967259,"Taylor Swift - All Of The Girls You Loved Before"
"United States",1773474484,AUDIO,20260118,"1, 2",442414,NATURAL_END_OF_TRACK,MACINTOSH,2,0,false,1773474484,"Gracie Abrams - I Told You Things"
"United States",1487502476,AUDIO,20260118,"2, 20",403292,PLAYBACK_MANUALLY_PAUSED,"IPHONE, MACINTOSH",2,0,false,1487502476,"Billie Eilish - everything i wanted"
"United States",1650841746,AUDIO,20260118,"2, 17",382078,NATURAL_END_OF_TRACK,MACINTOSH,2,0,false,1650841746,"Taylor Swift - Mastermind"
"United States",1694386835,AUDIO,20260118,"0, 17",372482,NATURAL_END_OF_TRACK,MACINTOSH,2,0,false,1694386835,"Olivia Rodrigo - making the bed"
"United States",1596155191,AUDIO,20260118,20,341415,PLAYBACK_MANUALLY_PAUSED,MACINTOSH,1,0,false,1596155191,"Taylor Swift - All Too Well (Sad Girl Autumn Version) [Recorded at Long Pond Studios]"
"United States",1544268350,AUDIO,20260118,0,315141,NATURAL_END_OF_TRACK,MACINTOSH,1,0,false,1544268350,"Taylor Swift - happiness"
"United States",1541905058,AUDIO,20260118,"3, 12",289592,"MANUALLY_SELECTED_PLAYBACK_OF_A_DIFF_ITEM",IPHONE,2,1,false,1541905058,"Taylor Swift - cardigan (the long pond studio sessions)"
"United States",1541905149,AUDIO,20260118,"0, 17, 20",280557,"MANUALLY_SELECTED_PLAYBACK_OF_A_DIFF_ITEM",MACINTOSH,2,1,false,1541905149,"Taylor Swift - this is me trying (the long pond studio sessions)"
"United States",1504639681,AUDIO,20260118,2,278218,NATURAL_END_OF_TRACK,IPHONE,1,0,false,1504639681,"SUHO - Starry Night"
"United States",1718576584,AUDIO,20260118,2,277864,NATURAL_END_OF_TRACK,MACINTOSH,1,0,false,1718576584,"Taylor Swift - You’re Losing Me (From The Vault)"
"United States",1661348751,AUDIO,20260118,"2, 5",275287,NATURAL_END_OF_TRACK,IPHONE,1,1,false,1661348751,"Kelley McRae - Until the End"
"United States",1457960609,AUDIO,20260118,5,269599,NATURAL_END_OF_TRACK,IPHONE,1,0,false,1457960609,"CHEN - Beautiful goodbye"
"United States",1457960613,AUDIO,20260118,3,266158,NATURAL_END_OF_TRACK,IPHONE,1,0,false,1457960613,"CHEN - Sorry not sorry"
"United States",1691828312,AUDIO,20260118,20,259635,NATURAL_END_OF_TRACK,MACINTOSH,1,0,false,1691828312,"Gracie Abrams - Amelie"
"United States",1595423279,AUDIO,20260118,2,258898,NATURAL_END_OF_TRACK,MACINTOSH,1,0,false,1595423279,"Taylor Swift - Nothing New (Taylor's Version) (From The Vault) [feat. Phoebe Bridgers]"
"United States",1547315999,AUDIO,20260118,14,257983,NATURAL_END_OF_TRACK,IPHONE,1,0,false,1547315999,"Taylor Swift - marjorie"
"United States",1544268361,AUDIO,20260118,0,257773,NATURAL_END_OF_TRACK,MACINTOSH,1,0,false,1544268361,"Taylor Swift - marjorie"
"United States",1650841728,AUDIO,20260118,5,256110,NATURAL_END_OF_TRACK,IPHONE,1,0,false,1650841728,"Taylor Swift - Snow On The Beach (feat. Lana Del Rey)"
"United States",1524801591,AUDIO,20260118,"2, 20",255894,NATURAL_END_OF_TRACK,"IPHONE, MACINTOSH",1,1,false,1524801591,"Taylor Swift - my tears ricochet"
"United States",1736268401,AUDIO,20260118,12,254968,OTHER,IPHONE,1,0,false,1736268401,"Taylor Swift - Guilty as Sin?"
"United States",1457960620,AUDIO,20260118,12,252853,NATURAL_END_OF_TRACK,IPHONE,1,0,false,1457960620,"CHEN - I'll be there"
"United States",1457960623,AUDIO,20260118,5,252548,NATURAL_END_OF_TRACK,IPHONE,1,0,false,1457960623,"CHEN - Portrait of you"
"United States",1481446128,AUDIO,20260118,5,247152,NATURAL_END_OF_TRACK,IPHONE,1,0,false,1481446128,"CHEN - You never know"
"United States",1664288808,AUDIO,20260118,2,245629,NATURAL_END_OF_TRACK,MACINTOSH,1,0,false,1664288808,"Gracie Abrams - I know it won't work"
"United States",1742058105,AUDIO,20260118,20,245585,NATURAL_END_OF_TRACK,MACINTOSH,1,0,false,1742058105,"Taylor Swift - The Smallest Man Who Ever Lived"
"United States",1544268301,AUDIO,20260118,"0, 14",244208,NATURAL_END_OF_TRACK,"IPHONE, MACINTOSH",1,1,false,1544268301,"Taylor Swift - champagne problems"
"United States",1742058273,AUDIO,20260118,2,243772,NATURAL_END_OF_TRACK,MACINTOSH,1,0,false,1742058273,"Taylor Swift - I Hate It Here"
"United States",1466351191,AUDIO,20260118,5,243311,NATURAL_END_OF_TRACK,IPHONE,1,0,false,1466351191,"Eva Noblezada & Reeve Carney - All I've Ever Known"
"United States",1481446118,AUDIO,20260118,5,238170,NATURAL_END_OF_TRACK,IPHONE,1,0,false,1481446118,"CHEN - My dear"
"United States",1541905080,AUDIO,20260118,0,237373,NATURAL_END_OF_TRACK,MACINTOSH,1,0,false,1541907057,"Taylor Swift - mirrorball (the long pond studio sessions)"
"United States",1664288807,AUDIO,20260118,2,233499,NATURAL_END_OF_TRACK,MACINTOSH,1,0,false,1664288807,"Gracie Abrams - Best"
"United States",1742076181,AUDIO,20260118,5,224813,NATURAL_END_OF_TRACK,IPHONE,1,0,false,1742076181,"Taylor Swift - The Manuscript"
"United States",1644440680,AUDIO,20260118,5,222317,NATURAL_END_OF_TRACK,IPHONE,1,0,false,1644440680,"BLACKPINK - The Happiest Girl"
"United States",1440933656,AUDIO,20260118,14,215106,NATURAL_END_OF_TRACK,IPHONE,1,0,false,1440933656,"Taylor Swift - Wildest Dreams"
"United States",1528112564,AUDIO,20260118,14,210341,OTHER,IPHONE,1,0,false,1528112564,"Taylor Swift - the lakes (bonus track)"
"United States",1524801601,AUDIO,20260118,5,208958,NATURAL_END_OF_TRACK,IPHONE,1,0,false,1524801601,"Taylor Swift - mirrorball"
"United States",1843998670,AUDIO,20260118,12,208510,NATURAL_END_OF_TRACK,IPHONE,1,1,false,1843998670,"Taylor Swift - Elizabeth Taylor"
"United States",1850496037,AUDIO,20260118,15,208392,NATURAL_END_OF_TRACK,IPHONE,1,0,false,1850496037,"Taylor Swift - Elizabeth Taylor"
"United States",1694386938,AUDIO,20260118,2,204053,"MANUALLY_SELECTED_PLAYBACK_OF_A_DIFF_ITEM",MACINTOSH,1,1,false,1694386938,"Olivia Rodrigo - teenage dream"
"United States",1691233985,AUDIO,20260118,0,202311,NATURAL_END_OF_TRACK,MACINTOSH,1,0,false,1691233985,"Reneé Rapp - 23"
"United States",1689090227,AUDIO,20260118,15,200903,NATURAL_END_OF_TRACK,IPHONE,1,0,false,1689090227,"Taylor Swift - Anti-Hero"
"United States",1457283876,AUDIO,20260118,3,188330,NATURAL_END_OF_TRACK,IPHONE,1,0,false,1457283876,"TAEYEON - Four Seasons"
"United States",1547315994,AUDIO,20260118,15,187665,PLAYBACK_SUSPENDED,IPHONE,1,0,false,1547315994,"Taylor Swift - coney island (feat. The National)"
"United States",1736268397,AUDIO,20260118,14,181149,NATURAL_END_OF_TRACK,IPHONE,1,0,false,1736268397,"Taylor Swift - Fresh Out The Slammer"
"United States",1544268336,AUDIO,20260118,5,180604,NATURAL_END_OF_TRACK,IPHONE,1,0,false,1544268336,"Taylor Swift - gold rush"
"United States",1716425744,AUDIO,20260118,"1, 2",175452,TRACK_SKIPPED_FORWARDS,MACINTOSH,1,2,false,1716425744,"Reneé Rapp - Snow Angel"
"United States",1440859186,AUDIO,20260118,2,164931,NATURAL_END_OF_TRACK,IPHONE,1,0,false,1440859186,"Skylar Grey - Coming Home, Pt. II (Bonus Track)"
"United States",1672703433,AUDIO,20260118,2,164739,NATURAL_END_OF_TRACK,MACINTOSH,1,0,false,1672703433,"Reneé Rapp - Everything To Everyone (Extended Version)"
"United States",1650841730,AUDIO,20260118,14,160847,NATURAL_END_OF_TRACK,IPHONE,1,0,false,1650841730,"Taylor Swift - Midnight Rain"
"United States",1652136887,AUDIO,20260118,5,147597,NATURAL_END_OF_TRACK,IPHONE,1,0,false,1652136887,"Selena Gomez - My Mind & Me"
"United States",1256607810,AUDIO,20260118,2,139810,TRACK_SKIPPED_FORWARDS,MACINTOSH,1,1,false,1256607810,"Phoebe Bridgers - Motion Sickness"
"United States",1689331532,AUDIO,20260118,0,127307,PLAYBACK_MANUALLY_PAUSED,MACINTOSH,1,0,false,1689331532,"Lauren Spencer Smith - Bigger Person"
"United States",836769081,AUDIO,20260118,20,112926,"MANUALLY_SELECTED_PLAYBACK_OF_A_DIFF_ITEM",IPHONE,1,1,false,836769081,"Cher Lloyd - Human"
"United States",1850496033,AUDIO,20260118,15,112781,"MANUALLY_SELECTED_PLAYBACK_OF_A_DIFF_ITEM",IPHONE,1,1,false,1850496033,"Taylor Swift - The Fate of Ophelia"
"United States",1440933806,AUDIO,20260118,15,107121,NATURAL_END_OF_TRACK,IPHONE,1,0,false,1440933806,"Taylor Swift - I Wish You Would (Voice Memo)"
"United States",1595423274,AUDIO,20260118,2,104016,"MANUALLY_SELECTED_PLAYBACK_OF_A_DIFF_ITEM",MACINTOSH,1,1,false,1595423274,"Taylor Swift - Come Back...Be Here (Taylor's Version)"
"United States",1645937870,AUDIO,20260118,2,76813,"MANUALLY_SELECTED_PLAYBACK_OF_A_DIFF_ITEM",MACINTOSH,1,1,false,1645937870,"Taylor Swift - You're On Your Own, Kid"
"United States",1547315992,AUDIO,20260118,14,71346,"MANUALLY_SELECTED_PLAYBACK_OF_A_DIFF_ITEM",IPHONE,1,1,false,1547315992,"Taylor Swift - happiness"
"United States",1671677712,AUDIO,20260118,2,59637,"MANUALLY_SELECTED_PLAYBACK_OF_A_DIFF_ITEM",IPHONE,1,1,false,N/A,"Madilyn - She's So Overrated"
"United States",1650841513,AUDIO,20260118,15,52015,"MANUALLY_SELECTED_PLAYBACK_OF_A_DIFF_ITEM",IPHONE,1,1,false,1650841513,"Taylor Swift - Lavender Haze"
"United States",1440935637,AUDIO,20260118,15,49436,TRACK_SKIPPED_FORWARDS,IPHONE,1,1,false,1440935637,"Taylor Swift - I Did Something Bad (Karaoke Version)"
"United States",1660283622,AUDIO,20260118,20,43875,"MANUALLY_SELECTED_PLAYBACK_OF_A_DIFF_ITEM",MACINTOSH,1,1,false,1660283622,"The National - The Alcott (feat. Taylor Swift)"
"United States",1547316004,AUDIO,20260118,0,0,"MANUALLY_SELECTED_PLAYBACK_OF_A_DIFF_ITEM",MACINTOSH,0,1,false,1547316004,"Taylor Swift - right where you left me (bonus track)"
"United States",1615585012,AUDIO,20260118,2,0,"MANUALLY_SELECTED_PLAYBACK_OF_A_DIFF_ITEM",IPHONE,0,1,false,1615585012,"Harry Styles - Matilda"
"United States",1572941114,AUDIO,20260118,5,0,"MANUALLY_SELECTED_PLAYBACK_OF_A_DIFF_ITEM",IPHONE,0,1,false,1572941114,"Lorde - Secrets from a Girl (Who's Seen it All)"
"United States",1544268344,AUDIO,20260118,2,0,TRACK_SKIPPED_FORWARDS,MACINTOSH,0,1,false,1544268344,"Taylor Swift - tolerate it"
"United States",1504639679,AUDIO,20260118,2,0,"MANUALLY_SELECTED_PLAYBACK_OF_A_DIFF_ITEM",IPHONE,0,1,false,1504639679,"SUHO - Let’s Love"
"United States",1843999008,VIDEO,20260118,14,0,TRACK_SKIPPED_FORWARDS,IPHONE,0,1,false,1843999008,"Actually Romantic"
"United States",1452859422,AUDIO,20260118,12,0,TRACK_SKIPPED_FORWARDS,IPHONE,0,1,false,1452859422,"Taylor Swift - Hey Stephen"
"United States",1690841273,AUDIO,20260118,2,0,TRACK_SKIPPED_FORWARDS,MACINTOSH,0,1,false,1690841273,"Taylor Swift - Foolish One (Taylor's Version) (From The Vault)"
"United States",1690841083,AUDIO,20260118,2,0,TRACK_SKIPPED_FORWARDS,MACINTOSH,0,2,false,1690841083,"Taylor Swift - Castles Crumbling (Taylor's Version) (From The Vault) [feat. Hayley Williams]"
"United States",1528112363,AUDIO,20260118,12,0,"MANUALLY_SELECTED_PLAYBACK_OF_A_DIFF_ITEM",IPHONE,0,1,false,1528112363,"Taylor Swift - the last great american dynasty"
"United States",1708309200,AUDIO,20260118,14,0,TRACK_SKIPPED_FORWARDS,IPHONE,0,1,false,1708309200,"Taylor Swift - New Romantics (Taylor's Version)"
"United States",1468058177,AUDIO,20260118,2,0,TRACK_SKIPPED_FORWARDS,MACINTOSH,0,1,false,1468058177,"Taylor Swift - The Archer"
"United States",1485802975,AUDIO,20260118,2,0,TRACK_SKIPPED_FORWARDS,MACINTOSH,0,1,false,1485802975,"Harry Styles - Falling"
"United States",1440935642,AUDIO,20260118,12,0,TRACK_SKIPPED_FORWARDS,IPHONE,0,1,false,1440935642,"Taylor Swift - Look What You Made Me Do (Karaoke Version)"
"United States",1201531001,AUDIO,20260118,5,0,TRACK_SKIPPED_FORWARDS,IPHONE,0,1,false,1201531001,"SUHO & Youngjoo Song - Curtain"
"United States",1466351215,AUDIO,20260118,2,0,"MANUALLY_SELECTED_PLAYBACK_OF_A_DIFF_ITEM",MACINTOSH,0,1,false,1466351215,"Eva Noblezada - Flowers"
"United States",1651173228,AUDIO,20260118,2,0,TRACK_SKIPPED_FORWARDS,IPHONE,0,1,false,1651173228,"CHEN - Last Scene"
"United States",1631578054,AUDIO,20260118,2,0,"MANUALLY_SELECTED_PLAYBACK_OF_A_DIFF_ITEM",MACINTOSH,0,1,false,1631578054,"Sabrina Carpenter - emails i can’t send"
"United States",1672703108,AUDIO,20260118,2,0,"MANUALLY_SELECTED_PLAYBACK_OF_A_DIFF_ITEM",MACINTOSH,0,1,false,1672703108,"Reneé Rapp - Don't Tell My Mom"
"United States",1631018071,AUDIO,20260118,14,0,TRACK_SKIPPED_FORWARDS,IPHONE,0,1,false,1631018071,"Taylor Swift - Carolina (From The Motion Picture “Where The Crawdads Sing”)"
"United States",1440934579,AUDIO,20260118,12,0,TRACK_SKIPPED_FORWARDS,IPHONE,0,1,false,1440934579,"Taylor Swift - Red"
"United States",1742058103,AUDIO,20260118,1,0,"MANUALLY_SELECTED_PLAYBACK_OF_A_DIFF_ITEM",MACINTOSH,0,1,false,1742058103,"Taylor Swift - loml"
"United States",1504699859,AUDIO,20260119,19,349097,TRACK_SKIPPED_FORWARDS,MACINTOSH,2,1,false,N/A,"Phoebe Bridgers - Garden Song"
"United States",1742058100,AUDIO,20260119,6,330137,"MANUALLY_SELECTED_PLAYBACK_OF_A_DIFF_ITEM",IPHONE,1,1,false,1742058100,"Taylor Swift - Who’s Afraid of Little Old Me?"
"United States",1504639681,AUDIO,20260119,6,278107,NATURAL_END_OF_TRACK,IPHONE,1,0,false,1504639681,"SUHO - Starry Night"
"United States",1650841737,AUDIO,20260119,3,248214,NATURAL_END_OF_TRACK,IPHONE,1,0,false,1650841737,"Taylor Swift - Labyrinth"
"United States",1691828050,AUDIO,20260119,20,245688,NATURAL_END_OF_TRACK,MACINTOSH,1,0,false,N/A,"Gracie Abrams - I know it won't work"
"United States",1742058105,AUDIO,20260119,6,245681,NATURAL_END_OF_TRACK,IPHONE,1,0,false,1742058105,"Taylor Swift - The Smallest Man Who Ever Lived"
"United States",1742058273,AUDIO,20260119,4,244005,NATURAL_END_OF_TRACK,IPHONE,1,0,false,1742058273,"Taylor Swift - I Hate It Here"
"United States",1524802187,AUDIO,20260119,6,237363,NATURAL_END_OF_TRACK,IPHONE,1,0,false,1524802187,"Taylor Swift - mad woman"
"United States",836769077,AUDIO,20260119,6,229472,NATURAL_END_OF_TRACK,IPHONE,1,0,false,836769077,"Cher Lloyd - Sirens"
"United States",1650841907,AUDIO,20260119,6,225390,NATURAL_END_OF_TRACK,IPHONE,1,0,false,1650841907,"Taylor Swift - Dear Reader"
"United States",1644440680,AUDIO,20260119,3,222250,NATURAL_END_OF_TRACK,IPHONE,1,0,false,1644440680,"BLACKPINK - The Happiest Girl"
"United States",1143528059,AUDIO,20260119,21,222131,NATURAL_END_OF_TRACK,IPHONE,1,0,false,1143528059,"EXO - Monster"
"United States",1868596282,AUDIO,20260119,23,208899,NATURAL_END_OF_TRACK,IPHONE,1,0,false,1868596282,"EXO - I’m Home"
"United States",836769088,AUDIO,20260119,6,205686,NATURAL_END_OF_TRACK,IPHONE,1,0,false,836769088,"Cher Lloyd - Goodnight"
"United States",1600008461,AUDIO,20260119,20,205144,NATURAL_END_OF_TRACK,IPHONE,1,0,false,1600008461,"aespa - Dreams Come True"
"United States",1868596002,AUDIO,20260119,23,200210,NATURAL_END_OF_TRACK,IPHONE,1,0,false,1868596002,"EXO - Back It Up"
"United States",1868596001,AUDIO,20260119,23,198224,NATURAL_END_OF_TRACK,IPHONE,1,0,false,1868596001,"EXO - Crown"
"United States",1833163983,AUDIO,20260119,18,197712,NATURAL_END_OF_TRACK,IPHONE,1,0,false,1833163983,"aespa - Rich Man"
"United States",1868596006,AUDIO,20260119,23,196912,NATURAL_END_OF_TRACK,IPHONE,1,0,false,1868596006,"EXO - Back Pocket"
"United States",1143528055,AUDIO,20260119,21,189997,NATURAL_END_OF_TRACK,IPHONE,1,0,false,1143528055,"EXO - Lotto"
"United States",1544268336,AUDIO,20260119,6,185421,NATURAL_END_OF_TRACK,IPHONE,1,0,false,1544268336,"Taylor Swift - gold rush"
"United States",1772214981,AUDIO,20260119,17,183362,NATURAL_END_OF_TRACK,IPHONE,1,0,false,1772214981,"aespa - Whiplash"
"United States",1818922031,AUDIO,20260119,18,180164,NATURAL_END_OF_TRACK,IPHONE,1,0,false,1818922031,"aespa - Dirty Work"
"United States",1815570899,AUDIO,20260119,18,180008,NATURAL_END_OF_TRACK,MACINTOSH,1,0,false,1815570899,"Red Velvet - IRENE & SEULGI - Heaven"
"United States",1540251305,AUDIO,20260119,20,174838,NATURAL_END_OF_TRACK,IPHONE,1,0,false,1540251305,"aespa - Black Mamba"
"United States",1815570896,AUDIO,20260119,18,173035,NATURAL_END_OF_TRACK,MACINTOSH,1,0,false,1815570896,"Red Velvet - IRENE & SEULGI - Girl Next Door"
"United States",1868596003,AUDIO,20260119,23,170000,NATURAL_END_OF_TRACK,IPHONE,1,0,false,1868596003,"EXO - Crazy"
"United States",1541905147,AUDIO,20260119,21,165096,PLAYBACK_MANUALLY_PAUSED,MACINTOSH,1,0,false,1541905147,"Taylor Swift - august (the long pond studio sessions)"
"United States",1868596005,AUDIO,20260119,23,161022,NATURAL_END_OF_TRACK,IPHONE,1,0,false,1868596005,"EXO - Moonlight Shadows"
"United States",1815570897,AUDIO,20260119,18,155878,NATURAL_END_OF_TRACK,MACINTOSH,1,0,false,1815570897,"Red Velvet - IRENE & SEULGI - Trampoline"
"United States",1652136887,AUDIO,20260119,3,147590,NATURAL_END_OF_TRACK,IPHONE,1,0,false,1652136887,"Selena Gomez - My Mind & Me"
"United States",1143528210,AUDIO,20260119,21,138385,"MANUALLY_SELECTED_PLAYBACK_OF_A_DIFF_ITEM",IPHONE,1,1,false,1143528210,"EXO - Monster (LDN Noise Creeper Bass Remix [Chinese Version])"
"United States",1868596008,AUDIO,20260119,23,128563,OTHER,IPHONE,1,0,false,1868596008,"EXO - Touch & Go"
"United States",1818922031,AUDIO,20260119,17,122734,TRACK_SKIPPED_FORWARDS,IPHONE,1,1,false,N/A,"aespa - Dirty Work"
"United States",1541905079,AUDIO,20260119,4,106053,PLAYBACK_SUSPENDED,IPHONE,1,0,false,1541905079,"Taylor Swift - my tears ricochet (the long pond studio sessions)"
"United States",836769085,AUDIO,20260119,7,101300,PLAYBACK_MANUALLY_PAUSED,IPHONE,1,0,false,836769085,"Cher Lloyd - Killin' It"
"United States",1868596010,AUDIO,20260119,23,97803,TRACK_SKIPPED_FORWARDS,IPHONE,1,1,false,1868596010,"EXO - Flatline"
"United States",1143528058,AUDIO,20260119,21,94730,"MANUALLY_SELECTED_PLAYBACK_OF_A_DIFF_ITEM",IPHONE,1,1,false,1143528058,"EXO - Lucky One"
"United States",1143528062,AUDIO,20260119,21,93176,"MANUALLY_SELECTED_PLAYBACK_OF_A_DIFF_ITEM",IPHONE,1,1,false,1143528062,"EXO - Artificial Love"
"United States",1609049613,AUDIO,20260119,17,85348,"MANUALLY_SELECTED_PLAYBACK_OF_A_DIFF_ITEM",MACINTOSH,1,1,false,1609049613,"TAEYEON - INVU"
"United States",1504700016,AUDIO,20260119,"2, 6",81528,TRACK_SKIPPED_FORWARDS,IPHONE,1,2,false,1504700016,"Phoebe Bridgers - Moon Song"
"United States",1541906192,AUDIO,20260119,19,75699,TRACK_SKIPPED_FORWARDS,MACINTOSH,1,1,false,N/A,"Taylor Swift - this is me trying"
"United States",1650841748,AUDIO,20260119,17,63501,"MANUALLY_SELECTED_PLAYBACK_OF_A_DIFF_ITEM",MACINTOSH,1,1,false,1650841748,"Taylor Swift - Bigger Than The Whole Sky"
"United States",1715939931,AUDIO,20260119,17,57367,"MANUALLY_SELECTED_PLAYBACK_OF_A_DIFF_ITEM",IPHONE,1,1,false,1715939931,"aespa - Drama"
"United States",1646120418,AUDIO,20260119,20,53167,TRACK_SKIPPED_FORWARDS,MACINTOSH,1,1,false,N/A,"Moriah Bailey - Wishful Thoughts"
"United States",1587844525,AUDIO,20260119,21,51403,"MANUALLY_SELECTED_PLAYBACK_OF_A_DIFF_ITEM",IPHONE,1,1,false,1587844525,"aespa - Savage"
"United States",1742058079,AUDIO,20260119,6,41501,"MANUALLY_SELECTED_PLAYBACK_OF_A_DIFF_ITEM",IPHONE,1,1,false,1742058079,"Taylor Swift - My Boy Only Breaks His Favorite Toys"
"United States",1699294567,AUDIO,20260119,18,39623,PLAYBACK_MANUALLY_PAUSED,IPHONE,1,0,false,1699294567,"aespa - Better Things"
"United States",1655291589,AUDIO,20260119,"5, 6",35862,"MANUALLY_SELECTED_PLAYBACK_OF_A_DIFF_ITEM",IPHONE,1,2,false,1655291589,"Red Velvet - Celebrate"
"United States",1815570890,AUDIO,20260119,"17, 19",35280,"MANUALLY_SELECTED_PLAYBACK_OF_A_DIFF_ITEM",MACINTOSH,1,1,false,1815570890,"Red Velvet - IRENE & SEULGI - TILT"
"United States",1676555534,AUDIO,20260119,6,30317,"MANUALLY_SELECTED_PLAYBACK_OF_A_DIFF_ITEM",IPHONE,1,1,false,N/A,"Sabrina Carpenter - because i liked a boy"
"United States",1457960620,AUDIO,20260119,6,0,TRACK_SKIPPED_FORWARDS,IPHONE,0,1,false,1457960620,"CHEN - I'll be there"
"United States",1470593208,AUDIO,20260119,3,0,TRACK_SKIPPED_FORWARDS,IPHONE,0,1,false,1470593208,"D.O. - That's okay"
"United States",836769090,AUDIO,20260119,6,0,"MANUALLY_SELECTED_PLAYBACK_OF_A_DIFF_ITEM",IPHONE,0,1,false,836769090,"Cher Lloyd - Alone With Me"
"United States",1773694547,AUDIO,20260119,17,0,TRACK_SKIPPED_FORWARDS,IPHONE,0,1,false,N/A,"aespa - Armageddon"
"United States",1651173228,AUDIO,20260119,6,0,TRACK_SKIPPED_FORWARDS,IPHONE,0,1,false,1651173228,"CHEN - Last Scene"
"United States",1541905058,AUDIO,20260119,3,0,TRACK_SKIPPED_FORWARDS,IPHONE,0,1,false,1541905058,"Taylor Swift - cardigan (the long pond studio sessions)"
"United States",1344606215,AUDIO,20260119,17,0,"MANUALLY_SELECTED_PLAYBACK_OF_A_DIFF_ITEM",MACINTOSH,0,1,false,1344606215,"HyunA - 잘나가서 그래 (feat. 정일훈)"
"United States",1596155191,AUDIO,20260119,17,0,"MANUALLY_SELECTED_PLAYBACK_OF_A_DIFF_ITEM",MACINTOSH,0,1,false,1596155191,"Taylor Swift - All Too Well (Sad Girl Autumn Version) [Recorded at Long Pond Studios]"
"United States",1521791802,AUDIO,20260119,17,0,"MANUALLY_SELECTED_PLAYBACK_OF_A_DIFF_ITEM",MACINTOSH,0,1,false,1521791802,"Red Velvet - IRENE & SEULGI - Feel Good"
"United States",1651173232,AUDIO,20260119,6,0,TRACK_SKIPPED_FORWARDS,IPHONE,0,1,false,1651173232,"CHEN - I Don’t Even Mind"
"United States",1547316386,AUDIO,20260119,20,0,TRACK_SKIPPED_FORWARDS,MACINTOSH,0,1,false,N/A,"Taylor Swift - willow"
"United States",1524801601,AUDIO,20260119,"4, 6",0,TRACK_SKIPPED_FORWARDS,IPHONE,0,2,false,1524801601,"Taylor Swift - mirrorball"
"United States",1650841729,AUDIO,20260119,6,0,"MANUALLY_SELECTED_PLAYBACK_OF_A_DIFF_ITEM",IPHONE,0,1,false,1650841729,"Taylor Swift - You're On Your Own, Kid"
"United States",1685400184,AUDIO,20260119,20,0,"MANUALLY_SELECTED_PLAYBACK_OF_A_DIFF_ITEM",IPHONE,0,1,false,1685400184,"aespa - Spicy"
"United States",1679652868,AUDIO,20260119,20,0,TRACK_SKIPPED_FORWARDS,MACINTOSH,0,1,false,N/A,"Roary - Luna"
"United States",1626752986,AUDIO,20260119,17,0,"MANUALLY_SELECTED_PLAYBACK_OF_A_DIFF_ITEM",IPHONE,0,1,false,1626752986,"aespa - Illusion"
"United States",1660283622,AUDIO,20260119,6,0,TRACK_SKIPPED_FORWARDS,IPHONE,0,1,false,1660283622,"The National - The Alcott (feat. Taylor Swift)"
"United States",1742076181,AUDIO,20260119,6,0,TRACK_SKIPPED_BACKWARDS,IPHONE,0,1,false,1742076181,"Taylor Swift - The Manuscript"
"United States",1575685000,AUDIO,20260119,19,0,TRACK_SKIPPED_FORWARDS,MACINTOSH,0,1,false,N/A,"Washed Out - Miles' Lullaby"
"United States",1143528133,AUDIO,20260119,21,0,TRACK_SKIPPED_FORWARDS,IPHONE,0,1,false,1143528133,"EXO - One and Only"
"United States",1650841728,AUDIO,20260119,6,0,TRACK_SKIPPED_FORWARDS,IPHONE,0,1,false,1650841728,"Taylor Swift - Snow On The Beach (feat. Lana Del Rey)"
"United States",1143528070,AUDIO,20260119,21,0,TRACK_SKIPPED_FORWARDS,IPHONE,0,1,false,1143528070,"EXO - She’s Dreaming"
"United States",1676966710,AUDIO,20260119,3,0,TRACK_SKIPPED_FORWARDS,IPHONE,0,1,false,1676966710,"Taylor Swift, Joy Williams & John Paul White - Safe & Sound (Taylor's Version)"
"United States",1544268344,AUDIO,20260119,"3, 5",0,"MANUALLY_SELECTED_PLAYBACK_OF_A_DIFF_ITEM",IPHONE,0,2,false,1544268344,"Taylor Swift - tolerate it"
"United States",1608247348,AUDIO,20260119,17,0,"MANUALLY_SELECTED_PLAYBACK_OF_A_DIFF_ITEM",MACINTOSH,0,1,false,1608247348,"ITZY - SHOOT!"
"United States",1647295586,AUDIO,20260119,19,0,TRACK_SKIPPED_FORWARDS,MACINTOSH,0,1,false,N/A,"The Field Tapes - Clover Valley"
"United States",1541905061,AUDIO,20260119,21,0,"MANUALLY_SELECTED_PLAYBACK_OF_A_DIFF_ITEM",MACINTOSH,0,1,false,1541905061,"Taylor Swift - the last great american dynasty (the long pond studio sessions)"
"United States",1595423279,AUDIO,20260119,6,0,"MANUALLY_SELECTED_PLAYBACK_OF_A_DIFF_ITEM",IPHONE,0,2,false,1595423279,"Taylor Swift - Nothing New (Taylor's Version) (From The Vault) [feat. Phoebe Bridgers]"
"United States",1685400191,AUDIO,20260119,17,0,TRACK_SKIPPED_FORWARDS,IPHONE,0,1,false,N/A,"aespa - Thirsty"
"United States",1645367358,AUDIO,20260119,20,0,TRACK_SKIPPED_FORWARDS,MACINTOSH,0,1,false,N/A,"Kino - Lightly Tread"
"United States",1595925418,AUDIO,20260119,17,0,TRACK_SKIPPED_FORWARDS,IPHONE,0,1,false,N/A,"aespa - Lucid Dream"
"United States",1616435292,AUDIO,20260119,3,0,TRACK_SKIPPED_FORWARDS,IPHONE,0,1,false,1616435292,"SUHO - Morning Star"
"United States",1436646795,AUDIO,20260119,17,0,"MANUALLY_SELECTED_PLAYBACK_OF_A_DIFF_ITEM",MACINTOSH,0,1,false,1436646795,"Phoebe Bridgers - Funeral"
"United States",1626752985,AUDIO,20260119,17,0,TRACK_SKIPPED_FORWARDS,IPHONE,0,1,false,1626752985,"aespa - Girls"
"United States",1143528069,AUDIO,20260119,21,0,TRACK_SKIPPED_FORWARDS,IPHONE,0,1,false,1143528069,"EXO - Heaven"
"United States",1685400173,AUDIO,20260119,17,0,"MANUALLY_SELECTED_PLAYBACK_OF_A_DIFF_ITEM",IPHONE,0,1,false,N/A,"aespa - Welcome To MY World (feat. nævis)"
"United States",1487828748,AUDIO,20260119,20,0,"MANUALLY_SELECTED_PLAYBACK_OF_A_DIFF_ITEM",MACINTOSH,0,1,false,N/A,"Eline Moss - Ingénue"
"United States",1556087211,AUDIO,20260119,19,0,"MANUALLY_SELECTED_PLAYBACK_OF_A_DIFF_ITEM",MACINTOSH,0,1,false,1556087211,"TWICE - Get Loud"
"United States",1466351191,AUDIO,20260119,6,0,TRACK_SKIPPED_FORWARDS,IPHONE,0,1,false,1466351191,"Eva Noblezada & Reeve Carney - All I've Ever Known"
"United States",1694386840,AUDIO,20260119,17,0,"MANUALLY_SELECTED_PLAYBACK_OF_A_DIFF_ITEM",MACINTOSH,0,1,false,1694386840,"Olivia Rodrigo - logical"
"United States",1584623473,AUDIO,20260119,20,0,TRACK_SKIPPED_FORWARDS,MACINTOSH,0,1,false,N/A,"Wanderer's Trove - Empty Sky"
"United States",1541904950,AUDIO,20260119,3,0,TRACK_SKIPPED_FORWARDS,IPHONE,0,1,false,1541904950,"Taylor Swift - this is me trying"
"United States",1626752985,AUDIO,20260119,17,0,TRACK_SKIPPED_FORWARDS,IPHONE,0,1,false,N/A,"aespa - Girls"
"United States",1594982931,AUDIO,20260119,20,0,"MANUALLY_SELECTED_PLAYBACK_OF_A_DIFF_ITEM",MACINTOSH,0,1,false,N/A,"Lorde - The Love Club"
"United States",1143528139,AUDIO,20260119,21,0,TRACK_SKIPPED_FORWARDS,IPHONE,0,1,false,1143528139,"EXO - Monster (LDN Noise Creeper Bass Remix)"
"United States",1715939931,AUDIO,20260119,17,0,TRACK_SKIPPED_FORWARDS,IPHONE,0,1,false,N/A,"aespa - Drama"
"United States",1868596001,AUDIO,20260120,"0, 4, 6, 18",603440,"MANUALLY_SELECTED_PLAYBACK_OF_A_DIFF_ITEM",IPHONE,5,3,false,1868596001,"EXO - Crown"
"United States",1673805199,AUDIO,20260120,"17, 23",600598,NATURAL_END_OF_TRACK,IPHONE,2,0,false,1673805199,"Ed Sheeran - Curtains"
"United States",1868596005,AUDIO,20260120,"0, 4, 16",580571,NATURAL_END_OF_TRACK,IPHONE,4,3,false,1868596005,"EXO - Moonlight Shadows"
"United States",1742058105,AUDIO,20260120,"17, 18",492084,NATURAL_END_OF_TRACK,IPHONE,2,0,false,1742058105,"Taylor Swift - The Smallest Man Who Ever Lived"
"United States",1694386835,AUDIO,20260120,"6, 19",457245,NATURAL_END_OF_TRACK,IPHONE,2,0,false,1694386835,"Olivia Rodrigo - making the bed"
"United States",1715939931,AUDIO,20260120,"1, 17",431700,NATURAL_END_OF_TRACK,IPHONE,2,0,false,N/A,"aespa - Drama"
"United States",1868596282,AUDIO,20260120,"0, 4",417979,NATURAL_END_OF_TRACK,IPHONE,2,0,false,1868596282,"EXO - I’m Home"
"United States",1868596002,AUDIO,20260120,"0, 4",399884,"MANUALLY_SELECTED_PLAYBACK_OF_A_DIFF_ITEM",IPHONE,2,1,false,1868596002,"EXO - Back It Up"
"United States",1868596006,AUDIO,20260120,"0, 4",394093,NATURAL_END_OF_TRACK,IPHONE,2,0,false,1868596006,"EXO - Back Pocket"
"United States",1868596004,AUDIO,20260120,"0, 4",356094,NATURAL_END_OF_TRACK,IPHONE,2,0,false,1868596004,"EXO - Suffocate"
"United States",1685400191,AUDIO,20260120,"6, 22",343790,"MANUALLY_SELECTED_PLAYBACK_OF_A_DIFF_ITEM","IPHONE, MACINTOSH",2,1,false,1685400191,"aespa - Thirsty"
"United States",1868596003,AUDIO,20260120,"0, 4",340098,NATURAL_END_OF_TRACK,IPHONE,2,1,false,1868596003,"EXO - Crazy"
"United States",1799823896,AUDIO,20260120,"17, 18",330741,NATURAL_END_OF_TRACK,IPHONE,2,0,false,1799823896,"BIBI - BIBI Vengeance"
"United States",1504700020,AUDIO,20260120,19,329786,PLAYBACK_SUSPENDED,IPHONE,1,0,false,1504700020,"Phoebe Bridgers - I Know the End"
"United States",1868596008,AUDIO,20260120,"0, 4",315023,TRACK_SKIPPED_FORWARDS,IPHONE,2,2,false,1868596008,"EXO - Touch & Go"
"United States",1690841273,AUDIO,20260120,18,311283,NATURAL_END_OF_TRACK,IPHONE,1,0,false,1690841273,"Taylor Swift - Foolish One (Taylor's Version) (From The Vault)"
"United States",1544268486,AUDIO,20260120,16,304015,NATURAL_END_OF_TRACK,IPHONE,1,0,false,1544268486,"Taylor Swift - evermore (feat. Bon Iver)"
"United States",928353470,AUDIO,20260120,17,280906,NATURAL_END_OF_TRACK,IPHONE,1,0,false,928353470,"Red Velvet - Be Natural (feat. TAEYONG)"
"United States",1647624356,AUDIO,20260120,21,272383,FAILED_TO_LOAD,MACINTOSH,1,0,false,N/A,"RAYE & 070 Shake - Escapism."
"United States",1457960609,AUDIO,20260120,1,269736,NATURAL_END_OF_TRACK,IPHONE,1,0,false,N/A,"CHEN - Beautiful goodbye"
"United States",1691828312,AUDIO,20260120,19,260694,NATURAL_END_OF_TRACK,IPHONE,1,0,false,1691828312,"Gracie Abrams - Amelie"
"United States",1544268356,AUDIO,20260120,19,260347,NATURAL_END_OF_TRACK,IPHONE,1,0,false,1544268356,"Taylor Swift - ivy"
"United States",1691828315,AUDIO,20260120,19,259240,NATURAL_END_OF_TRACK,IPHONE,1,0,false,1691828315,"Gracie Abrams - Difficult"
"United States",1559839882,AUDIO,20260120,1,257026,NATURAL_END_OF_TRACK,IPHONE,1,0,false,N/A,"BAEKHYUN - Amusement Park"
"United States",1742075877,AUDIO,20260120,"6, 18",250016,"MANUALLY_SELECTED_PLAYBACK_OF_A_DIFF_ITEM",IPHONE,1,1,false,1742075877,"Taylor Swift - The Prophecy"
"United States",1593913707,AUDIO,20260120,23,246575,NATURAL_END_OF_TRACK,IPHONE,1,0,false,1593913707,"Gracie Abrams - Camden"
"United States",1615585012,AUDIO,20260120,18,246022,NATURAL_END_OF_TRACK,IPHONE,1,0,false,1615585012,"Harry Styles - Matilda"
"United States",1487502476,AUDIO,20260120,6,245661,NATURAL_END_OF_TRACK,IPHONE,1,1,false,1487502476,"Billie Eilish - everything i wanted"
"United States",581774806,AUDIO,20260120,22,237813,NATURAL_END_OF_TRACK,MACINTOSH,1,1,false,581774806,"Britney Spears - Till the World Ends"
"United States",1269641145,AUDIO,20260120,16,234455,NATURAL_END_OF_TRACK,IPHONE,1,0,false,1269641145,"Mandy Gonzalez - Everything I Know"
"United States",1436646795,AUDIO,20260120,20,232562,NATURAL_END_OF_TRACK,IPHONE,1,0,false,1436646795,"Phoebe Bridgers - Funeral"
"United States",1664288817,AUDIO,20260120,19,230787,NATURAL_END_OF_TRACK,IPHONE,1,0,false,1664288817,"Gracie Abrams - Will you cry?"
"United States",1256607810,AUDIO,20260120,20,230005,NATURAL_END_OF_TRACK,IPHONE,1,0,false,1256607810,"Phoebe Bridgers - Motion Sickness"
"United States",1504639679,AUDIO,20260120,1,229621,NATURAL_END_OF_TRACK,IPHONE,1,0,false,N/A,"SUHO - Let’s Love"
"United States",1571175892,AUDIO,20260120,21,227378,NATURAL_END_OF_TRACK,MACINTOSH,1,0,false,N/A,"Maroon 5 & Megan Thee Stallion - Beautiful Mistakes"
"United States",581775219,AUDIO,20260120,22,225032,NATURAL_END_OF_TRACK,MACINTOSH,1,0,false,581775219,"Britney Spears - Criminal"
"United States",1567326688,AUDIO,20260120,1,221563,NATURAL_END_OF_TRACK,IPHONE,1,0,false,N/A,"aespa - Next Level"
"United States",1481446117,AUDIO,20260120,0,220997,NATURAL_END_OF_TRACK,IPHONE,1,0,false,N/A,"CHEN - Shall we?"
"United States",1595423275,AUDIO,20260120,21,220549,NATURAL_END_OF_TRACK,MACINTOSH,1,0,false,N/A,"Taylor Swift - Girl At Home (Taylor's Version)"
"United States",1696819855,AUDIO,20260120,19,219081,"MANUALLY_SELECTED_PLAYBACK_OF_A_DIFF_ITEM",IPHONE,1,1,false,1696819855,"Billie Eilish - What Was I Made For? (From The Motion Picture ""Barbie"")"
"United States",990422395,AUDIO,20260120,22,216467,NATURAL_END_OF_TRACK,MACINTOSH,1,0,false,990422395,"Britney Spears - If U Seek Amy"
"United States",521738943,AUDIO,20260120,22,212116,NATURAL_END_OF_TRACK,MACINTOSH,1,0,false,521738943,"Britney Spears - Piece of Me"
"United States",1491888506,AUDIO,20260120,1,210410,NATURAL_END_OF_TRACK,IPHONE,1,0,false,N/A,"Red Velvet - Psycho"
"United States",581775117,AUDIO,20260120,22,210227,NATURAL_END_OF_TRACK,MACINTOSH,1,0,false,581775117,"Britney Spears - I Wanna Go"
"United States",1504639680,AUDIO,20260120,4,210158,NATURAL_END_OF_TRACK,IPHONE,1,0,false,N/A,"SUHO - Made In You"
"United States",1242784570,AUDIO,20260120,1,207920,NATURAL_END_OF_TRACK,IPHONE,1,0,false,N/A,"SISTAR - Lonely"
"United States",267954592,AUDIO,20260120,22,206184,NATURAL_END_OF_TRACK,MACINTOSH,1,0,false,267954592,"Britney Spears - Lucky"
"United States",874164828,AUDIO,20260120,1,205600,NATURAL_END_OF_TRACK,IPHONE,1,0,false,N/A,"EXO-K - Overdose"
"United States",686780582,AUDIO,20260120,22,205487,NATURAL_END_OF_TRACK,MACINTOSH,1,0,false,686780582,"Britney Spears - 3"
"United States",1535654244,AUDIO,20260120,17,205391,NATURAL_END_OF_TRACK,IPHONE,1,0,false,N/A,"TWICE - I CAN'T STOP ME"
"United States",1369902445,AUDIO,20260120,1,205120,NATURAL_END_OF_TRACK,IPHONE,1,0,false,N/A,"EXO-CBX - Lazy"
"United States",1473561753,AUDIO,20260120,0,203860,NATURAL_END_OF_TRACK,IPHONE,1,0,false,N/A,"EXO-SC - What a life"
"United States",267954493,AUDIO,20260120,22,202945,NATURAL_END_OF_TRACK,MACINTOSH,1,0,false,267954493,"Britney Spears - Stronger"
"United States",1256529609,AUDIO,20260120,1,202913,NATURAL_END_OF_TRACK,IPHONE,1,0,false,N/A,"XIUMIN & MARK - Young & Free"
"United States",1770573530,AUDIO,20260120,6,202553,NATURAL_END_OF_TRACK,IPHONE,1,0,false,1770573530,"ITZY - Imaginary Friend"
"United States",1641082205,AUDIO,20260120,22,202201,NATURAL_END_OF_TRACK,MACINTOSH,1,0,false,1641082205,"Elton John & Britney Spears - Hold Me Closer"
"United States",1680069571,AUDIO,20260120,20,202185,PLAYBACK_SUSPENDED,IPHONE,1,0,false,1680069571,"Gracie Abrams - I know it won't work (Live)"
"United States",1369902439,AUDIO,20260120,0,201604,NATURAL_END_OF_TRACK,IPHONE,1,0,false,N/A,"EXO-CBX - Monday Blues"
"United States",1471975990,AUDIO,20260120,0,201371,NATURAL_END_OF_TRACK,IPHONE,1,0,false,N/A,"BAEKHYUN - Betcha"
"United States",1694386937,AUDIO,20260120,6,199314,NATURAL_END_OF_TRACK,IPHONE,1,0,false,1694386937,"Olivia Rodrigo - pretty isn’t pretty"
"United States",1490614800,AUDIO,20260120,6,198993,PLAYBACK_SUSPENDED,IPHONE,1,0,false,1490614800,"Taylor Swift - Beautiful Ghosts"
"United States",1697825185,AUDIO,20260120,1,193566,NATURAL_END_OF_TRACK,IPHONE,1,0,false,N/A,"GOT7 - Hard Carry"
"United States",1551479992,AUDIO,20260120,21,190944,NATURAL_END_OF_TRACK,MACINTOSH,1,0,false,N/A,"BLACKPINK - Kill This Love"
"United States",1672703108,AUDIO,20260120,22,189953,NATURAL_END_OF_TRACK,IPHONE,1,0,false,1672703108,"Reneé Rapp - Don't Tell My Mom"
"United States",1647324051,AUDIO,20260120,17,189780,NATURAL_END_OF_TRACK,IPHONE,1,0,false,N/A,"SEULGI - 28 Reasons"
"United States",1616435294,AUDIO,20260120,1,186055,NATURAL_END_OF_TRACK,IPHONE,1,0,false,N/A,"SUHO - Hurdle"
"United States",1772214981,AUDIO,20260120,0,183489,NATURAL_END_OF_TRACK,IPHONE,1,0,false,N/A,"aespa - Whiplash"
"United States",854917387,AUDIO,20260120,0,180338,NATURAL_END_OF_TRACK,IPHONE,1,0,false,N/A,"EXO-K - Angel"
"United States",1569281643,AUDIO,20260120,17,179396,PLAYBACK_MANUALLY_PAUSED,IPHONE,1,0,false,N/A,"EVERGLOW - Bon Bon Chocolat"
"United States",1868596010,AUDIO,20260120,"0, 4",177993,"MANUALLY_SELECTED_PLAYBACK_OF_A_DIFF_ITEM",IPHONE,1,1,false,1868596010,"EXO - Flatline"
"United States",1608247025,AUDIO,20260120,17,172653,NATURAL_END_OF_TRACK,IPHONE,1,0,false,N/A,"ITZY - In the Morning"
"United States",1672703433,AUDIO,20260120,19,165318,NATURAL_END_OF_TRACK,IPHONE,1,0,false,1672703433,"Reneé Rapp - Everything To Everyone (Extended Version)"
"United States",1369902440,AUDIO,20260120,4,164386,"MANUALLY_SELECTED_PLAYBACK_OF_A_DIFF_ITEM",IPHONE,1,1,false,N/A,"EXO-CBX - Blooming Day"
"United States",1845245757,AUDIO,20260120,22,163404,NATURAL_END_OF_TRACK,MACINTOSH,1,0,false,1845245757,"John Summit & Britney Spears - I Wanna Go - John Summit Remix"
"United States",1351744236,AUDIO,20260120,22,163366,"MANUALLY_SELECTED_PLAYBACK_OF_A_DIFF_ITEM",MACINTOSH,1,1,false,1351744236,"CLC - Black Dress"
"United States",1712201113,AUDIO,20260120,21,156809,NATURAL_END_OF_TRACK,MACINTOSH,1,0,false,N/A,"Leah Kate - 10 Things I Hate About You"
"United States",1457960482,AUDIO,20260120,4,150430,"MANUALLY_SELECTED_PLAYBACK_OF_A_DIFF_ITEM",IPHONE,1,1,false,N/A,"CHEN - Flower"
"United States",1561511250,AUDIO,20260120,1,145352,NATURAL_END_OF_TRACK,IPHONE,1,0,false,N/A,"CHANYEOL - Tomorrow"
"United States",1724858237,AUDIO,20260120,"17, 18",125804,TRACK_SKIPPED_FORWARDS,IPHONE,1,2,false,1724858237,"88rising & BIBI - The Weekend"
"United States",1534857179,AUDIO,20260120,16,119594,"MANUALLY_SELECTED_PLAYBACK_OF_A_DIFF_ITEM",IPHONE,1,1,false,1534857179,"CHEN - Hello"
"United States",273143822,AUDIO,20260120,22,103238,PLAYBACK_MANUALLY_PAUSED,MACINTOSH,1,0,false,273143822,"Britney Spears - (You Drive Me) Crazy"
"United States",1457960609,AUDIO,20260120,17,98314,"MANUALLY_SELECTED_PLAYBACK_OF_A_DIFF_ITEM",IPHONE,1,1,false,1457960609,"CHEN - Beautiful goodbye"
"United States",1595423279,AUDIO,20260120,19,97837,TRACK_SKIPPED_FORWARDS,IPHONE,1,1,false,1595423279,"Taylor Swift - Nothing New (Taylor's Version) (From The Vault) [feat. Phoebe Bridgers]"
"United States",1473561837,AUDIO,20260120,1,69020,PLAYBACK_MANUALLY_PAUSED,IPHONE,1,0,false,N/A,"EXO-SC - Daydreamin'"
"United States",1743054747,AUDIO,20260120,22,63994,"MANUALLY_SELECTED_PLAYBACK_OF_A_DIFF_ITEM",IPHONE,1,1,false,1743054747,"Gracie Abrams - I Love You, I'm Sorry"
"United States",1650841907,AUDIO,20260120,20,61024,PLAYBACK_MANUALLY_PAUSED,IPHONE,1,0,false,1650841907,"Taylor Swift - Dear Reader"
"United States",1445052897,AUDIO,20260120,6,47958,"MANUALLY_SELECTED_PLAYBACK_OF_A_DIFF_ITEM",IPHONE,1,1,false,1445052897,"Gryffin - Love in Ruins (feat. Sinead Harnett)"
"United States",1631578054,AUDIO,20260120,20,47910,"MANUALLY_SELECTED_PLAYBACK_OF_A_DIFF_ITEM",IPHONE,1,1,false,1631578054,"Sabrina Carpenter - emails i can’t send"
"United States",1509892066,AUDIO,20260120,18,30837,"MANUALLY_SELECTED_PLAYBACK_OF_A_DIFF_ITEM",IPHONE,1,1,false,1509892066,"BIBI - Kazino"
"United States",1729547611,AUDIO,20260120,18,0,TRACK_SKIPPED_FORWARDS,IPHONE,0,1,false,1729547611,"BIBI - Bam Yang Gang"
"United States",1677892076,AUDIO,20260120,22,0,TRACK_SKIPPED_FORWARDS,MACINTOSH,0,1,false,N/A,"Sabrina Carpenter - skinny dipping"
"United States",1485802975,AUDIO,20260120,20,0,TRACK_SKIPPED_FORWARDS,IPHONE,0,1,false,1485802975,"Harry Styles - Falling"
"United States",521739182,AUDIO,20260120,22,0,"MANUALLY_SELECTED_PLAYBACK_OF_A_DIFF_ITEM",MACINTOSH,0,1,false,N/A,"Britney Spears - Freakshow"
"United States",1491120603,AUDIO,20260120,6,0,"MANUALLY_SELECTED_PLAYBACK_OF_A_DIFF_ITEM",IPHONE,0,1,false,1491120603,"张艺兴 - 外婆"
"United States",1541905162,AUDIO,20260120,21,0,"MANUALLY_SELECTED_PLAYBACK_OF_A_DIFF_ITEM",MACINTOSH,0,1,false,1541905162,"Taylor Swift - betty (the long pond studio sessions)"
"United States",1685400188,AUDIO,20260120,22,0,"MANUALLY_SELECTED_PLAYBACK_OF_A_DIFF_ITEM",MACINTOSH,0,1,false,1685400188,"aespa - Salty & Sweet"
"United States",1736995376,AUDIO,20260120,22,0,TRACK_SKIPPED_FORWARDS,MACINTOSH,0,1,false,N/A,"Olivia Rodrigo - vampire"
"United States",1614232589,AUDIO,20260120,6,0,"MANUALLY_SELECTED_PLAYBACK_OF_A_DIFF_ITEM",IPHONE,0,1,false,1614232589,"Luca Longobardi - Voices"
"United States",1716425744,AUDIO,20260120,19,0,"MANUALLY_SELECTED_PLAYBACK_OF_A_DIFF_ITEM",IPHONE,0,1,false,1716425744,"Reneé Rapp - Snow Angel"
"United States",1547315992,AUDIO,20260120,6,0,"MANUALLY_SELECTED_PLAYBACK_OF_A_DIFF_ITEM",IPHONE,0,1,false,1547315992,"Taylor Swift - happiness"
"United States",826334538,AUDIO,20260120,22,0,"MANUALLY_SELECTED_PLAYBACK_OF_A_DIFF_ITEM",MACINTOSH,0,1,false,826334538,"Girls' Generation - Mr.Mr."
"United States",1420613852,AUDIO,20260120,6,0,"MANUALLY_SELECTED_PLAYBACK_OF_A_DIFF_ITEM",IPHONE,0,1,false,1420613852,"Murcof - Chapitre I"
"United States",1677891832,AUDIO,20260120,22,0,"MANUALLY_SELECTED_PLAYBACK_OF_A_DIFF_ITEM",MACINTOSH,0,1,false,N/A,"Sabrina Carpenter - Read your Mind"
"United States",1025212503,AUDIO,20260120,6,0,"MANUALLY_SELECTED_PLAYBACK_OF_A_DIFF_ITEM",IPHONE,0,1,false,1025212503,"Lin-Manuel Miranda, Phillipa Soo, Original Broadway Cast of ""Hamilton"" & Renée Elise Goldsberry - It's Quiet Uptown"
"United States",1544268361,AUDIO,20260120,19,0,TRACK_SKIPPED_FORWARDS,IPHONE,0,1,false,1544268361,"Taylor Swift - marjorie"
"United States",1685400173,AUDIO,20260120,6,0,"MANUALLY_SELECTED_PLAYBACK_OF_A_DIFF_ITEM",IPHONE,0,1,false,1685400173,"aespa - Welcome To MY World (feat. nævis)"
"United States",1773694544,AUDIO,20260120,4,0,"MANUALLY_SELECTED_PLAYBACK_OF_A_DIFF_ITEM",IPHONE,0,1,false,N/A,"aespa - Supernova"
"United States",1550772365,AUDIO,20260120,22,0,"MANUALLY_SELECTED_PLAYBACK_OF_A_DIFF_ITEM",MACINTOSH,0,1,false,N/A,"LANY - cowboy in LA"
"United States",1683259439,AUDIO,20260120,22,0,TRACK_SKIPPED_FORWARDS,MACINTOSH,0,1,false,N/A,"Mimi Webb - Red Flags"
"United States",1742058103,AUDIO,20260120,20,0,TRACK_SKIPPED_FORWARDS,IPHONE,0,1,false,1742058103,"Taylor Swift - loml"
"United States",1569281536,AUDIO,20260120,17,0,"MANUALLY_SELECTED_PLAYBACK_OF_A_DIFF_ITEM",IPHONE,0,1,false,N/A,"CHUNG HA - Gotta Go"
"United States",1579607178,AUDIO,20260120,22,0,TRACK_SKIPPED_FORWARDS,MACINTOSH,0,1,false,N/A,"Nessa Barrett - i hope ur miserable until ur dead"
"United States",1718576584,AUDIO,20260120,18,0,"MANUALLY_SELECTED_PLAYBACK_OF_A_DIFF_ITEM",IPHONE,0,1,false,1718576584,"Taylor Swift - You’re Losing Me (From The Vault)"
"United States",1625725047,AUDIO,20260120,21,0,TRACK_SKIPPED_FORWARDS,MACINTOSH,0,1,false,N/A,"Tate McRae - don't come back"
"United States",1650841729,AUDIO,20260120,6,0,"MANUALLY_SELECTED_PLAYBACK_OF_A_DIFF_ITEM",IPHONE,0,1,false,1650841729,"Taylor Swift - You're On Your Own, Kid"
"United States",1742075509,AUDIO,20260120,20,0,TRACK_SKIPPED_FORWARDS,IPHONE,0,1,false,1742075509,"Taylor Swift - How Did It End?"
"United States",1440734643,AUDIO,20260120,21,0,TRACK_SKIPPED_FORWARDS,MACINTOSH,0,1,false,N/A,"OneRepublic - Good Life"
"United States",1522814190,AUDIO,20260120,21,0,TRACK_SKIPPED_FORWARDS,MACINTOSH,0,1,false,N/A,"Katy Perry - Never Really Over"
"United States",1698650764,AUDIO,20260120,22,0,"MANUALLY_SELECTED_PLAYBACK_OF_A_DIFF_ITEM",MACINTOSH,0,1,false,1698650764,"SUNMI - 24 Hours"
"United States",1620209746,AUDIO,20260120,21,0,"MANUALLY_SELECTED_PLAYBACK_OF_A_DIFF_ITEM",MACINTOSH,0,1,false,N/A,"Tate McRae - feel like shit"
"United States",267954487,AUDIO,20260120,22,0,"MANUALLY_SELECTED_PLAYBACK_OF_A_DIFF_ITEM",MACINTOSH,0,2,false,267954487,"Britney Spears - Oops!…I Did It Again"
"United States",1440934254,AUDIO,20260120,16,0,"MANUALLY_SELECTED_PLAYBACK_OF_A_DIFF_ITEM",IPHONE,0,1,false,1440934254,"Taylor Swift - Delicate"
"United States",1647324051,AUDIO,20260120,22,0,"MANUALLY_SELECTED_PLAYBACK_OF_A_DIFF_ITEM",MACINTOSH,0,1,false,1647324051,"SEULGI - 28 Reasons"
"United States",1708309430,AUDIO,20260120,22,0,"MANUALLY_SELECTED_PLAYBACK_OF_A_DIFF_ITEM",MACINTOSH,0,1,false,1708309430,"Taylor Swift - Is It Over Now? (Taylor's Version) [From The Vault]"
"United States",1664288808,AUDIO,20260120,20,0,"MANUALLY_SELECTED_PLAYBACK_OF_A_DIFF_ITEM",IPHONE,0,1,false,1664288808,"Gracie Abrams - I know it won't work"
"United States",1440818495,AUDIO,20260120,22,0,TRACK_SKIPPED_FORWARDS,MACINTOSH,0,1,false,N/A,"Zedd - Clarity (feat. Foxes)"
"United States",1627524250,AUDIO,20260120,6,0,"MANUALLY_SELECTED_PLAYBACK_OF_A_DIFF_ITEM",IPHONE,0,1,false,1627524250,"ITZY - SNEAKERS"
"United States",1193701511,AUDIO,20260120,6,0,"MANUALLY_SELECTED_PLAYBACK_OF_A_DIFF_ITEM",IPHONE,0,1,false,1193701511,"Ed Sheeran - Supermarket Flowers"
"United States",1440812146,AUDIO,20260121,"2, 3",1223953,"MANUALLY_SELECTED_PLAYBACK_OF_A_DIFF_ITEM",IPHONE,6,1,false,1440812146,"t.A.T.u. - All The Things She Said"
"United States",610187010,AUDIO,20260121,"13, 14",611454,NATURAL_END_OF_TRACK,MACINTOSH,2,0,false,610187010,"Kodaline - All I Want"
"United States",1660283622,AUDIO,20260121,14,535452,NATURAL_END_OF_TRACK,MACINTOSH,2,0,false,1660283622,"The National - The Alcott (feat. Taylor Swift)"
"United States",1442871564,AUDIO,20260121,"13, 14",522021,NATURAL_END_OF_TRACK,MACINTOSH,2,0,false,1442871564,"M83 - Holes in the Sky (feat. HAIM)"
"United States",1691828312,AUDIO,20260121,"13, 15, 23",519270,"MANUALLY_SELECTED_PLAYBACK_OF_A_DIFF_ITEM",MACINTOSH,2,1,false,1691828312,"Gracie Abrams - Amelie"
"United States",1691828315,AUDIO,20260121,"14, 19",517890,"MANUALLY_SELECTED_PLAYBACK_OF_A_DIFF_ITEM",MACINTOSH,2,1,false,1691828315,"Gracie Abrams - Difficult"
"United States",1442972580,AUDIO,20260121,"13, 15",494351,NATURAL_END_OF_TRACK,MACINTOSH,2,0,false,1442972580,"Snow Patrol - I Won't Let You Go"
"United States",486040194,AUDIO,20260121,"15, 22",492884,"MANUALLY_SELECTED_PLAYBACK_OF_A_DIFF_ITEM",MACINTOSH,2,1,false,486040194,"Fun. - Some Nights"
"United States",1442977112,AUDIO,20260121,"4, 13, 15",488213,NATURAL_END_OF_TRACK,MACINTOSH,2,1,false,1442977112,"Of Monsters and Men - Silhouettes"
"United States",947059829,AUDIO,20260121,"4, 14",476999,NATURAL_END_OF_TRACK,MACINTOSH,2,0,false,947059829,"Bon Iver - Skinny Love"
"United States",1050204637,AUDIO,20260121,"14, 15",474249,NATURAL_END_OF_TRACK,MACINTOSH,2,0,false,1050204637,"Ed Sheeran - All of the Stars"
"United States",1440833218,AUDIO,20260121,"4, 14",462761,NATURAL_END_OF_TRACK,MACINTOSH,2,0,false,1440833218,"Lana Del Rey - Young and Beautiful (DH Orchestral Version)"
"United States",1440783289,AUDIO,20260121,"14, 15",456618,NATURAL_END_OF_TRACK,MACINTOSH,2,0,false,1440783289,"Owl City - Fireflies"
"United States",1476513508,AUDIO,20260121,"3, 22",440106,NATURAL_END_OF_TRACK,"IPHONE, MACINTOSH",2,0,false,1476513508,"Red Velvet - Umpah Umpah"
"United States",1531469131,AUDIO,20260121,"3, 22",427510,NATURAL_END_OF_TRACK,"IPHONE, MACINTOSH",2,0,false,1531469131,"Little Mix - Sweet Melody"
"United States",855455561,AUDIO,20260121,"13, 14",401998,NATURAL_END_OF_TRACK,MACINTOSH,2,0,false,855455561,"Birdy - Skinny Love"
"United States",1868596002,AUDIO,20260121,"16, 23",400050,NATURAL_END_OF_TRACK,IPHONE,2,1,false,1868596002,"EXO - Back It Up"
"United States",1488413379,AUDIO,20260121,"13, 15",389707,NATURAL_END_OF_TRACK,MACINTOSH,2,0,false,1488413379,"Selena Gomez - People You Know"
"United States",1673805199,AUDIO,20260121,23,376177,NATURAL_END_OF_TRACK,MACINTOSH,1,0,false,1673805199,"Ed Sheeran - Curtains"
"United States",1868596003,AUDIO,20260121,16,339204,NATURAL_END_OF_TRACK,IPHONE,2,0,false,1868596003,"EXO - Crazy"
"United States",1439138013,AUDIO,20260121,"3, 19",309458,NATURAL_END_OF_TRACK,"IPHONE, MACINTOSH",2,0,false,1439138013,"Little Mix - Wasabi"
"United States",1845897480,AUDIO,20260121,"15, 19",300939,"MANUALLY_SELECTED_PLAYBACK_OF_A_DIFF_ITEM",MACINTOSH,1,2,false,1845897480,"Bleachers - Don't Take The Money (Live From Madison Square Garden, NYC)"
"United States",1491888506,AUDIO,20260121,23,288996,NATURAL_END_OF_TRACK,IPHONE,1,0,false,1491888506,"Red Velvet - Psycho"
"United States",1690841071,AUDIO,20260121,21,273234,NATURAL_END_OF_TRACK,MACINTOSH,1,0,false,1690841071,"Taylor Swift - I Can See You (Taylor's Version) (From The Vault)"
"United States",1690841057,AUDIO,20260121,20,266514,NATURAL_END_OF_TRACK,MACINTOSH,1,0,false,1690841057,"Taylor Swift - Electric Touch (Taylor's Version) (From The Vault) [feat. Fall Out Boy]"
"United States",1524801944,AUDIO,20260121,20,261781,NATURAL_END_OF_TRACK,MACINTOSH,1,0,false,1524801944,"Taylor Swift - august"
"United States",1037732960,AUDIO,20260121,20,245589,NATURAL_END_OF_TRACK,MACINTOSH,1,0,false,1037732960,"Red Velvet - Cool World"
"United States",1440933793,AUDIO,20260121,19,245525,NATURAL_END_OF_TRACK,MACINTOSH,1,0,false,1440933793,"Taylor Swift - Wonderland"
"United States",1660282870,AUDIO,20260121,14,244914,NATURAL_END_OF_TRACK,MACINTOSH,1,0,false,1660282870,"The National - This Isn’t Helping (feat. Phoebe Bridgers)"
"United States",1440795779,AUDIO,20260121,14,241940,NATURAL_END_OF_TRACK,MACINTOSH,1,0,false,1440795779,"Birdy - Just a Game"
"United States",1151001414,AUDIO,20260121,20,240263,NATURAL_END_OF_TRACK,MACINTOSH,1,0,false,1151001414,"Red Velvet - Sunny Afternoon"
"United States",999675339,AUDIO,20260121,23,239627,NATURAL_END_OF_TRACK,MACINTOSH,1,0,false,N/A,"EXO - EL DORADO"
"United States",1551480140,AUDIO,20260121,22,238963,NATURAL_END_OF_TRACK,MACINTOSH,1,0,false,1551480140,"BLACKPINK - Forever Young"
"United States",1445315863,AUDIO,20260121,14,236045,NATURAL_END_OF_TRACK,MACINTOSH,1,0,false,1445315863,"Coldplay - Atlas (From ""The Hunger Games: Catching Fire"" Soundtrack)"
"United States",1440933520,AUDIO,20260121,16,232002,NATURAL_END_OF_TRACK,IPHONE,1,0,false,1440933520,"Taylor Swift - Style"
"United States",1595423261,AUDIO,20260121,21,231020,NATURAL_END_OF_TRACK,MACINTOSH,1,0,false,1595423261,"Taylor Swift - 22 (Taylor's Version)"
"United States",980274352,AUDIO,20260121,23,230492,NATURAL_END_OF_TRACK,MACINTOSH,1,0,false,N/A,"EXO - 늑대와 미녀 Wolf"
"United States",1040171617,AUDIO,20260121,19,230342,NATURAL_END_OF_TRACK,MACINTOSH,1,0,false,1040171617,"One Direction - Perfect"
"United States",1838810951,AUDIO,20260121,17,225462,NATURAL_END_OF_TRACK,IPHONE,1,0,false,1838810951,"Taylor Swift - The Fate of Ophelia"
"United States",1528727906,AUDIO,20260121,22,224333,NATURAL_END_OF_TRACK,MACINTOSH,1,0,false,1528727906,"Little Mix - Move"
"United States",626205873,AUDIO,20260121,21,224227,NATURAL_END_OF_TRACK,MACINTOSH,1,0,false,626205873,"Beyoncé - End of Time"
"United States",1278808870,AUDIO,20260121,23,222433,NATURAL_END_OF_TRACK,MACINTOSH,1,0,false,N/A,"EXO - Power"
"United States",1143528059,AUDIO,20260121,23,221376,NATURAL_END_OF_TRACK,MACINTOSH,1,0,false,N/A,"EXO - Monster"
"United States",1440933651,AUDIO,20260121,20,219200,NATURAL_END_OF_TRACK,MACINTOSH,1,0,false,1440933651,"Taylor Swift - Shake It Off"
"United States",1531469130,AUDIO,20260121,20,213597,NATURAL_END_OF_TRACK,MACINTOSH,1,0,false,1531469130,"Little Mix - Holiday"
"United States",1440826928,AUDIO,20260121,21,213431,NATURAL_END_OF_TRACK,MACINTOSH,1,0,false,1440826928,"Selena Gomez - Me & the Rhythm"
"United States",1838810955,AUDIO,20260121,17,213228,NATURAL_END_OF_TRACK,IPHONE,1,0,false,1838810955,"Taylor Swift - Father Figure"
"United States",1833328847,AUDIO,20260121,16,212938,NATURAL_END_OF_TRACK,IPHONE,1,0,false,1833328847,"Taylor Swift - Father Figure"
"United States",1440933514,AUDIO,20260121,20,212600,NATURAL_END_OF_TRACK,MACINTOSH,1,0,false,1440933514,"Taylor Swift - Welcome To New York"
"United States",1833329003,AUDIO,20260121,17,211738,NATURAL_END_OF_TRACK,IPHONE,1,0,false,1833329003,"Taylor Swift - CANCELLED!"
"United States",1838810961,AUDIO,20260121,17,211714,NATURAL_END_OF_TRACK,IPHONE,1,0,false,1838810961,"Taylor Swift - CANCELLED!"
"United States",1528720674,AUDIO,20260121,19,211643,NATURAL_END_OF_TRACK,MACINTOSH,1,0,false,1528720674,"Little Mix - Black Magic"
"United States",1566636563,AUDIO,20260121,3,210695,NATURAL_END_OF_TRACK,IPHONE,1,0,false,1566636563,"TWICE - Alcohol-Free"
"United States",1650841731,AUDIO,20260121,19,210526,NATURAL_END_OF_TRACK,MACINTOSH,1,0,false,1650841731,"Taylor Swift - Question...?"
"United States",1528727905,AUDIO,20260121,"21, 22",209331,TRACK_SKIPPED_FORWARDS,MACINTOSH,1,1,false,1528727905,"Little Mix - Salute"
"United States",1485802966,AUDIO,20260121,21,208886,NATURAL_END_OF_TRACK,MACINTOSH,1,0,false,1485802966,"Harry Styles - Golden"
"United States",1833328842,AUDIO,20260121,16,208505,NATURAL_END_OF_TRACK,IPHONE,1,0,false,1833328842,"Taylor Swift - Elizabeth Taylor"
"United States",1538004217,AUDIO,20260121,20,203050,NATURAL_END_OF_TRACK,MACINTOSH,1,0,false,1538004217,"Dua Lipa - Levitating (feat. DaBaby)"
"United States",1637554838,AUDIO,20260121,21,202533,NATURAL_END_OF_TRACK,MACINTOSH,1,0,false,1637554838,"Girls' Generation - FOREVER 1"
"United States",1608111704,AUDIO,20260121,22,202280,NATURAL_END_OF_TRACK,MACINTOSH,1,0,false,1608111704,"ITZY - Sooo LUCKY"
"United States",1775877096,AUDIO,20260121,15,202097,NATURAL_END_OF_TRACK,MACINTOSH,1,0,false,1775877096,"Bleachers - Merry Christmas, Please Don't Call"
"United States",1515404862,AUDIO,20260121,20,199510,NATURAL_END_OF_TRACK,MACINTOSH,1,0,false,1515404862,"TWICE - MORE & MORE"
"United States",1868596001,AUDIO,20260121,23,198027,NATURAL_END_OF_TRACK,MACINTOSH,1,0,false,N/A,"EXO - Crown"
"United States",1151001416,AUDIO,20260121,19,196784,NATURAL_END_OF_TRACK,MACINTOSH,1,0,false,1151001416,"Red Velvet - Some Love"
"United States",1650841749,AUDIO,20260121,20,196124,NATURAL_END_OF_TRACK,MACINTOSH,1,0,false,1650841749,"Taylor Swift - Paris"
"United States",1595423264,AUDIO,20260121,21,193228,NATURAL_END_OF_TRACK,MACINTOSH,1,0,false,1595423264,"Taylor Swift - We Are Never Ever Getting Back Together (Taylor's Version)"
"United States",1468058706,AUDIO,20260121,19,193000,NATURAL_END_OF_TRACK,MACINTOSH,1,0,false,1468058706,"Taylor Swift - ME! (feat. Brendon Urie of Panic! At The Disco)"
"United States",1608111698,AUDIO,20260121,22,191433,NATURAL_END_OF_TRACK,MACINTOSH,1,0,false,1608111698,"ITZY - LOCO"
"United States",1650841746,AUDIO,20260121,23,191244,NATURAL_END_OF_TRACK,IPHONE,1,0,false,1650841746,"Taylor Swift - Mastermind"
"United States",1421648514,AUDIO,20260121,21,191147,NATURAL_END_OF_TRACK,MACINTOSH,1,0,false,1421648514,"Red Velvet - Mosquito"
"United States",1468058696,AUDIO,20260121,20,190239,NATURAL_END_OF_TRACK,MACINTOSH,1,0,false,1468058696,"Taylor Swift - London Boy"
"United States",1622451959,AUDIO,20260121,15,189837,NATURAL_END_OF_TRACK,MACINTOSH,1,0,false,1622451959,"Birdy - Not About Angels"
"United States",1037732955,AUDIO,20260121,20,188910,NATURAL_END_OF_TRACK,MACINTOSH,1,0,false,1037732955,"Red Velvet - Oh Boy"
"United States",1555401607,AUDIO,20260121,21,186272,NATURAL_END_OF_TRACK,MACINTOSH,1,0,false,1555401607,"TWICE - CHILLAX"
"United States",1695833433,AUDIO,20260121,23,185331,NATURAL_END_OF_TRACK,MACINTOSH,1,0,false,N/A,"EXO - Cream Soda"
"United States",1256504655,AUDIO,20260121,19,184705,NATURAL_END_OF_TRACK,MACINTOSH,1,0,false,1256504655,"Red Velvet - Mojito"
"United States",1682502472,AUDIO,20260121,20,182149,NATURAL_END_OF_TRACK,MACINTOSH,1,0,false,1682502472,"LE SSERAFIM & Nile Rodgers - UNFORGIVEN"
"United States",1442972588,AUDIO,20260121,15,181245,NATURAL_END_OF_TRACK,MACINTOSH,1,0,false,1442972588,"M83 - I Need You"
"United States",1555401454,AUDIO,20260121,21,180655,NATURAL_END_OF_TRACK,MACINTOSH,1,0,false,1555401454,"TWICE - Dance The Night Away"
"United States",1015771708,AUDIO,20260121,3,179071,PLAYBACK_MANUALLY_PAUSED,IPHONE,1,0,false,1015771708,"Girls' Generation - PARTY"
"United States",1524801274,AUDIO,20260121,16,178751,"MANUALLY_SELECTED_PLAYBACK_OF_A_DIFF_ITEM",IPHONE,1,1,false,1524801274,"Taylor Swift - the 1"
"United States",1468058171,AUDIO,20260121,20,178426,NATURAL_END_OF_TRACK,MACINTOSH,1,0,false,1468058171,"Taylor Swift - Cruel Summer"
"United States",1868596004,AUDIO,20260121,23,177886,NATURAL_END_OF_TRACK,MACINTOSH,1,0,false,N/A,"EXO - Suffocate"
"United States",1616804152,AUDIO,20260121,19,177187,NATURAL_END_OF_TRACK,MACINTOSH,1,0,false,1616804152,"IVE - LOVE DIVE"
"United States",1485802967,AUDIO,20260121,21,173991,NATURAL_END_OF_TRACK,MACINTOSH,1,0,false,1485802967,"Harry Styles - Watermelon Sugar"
"United States",1615585006,AUDIO,20260121,22,173926,"MANUALLY_SELECTED_PLAYBACK_OF_A_DIFF_ITEM",MACINTOSH,1,1,false,1615585006,"Harry Styles - Late Night Talking"
"United States",1468058178,AUDIO,20260121,20,173396,NATURAL_END_OF_TRACK,MACINTOSH,1,0,false,1468058178,"Taylor Swift - I Think He Knows"
"United States",1868596008,AUDIO,20260121,16,173238,NATURAL_END_OF_TRACK,IPHONE,1,0,false,1868596008,"EXO - Touch & Go"
"United States",1608247025,AUDIO,20260121,20,172368,NATURAL_END_OF_TRACK,MACINTOSH,1,0,false,1608247025,"ITZY - In the Morning"
"United States",1531469133,AUDIO,20260121,22,167444,NATURAL_END_OF_TRACK,MACINTOSH,1,0,false,1531469133,"Little Mix - Confetti"
"United States",1440934258,AUDIO,20260121,"3, 20",156295,TRACK_SKIPPED_FORWARDS,"IPHONE, MACINTOSH",2,2,false,1440934258,"Taylor Swift - Gorgeous"
"United States",1593913701,AUDIO,20260121,0,152374,NATURAL_END_OF_TRACK,IPHONE,1,0,false,1593913701,"Gracie Abrams - Feels Like"
"United States",1421648512,AUDIO,20260121,22,149674,"MANUALLY_SELECTED_PLAYBACK_OF_A_DIFF_ITEM",MACINTOSH,1,1,false,1421648512,"Red Velvet - With You"
"United States",1566636879,AUDIO,20260121,"3, 22",147204,"MANUALLY_SELECTED_PLAYBACK_OF_A_DIFF_ITEM","IPHONE, MACINTOSH",1,1,false,1566636879,"TWICE - Conversation"
"United States",1868596010,AUDIO,20260121,16,145523,TRACK_SKIPPED_FORWARDS,IPHONE,1,1,false,1868596010,"EXO - Flatline"
"United States",1838810964,AUDIO,20260121,17,135314,TRACK_SKIPPED_FORWARDS,IPHONE,1,2,false,1838810964,"Taylor Swift - The Life of a Showgirl (feat. Sabrina Carpenter)"
"United States",1838810957,AUDIO,20260121,17,135070,"MANUALLY_SELECTED_PLAYBACK_OF_A_DIFF_ITEM",IPHONE,1,2,false,1838810957,"Taylor Swift - Ruin The Friendship"
"United States",1565850763,AUDIO,20260121,0,130757,PLAYBACK_MANUALLY_PAUSED,IPHONE,1,0,false,1565850763,"Gracie Abrams - Mess It Up"
"United States",1440827329,AUDIO,20260121,22,119425,"MANUALLY_SELECTED_PLAYBACK_OF_A_DIFF_ITEM",MACINTOSH,1,1,false,1440827329,"Selena Gomez - Me & My Girls"
"United States",1868596001,AUDIO,20260121,16,96704,PLAYBACK_MANUALLY_PAUSED,IPHONE,1,0,false,1868596001,"EXO - Crown"
"United States",1868596005,AUDIO,20260121,16,81676,TRACK_SKIPPED_FORWARDS,IPHONE,1,2,false,1868596005,"EXO - Moonlight Shadows"
"United States",1838810952,AUDIO,20260121,17,80743,OTHER,IPHONE,1,0,false,1838810952,"Taylor Swift - Elizabeth Taylor"
"United States",1639416903,AUDIO,20260121,22,57072,"MANUALLY_SELECTED_PLAYBACK_OF_A_DIFF_ITEM",MACINTOSH,1,1,false,1639416903,"IVE - After LIKE"
"United States",1440813515,AUDIO,20260121,2,55242,"MANUALLY_SELECTED_PLAYBACK_OF_A_DIFF_ITEM",IPHONE,1,1,false,1440813515,"Tears for Fears - Everybody Wants to Rule the World"
"United States",1645938109,AUDIO,20260121,4,0,"MANUALLY_SELECTED_PLAYBACK_OF_A_DIFF_ITEM",MACINTOSH,0,1,false,1645938109,"Taylor Swift - Bejeweled"
"United States",1833329002,AUDIO,20260121,17,0,"MANUALLY_SELECTED_PLAYBACK_OF_A_DIFF_ITEM",IPHONE,0,1,false,1833329002,"Taylor Swift - Wood"
"United States",1754025133,AUDIO,20260121,19,0,TRACK_SKIPPED_FORWARDS,MACINTOSH,0,1,false,N/A,"The Lumineers - Gale Song"
"United States",1691828324,AUDIO,20260121,19,0,"MANUALLY_SELECTED_PLAYBACK_OF_A_DIFF_ITEM",MACINTOSH,0,1,false,1691828324,"Gracie Abrams - 405"
"United States",1685400184,AUDIO,20260121,"20, 22",0,"MANUALLY_SELECTED_PLAYBACK_OF_A_DIFF_ITEM",MACINTOSH,0,2,false,1685400184,"aespa - Spicy"
"United States",1468058181,AUDIO,20260121,22,0,"MANUALLY_SELECTED_PLAYBACK_OF_A_DIFF_ITEM",MACINTOSH,0,1,false,1468058181,"Taylor Swift - Paper Rings"
"United States",1615585008,AUDIO,20260121,20,0,"MANUALLY_SELECTED_PLAYBACK_OF_A_DIFF_ITEM",MACINTOSH,0,1,false,1615585008,"Harry Styles - As It Was"
"United States",1429663176,AUDIO,20260121,19,0,TRACK_SKIPPED_FORWARDS,MACINTOSH,0,1,false,N/A,"Lorde - Supercut"
"United States",1699294567,AUDIO,20260121,22,0,TRACK_SKIPPED_FORWARDS,MACINTOSH,0,1,false,1699294567,"aespa - Better Things"
"United States",1444409445,AUDIO,20260121,22,0,"MANUALLY_SELECTED_PLAYBACK_OF_A_DIFF_ITEM",MACINTOSH,0,1,false,1444409445,"Red Velvet - Butterflies"
"United States",1421648515,AUDIO,20260121,22,0,"MANUALLY_SELECTED_PLAYBACK_OF_A_DIFF_ITEM",MACINTOSH,0,1,false,1421648515,"Red Velvet - Hit That Drum"
"United States",1868596006,AUDIO,20260121,16,0,"MANUALLY_SELECTED_PLAYBACK_OF_A_DIFF_ITEM",IPHONE,0,2,false,1868596006,"EXO - Back Pocket"
"United States",1440854460,AUDIO,20260121,4,0,"MANUALLY_SELECTED_PLAYBACK_OF_A_DIFF_ITEM",MACINTOSH,0,1,false,1440854460,"Lana Del Rey - Summertime Sadness"
"United States",1708309206,AUDIO,20260121,4,0,"MANUALLY_SELECTED_PLAYBACK_OF_A_DIFF_ITEM",MACINTOSH,0,1,false,1708309206,"Taylor Swift - Now That We Don't Talk (Taylor's Version) [From The Vault]"
"United States",1645937870,AUDIO,20260121,15,0,"MANUALLY_SELECTED_PLAYBACK_OF_A_DIFF_ITEM",MACINTOSH,0,1,false,1645937870,"Taylor Swift - You're On Your Own, Kid"
"United States",1850019038,AUDIO,20260121,19,0,"MANUALLY_SELECTED_PLAYBACK_OF_A_DIFF_ITEM",MACINTOSH,0,1,false,N/A,"The 1975 - About You"
"United States",1838810953,AUDIO,20260121,17,0,TRACK_SKIPPED_FORWARDS,IPHONE,0,1,false,1838810953,"Taylor Swift - Opalite"
"United States",1440934264,AUDIO,20260121,23,0,"MANUALLY_SELECTED_PLAYBACK_OF_A_DIFF_ITEM",IPHONE,0,1,false,1440934264,"Taylor Swift - King of My Heart"
"United States",854890654,AUDIO,20260121,"3, 19",0,"MANUALLY_SELECTED_PLAYBACK_OF_A_DIFF_ITEM","IPHONE, MACINTOSH",0,2,false,854890654,"Girls' Generation - Gee"
"United States",1504639680,AUDIO,20260121,23,0,"MANUALLY_SELECTED_PLAYBACK_OF_A_DIFF_ITEM",IPHONE,0,1,false,1504639680,"SUHO - Made In You"
"United States",1604657777,AUDIO,20260121,19,0,TRACK_SKIPPED_FORWARDS,MACINTOSH,0,1,false,N/A,"Lizzy McAlpine - erase me (feat. Jacob Collier)"
"United States",1256504652,AUDIO,20260121,22,0,"MANUALLY_SELECTED_PLAYBACK_OF_A_DIFF_ITEM",MACINTOSH,0,1,false,1256504652,"Red Velvet - You Better Know"
"United States",273143822,AUDIO,20260121,4,0,"MANUALLY_SELECTED_PLAYBACK_OF_A_DIFF_ITEM",MACINTOSH,0,1,false,273143822,"Britney Spears - (You Drive Me) Crazy"
"United States",1838810959,AUDIO,20260121,17,0,"MANUALLY_SELECTED_PLAYBACK_OF_A_DIFF_ITEM",IPHONE,0,1,false,1838810959,"Taylor Swift - Wi$h Li$t"
"United States",1736995376,AUDIO,20260121,19,0,"MANUALLY_SELECTED_PLAYBACK_OF_A_DIFF_ITEM",MACINTOSH,0,1,false,N/A,"Olivia Rodrigo - vampire"
"United States",1440661563,AUDIO,20260121,19,0,"MANUALLY_SELECTED_PLAYBACK_OF_A_DIFF_ITEM",MACINTOSH,0,1,false,1440661563,"Justin Bieber - Kiss and Tell (Bonus Track)"
"United States",1838810958,AUDIO,20260121,17,0,TRACK_SKIPPED_FORWARDS,IPHONE,0,1,false,1838810958,"Taylor Swift - Actually Romantic"
"United States",1321217032,AUDIO,20260121,3,0,TRACK_SKIPPED_FORWARDS,IPHONE,0,1,false,1321217032,"Camila Cabello - Havana (feat. Young Thug)"
"United States",1833328851,AUDIO,20260121,16,0,TRACK_SKIPPED_FORWARDS,IPHONE,0,1,false,1833328851,"Taylor Swift - Wi$h Li$t"
"United States",1564530724,AUDIO,20260121,19,0,TRACK_SKIPPED_FORWARDS,MACINTOSH,0,1,false,N/A,"Billie Eilish - Getting Older"
"United States",1586258772,AUDIO,20260121,20,0,"MANUALLY_SELECTED_PLAYBACK_OF_A_DIFF_ITEM",MACINTOSH,0,1,false,1586258772,"Taylor Swift - Wildest Dreams (Taylor's Version)"
"United States",1690840111,AUDIO,20260121,22,0,"MANUALLY_SELECTED_PLAYBACK_OF_A_DIFF_ITEM",MACINTOSH,0,1,false,1690840111,"Taylor Swift - Sparks Fly (Taylor's Version)"
"United States",1654019898,AUDIO,20260121,3,0,"MANUALLY_SELECTED_PLAYBACK_OF_A_DIFF_ITEM",IPHONE,0,1,false,1654019898,"ITZY - Cheshire"
"United States",1595423409,AUDIO,20260122,"13, 14",399848,"MANUALLY_SELECTED_PLAYBACK_OF_A_DIFF_ITEM",IPHONE,2,1,false,1595423409,"Taylor Swift - The Very First Night (Taylor's Version) (From The Vault)"
"United States",1143528055,AUDIO,20260122,19,315989,NATURAL_END_OF_TRACK,IPHONE,1,0,false,1143528055,"EXO - Lotto"
"United States",726373148,AUDIO,20260122,14,278260,NATURAL_END_OF_TRACK,IPHONE,1,0,false,726373148,"Coldplay - Paradise"
"United States",1121473194,AUDIO,20260122,16,246145,NATURAL_END_OF_TRACK,IPHONE,1,0,false,1121473194,"EXO - Artificial Love"
"United States",1488308375,AUDIO,20260122,19,239031,"MANUALLY_SELECTED_PLAYBACK_OF_A_DIFF_ITEM",IPHONE,2,1,false,1488308375,"EXO - Obsession"
"United States",1630005850,AUDIO,20260122,13,225421,NATURAL_END_OF_TRACK,IPHONE,1,0,false,1630005850,"Beyoncé - CUFF IT"
"United States",1528727906,AUDIO,20260122,3,224579,NATURAL_END_OF_TRACK,IPHONE,1,0,false,1528727906,"Little Mix - Move"
"United States",854889077,AUDIO,20260122,3,214120,NATURAL_END_OF_TRACK,IPHONE,1,0,false,854889077,"SHINee - Replay"
"United States",1807308268,AUDIO,20260122,13,206221,TRACK_SKIPPED_FORWARDS,IPHONE,1,1,false,1807308268,"MARINA - BUTTERFLY"
"United States",1819861168,AUDIO,20260122,20,193195,NATURAL_END_OF_TRACK,IPHONE,1,0,false,1819861168,"Sabrina Carpenter - Go Go Juice"
"United States",1488308656,AUDIO,20260122,19,191092,NATURAL_END_OF_TRACK,IPHONE,1,0,false,1488308656,"EXO - Butterfly Effect"
"United States",1710020675,AUDIO,20260122,13,183571,NATURAL_END_OF_TRACK,IPHONE,1,0,false,1710020675,"JENNIE - You & Me"
"United States",1491120603,AUDIO,20260122,14,181421,NATURAL_END_OF_TRACK,IPHONE,1,0,false,1491120603,"张艺兴 - 外婆"
"United States",1437001000,AUDIO,20260122,2,172252,"MANUALLY_SELECTED_PLAYBACK_OF_A_DIFF_ITEM",IPHONE,1,1,false,1437001000,"SEULGI, SinB, CHUNG HA & JEON SOYEON - Wow Thing"
"United States",1708309208,AUDIO,20260122,13,172136,NATURAL_END_OF_TRACK,IPHONE,1,0,false,1708309208,"Taylor Swift - Suburban Legends (Taylor's Version) [From The Vault]"
"United States",1819861170,AUDIO,20260122,20,169451,NATURAL_END_OF_TRACK,IPHONE,1,0,false,1819861170,"Sabrina Carpenter - House Tour"
"United States",1471975990,AUDIO,20260122,2,151882,"MANUALLY_SELECTED_PLAYBACK_OF_A_DIFF_ITEM",IPHONE,1,1,false,1471975990,"BAEKHYUN - Betcha"
"United States",1715939931,AUDIO,20260122,2,149363,"MANUALLY_SELECTED_PLAYBACK_OF_A_DIFF_ITEM",IPHONE,1,1,false,N/A,"aespa - Drama"
"United States",1691233981,AUDIO,20260122,3,146427,NATURAL_END_OF_TRACK,IPHONE,1,0,false,1691233981,"Reneé Rapp - Pretty Girls"
"United States",1734980428,AUDIO,20260122,13,145013,"MANUALLY_SELECTED_PLAYBACK_OF_A_DIFF_ITEM",IPHONE,1,1,false,1734980428,"Dua Lipa - Training Season"
"United States",1797590684,AUDIO,20260122,3,144277,PLAYBACK_MANUALLY_PAUSED,IPHONE,1,0,false,1797590684,"Tate McRae - Dear god"
"United States",1817055308,AUDIO,20260122,13,142615,NATURAL_END_OF_TRACK,IPHONE,1,0,false,1817055308,"Tate McRae - Just Keep Watching (From F1® The Movie)"
"United States",1689240532,AUDIO,20260122,3,137793,NATURAL_END_OF_TRACK,IPHONE,1,0,false,1689240532,"Ava Max - Choose Your Fighter"
"United States",1434651709,AUDIO,20260122,2,128661,"MANUALLY_SELECTED_PLAYBACK_OF_A_DIFF_ITEM",IPHONE,1,1,false,1434651709,"BAEKHYUN & Loco - YOUNG"
"United States",1488308653,AUDIO,20260122,19,74132,"MANUALLY_SELECTED_PLAYBACK_OF_A_DIFF_ITEM",IPHONE,1,1,false,1488308653,"EXO - Non Stop"
"United States",1121473246,AUDIO,20260122,16,74066,TRACK_SKIPPED_FORWARDS,IPHONE,1,1,false,1121473246,"EXO - One and Only (Chinese Version)"
"United States",1434651710,AUDIO,20260122,16,72206,"MANUALLY_SELECTED_PLAYBACK_OF_A_DIFF_ITEM",IPHONE,1,1,false,1434651710,"BAEKHYUN & Loco - YOUNG (Instrumental)"
"United States",1819861156,AUDIO,20260122,20,48524,TRACK_SKIPPED_FORWARDS,IPHONE,1,1,false,1819861156,"Sabrina Carpenter - Manchild"
"United States",1544268301,AUDIO,20260122,2,46162,"MANUALLY_SELECTED_PLAYBACK_OF_A_DIFF_ITEM",IPHONE,1,1,false,1544268301,"Taylor Swift - champagne problems"
"United States",1121473208,AUDIO,20260122,19,35476,"MANUALLY_SELECTED_PLAYBACK_OF_A_DIFF_ITEM",IPHONE,1,1,false,1121473208,"EXO - Lucky One (Instrumental)"
"United States",1514738806,AUDIO,20260122,2,34493,"MANUALLY_SELECTED_PLAYBACK_OF_A_DIFF_ITEM",IPHONE,1,1,false,1514738806,"BAEKHYUN - Bungee"
"United States",1143528058,AUDIO,20260122,20,32650,"MANUALLY_SELECTED_PLAYBACK_OF_A_DIFF_ITEM",IPHONE,1,1,false,1143528058,"EXO - Lucky One"
"United States",1121473197,AUDIO,20260122,16,0,TRACK_SKIPPED_FORWARDS,IPHONE,0,1,false,1121473197,"EXO - White Noise"
"United States",1819861163,AUDIO,20260122,20,0,"MANUALLY_SELECTED_PLAYBACK_OF_A_DIFF_ITEM",IPHONE,0,1,false,1819861163,"Sabrina Carpenter - Nobody’s Son"
"United States",1567326688,AUDIO,20260122,2,0,"MANUALLY_SELECTED_PLAYBACK_OF_A_DIFF_ITEM",IPHONE,0,1,false,1567326688,"aespa - Next Level"
"United States",1736268397,AUDIO,20260122,3,0,"MANUALLY_SELECTED_PLAYBACK_OF_A_DIFF_ITEM",IPHONE,0,1,false,1736268397,"Taylor Swift - Fresh Out The Slammer"
"United States",1655291572,AUDIO,20260122,2,0,"MANUALLY_SELECTED_PLAYBACK_OF_A_DIFF_ITEM",IPHONE,0,1,false,N/A,"Red Velvet - Birthday"
"United States",1547315991,AUDIO,20260122,14,0,"MANUALLY_SELECTED_PLAYBACK_OF_A_DIFF_ITEM",IPHONE,0,1,false,1547315991,"Taylor Swift - no body, no crime (feat. HAIM)"
"United States",1121473192,AUDIO,20260122,19,0,TRACK_SKIPPED_FORWARDS,IPHONE,0,1,false,1121473192,"EXO - Lucky One"
"United States",854908252,AUDIO,20260122,14,0,TRACK_SKIPPED_FORWARDS,IPHONE,0,1,false,854908252,"EXO - Don't Go"
"United States",1471976000,AUDIO,20260122,2,0,"MANUALLY_SELECTED_PLAYBACK_OF_A_DIFF_ITEM",IPHONE,0,1,false,1471976000,"BAEKHYUN - Psycho (Bonus Track)"
"United States",1742058100,AUDIO,20260123,"2, 4, 16",1273289,NATURAL_END_OF_TRACK,MACINTOSH,4,0,false,1742058100,"Taylor Swift - Who’s Afraid of Little Old Me?"
"United States",1838810961,AUDIO,20260123,23,927381,NATURAL_END_OF_TRACK,IPHONE,3,1,false,1838810961,"Taylor Swift - CANCELLED!"
"United States",1833328847,AUDIO,20260123,"0, 1, 2",857638,NATURAL_END_OF_TRACK,MACINTOSH,4,0,false,1833328847,"Taylor Swift - Father Figure"
"United States",1833329003,AUDIO,20260123,"1, 2",634282,NATURAL_END_OF_TRACK,MACINTOSH,3,0,false,1833329003,"Taylor Swift - CANCELLED!"
"United States",1833328848,AUDIO,20260123,"0, 1, 2",563658,"MANUALLY_SELECTED_PLAYBACK_OF_A_DIFF_ITEM",MACINTOSH,3,2,false,1833328848,"Taylor Swift - Eldest Daughter"
"United States",1742058107,AUDIO,20260123,"2, 17",547624,NATURAL_END_OF_TRACK,MACINTOSH,3,1,false,1742058107,"Taylor Swift - Clara Bow"
"United States",1742058105,AUDIO,20260123,17,491033,NATURAL_END_OF_TRACK,MACINTOSH,2,0,false,1742058105,"Taylor Swift - The Smallest Man Who Ever Lived"
"United States",1833329007,AUDIO,20260123,1,483419,NATURAL_END_OF_TRACK,MACINTOSH,2,0,false,1833329007,"Taylor Swift - The Life of a Showgirl (feat. Sabrina Carpenter)"
"United States",1742058259,AUDIO,20260123,"2, 17",477514,NATURAL_END_OF_TRACK,MACINTOSH,2,0,false,1742058259,"Taylor Swift - The Black Dog"
"United States",1833328849,AUDIO,20260123,"0, 1",440984,NATURAL_END_OF_TRACK,MACINTOSH,2,0,false,1833328849,"Taylor Swift - Ruin The Friendship"
"United States",1833328842,AUDIO,20260123,"0, 1",416347,NATURAL_END_OF_TRACK,MACINTOSH,2,0,false,1833328842,"Taylor Swift - Elizabeth Taylor"
"United States",1833328851,AUDIO,20260123,1,414619,NATURAL_END_OF_TRACK,MACINTOSH,2,0,false,1833328851,"Taylor Swift - Wi$h Li$t"
"United States",1742058106,AUDIO,20260123,17,393592,NATURAL_END_OF_TRACK,MACINTOSH,2,0,false,1742058106,"Taylor Swift - The Alchemy"
"United States",1833329004,AUDIO,20260123,1,362827,NATURAL_END_OF_TRACK,MACINTOSH,2,0,false,1833329004,"Taylor Swift - Honey"
"United States",1870984033,AUDIO,20260123,"20, 22",352983,"MANUALLY_SELECTED_PLAYBACK_OF_A_DIFF_ITEM",IPHONE,2,1,false,1870984033,"Harry Styles - Aperture"
"United States",1833328850,AUDIO,20260123,1,327201,NATURAL_END_OF_TRACK,MACINTOSH,2,0,false,1833328850,"Taylor Swift - Actually Romantic"
"United States",1689132079,AUDIO,20260123,"2, 14",326995,NATURAL_END_OF_TRACK,"IPHONE, MACINTOSH",2,1,false,1689132079,"Taylor Swift - Hits Different"
"United States",1742058284,AUDIO,20260123,17,283906,NATURAL_END_OF_TRACK,MACINTOSH,1,0,false,1742058284,"Taylor Swift - Peter"
"United States",1742058103,AUDIO,20260123,17,276989,NATURAL_END_OF_TRACK,MACINTOSH,1,0,false,1742058103,"Taylor Swift - loml"
"United States",1619405540,AUDIO,20260123,3,259575,NATURAL_END_OF_TRACK,IPHONE,1,0,false,1619405540,"Ethel Cain - American Teenager"
"United States",1742058097,AUDIO,20260123,2,254380,NATURAL_END_OF_TRACK,MACINTOSH,1,0,false,1742058097,"Taylor Swift - Guilty as Sin?"
"United States",1742058281,AUDIO,20260123,17,249666,NATURAL_END_OF_TRACK,MACINTOSH,1,0,false,1742058281,"Taylor Swift - The Prophecy"
"United States",1742058282,AUDIO,20260123,17,240126,NATURAL_END_OF_TRACK,MACINTOSH,1,0,false,1742058282,"Taylor Swift - Cassandra"
"United States",1584158799,AUDIO,20260123,23,237707,NATURAL_END_OF_TRACK,MACINTOSH,1,0,false,1584158799,"LOONA - Butterfly"
"United States",1833328840,AUDIO,20260123,1,226007,NATURAL_END_OF_TRACK,MACINTOSH,1,0,false,1833328840,"Taylor Swift - The Fate of Ophelia"
"United States",1689132077,AUDIO,20260123,2,225208,NATURAL_END_OF_TRACK,MACINTOSH,1,0,false,1689132077,"Taylor Swift - Dear Reader"
"United States",1031478989,AUDIO,20260123,23,224096,NATURAL_END_OF_TRACK,MACINTOSH,1,0,false,1031478989,"Girls' Generation - Lion Heart"
"United States",1742058260,AUDIO,20260123,"2, 17",221991,"MANUALLY_SELECTED_PLAYBACK_OF_A_DIFF_ITEM",MACINTOSH,1,1,false,1742058260,"Taylor Swift - imgonnagetyouback"
"United States",1567326688,AUDIO,20260123,23,221529,NATURAL_END_OF_TRACK,MACINTOSH,1,0,false,1567326688,"aespa - Next Level"
"United States",1440936036,AUDIO,20260123,2,220443,NATURAL_END_OF_TRACK,MACINTOSH,1,0,false,1440936036,"Taylor Swift - Wildest Dreams"
"United States",1742058104,AUDIO,20260123,17,217934,NATURAL_END_OF_TRACK,MACINTOSH,1,0,false,1742058104,"Taylor Swift - I Can Do It With a Broken Heart"
"United States",1743852427,AUDIO,20260123,3,214002,NATURAL_END_OF_TRACK,IPHONE,1,0,false,1743852427,"Ravyn Lenae - Love Me Not"
"United States",1838810955,AUDIO,20260123,23,213002,NATURAL_END_OF_TRACK,IPHONE,1,0,false,1838810955,"Taylor Swift - Father Figure"
"United States",1531469131,AUDIO,20260123,22,211733,"MANUALLY_SELECTED_PLAYBACK_OF_A_DIFF_ITEM",IPHONE,1,1,false,1531469131,"Little Mix - Sweet Melody"
"United States",1491888506,AUDIO,20260123,23,210497,NATURAL_END_OF_TRACK,MACINTOSH,1,0,false,1491888506,"Red Velvet - Psycho"
"United States",1742058101,AUDIO,20260123,"2, 16",205415,NATURAL_END_OF_TRACK,MACINTOSH,2,2,false,1742058101,"Taylor Swift - I Can Fix Him (No Really I Can)"
"United States",1742058079,AUDIO,20260123,17,203814,NATURAL_END_OF_TRACK,MACINTOSH,1,0,false,1742058079,"Taylor Swift - My Boy Only Breaks His Favorite Toys"
"United States",1595423409,AUDIO,20260123,6,200847,NATURAL_END_OF_TRACK,IPHONE,1,0,false,1595423409,"Taylor Swift - The Very First Night (Taylor's Version) (From The Vault)"
"United States",1313151080,AUDIO,20260123,23,199230,NATURAL_END_OF_TRACK,MACINTOSH,1,0,false,1313151080,"BLACKPINK - PLAYING WITH FIRE"
"United States",1754238414,AUDIO,20260123,6,197989,NATURAL_END_OF_TRACK,IPHONE,1,0,false,1754238414,"JADE - Angel Of My Dreams"
"United States",1689131533,AUDIO,20260123,2,196700,"MANUALLY_SELECTED_PLAYBACK_OF_A_DIFF_ITEM",MACINTOSH,1,1,false,1689131533,"Taylor Swift - Anti-Hero"
"United States",1626752986,AUDIO,20260123,23,195016,NATURAL_END_OF_TRACK,MACINTOSH,1,0,false,1626752986,"aespa - Illusion"
"United States",1778346853,AUDIO,20260123,22,194418,NATURAL_END_OF_TRACK,IPHONE,1,0,false,1778346853,"Gracie Abrams - That’s So True (Live From Radio City Music Hall)"
"United States",1804049167,AUDIO,20260123,14,193003,NATURAL_END_OF_TRACK,IPHONE,1,0,false,1804049167,"Dua Lipa - Physical (feat. Troye Sivan)"
"United States",1314275552,AUDIO,20260123,6,189302,NATURAL_END_OF_TRACK,IPHONE,1,0,false,1314275552,"Red Velvet - 피카부 Peek-A-Boo"
"United States",1639174482,AUDIO,20260123,23,186919,NATURAL_END_OF_TRACK,MACINTOSH,1,0,false,1639174482,"BLACKPINK - Pink Venom"
"United States",1689131973,AUDIO,20260123,2,186151,"MANUALLY_SELECTED_PLAYBACK_OF_A_DIFF_ITEM",MACINTOSH,1,1,false,1689131973,"Taylor Swift - Mastermind"
"United States",1555401454,AUDIO,20260123,"6, 14",181389,NATURAL_END_OF_TRACK,IPHONE,2,0,false,1555401454,"TWICE - Dance The Night Away"
"United States",1797590680,AUDIO,20260123,15,180403,NATURAL_END_OF_TRACK,IPHONE,1,0,false,1797590680,"Tate McRae - Revolving door"
"United States",1531469377,AUDIO,20260123,22,180293,NATURAL_END_OF_TRACK,IPHONE,1,0,false,1531469377,"Little Mix - Not a Pop Song"
"United States",1739080650,AUDIO,20260123,15,178483,NATURAL_END_OF_TRACK,IPHONE,1,0,false,1739080650,"Charli xcx - B2b"
"United States",1703517719,AUDIO,20260123,15,171733,NATURAL_END_OF_TRACK,IPHONE,1,0,false,1703517719,"Selena Gomez - Single Soon"
"United States",1826575254,AUDIO,20260123,3,170771,NATURAL_END_OF_TRACK,IPHONE,1,0,false,1826575254,"Audrey Hobert - Sue me"
"United States",1440818666,AUDIO,20260123,3,163615,"MANUALLY_SELECTED_PLAYBACK_OF_A_DIFF_ITEM",IPHONE,1,1,false,1440818666,"Lorde - Ribs"
"United States",1833328845,AUDIO,20260123,1,157069,"MANUALLY_SELECTED_PLAYBACK_OF_A_DIFF_ITEM",MACINTOSH,1,1,false,1833328845,"Taylor Swift - Opalite"
"United States",1739080645,AUDIO,20260123,15,151769,NATURAL_END_OF_TRACK,IPHONE,1,0,false,1739080645,"Charli xcx - Apple"
"United States",1833329002,AUDIO,20260123,1,150441,NATURAL_END_OF_TRACK,MACINTOSH,1,0,false,1833329002,"Taylor Swift - Wood"
"United States",1440936195,AUDIO,20260123,2,144726,"MANUALLY_SELECTED_PLAYBACK_OF_A_DIFF_ITEM",MACINTOSH,1,1,false,1440936195,"Taylor Swift - How You Get the Girl"
"United States",1795979995,AUDIO,20260123,3,136847,NATURAL_END_OF_TRACK,IPHONE,1,0,false,1795979995,"JENNIE - Mantra"
"United States",1767862968,AUDIO,20260123,15,132702,TRACK_SKIPPED_FORWARDS,IPHONE,1,1,false,1767862968,"Charli xcx & Lorde - Girl, so confusing featuring lorde"
"United States",1742058275,AUDIO,20260123,17,131917,NATURAL_END_OF_TRACK,MACINTOSH,1,0,false,1742058275,"Taylor Swift - I Look in People's Windows"
"United States",1441819350,AUDIO,20260123,23,128807,PLAYBACK_MANUALLY_PAUSED,MACINTOSH,1,0,false,1441819350,"JENNIE (from BLACKPINK) - SOLO"
"United States",1795979745,AUDIO,20260123,"15, 20",124385,NATURAL_END_OF_TRACK,IPHONE,2,0,false,1795979745,"JENNIE - like JENNIE"
"United States",1742058261,AUDIO,20260123,2,117912,PLAYBACK_MANUALLY_PAUSED,MACINTOSH,1,0,false,1742058261,"Taylor Swift - The Albatross"
"United States",266809802,AUDIO,20260123,22,104619,"MANUALLY_SELECTED_PLAYBACK_OF_A_DIFF_ITEM",IPHONE,1,1,false,266809802,"Destiny's Child - Say My Name"
"United States",1513162746,AUDIO,20260123,20,99726,"MANUALLY_SELECTED_PLAYBACK_OF_A_DIFF_ITEM",IPHONE,1,1,false,1513162746,"Charli xcx - party 4 u"
"United States",1818103445,AUDIO,20260123,3,90597,TRACK_SKIPPED_FORWARDS,IPHONE,1,1,false,1818103445,"Sabrina Carpenter - Manchild"
"United States",1440933800,AUDIO,20260123,15,66190,TRACK_SKIPPED_FORWARDS,IPHONE,1,1,false,1440933800,"Taylor Swift - New Romantics"
"United States",1797590819,AUDIO,20260123,3,39980,TRACK_SKIPPED_FORWARDS,IPHONE,1,1,false,1797590819,"Tate McRae - It's ok I'm ok"
"United States",1689131531,AUDIO,20260123,2,0,"MANUALLY_SELECTED_PLAYBACK_OF_A_DIFF_ITEM",MACINTOSH,0,1,false,1689131531,"Taylor Swift - Lavender Haze"
"United States",994425114,AUDIO,20260123,3,0,TRACK_SKIPPED_FORWARDS,IPHONE,0,1,false,994425114,"SHINee - View"
"United States",1040171617,AUDIO,20260123,15,0,TRACK_SKIPPED_FORWARDS,IPHONE,0,1,false,1040171617,"One Direction - Perfect"
"United States",1775877096,AUDIO,20260123,22,0,"MANUALLY_SELECTED_PLAYBACK_OF_A_DIFF_ITEM",MACINTOSH,0,1,false,1775877096,"Bleachers - Merry Christmas, Please Don't Call"
"United States",1440782413,AUDIO,20260123,0,0,"MANUALLY_SELECTED_PLAYBACK_OF_A_DIFF_ITEM",MACINTOSH,0,1,false,N/A,"EXO - Ooh La La La"
"United States",1742058287,AUDIO,20260123,22,0,"MANUALLY_SELECTED_PLAYBACK_OF_A_DIFF_ITEM",MACINTOSH,0,1,false,1742058287,"Taylor Swift - The Bolter"
"United States",1838810960,AUDIO,20260123,23,0,TRACK_SKIPPED_BACKWARDS,IPHONE,0,1,false,1838810960,"Taylor Swift - Wood"
"United States",1742058080,AUDIO,20260123,17,0,"MANUALLY_SELECTED_PLAYBACK_OF_A_DIFF_ITEM",MACINTOSH,0,2,false,1742058080,"Taylor Swift - Down Bad"
"United States",1595423261,AUDIO,20260123,15,0,TRACK_SKIPPED_FORWARDS,IPHONE,0,1,false,1595423261,"Taylor Swift - 22 (Taylor's Version)"
"United States",1819861163,AUDIO,20260123,3,0,"MANUALLY_SELECTED_PLAYBACK_OF_A_DIFF_ITEM",IPHONE,0,1,false,1819861163,"Sabrina Carpenter - Nobody’s Son"
"United States",1440827329,AUDIO,20260123,3,0,TRACK_SKIPPED_FORWARDS,IPHONE,0,1,false,1440827329,"Selena Gomez - Me & My Girls"
"United States",1702580852,AUDIO,20260123,3,0,"MANUALLY_SELECTED_PLAYBACK_OF_A_DIFF_ITEM",IPHONE,0,1,false,1702580852,"FIFTY FIFTY - Cupid – Twin Ver. (feat. Sabrina Carpenter)"
"United States",854889077,AUDIO,20260123,22,0,"MANUALLY_SELECTED_PLAYBACK_OF_A_DIFF_ITEM",IPHONE,0,1,false,854889077,"SHINee - Replay"
"United States",1256504651,AUDIO,20260123,22,0,"MANUALLY_SELECTED_PLAYBACK_OF_A_DIFF_ITEM",IPHONE,0,1,false,1256504651,"Red Velvet - Red Flavor"
"United States",1838810955,AUDIO,20260124,"2, 3, 16, 19, 21, 22",1979760,NATURAL_END_OF_TRACK,"IPHONE, MACINTOSH",9,0,false,1838810955,"Taylor Swift - Father Figure"
"United States",1838810961,AUDIO,20260124,"2, 13, 16, 19, 21, 22",1429403,NATURAL_END_OF_TRACK,"IPHONE, MACINTOSH",8,4,false,1838810961,"Taylor Swift - CANCELLED!"
"United States",1843595808,AUDIO,20260124,"4, 14",1212919,"MANUALLY_SELECTED_PLAYBACK_OF_A_DIFF_ITEM",IPHONE,8,2,false,1843595808,"PinkPantheress - Stateside (with Zara Larsson)"
"United States",1870984033,AUDIO,20260124,"19, 21",614564,NATURAL_END_OF_TRACK,IPHONE,2,0,false,1870984033,"Harry Styles - Aperture"
"United States",1838810959,AUDIO,20260124,"19, 22",365111,NATURAL_END_OF_TRACK,IPHONE,2,0,false,1838810959,"Taylor Swift - Wi$h Li$t"
"United States",1838810951,AUDIO,20260124,"1, 22",356493,NATURAL_END_OF_TRACK,IPHONE,2,1,false,1838810951,"Taylor Swift - The Fate of Ophelia"
"United States",1838810958,AUDIO,20260124,"21, 22",291540,NATURAL_END_OF_TRACK,IPHONE,2,0,false,1838810958,"Taylor Swift - Actually Romantic"
"United States",1838810953,AUDIO,20260124,"2, 22",288011,NATURAL_END_OF_TRACK,IPHONE,2,0,false,1838810953,"Taylor Swift - Opalite"
"United States",1838810960,AUDIO,20260124,"13, 21",277325,OTHER,"IPHONE, MACINTOSH",2,0,false,1838810960,"Taylor Swift - Wood"
"United States",1838810952,AUDIO,20260124,"2, 19",248689,"MANUALLY_SELECTED_PLAYBACK_OF_A_DIFF_ITEM",IPHONE,2,1,false,1838810952,"Taylor Swift - Elizabeth Taylor"
"United States",1440933793,AUDIO,20260124,14,231166,NATURAL_END_OF_TRACK,IPHONE,1,0,false,1440933793,"Taylor Swift - Wonderland"
"United States",905840099,AUDIO,20260124,14,221053,NATURAL_END_OF_TRACK,MACINTOSH,1,0,false,N/A,"Red Velvet - Happiness"
"United States",1225759939,AUDIO,20260124,14,215539,NATURAL_END_OF_TRACK,MACINTOSH,1,0,false,1225759939,"Bleachers - Don't Take the Money"
"United States",1199263806,AUDIO,20260124,14,212116,NATURAL_END_OF_TRACK,MACINTOSH,1,0,false,N/A,"Red Velvet - Talk To Me"
"United States",1256504653,AUDIO,20260124,14,204857,NATURAL_END_OF_TRACK,MACINTOSH,1,0,false,N/A,"Red Velvet - Zoo"
"United States",1538004217,AUDIO,20260124,16,203172,NATURAL_END_OF_TRACK,IPHONE,1,0,false,1538004217,"Dua Lipa - Levitating (feat. DaBaby)"
"United States",1650841513,AUDIO,20260124,16,202380,NATURAL_END_OF_TRACK,IPHONE,1,0,false,1650841513,"Taylor Swift - Lavender Haze"
"United States",1485802966,AUDIO,20260124,16,198534,NATURAL_END_OF_TRACK,IPHONE,1,0,false,1485802966,"Harry Styles - Golden"
"United States",1491888510,AUDIO,20260124,14,192708,NATURAL_END_OF_TRACK,MACINTOSH,1,0,false,N/A,"Red Velvet - In & Out"
"United States",1256504651,AUDIO,20260124,14,191041,NATURAL_END_OF_TRACK,MACINTOSH,1,0,false,N/A,"Red Velvet - Red Flavor"
"United States",1838810964,AUDIO,20260124,22,190157,NATURAL_END_OF_TRACK,IPHONE,1,0,false,1838810964,"Taylor Swift - The Life of a Showgirl (feat. Sabrina Carpenter)"
"United States",1838737598,AUDIO,20260124,19,186625,NATURAL_END_OF_TRACK,IPHONE,1,0,false,1838737598,"RAYE - WHERE IS MY HUSBAND!"
"United States",1838810956,AUDIO,20260124,21,186307,NATURAL_END_OF_TRACK,IPHONE,1,0,false,1838810956,"Taylor Swift - Eldest Daughter"
"United States",1838810963,AUDIO,20260124,"13, 22",183271,NATURAL_END_OF_TRACK,"IPHONE, MACINTOSH",1,1,false,1838810963,"Taylor Swift - Honey"
"United States",1765799904,AUDIO,20260124,19,175977,NATURAL_END_OF_TRACK,IPHONE,1,0,false,1765799904,"Teddy Swims - Bad Dreams"
"United States",1786481197,AUDIO,20260124,19,172629,NATURAL_END_OF_TRACK,IPHONE,1,0,false,1786481197,"sombr - back to friends"
"United States",1838810957,AUDIO,20260124,22,156943,NATURAL_END_OF_TRACK,IPHONE,1,0,false,1838810957,"Taylor Swift - Ruin The Friendship"
"United States",1491888506,AUDIO,20260124,14,142301,"MANUALLY_SELECTED_PLAYBACK_OF_A_DIFF_ITEM",MACINTOSH,1,1,false,N/A,"Red Velvet - Psycho"
"United States",1608247348,AUDIO,20260124,14,139901,NATURAL_END_OF_TRACK,IPHONE,1,0,false,1608247348,"ITZY - SHOOT!"
"United States",1444409445,AUDIO,20260124,14,112152,"MANUALLY_SELECTED_PLAYBACK_OF_A_DIFF_ITEM",IPHONE,1,1,false,1444409445,"Red Velvet - Butterflies"
"United States",1818103445,AUDIO,20260124,19,102340,TRACK_SKIPPED_FORWARDS,IPHONE,1,1,false,1818103445,"Sabrina Carpenter - Manchild"
"United States",1866732800,AUDIO,20260124,19,78089,OTHER,IPHONE,1,0,false,1866732800,"Bruno Mars - I Just Might"
"United States",1421648514,AUDIO,20260124,16,70426,"MANUALLY_SELECTED_PLAYBACK_OF_A_DIFF_ITEM",IPHONE,1,1,false,1421648514,"Red Velvet - Mosquito"
"United States",1515404862,AUDIO,20260124,16,35200,PLAYBACK_MANUALLY_PAUSED,IPHONE,1,0,false,1515404862,"TWICE - MORE & MORE"
"United States",1580685473,AUDIO,20260124,14,0,TRACK_SKIPPED_FORWARDS,MACINTOSH,0,1,false,N/A,"Red Velvet - Pose"
"United States",1844932150,AUDIO,20260124,19,0,"MANUALLY_SELECTED_PLAYBACK_OF_A_DIFF_ITEM",IPHONE,0,1,false,1844932150,"Ella Langley - Choosin' Texas"
"United States",1544268301,AUDIO,20260124,14,0,"MANUALLY_SELECTED_PLAYBACK_OF_A_DIFF_ITEM",MACINTOSH,0,1,false,1544268301,"Taylor Swift - champagne problems"
"United States",1440933651,AUDIO,20260124,16,0,"MANUALLY_SELECTED_PLAYBACK_OF_A_DIFF_ITEM",IPHONE,0,1,false,1440933651,"Taylor Swift - Shake It Off"
"United States",1151001410,AUDIO,20260124,14,0,TRACK_SKIPPED_FORWARDS,MACINTOSH,0,1,false,N/A,"Red Velvet - 러시안 룰렛 Russian Roulette"
"United States",1655291572,AUDIO,20260124,14,0,TRACK_SKIPPED_FORWARDS,MACINTOSH,0,1,false,N/A,"Red Velvet - Birthday"
"United States",1766620386,AUDIO,20260124,14,0,TRACK_SKIPPED_FORWARDS,MACINTOSH,0,1,false,N/A,"Red Velvet - Chill Kill"
"United States",1614179710,AUDIO,20260124,14,0,TRACK_SKIPPED_FORWARDS,MACINTOSH,0,1,false,N/A,"Red Velvet - Feel My Rhythm"
"United States",854890654,AUDIO,20260124,14,0,"MANUALLY_SELECTED_PLAYBACK_OF_A_DIFF_ITEM",IPHONE,0,1,false,854890654,"Girls' Generation - Gee"
"United States",884282148,AUDIO,20260124,13,0,"MANUALLY_SELECTED_PLAYBACK_OF_A_DIFF_ITEM",MACINTOSH,0,1,false,884282148,"Bleachers - Like a River Runs"
"United States",1760009907,AUDIO,20260124,14,0,TRACK_SKIPPED_FORWARDS,MACINTOSH,0,1,false,N/A,"Red Velvet - Cosmic"
"United States",1867616928,AUDIO,20260124,21,0,"MANUALLY_SELECTED_PLAYBACK_OF_A_DIFF_ITEM",IPHONE,0,1,false,1867616928,"Dermot Kennedy - Funeral"
"United States",1673805199,AUDIO,20260125,"2, 4, 20",695145,NATURAL_END_OF_TRACK,"IPHONE, MACINTOSH",3,0,false,1673805199,"Ed Sheeran - Curtains"
"United States",1595423266,AUDIO,20260125,"3, 20",598170,NATURAL_END_OF_TRACK,MACINTOSH,2,0,false,1595423266,"Taylor Swift - The Last Time (Taylor's Version) [feat. Gary Lightbody]"
"United States",1664288817,AUDIO,20260125,"3, 20",460212,NATURAL_END_OF_TRACK,MACINTOSH,2,0,false,1664288817,"Gracie Abrams - Will you cry?"
"United States",1676966710,AUDIO,20260125,"3, 20, 21",457858,NATURAL_END_OF_TRACK,MACINTOSH,2,1,false,1676966710,"Taylor Swift, Joy Williams & John Paul White - Safe & Sound (Taylor's Version)"
"United States",1650841907,AUDIO,20260125,"2, 20",450339,NATURAL_END_OF_TRACK,MACINTOSH,2,0,false,1650841907,"Taylor Swift - Dear Reader"
"United States",1691233985,AUDIO,20260125,"3, 4",404671,NATURAL_END_OF_TRACK,"IPHONE, MACINTOSH",2,0,false,1691233985,"Reneé Rapp - 23"
"United States",1838810955,AUDIO,20260125,"14, 15",361234,PLAYBACK_MANUALLY_PAUSED,IPHONE,2,0,false,1838810955,"Taylor Swift - Father Figure"
"United States",1868596010,AUDIO,20260125,21,355718,NATURAL_END_OF_TRACK,IPHONE,2,0,false,1868596010,"EXO - Flatline"
"United States",1868596282,AUDIO,20260125,21,340013,PLAYBACK_MANUALLY_PAUSED,IPHONE,2,0,false,1868596282,"EXO - I’m Home"
"United States",1868596003,AUDIO,20260125,21,328406,NATURAL_END_OF_TRACK,IPHONE,2,0,false,1868596003,"EXO - Crazy"
"United States",1868596001,AUDIO,20260125,21,316899,TRACK_SKIPPED_FORWARDS,IPHONE,2,1,false,1868596001,"EXO - Crown"
"United States",1544268350,AUDIO,20260125,20,315147,NATURAL_END_OF_TRACK,MACINTOSH,1,0,false,1544268350,"Taylor Swift - happiness"
"United States",1690840121,AUDIO,20260125,20,294237,NATURAL_END_OF_TRACK,MACINTOSH,1,0,false,1690840121,"Taylor Swift - Back To December (Taylor's Version)"
"United States",1690840524,AUDIO,20260125,20,292967,NATURAL_END_OF_TRACK,MACINTOSH,1,0,false,1690840524,"Taylor Swift - Never Grow Up (Taylor's Version)"
"United States",1528112364,AUDIO,20260125,20,285682,NATURAL_END_OF_TRACK,MACINTOSH,1,0,false,1528112364,"Taylor Swift - exile (feat. Bon Iver)"
"United States",1742058284,AUDIO,20260125,21,284003,NATURAL_END_OF_TRACK,MACINTOSH,1,0,false,1742058284,"Taylor Swift - Peter"
"United States",1650841755,AUDIO,20260125,2,260194,NATURAL_END_OF_TRACK,MACINTOSH,1,0,false,1650841755,"Taylor Swift - Would've, Could've, Should've"
"United States",1595423279,AUDIO,20260125,20,258900,NATURAL_END_OF_TRACK,MACINTOSH,1,0,false,1595423279,"Taylor Swift - Nothing New (Taylor's Version) (From The Vault) [feat. Phoebe Bridgers]"
"United States",1544268361,AUDIO,20260125,3,257714,NATURAL_END_OF_TRACK,MACINTOSH,1,0,false,1544268361,"Taylor Swift - marjorie"
"United States",1593913707,AUDIO,20260125,20,246400,NATURAL_END_OF_TRACK,MACINTOSH,1,0,false,1593913707,"Gracie Abrams - Camden"
"United States",1698554079,AUDIO,20260125,3,245808,NATURAL_END_OF_TRACK,MACINTOSH,1,0,false,1698554079,"AGNEZ MO - Things Will Get Better"
"United States",1615585012,AUDIO,20260125,3,245800,NATURAL_END_OF_TRACK,MACINTOSH,1,0,false,1615585012,"Harry Styles - Matilda"
"United States",1742058287,AUDIO,20260125,4,238409,NATURAL_END_OF_TRACK,IPHONE,1,0,false,1742058287,"Taylor Swift - The Bolter"
"United States",1838810953,AUDIO,20260125,15,229809,NATURAL_END_OF_TRACK,IPHONE,1,0,false,1838810953,"Taylor Swift - Opalite"
"United States",1680069571,AUDIO,20260125,20,226390,NATURAL_END_OF_TRACK,MACINTOSH,1,0,false,1680069571,"Gracie Abrams - I know it won't work (Live)"
"United States",1694386938,AUDIO,20260125,21,222358,NATURAL_END_OF_TRACK,MACINTOSH,1,0,false,1694386938,"Olivia Rodrigo - teenage dream"
"United States",1696819855,AUDIO,20260125,3,222310,NATURAL_END_OF_TRACK,MACINTOSH,1,0,false,1696819855,"Billie Eilish - What Was I Made For? (From The Motion Picture ""Barbie"")"
"United States",1773474484,AUDIO,20260125,21,221207,NATURAL_END_OF_TRACK,MACINTOSH,1,0,false,1773474484,"Gracie Abrams - I Told You Things"
"United States",1689131532,AUDIO,20260125,23,218119,NATURAL_END_OF_TRACK,MACINTOSH,1,0,false,1689131532,"Taylor Swift - Maroon"
"United States",1838810951,AUDIO,20260125,15,214534,OTHER,IPHONE,1,0,false,1838810951,"Taylor Swift - The Fate of Ophelia"
"United States",1838810956,AUDIO,20260125,14,212052,NATURAL_END_OF_TRACK,IPHONE,1,0,false,1838810956,"Taylor Swift - Eldest Daughter"
"United States",1466351215,AUDIO,20260125,3,210983,NATURAL_END_OF_TRACK,MACINTOSH,1,0,false,1466351215,"Eva Noblezada - Flowers"
"United States",1541905149,AUDIO,20260125,20,209293,NATURAL_END_OF_TRACK,MACINTOSH,1,0,false,1541905149,"Taylor Swift - this is me trying (the long pond studio sessions)"
"United States",1689132081,AUDIO,20260125,23,201509,NATURAL_END_OF_TRACK,MACINTOSH,1,0,false,1689132081,"Taylor Swift - Karma (feat. Ice Spice)"
"United States",1838810959,AUDIO,20260125,14,200280,NATURAL_END_OF_TRACK,IPHONE,1,0,false,1838810959,"Taylor Swift - Wi$h Li$t"
"United States",1694386835,AUDIO,20260125,3,198867,NATURAL_END_OF_TRACK,MACINTOSH,1,0,false,1694386835,"Olivia Rodrigo - making the bed"
"United States",1868596006,AUDIO,20260125,21,197707,NATURAL_END_OF_TRACK,IPHONE,1,0,false,1868596006,"EXO - Back Pocket"
"United States",1838810961,AUDIO,20260125,14,188662,NATURAL_END_OF_TRACK,IPHONE,1,0,false,1838810961,"Taylor Swift - CANCELLED!"
"United States",1838810952,AUDIO,20260125,15,187466,NATURAL_END_OF_TRACK,IPHONE,1,0,false,1838810952,"Taylor Swift - Elizabeth Taylor"
"United States",1838810957,AUDIO,20260125,14,183181,NATURAL_END_OF_TRACK,IPHONE,1,0,false,1838810957,"Taylor Swift - Ruin The Friendship"
"United States",1838810963,AUDIO,20260125,15,181310,NATURAL_END_OF_TRACK,IPHONE,1,0,false,1838810963,"Taylor Swift - Honey"
"United States",1838810964,AUDIO,20260125,15,171625,NATURAL_END_OF_TRACK,IPHONE,1,0,false,1838810964,"Taylor Swift - The Life of a Showgirl (feat. Sabrina Carpenter)"
"United States",1868596008,AUDIO,20260125,21,167103,NATURAL_END_OF_TRACK,IPHONE,1,0,false,1868596008,"EXO - Touch & Go"
"United States",1672703433,AUDIO,20260125,3,164739,NATURAL_END_OF_TRACK,MACINTOSH,1,0,false,1672703433,"Reneé Rapp - Everything To Everyone (Extended Version)"
"United States",1868596005,AUDIO,20260125,21,159804,NATURAL_END_OF_TRACK,IPHONE,1,0,false,1868596005,"EXO - Moonlight Shadows"
"United States",1838810958,AUDIO,20260125,14,157701,NATURAL_END_OF_TRACK,IPHONE,1,0,false,1838810958,"Taylor Swift - Actually Romantic"
"United States",1743054747,AUDIO,20260125,20,157139,NATURAL_END_OF_TRACK,MACINTOSH,1,0,false,1743054747,"Gracie Abrams - I Love You, I'm Sorry"
"United States",1868596004,AUDIO,20260125,21,157038,TRACK_SKIPPED_FORWARDS,IPHONE,1,1,false,1868596004,"EXO - Suffocate"
"United States",1868596002,AUDIO,20260125,21,153332,NATURAL_END_OF_TRACK,IPHONE,1,0,false,1868596002,"EXO - Back It Up"
"United States",1652136887,AUDIO,20260125,22,147597,NATURAL_END_OF_TRACK,MACINTOSH,1,0,false,1652136887,"Selena Gomez - My Mind & Me"
"United States",1838810960,AUDIO,20260125,15,134342,NATURAL_END_OF_TRACK,IPHONE,1,0,false,1838810960,"Taylor Swift - Wood"
"United States",1524801960,AUDIO,20260125,4,96555,PLAYBACK_MANUALLY_PAUSED,IPHONE,1,0,false,1524801960,"Taylor Swift - this is me trying"
"United States",1541905079,AUDIO,20260125,21,37475,"MANUALLY_SELECTED_PLAYBACK_OF_A_DIFF_ITEM",MACINTOSH,1,1,false,1541905079,"Taylor Swift - my tears ricochet (the long pond studio sessions)"
"United States",1117418451,AUDIO,20260125,21,35701,"MANUALLY_SELECTED_PLAYBACK_OF_A_DIFF_ITEM",MACINTOSH,1,1,false,1117418451,"Jessie Mueller - She Used to Be Mine"
"United States",1595423274,AUDIO,20260125,"22, 23",34625,"MANUALLY_SELECTED_PLAYBACK_OF_A_DIFF_ITEM",MACINTOSH,1,1,false,1595423274,"Taylor Swift - Come Back...Be Here (Taylor's Version)"
"United States",1595423269,AUDIO,20260125,4,0,"MANUALLY_SELECTED_PLAYBACK_OF_A_DIFF_ITEM",IPHONE,0,1,false,1595423269,"Taylor Swift - The Lucky One (Taylor's Version)"
"United States",1544268301,AUDIO,20260125,2,0,"MANUALLY_SELECTED_PLAYBACK_OF_A_DIFF_ITEM",MACINTOSH,0,1,false,1544268301,"Taylor Swift - champagne problems"
"United States",1544268344,AUDIO,20260125,4,0,TRACK_SKIPPED_FORWARDS,IPHONE,0,1,false,1544268344,"Taylor Swift - tolerate it"
"United States",1689131978,AUDIO,20260125,23,0,"MANUALLY_SELECTED_PLAYBACK_OF_A_DIFF_ITEM",MACINTOSH,0,1,false,1689131978,"Taylor Swift - Bigger Than The Whole Sky"
"United States",1691828315,AUDIO,20260125,3,0,"MANUALLY_SELECTED_PLAYBACK_OF_A_DIFF_ITEM",MACINTOSH,0,1,false,1691828315,"Gracie Abrams - Difficult"
"United States",1838810961,AUDIO,20260126,"2, 5, 15, 16, 18",1440089,NATURAL_END_OF_TRACK,"IPHONE, MACINTOSH",7,0,false,1838810961,"Taylor Swift - CANCELLED!"
"United States",1838810955,AUDIO,20260126,"2, 5, 15, 18",1022327,NATURAL_END_OF_TRACK,"IPHONE, MACINTOSH",5,0,false,1838810955,"Taylor Swift - Father Figure"
"United States",1689131968,AUDIO,20260126,"0, 1, 6",743325,NATURAL_END_OF_TRACK,"IPHONE, MACINTOSH",3,0,false,1689131968,"Taylor Swift - Labyrinth"
"United States",1689131969,AUDIO,20260126,"0, 1, 6",613567,NATURAL_END_OF_TRACK,"IPHONE, MACINTOSH",3,0,false,1689131969,"Taylor Swift - Karma"
"United States",1838810959,AUDIO,20260126,"16, 18",596153,NATURAL_END_OF_TRACK,IPHONE,3,0,false,1838810959,"Taylor Swift - Wi$h Li$t"
"United States",1689090247,AUDIO,20260126,"1, 6",564603,NATURAL_END_OF_TRACK,"IPHONE, MACINTOSH",3,0,false,1689090247,"Taylor Swift - Sweet Nothing"
"United States",1718576584,AUDIO,20260126,"1, 6",555385,NATURAL_END_OF_TRACK,"IPHONE, MACINTOSH",2,0,false,1718576584,"Taylor Swift - You’re Losing Me (From The Vault)"
"United States",1689132077,AUDIO,20260126,"0, 6",525163,NATURAL_END_OF_TRACK,"IPHONE, MACINTOSH",2,0,false,1689132077,"Taylor Swift - Dear Reader"
"United States",1689132076,AUDIO,20260126,"0, 1",488833,NATURAL_END_OF_TRACK,MACINTOSH,2,1,false,1689132076,"Taylor Swift - Would've, Could've, Should've"
"United States",1689090249,AUDIO,20260126,"1, 7",480142,NATURAL_END_OF_TRACK,"IPHONE, MACINTOSH",2,0,false,1689090249,"Taylor Swift - The Great War"
"United States",1689132080,AUDIO,20260126,"1, 6",459532,NATURAL_END_OF_TRACK,"IPHONE, MACINTOSH",2,0,false,1689132080,"Taylor Swift - Snow On The Beach (feat. More Lana Del Rey)"
"United States",1838810951,AUDIO,20260126,"5, 16, 18",443199,NATURAL_END_OF_TRACK,IPHONE,2,1,false,1838810951,"Taylor Swift - The Fate of Ophelia"
"United States",1689131978,AUDIO,20260126,"0, 7",436438,NATURAL_END_OF_TRACK,"IPHONE, MACINTOSH",2,0,false,1689131978,"Taylor Swift - Bigger Than The Whole Sky"
"United States",1689131960,AUDIO,20260126,"1, 6",420537,NATURAL_END_OF_TRACK,"IPHONE, MACINTOSH",2,0,false,1689131960,"Taylor Swift - Question...?"
"United States",1689131982,AUDIO,20260126,"0, 1",417990,PLAYBACK_MANUALLY_PAUSED,MACINTOSH,2,0,false,1689131982,"Taylor Swift - High Infidelity"
"United States",1689131531,AUDIO,20260126,"1, 6",404234,NATURAL_END_OF_TRACK,"IPHONE, MACINTOSH",2,0,false,1689131531,"Taylor Swift - Lavender Haze"
"United States",1689090227,AUDIO,20260126,"1, 6",400987,NATURAL_END_OF_TRACK,"IPHONE, MACINTOSH",2,0,false,1689090227,"Taylor Swift - Anti-Hero"
"United States",1689090234,AUDIO,20260126,"0, 6",388305,NATURAL_END_OF_TRACK,"IPHONE, MACINTOSH",2,0,false,1689090234,"Taylor Swift - You're On Your Own, Kid"
"United States",1689090248,AUDIO,20260126,"0, 1",380860,NATURAL_END_OF_TRACK,MACINTOSH,2,0,false,1689090248,"Taylor Swift - Mastermind"
"United States",1838810953,AUDIO,20260126,"16, 18",358154,NATURAL_END_OF_TRACK,IPHONE,2,1,false,1838810953,"Taylor Swift - Opalite"
"United States",1689090235,AUDIO,20260126,"0, 6",349006,NATURAL_END_OF_TRACK,"IPHONE, MACINTOSH",2,0,false,1689090235,"Taylor Swift - Midnight Rain"
"United States",1838810957,AUDIO,20260126,"16, 18",322110,NATURAL_END_OF_TRACK,IPHONE,2,0,false,1838810957,"Taylor Swift - Ruin The Friendship"
"United States",1547316003,AUDIO,20260126,4,315951,PLAYBACK_MANUALLY_PAUSED,IPHONE,1,0,false,1547316003,"Taylor Swift - evermore (feat. Bon Iver)"
"United States",1838810958,AUDIO,20260126,"15, 18",299962,NATURAL_END_OF_TRACK,IPHONE,2,0,false,1838810958,"Taylor Swift - Actually Romantic"
"United States",1742058078,AUDIO,20260126,2,293094,NATURAL_END_OF_TRACK,MACINTOSH,1,0,false,1742058078,"Taylor Swift - The Tortured Poets Department"
"United States",1838810960,AUDIO,20260126,"15, 18",286689,NATURAL_END_OF_TRACK,IPHONE,2,0,false,1838810960,"Taylor Swift - Wood"
"United States",1838810952,AUDIO,20260126,18,265117,PLAYBACK_MANUALLY_PAUSED,IPHONE,2,0,false,1838810952,"Taylor Swift - Elizabeth Taylor"
"United States",1440818666,AUDIO,20260126,4,259050,NATURAL_END_OF_TRACK,IPHONE,1,0,false,1440818666,"Lorde - Ribs"
"United States",1440920739,AUDIO,20260126,2,242080,NATURAL_END_OF_TRACK,MACINTOSH,1,0,false,1440920739,"Taylor Swift - Haunted"
"United States",1838810964,AUDIO,20260126,"16, 18",241783,TRACK_SKIPPED_FORWARDS,IPHONE,1,2,false,1838810964,"Taylor Swift - The Life of a Showgirl (feat. Sabrina Carpenter)"
"United States",1838810956,AUDIO,20260126,"15, 18",223486,NATURAL_END_OF_TRACK,IPHONE,1,1,false,1838810956,"Taylor Swift - Eldest Daughter"
"United States",1689131532,AUDIO,20260126,1,217642,NATURAL_END_OF_TRACK,MACINTOSH,1,0,false,1689131532,"Taylor Swift - Maroon"
"United States",1689131965,AUDIO,20260126,0,193770,NATURAL_END_OF_TRACK,MACINTOSH,1,0,false,1689131965,"Taylor Swift - Bejeweled"
"United States",1838810963,AUDIO,20260126,18,182063,NATURAL_END_OF_TRACK,IPHONE,1,0,false,1838810963,"Taylor Swift - Honey"
"United States",1440935650,AUDIO,20260126,2,180674,PLAYBACK_MANUALLY_PAUSED,MACINTOSH,1,0,false,1440935650,"Taylor Swift - King of My Heart (Karaoke Version)"
"United States",1439806753,AUDIO,20260126,2,158600,NATURAL_END_OF_TRACK,MACINTOSH,1,0,false,1439806753,"Taylor Swift - Santa Baby"
"United States",1547315993,AUDIO,20260126,4,111435,"MANUALLY_SELECTED_PLAYBACK_OF_A_DIFF_ITEM",IPHONE,1,1,false,1547315993,"Taylor Swift - dorothea"
"United States",1868596282,AUDIO,20260126,4,0,"MANUALLY_SELECTED_PLAYBACK_OF_A_DIFF_ITEM",IPHONE,0,1,false,1868596282,"EXO - I’m Home"
"United States",1742058100,AUDIO,20260127,"2, 17, 19, 21",1337340,NATURAL_END_OF_TRACK,IPHONE,4,3,false,1742058100,"Taylor Swift - Who’s Afraid of Little Old Me?"
"United States",1742075877,AUDIO,20260127,"17, 21",499991,NATURAL_END_OF_TRACK,IPHONE,2,0,false,1742075877,"Taylor Swift - The Prophecy"
"United States",1838810955,AUDIO,20260127,"2, 17",420493,NATURAL_END_OF_TRACK,IPHONE,2,0,false,1838810955,"Taylor Swift - Father Figure"
"United States",1838810961,AUDIO,20260127,"2, 17",415167,NATURAL_END_OF_TRACK,IPHONE,2,0,false,1838810961,"Taylor Swift - CANCELLED!"
"United States",1742058269,AUDIO,20260127,"17, 21",407628,NATURAL_END_OF_TRACK,IPHONE,2,1,false,1742058269,"Taylor Swift - So High School"
"United States",1504700020,AUDIO,20260127,14,344347,NATURAL_END_OF_TRACK,IPHONE,1,0,false,1504700020,"Phoebe Bridgers - I Know the End"
"United States",1742058094,AUDIO,20260127,"17, 23",336363,OTHER,IPHONE,2,0,false,1742058094,"Taylor Swift - Florida!!! (feat. Florence + the Machine)"
"United States",1742058080,AUDIO,20260127,"2, 19",287455,TRACK_SKIPPED_FORWARDS,IPHONE,2,2,false,1742058080,"Taylor Swift - Down Bad"
"United States",1742057775,AUDIO,20260127,"2, 17, 19",263922,TRACK_SKIPPED_FORWARDS,IPHONE,2,3,false,1742057775,"Taylor Swift - Fortnight (feat. Post Malone)"
"United States",1650841755,AUDIO,20260127,14,261285,NATURAL_END_OF_TRACK,IPHONE,1,0,false,1650841755,"Taylor Swift - Would've, Could've, Should've"
"United States",1742058097,AUDIO,20260127,19,254637,NATURAL_END_OF_TRACK,IPHONE,1,0,false,1742058097,"Taylor Swift - Guilty as Sin?"
"United States",1487502476,AUDIO,20260127,16,245878,NATURAL_END_OF_TRACK,IPHONE,1,0,false,1487502476,"Billie Eilish - everything i wanted"
"United States",1742058105,AUDIO,20260127,19,245778,NATURAL_END_OF_TRACK,IPHONE,1,0,false,1742058105,"Taylor Swift - The Smallest Man Who Ever Lived"
"United States",1595423263,AUDIO,20260127,16,245220,NATURAL_END_OF_TRACK,IPHONE,1,0,false,1595423263,"Taylor Swift - I Almost Do (Taylor's Version)"
"United States",1742058273,AUDIO,20260127,22,244193,NATURAL_END_OF_TRACK,IPHONE,1,0,false,1742058273,"Taylor Swift - I Hate It Here"
"United States",1742058529,AUDIO,20260127,"17, 19",241864,TRACK_SKIPPED_FORWARDS,IPHONE,1,1,false,1742058529,"Taylor Swift - Robin"
"United States",1742058287,AUDIO,20260127,"15, 19",239335,TRACK_SKIPPED_FORWARDS,IPHONE,1,1,false,1742058287,"Taylor Swift - The Bolter"
"United States",1694386840,AUDIO,20260127,17,232425,NATURAL_END_OF_TRACK,IPHONE,1,0,false,1694386840,"Olivia Rodrigo - logical"
"United States",1673804914,AUDIO,20260127,14,231108,NATURAL_END_OF_TRACK,IPHONE,1,0,false,1673804914,"Ed Sheeran - End Of Youth"
"United States",1838810953,AUDIO,20260127,17,229797,NATURAL_END_OF_TRACK,IPHONE,1,0,false,1838810953,"Taylor Swift - Opalite"
"United States",1742074018,AUDIO,20260127,21,229007,NATURAL_END_OF_TRACK,IPHONE,1,0,false,1742074018,"Taylor Swift - Fortnight (feat. Post Malone)"
"United States",1673805199,AUDIO,20260127,14,224965,NATURAL_END_OF_TRACK,IPHONE,1,0,false,1673805199,"Ed Sheeran - Curtains"
"United States",1716425744,AUDIO,20260127,14,216473,NATURAL_END_OF_TRACK,IPHONE,1,0,false,1716425744,"Reneé Rapp - Snow Angel"
"United States",1742075225,AUDIO,20260127,"17, 22",213269,NATURAL_END_OF_TRACK,IPHONE,1,1,false,1742075225,"Taylor Swift - Chloe or Sam or Sophia or Marcus"
"United States",1838812727,AUDIO,20260127,23,212777,NATURAL_END_OF_TRACK,MACINTOSH,1,0,false,1850496249,"Taylor Swift - Father Figure"
"United States",1838810964,AUDIO,20260127,17,208909,NATURAL_END_OF_TRACK,IPHONE,1,0,false,1838810964,"Taylor Swift - The Life of a Showgirl (feat. Sabrina Carpenter)"
"United States",1838810959,AUDIO,20260127,17,206294,NATURAL_END_OF_TRACK,IPHONE,1,0,false,1838810959,"Taylor Swift - Wi$h Li$t"
"United States",1742074192,AUDIO,20260127,19,204122,NATURAL_END_OF_TRACK,IPHONE,1,0,false,1742074192,"Taylor Swift - My Boy Only Breaks His Favorite Toys"
"United States",1742074927,AUDIO,20260127,21,197302,NATURAL_END_OF_TRACK,IPHONE,1,0,false,1742074927,"Taylor Swift - The Alchemy"
"United States",1742058103,AUDIO,20260127,"2, 21",159766,TRACK_SKIPPED_FORWARDS,IPHONE,1,2,false,1742058103,"Taylor Swift - loml"
"United States",1838812734,AUDIO,20260127,23,156429,PLAYBACK_MANUALLY_PAUSED,MACINTOSH,1,0,false,1850496258,"Taylor Swift - CANCELLED!"
"United States",1742058079,AUDIO,20260127,2,155060,PLAYBACK_MANUALLY_PAUSED,IPHONE,1,0,false,1742058079,"Taylor Swift - My Boy Only Breaks His Favorite Toys"
"United States",1742058275,AUDIO,20260127,21,131813,NATURAL_END_OF_TRACK,IPHONE,1,0,false,1742058275,"Taylor Swift - I Look in People's Windows"
"United States",1690840524,AUDIO,20260127,14,124810,TRACK_SKIPPED_FORWARDS,IPHONE,1,1,false,1690840524,"Taylor Swift - Never Grow Up (Taylor's Version)"
"United States",1838810963,AUDIO,20260127,"2, 14",99067,TRACK_SKIPPED_FORWARDS,IPHONE,1,1,false,1838810963,"Taylor Swift - Honey"
"United States",1690840121,AUDIO,20260127,14,90286,PLAYBACK_MANUALLY_PAUSED,IPHONE,1,0,false,1690840121,"Taylor Swift - Back To December (Taylor's Version)"
"United States",1838810957,AUDIO,20260127,17,74253,TRACK_SKIPPED_FORWARDS,IPHONE,1,1,false,1838810957,"Taylor Swift - Ruin The Friendship"
"United States",1838810952,AUDIO,20260127,17,64716,TRACK_SKIPPED_FORWARDS,IPHONE,1,1,false,1838810952,"Taylor Swift - Elizabeth Taylor"
"United States",1742058083,AUDIO,20260127,21,47324,TRACK_SKIPPED_FORWARDS,IPHONE,1,1,false,1742058083,"Taylor Swift - So Long, London"
"United States",1595423259,AUDIO,20260127,23,0,"MANUALLY_SELECTED_PLAYBACK_OF_A_DIFF_ITEM",MACINTOSH,0,1,false,1595423259,"Taylor Swift - I Knew You Were Trouble (Taylor's Version)"
"United States",1838810956,AUDIO,20260127,17,0,"MANUALLY_SELECTED_PLAYBACK_OF_A_DIFF_ITEM",IPHONE,0,1,false,1838810956,"Taylor Swift - Eldest Daughter"
"United States",1742058284,AUDIO,20260127,"2, 17, 21",0,TRACK_SKIPPED_FORWARDS,IPHONE,0,3,false,1742058284,"Taylor Swift - Peter"
"United States",1742058101,AUDIO,20260127,17,0,"MANUALLY_SELECTED_PLAYBACK_OF_A_DIFF_ITEM",IPHONE,0,2,false,1742058101,"Taylor Swift - I Can Fix Him (No Really I Can)"
"United States",1742058078,AUDIO,20260127,2,0,TRACK_SKIPPED_FORWARDS,IPHONE,0,1,false,1742058078,"Taylor Swift - The Tortured Poets Department"
"United States",1742076181,AUDIO,20260127,19,0,TRACK_SKIPPED_FORWARDS,IPHONE,0,1,false,1742076181,"Taylor Swift - The Manuscript"
"United States",1742058259,AUDIO,20260127,21,0,TRACK_SKIPPED_FORWARDS,IPHONE,0,1,false,1742058259,"Taylor Swift - The Black Dog"
"United States",1742058282,AUDIO,20260127,2,0,TRACK_SKIPPED_FORWARDS,IPHONE,0,2,false,1742058282,"Taylor Swift - Cassandra"
"United States",1691828315,AUDIO,20260127,17,0,"MANUALLY_SELECTED_PLAYBACK_OF_A_DIFF_ITEM",IPHONE,0,1,false,1691828315,"Gracie Abrams - Difficult"
"United States",1742058267,AUDIO,20260127,2,0,TRACK_SKIPPED_FORWARDS,IPHONE,0,1,false,1742058267,"Taylor Swift - How Did It End?"
"United States",1838810960,AUDIO,20260127,14,0,"MANUALLY_SELECTED_PLAYBACK_OF_A_DIFF_ITEM",IPHONE,0,1,false,1838810960,"Taylor Swift - Wood"
"United States",1742058085,AUDIO,20260127,"2, 19",0,TRACK_SKIPPED_FORWARDS,IPHONE,0,2,false,1742058085,"Taylor Swift - But Daddy I Love Him"
"United States",1838812723,AUDIO,20260127,23,0,"MANUALLY_SELECTED_PLAYBACK_OF_A_DIFF_ITEM",MACINTOSH,0,1,false,1850496033,"Taylor Swift - The Fate of Ophelia"
"United States",1742075509,AUDIO,20260127,19,0,TRACK_SKIPPED_FORWARDS,IPHONE,0,1,false,1742075509,"Taylor Swift - How Did It End?"
"United States",1742058260,AUDIO,20260127,19,0,TRACK_SKIPPED_FORWARDS,IPHONE,0,1,false,1742058260,"Taylor Swift - imgonnagetyouback"
"United States",1440935650,AUDIO,20260127,23,0,TRACK_SKIPPED_FORWARDS,MACINTOSH,0,1,false,1440935650,"Taylor Swift - King of My Heart (Karaoke Version)"
"United States",1556087008,AUDIO,20260128,"20, 21",1129653,PLAYBACK_MANUALLY_PAUSED,IPHONE,6,2,false,1556087008,"TWICE - Feel Special"
"United States",1838810961,AUDIO,20260128,"5, 17, 23",993496,NATURAL_END_OF_TRACK,MACINTOSH,4,0,false,1838810961,"Taylor Swift - CANCELLED!"
"United States",1742058100,AUDIO,20260128,"4, 23",668847,NATURAL_END_OF_TRACK,IPHONE,2,0,false,1742058100,"Taylor Swift - Who’s Afraid of Little Old Me?"
"United States",1742058104,AUDIO,20260128,"3, 4, 19",617320,TRACK_SKIPPED_FORWARDS,IPHONE,3,2,false,1742058104,"Taylor Swift - I Can Do It With a Broken Heart"
"United States",1838810955,AUDIO,20260128,"5, 17, 23",605360,NATURAL_END_OF_TRACK,MACINTOSH,3,0,false,1838810955,"Taylor Swift - Father Figure"
"United States",1838810953,AUDIO,20260128,"5, 17",543371,NATURAL_END_OF_TRACK,MACINTOSH,2,0,false,1838810953,"Taylor Swift - Opalite"
"United States",1838810957,AUDIO,20260128,"5, 17, 23",445114,PLAYBACK_MANUALLY_PAUSED,MACINTOSH,3,0,false,1838810957,"Taylor Swift - Ruin The Friendship"
"United States",1838810952,AUDIO,20260128,"5, 17",394296,NATURAL_END_OF_TRACK,MACINTOSH,2,0,false,1838810952,"Taylor Swift - Elizabeth Taylor"
"United States",1742058105,AUDIO,20260128,"4, 19, 23",362655,TRACK_SKIPPED_FORWARDS,IPHONE,2,2,false,1742058105,"Taylor Swift - The Smallest Man Who Ever Lived"
"United States",1870984033,AUDIO,20260128,19,312785,NATURAL_END_OF_TRACK,IPHONE,1,0,false,1870984033,"Harry Styles - Aperture"
"United States",1742058103,AUDIO,20260128,23,276851,NATURAL_END_OF_TRACK,IPHONE,1,0,false,1742058103,"Taylor Swift - loml"
"United States",1742074018,AUDIO,20260128,23,229656,NATURAL_END_OF_TRACK,IPHONE,1,0,false,1742074018,"Taylor Swift - Fortnight (feat. Post Malone)"
"United States",1742058269,AUDIO,20260128,"19, 23",229234,TRACK_SKIPPED_FORWARDS,IPHONE,1,1,false,1742058269,"Taylor Swift - So High School"
"United States",1555410490,AUDIO,20260128,"20, 21",222974,"MANUALLY_SELECTED_PLAYBACK_OF_A_DIFF_ITEM",IPHONE,2,1,false,1555410490,"TWICE - Heart Shaker"
"United States",1838810951,AUDIO,20260128,17,217446,NATURAL_END_OF_TRACK,MACINTOSH,1,0,false,1838810951,"Taylor Swift - The Fate of Ophelia"
"United States",1742074936,AUDIO,20260128,"19, 23",216703,TRACK_SKIPPED_FORWARDS,IPHONE,1,1,false,1742074936,"Taylor Swift - Clara Bow"
"United States",1742058094,AUDIO,20260128,"3, 19, 23",215886,NATURAL_END_OF_TRACK,IPHONE,1,2,false,1742058094,"Taylor Swift - Florida!!! (feat. Florence + the Machine)"
"United States",1742058092,AUDIO,20260128,19,210728,NATURAL_END_OF_TRACK,IPHONE,1,0,false,1742058092,"Taylor Swift - Fresh Out The Slammer"
"United States",1555390355,AUDIO,20260128,20,210463,NATURAL_END_OF_TRACK,IPHONE,1,0,false,1555390355,"TWICE - The Best Thing I Ever Did"
"United States",1555389973,AUDIO,20260128,20,209087,NATURAL_END_OF_TRACK,IPHONE,1,0,false,1555389973,"TWICE - Cheer Up"
"United States",1555410496,AUDIO,20260128,20,208857,NATURAL_END_OF_TRACK,IPHONE,1,0,false,1555410496,"TWICE - LIKEY"
"United States",1535654244,AUDIO,20260128,20,205817,NATURAL_END_OF_TRACK,IPHONE,1,0,false,1535654244,"TWICE - I CAN'T STOP ME"
"United States",1544547947,AUDIO,20260128,20,204068,NATURAL_END_OF_TRACK,IPHONE,1,0,false,1544547947,"TWICE - CRY FOR ME"
"United States",1870962417,AUDIO,20260128,23,200424,NATURAL_END_OF_TRACK,MACINTOSH,1,0,false,1870962417,"Zara Larsson - Lush Life"
"United States",1515404862,AUDIO,20260128,20,199890,NATURAL_END_OF_TRACK,IPHONE,1,0,false,1515404862,"TWICE - MORE & MORE"
"United States",1870962572,AUDIO,20260128,23,189808,NATURAL_END_OF_TRACK,MACINTOSH,1,0,false,1870962572,"Zara Larsson - Midnight Sun"
"United States",1556087211,AUDIO,20260128,21,187165,NATURAL_END_OF_TRACK,IPHONE,1,1,false,1556087211,"TWICE - Get Loud"
"United States",1838810959,AUDIO,20260128,17,181999,NATURAL_END_OF_TRACK,MACINTOSH,1,0,false,1838810959,"Taylor Swift - Wi$h Li$t"
"United States",1555401454,AUDIO,20260128,20,181170,NATURAL_END_OF_TRACK,IPHONE,1,0,false,1555401454,"TWICE - Dance The Night Away"
"United States",1838810964,AUDIO,20260128,17,178665,NATURAL_END_OF_TRACK,MACINTOSH,1,0,false,1838810964,"Taylor Swift - The Life of a Showgirl (feat. Sabrina Carpenter)"
"United States",1431628257,AUDIO,20260128,20,156237,NATURAL_END_OF_TRACK,IPHONE,1,0,false,1431628257,"张艺兴 & Alan Walker - Sheep (Alan Walker Relift)"
"United States",1838810958,AUDIO,20260128,17,135912,NATURAL_END_OF_TRACK,MACINTOSH,1,0,false,1838810958,"Taylor Swift - Actually Romantic"
"United States",1838810960,AUDIO,20260128,17,126467,OTHER,MACINTOSH,1,0,false,1838810960,"Taylor Swift - Wood"
"United States",1556087202,AUDIO,20260128,21,96931,PLAYBACK_SUSPENDED,IPHONE,1,1,false,1556087202,"TWICE - Rainbow"
"United States",1870962575,AUDIO,20260128,23,90599,PLAYBACK_MANUALLY_PAUSED,MACINTOSH,1,0,false,1870962575,"Zara Larsson - Lush Life (Alex Adair Remix)"
"United States",1742058261,AUDIO,20260128,19,62929,TRACK_SKIPPED_FORWARDS,IPHONE,1,1,false,1742058261,"Taylor Swift - The Albatross"
"United States",1555401294,AUDIO,20260128,20,38451,PLAYBACK_SUSPENDED,IPHONE,1,0,false,1555401294,"TWICE - Do It Again"
"United States",1555396346,AUDIO,20260128,20,37501,TRACK_SKIPPED_FORWARDS,IPHONE,1,1,false,1555396346,"TWICE - KNOCK KNOCK"
"United States",1828289440,AUDIO,20260128,20,31724,"MANUALLY_SELECTED_PLAYBACK_OF_A_DIFF_ITEM",IPHONE,1,1,false,1828289440,"Chris Brown - It Depends (feat. Bryson Tiller)"
"United States",1620163900,AUDIO,20260128,23,0,"MANUALLY_SELECTED_PLAYBACK_OF_A_DIFF_ITEM",MACINTOSH,0,1,false,1620163900,"Sigala & Talia Mar - Stay the Night"
"United States",1517531452,AUDIO,20260128,23,0,"MANUALLY_SELECTED_PLAYBACK_OF_A_DIFF_ITEM",MACINTOSH,0,1,false,1517531452,"Marshmello, Halsey & Surf Mesa - Be Kind (Surf Mesa Remix)"
"United States",1742058274,AUDIO,20260128,19,0,TRACK_SKIPPED_FORWARDS,IPHONE,0,1,false,1742058274,"Taylor Swift - thanK you aIMee"
"United States",1726087590,AUDIO,20260128,20,0,TRACK_SKIPPED_FORWARDS,IPHONE,0,1,false,1726087590,"TWICE - ONE SPARK"
"United States",1817499499,AUDIO,20260128,23,0,"MANUALLY_SELECTED_PLAYBACK_OF_A_DIFF_ITEM",MACINTOSH,0,1,false,1817499499,"Zara Larsson - Blue Moon"
"United States",1669081591,AUDIO,20260128,20,0,TRACK_SKIPPED_FORWARDS,IPHONE,0,1,false,1669081591,"TWICE - SET ME FREE"
"United States",1555389978,AUDIO,20260128,20,0,"MANUALLY_SELECTED_PLAYBACK_OF_A_DIFF_ITEM",IPHONE,0,1,false,1555389978,"TWICE - Touchdown"
"United States",1742058101,AUDIO,20260128,19,0,"MANUALLY_SELECTED_PLAYBACK_OF_A_DIFF_ITEM",IPHONE,0,1,false,1742058101,"Taylor Swift - I Can Fix Him (No Really I Can)"
"United States",1742075225,AUDIO,20260128,23,0,TRACK_SKIPPED_FORWARDS,IPHONE,0,1,false,1742075225,"Taylor Swift - Chloe or Sam or Sophia or Marcus"
"United States",1826124849,AUDIO,20260128,20,0,"MANUALLY_SELECTED_PLAYBACK_OF_A_DIFF_ITEM",IPHONE,0,1,false,N/A,"TWICE - THIS IS FOR"
"United States",1524802476,AUDIO,20260128,20,0,"MANUALLY_SELECTED_PLAYBACK_OF_A_DIFF_ITEM",IPHONE,0,1,false,1524802476,"Taylor Swift - peace"
"United States",1635656417,AUDIO,20260128,20,0,TRACK_SKIPPED_FORWARDS,IPHONE,0,1,false,1635656417,"TWICE - Talk that Talk"
"United States",1838810956,AUDIO,20260128,23,0,"MANUALLY_SELECTED_PLAYBACK_OF_A_DIFF_ITEM",MACINTOSH,0,1,false,1838810956,"Taylor Swift - Eldest Daughter"
"United States",1742058097,AUDIO,20260128,23,0,TRACK_SKIPPED_FORWARDS,IPHONE,0,1,false,1742058097,"Taylor Swift - Guilty as Sin?"
"United States",1813490998,AUDIO,20260128,20,0,"MANUALLY_SELECTED_PLAYBACK_OF_A_DIFF_ITEM",IPHONE,0,1,false,1813490998,"TWICE - THIS IS FOR"
"United States",1742058078,AUDIO,20260128,19,0,TRACK_SKIPPED_FORWARDS,IPHONE,0,1,false,1742058078,"Taylor Swift - The Tortured Poets Department"
"United States",1437890570,AUDIO,20260128,20,0,"MANUALLY_SELECTED_PLAYBACK_OF_A_DIFF_ITEM",IPHONE,0,1,false,1437890570,"张艺兴 - Give Me A Chance"
"United States",1742058100,AUDIO,20260129,"3, 9, 14, 19",1826539,NATURAL_END_OF_TRACK,"IPHONE, MACINTOSH",5,0,false,1742058100,"Taylor Swift - Who’s Afraid of Little Old Me?"
"United States",1742058104,AUDIO,20260129,"1, 3, 14, 19, 20",1092288,NATURAL_END_OF_TRACK,IPHONE,5,0,false,1742058104,"Taylor Swift - I Can Do It With a Broken Heart"
"United States",1742058105,AUDIO,20260129,"9, 14, 19",1091599,NATURAL_END_OF_TRACK,"IPHONE, MACINTOSH",5,1,false,1742058105,"Taylor Swift - The Smallest Man Who Ever Lived"
"United States",1742075877,AUDIO,20260129,"1, 9, 16, 19",908725,NATURAL_END_OF_TRACK,"IPHONE, MACINTOSH",4,0,false,1742075877,"Taylor Swift - The Prophecy"
"United States",1742058269,AUDIO,20260129,"9, 14, 19",687660,NATURAL_END_OF_TRACK,"IPHONE, MACINTOSH",3,0,false,1742058269,"Taylor Swift - So High School"
"United States",1742057775,AUDIO,20260129,"1, 3",458522,NATURAL_END_OF_TRACK,IPHONE,2,0,false,1742057775,"Taylor Swift - Fortnight (feat. Post Malone)"
"United States",1742074018,AUDIO,20260129,"9, 14, 20",457961,NATURAL_END_OF_TRACK,"IPHONE, MACINTOSH",2,1,false,1742074018,"Taylor Swift - Fortnight (feat. Post Malone)"
"United States",1742058097,AUDIO,20260129,"14, 20",431218,NATURAL_END_OF_TRACK,IPHONE,2,1,false,1742058097,"Taylor Swift - Guilty as Sin?"
"United States",1742074192,AUDIO,20260129,"16, 20",408023,NATURAL_END_OF_TRACK,IPHONE,2,0,false,1742074192,"Taylor Swift - My Boy Only Breaks His Favorite Toys"
"United States",1485802982,AUDIO,20260129,7,378272,NATURAL_END_OF_TRACK,MACINTOSH,1,0,false,N/A,"Harry Styles - Fine Line"
"United States",1742058085,AUDIO,20260129,"1, 14, 19",342085,NATURAL_END_OF_TRACK,IPHONE,1,2,false,1742058085,"Taylor Swift - But Daddy I Love Him"
"United States",1870984033,AUDIO,20260129,7,312081,NATURAL_END_OF_TRACK,MACINTOSH,1,0,false,1870984033,"Harry Styles - Aperture"
"United States",1870984033,AUDIO,20260129,7,312068,NATURAL_END_OF_TRACK,MACINTOSH,1,0,false,N/A,"Harry Styles - Aperture"
"United States",1718576584,AUDIO,20260129,8,277841,NATURAL_END_OF_TRACK,MACINTOSH,1,0,false,1718576584,"Taylor Swift - You’re Losing Me (From The Vault)"
"United States",1742058274,AUDIO,20260129,"1, 19",264156,NATURAL_END_OF_TRACK,IPHONE,1,1,false,1742058274,"Taylor Swift - thanK you aIMee"
"United States",1689131968,AUDIO,20260129,8,247922,NATURAL_END_OF_TRACK,MACINTOSH,1,0,false,1689131968,"Taylor Swift - Labyrinth"
"United States",1850496250,AUDIO,20260129,8,246269,NATURAL_END_OF_TRACK,MACINTOSH,1,0,false,1850496250,"Taylor Swift - Eldest Daughter"
"United States",1742058273,AUDIO,20260129,"1, 20",243893,NATURAL_END_OF_TRACK,IPHONE,1,1,false,1742058273,"Taylor Swift - I Hate It Here"
"United States",1742058092,AUDIO,20260129,"14, 20",241329,TRACK_SKIPPED_FORWARDS,IPHONE,2,1,false,1742058092,"Taylor Swift - Fresh Out The Slammer"
"United States",1742058282,AUDIO,20260129,"1, 14, 20",240514,"MANUALLY_SELECTED_PLAYBACK_OF_A_DIFF_ITEM",IPHONE,1,2,false,1742058282,"Taylor Swift - Cassandra"
"United States",1485802975,AUDIO,20260129,8,239382,NATURAL_END_OF_TRACK,MACINTOSH,1,0,false,N/A,"Harry Styles - Falling"
"United States",1742058259,AUDIO,20260129,"1, 9",238802,NATURAL_END_OF_TRACK,"IPHONE, MACINTOSH",1,1,false,1742058259,"Taylor Swift - The Black Dog"
"United States",1850496038,AUDIO,20260129,8,235618,NATURAL_END_OF_TRACK,MACINTOSH,1,0,false,1850496038,"Taylor Swift - Opalite"
"United States",1850496251,AUDIO,20260129,8,220515,NATURAL_END_OF_TRACK,MACINTOSH,1,0,false,1850496251,"Taylor Swift - Ruin The Friendship"
"United States",1742058094,AUDIO,20260129,"1, 14, 20",217373,"MANUALLY_SELECTED_PLAYBACK_OF_A_DIFF_ITEM",IPHONE,1,2,false,1742058094,"Taylor Swift - Florida!!! (feat. Florence + the Machine)"
"United States",1742074936,AUDIO,20260129,"3, 20",216964,TRACK_SKIPPED_FORWARDS,IPHONE,1,1,false,1742074936,"Taylor Swift - Clara Bow"
"United States",1838810955,AUDIO,20260129,8,213088,NATURAL_END_OF_TRACK,MACINTOSH,1,0,false,1838810955,"Taylor Swift - Father Figure"
"United States",1838810961,AUDIO,20260129,8,211814,NATURAL_END_OF_TRACK,MACINTOSH,1,0,false,1838810961,"Taylor Swift - CANCELLED!"
"United States",1850496256,AUDIO,20260129,8,207374,NATURAL_END_OF_TRACK,MACINTOSH,1,0,false,1850496256,"Taylor Swift - Wi$h Li$t"
"United States",1689131969,AUDIO,20260129,8,205177,NATURAL_END_OF_TRACK,MACINTOSH,1,0,false,1689131969,"Taylor Swift - Karma"
"United States",1615585011,AUDIO,20260129,7,202427,NATURAL_END_OF_TRACK,MACINTOSH,1,0,false,N/A,"Harry Styles - Little Freak"
"United States",1870962417,AUDIO,20260129,7,200658,NATURAL_END_OF_TRACK,MACINTOSH,1,0,false,1870962417,"Zara Larsson - Lush Life"
"United States",1742058103,AUDIO,20260129,"16, 20",193980,OTHER,IPHONE,1,1,false,1742058103,"Taylor Swift - loml"
"United States",1615585001,AUDIO,20260129,8,193965,NATURAL_END_OF_TRACK,MACINTOSH,1,0,false,N/A,"Harry Styles - Music For a Sushi Restaurant"
"United States",1689090248,AUDIO,20260129,9,191075,NATURAL_END_OF_TRACK,MACINTOSH,1,0,false,1689090248,"Taylor Swift - Mastermind"
"United States",1742058079,AUDIO,20260129,1,191024,PLAYBACK_MANUALLY_PAUSED,IPHONE,1,0,false,1742058079,"Taylor Swift - My Boy Only Breaks His Favorite Toys"
"United States",1226034395,AUDIO,20260129,7,189967,NATURAL_END_OF_TRACK,MACINTOSH,1,0,false,N/A,"Harry Styles - Carolina"
"United States",1615585098,AUDIO,20260129,8,187987,NATURAL_END_OF_TRACK,MACINTOSH,1,0,false,N/A,"Harry Styles - Daydreaming"
"United States",1850496259,AUDIO,20260129,8,181433,NATURAL_END_OF_TRACK,MACINTOSH,1,0,false,1850496259,"Taylor Swift - Honey"
"United States",1689090235,AUDIO,20260129,8,175105,NATURAL_END_OF_TRACK,MACINTOSH,1,0,false,1689090235,"Taylor Swift - Midnight Rain"
"United States",1615585009,AUDIO,20260129,7,164616,NATURAL_END_OF_TRACK,MACINTOSH,1,0,false,N/A,"Harry Styles - Daylight"
"United States",1850496255,AUDIO,20260129,8,163998,NATURAL_END_OF_TRACK,MACINTOSH,1,0,false,1850496255,"Taylor Swift - Actually Romantic"
"United States",1742058101,AUDIO,20260129,"1, 19",156578,NATURAL_END_OF_TRACK,IPHONE,1,1,false,1742058101,"Taylor Swift - I Can Fix Him (No Really I Can)"
"United States",1850496257,AUDIO,20260129,8,150780,NATURAL_END_OF_TRACK,MACINTOSH,1,0,false,1850496257,"Taylor Swift - Wood"
"United States",1615585099,AUDIO,20260129,7,140150,NATURAL_END_OF_TRACK,MACINTOSH,1,0,false,N/A,"Harry Styles - Keep Driving"
"United States",1742058275,AUDIO,20260129,"1, 20",132303,NATURAL_END_OF_TRACK,IPHONE,1,1,false,1742058275,"Taylor Swift - I Look in People's Windows"
"United States",1870962572,AUDIO,20260129,7,95477,"MANUALLY_SELECTED_PLAYBACK_OF_A_DIFF_ITEM",MACINTOSH,1,1,false,1870962572,"Zara Larsson - Midnight Sun"
"United States",1485802981,AUDIO,20260129,8,88037,"MANUALLY_SELECTED_PLAYBACK_OF_A_DIFF_ITEM",MACINTOSH,1,1,false,N/A,"Harry Styles - Treat People With Kindness"
"United States",1595423411,AUDIO,20260129,9,72138,"MANUALLY_SELECTED_PLAYBACK_OF_A_DIFF_ITEM",MACINTOSH,1,1,false,1595423411,"Taylor Swift - All Too Well (10 Minute Version) (Taylor's Version) (From The Vault)"
"United States",1615585008,AUDIO,20260129,8,52988,TRACK_SKIPPED_FORWARDS,MACINTOSH,1,1,false,N/A,"Harry Styles - As It Was"
"United States",1615585100,AUDIO,20260129,8,0,TRACK_SKIPPED_FORWARDS,MACINTOSH,0,1,false,N/A,"Harry Styles - Satellite"
"United States",1742058080,AUDIO,20260129,"14, 20",0,TRACK_SKIPPED_FORWARDS,IPHONE,0,2,false,1742058080,"Taylor Swift - Down Bad"
"United States",1742076181,AUDIO,20260129,"1, 14, 20",0,TRACK_SKIPPED_FORWARDS,IPHONE,0,3,false,1742076181,"Taylor Swift - The Manuscript"
"United States",1742074927,AUDIO,20260129,20,0,TRACK_SKIPPED_FORWARDS,IPHONE,0,1,false,1742074927,"Taylor Swift - The Alchemy"
"United States",1742058078,AUDIO,20260129,20,0,TRACK_SKIPPED_FORWARDS,IPHONE,0,1,false,1742058078,"Taylor Swift - The Tortured Poets Department"
"United States",1742058529,AUDIO,20260129,"14, 20",0,TRACK_SKIPPED_FORWARDS,IPHONE,0,2,false,1742058529,"Taylor Swift - Robin"
"United States",1485802967,AUDIO,20260129,8,0,TRACK_SKIPPED_FORWARDS,MACINTOSH,0,1,false,N/A,"Harry Styles - Watermelon Sugar"
"United States",1742058267,AUDIO,20260129,"1, 14",0,TRACK_SKIPPED_FORWARDS,IPHONE,0,2,false,1742058267,"Taylor Swift - How Did It End?"
"United States",1742075509,AUDIO,20260129,16,0,TRACK_SKIPPED_FORWARDS,IPHONE,0,1,false,1742075509,"Taylor Swift - How Did It End?"
"United States",1485802977,AUDIO,20260129,8,0,TRACK_SKIPPED_FORWARDS,MACINTOSH,0,1,false,N/A,"Harry Styles - She"
"United States",1615585006,AUDIO,20260129,8,0,TRACK_SKIPPED_FORWARDS,MACINTOSH,0,1,false,N/A,"Harry Styles - Late Night Talking"
"United States",1742075225,AUDIO,20260129,20,0,TRACK_SKIPPED_FORWARDS,IPHONE,0,1,false,1742075225,"Taylor Swift - Chloe or Sam or Sophia or Marcus"
"United States",1742058284,AUDIO,20260129,14,0,TRACK_SKIPPED_FORWARDS,IPHONE,0,1,false,1742058284,"Taylor Swift - Peter"
"United States",1742058260,AUDIO,20260129,"1, 14",0,"MANUALLY_SELECTED_PLAYBACK_OF_A_DIFF_ITEM",IPHONE,0,2,false,1742058260,"Taylor Swift - imgonnagetyouback"
"United States",1844932150,AUDIO,20260129,7,0,"MANUALLY_SELECTED_PLAYBACK_OF_A_DIFF_ITEM",MACINTOSH,0,1,false,1844932150,"Ella Langley - Choosin' Texas"
"United States",1742058100,AUDIO,20260130,"0, 2, 23",1388981,NATURAL_END_OF_TRACK,IPHONE,5,1,false,1742058100,"Taylor Swift - Who’s Afraid of Little Old Me?"
"United States",1440812146,AUDIO,20260130,3,545643,NATURAL_END_OF_TRACK,IPHONE,3,0,false,1440812146,"t.A.T.u. - All The Things She Said"
"United States",1742058104,AUDIO,20260130,"20, 23",436511,NATURAL_END_OF_TRACK,"IPHONE, MACINTOSH",2,0,false,1742058104,"Taylor Swift - I Can Do It With a Broken Heart"
"United States",1838810961,AUDIO,20260130,2,312782,NATURAL_END_OF_TRACK,IPHONE,2,0,false,1838810961,"Taylor Swift - CANCELLED!"
"United States",1870984033,AUDIO,20260130,"0, 1",312296,TRACK_SKIPPED_FORWARDS,IPHONE,1,1,false,N/A,"Harry Styles - Aperture"
"United States",1742058097,AUDIO,20260130,18,254498,NATURAL_END_OF_TRACK,IPHONE,1,0,false,1742058097,"Taylor Swift - Guilty as Sin?"
"United States",1742058094,AUDIO,20260130,23,249059,TRACK_SKIPPED_FORWARDS,IPHONE,2,1,false,1742058094,"Taylor Swift - Florida!!! (feat. Florence + the Machine)"
"United States",1742057775,AUDIO,20260130,23,229002,NATURAL_END_OF_TRACK,IPHONE,1,0,false,1742057775,"Taylor Swift - Fortnight (feat. Post Malone)"
"United States",1742058269,AUDIO,20260130,23,228945,NATURAL_END_OF_TRACK,IPHONE,1,0,false,1742058269,"Taylor Swift - So High School"
"United States",1742074192,AUDIO,20260130,23,204314,NATURAL_END_OF_TRACK,IPHONE,1,0,false,1742074192,"Taylor Swift - My Boy Only Breaks His Favorite Toys"
"United States",1838810955,AUDIO,20260130,2,201707,NATURAL_END_OF_TRACK,IPHONE,1,0,false,1838810955,"Taylor Swift - Father Figure"
"United States",1742074927,AUDIO,20260130,23,197637,NATURAL_END_OF_TRACK,IPHONE,1,0,false,1742074927,"Taylor Swift - The Alchemy"
"United States",1226034810,AUDIO,20260130,"0, 1",148594,"MANUALLY_SELECTED_PLAYBACK_OF_A_DIFF_ITEM",IPHONE,1,2,false,N/A,"Harry Styles - Kiwi"
"United States",1742058092,AUDIO,20260130,"18, 23",119107,"MANUALLY_SELECTED_PLAYBACK_OF_A_DIFF_ITEM",IPHONE,1,1,false,1742058092,"Taylor Swift - Fresh Out The Slammer"
"United States",1742058260,AUDIO,20260130,"0, 23",112407,"MANUALLY_SELECTED_PLAYBACK_OF_A_DIFF_ITEM",IPHONE,2,2,false,1742058260,"Taylor Swift - imgonnagetyouback"
"United States",1742074018,AUDIO,20260130,20,74712,PLAYBACK_MANUALLY_PAUSED,MACINTOSH,1,0,false,1742074018,"Taylor Swift - Fortnight (feat. Post Malone)"
"United States",1742075877,AUDIO,20260130,23,72001,TRACK_SKIPPED_FORWARDS,IPHONE,1,1,false,1742075877,"Taylor Swift - The Prophecy"
"United States",1742075225,AUDIO,20260130,23,38504,TRACK_SKIPPED_FORWARDS,IPHONE,1,1,false,1742075225,"Taylor Swift - Chloe or Sam or Sophia or Marcus"
"United States",1742075509,AUDIO,20260130,23,0,TRACK_SKIPPED_FORWARDS,IPHONE,0,1,false,1742075509,"Taylor Swift - How Did It End?"
"United States",1742058083,AUDIO,20260130,23,0,TRACK_SKIPPED_FORWARDS,IPHONE,0,1,false,1742058083,"Taylor Swift - So Long, London"
"United States",1742058275,AUDIO,20260130,"18, 23",0,TRACK_SKIPPED_FORWARDS,IPHONE,0,2,false,1742058275,"Taylor Swift - I Look in People's Windows"
"United States",1742058261,AUDIO,20260130,23,0,"MANUALLY_SELECTED_PLAYBACK_OF_A_DIFF_ITEM",IPHONE,0,1,false,1742058261,"Taylor Swift - The Albatross"
"United States",1742058274,AUDIO,20260130,23,0,TRACK_SKIPPED_FORWARDS,IPHONE,0,1,false,1742058274,"Taylor Swift - thanK you aIMee"
"United States",1742058080,AUDIO,20260130,23,0,TRACK_SKIPPED_FORWARDS,IPHONE,0,1,false,1742058080,"Taylor Swift - Down Bad"
"United States",1742058103,AUDIO,20260130,23,0,TRACK_SKIPPED_FORWARDS,IPHONE,0,1,false,1742058103,"Taylor Swift - loml"
"United States",1742058284,AUDIO,20260130,23,0,TRACK_SKIPPED_FORWARDS,IPHONE,0,1,false,1742058284,"Taylor Swift - Peter"
"United States",1742058529,AUDIO,20260130,23,0,TRACK_SKIPPED_FORWARDS,IPHONE,0,1,false,1742058529,"Taylor Swift - Robin"
"United States",1742058100,AUDIO,20260131,"2, 22",668435,TRACK_SKIPPED_FORWARDS,"IPHONE, MACINTOSH",2,1,false,1742058100,"Taylor Swift - Who’s Afraid of Little Old Me?"
"United States",1689131968,AUDIO,20260131,"15, 18",496226,NATURAL_END_OF_TRACK,IPHONE,2,0,false,1689131968,"Taylor Swift - Labyrinth"
"United States",1742058105,AUDIO,20260131,"2, 22",491512,TRACK_SKIPPED_FORWARDS,"IPHONE, MACINTOSH",2,1,false,1742058105,"Taylor Swift - The Smallest Man Who Ever Lived"
"United States",1689131982,AUDIO,20260131,"3, 17",463565,NATURAL_END_OF_TRACK,IPHONE,2,0,false,1689131982,"Taylor Swift - High Infidelity"
"United States",1742058104,AUDIO,20260131,"18, 22",437070,NATURAL_END_OF_TRACK,IPHONE,2,0,false,1742058104,"Taylor Swift - I Can Do It With a Broken Heart"
"United States",1689131969,AUDIO,20260131,"15, 17",410297,NATURAL_END_OF_TRACK,IPHONE,2,0,false,1689131969,"Taylor Swift - Karma"
"United States",1742074192,AUDIO,20260131,"2, 22",261710,NATURAL_END_OF_TRACK,"IPHONE, MACINTOSH",2,0,false,1742074192,"Taylor Swift - My Boy Only Breaks His Favorite Toys"
"United States",1689132076,AUDIO,20260131,15,260715,NATURAL_END_OF_TRACK,IPHONE,1,0,false,1689132076,"Taylor Swift - Would've, Could've, Should've"
"United States",1742058097,AUDIO,20260131,23,254619,NATURAL_END_OF_TRACK,IPHONE,1,0,false,1742058097,"Taylor Swift - Guilty as Sin?"
"United States",1742075877,AUDIO,20260131,22,250231,NATURAL_END_OF_TRACK,IPHONE,1,0,false,1742075877,"Taylor Swift - The Prophecy"
"United States",1742058269,AUDIO,20260131,22,229219,NATURAL_END_OF_TRACK,IPHONE,1,0,false,1742058269,"Taylor Swift - So High School"
"United States",1689132077,AUDIO,20260131,15,225537,TRACK_SKIPPED_FORWARDS,IPHONE,1,1,false,1689132077,"Taylor Swift - Dear Reader"
"United States",1862550861,AUDIO,20260131,3,222230,NATURAL_END_OF_TRACK,MACINTOSH,1,0,false,1862550861,"Sabrina Carpenter - Don’t Worry I’ll Make You Worry"
"United States",1742074936,AUDIO,20260131,18,216700,NATURAL_END_OF_TRACK,IPHONE,1,0,false,1742074936,"Taylor Swift - Clara Bow"
"United States",1862550593,AUDIO,20260131,3,213800,NATURAL_END_OF_TRACK,MACINTOSH,1,0,false,1862550593,"Sabrina Carpenter - Manchild"
"United States",1838810955,AUDIO,20260131,0,213492,NATURAL_END_OF_TRACK,IPHONE,1,0,false,1838810955,"Taylor Swift - Father Figure"
"United States",1689131960,AUDIO,20260131,"15, 17",210465,NATURAL_END_OF_TRACK,IPHONE,1,1,false,1689131960,"Taylor Swift - Question...?"
"United States",1689131531,AUDIO,20260131,"15, 17",202330,"MANUALLY_SELECTED_PLAYBACK_OF_A_DIFF_ITEM",IPHONE,1,1,false,1689131531,"Taylor Swift - Lavender Haze"
"United States",1689090227,AUDIO,20260131,17,200970,NATURAL_END_OF_TRACK,IPHONE,1,0,false,1689090227,"Taylor Swift - Anti-Hero"
"United States",1689131533,AUDIO,20260131,3,200838,NATURAL_END_OF_TRACK,IPHONE,1,0,false,1689131533,"Taylor Swift - Anti-Hero"
"United States",1862550598,AUDIO,20260131,3,198062,NATURAL_END_OF_TRACK,MACINTOSH,1,0,false,1862550598,"Sabrina Carpenter - My Man on Willpower"
"United States",1742074927,AUDIO,20260131,23,197252,NATURAL_END_OF_TRACK,IPHONE,1,0,false,1742074927,"Taylor Swift - The Alchemy"
"United States",1689131979,AUDIO,20260131,15,192034,NATURAL_END_OF_TRACK,IPHONE,1,0,false,1689131979,"Taylor Swift - Paris"
"United States",1689131973,AUDIO,20260131,3,190966,NATURAL_END_OF_TRACK,IPHONE,1,0,false,1689131973,"Taylor Swift - Mastermind"
"United States",1689131971,AUDIO,20260131,3,188596,NATURAL_END_OF_TRACK,IPHONE,1,0,false,1689131971,"Taylor Swift - Sweet Nothing"
"United States",1862550849,AUDIO,20260131,3,182814,NATURAL_END_OF_TRACK,MACINTOSH,1,0,false,1862550849,"Sabrina Carpenter - Nobody’s Son"
"United States",1689131959,AUDIO,20260131,15,175171,NATURAL_END_OF_TRACK,IPHONE,1,0,false,1689131959,"Taylor Swift - Midnight Rain"
"United States",1689090235,AUDIO,20260131,"17, 18",174735,NATURAL_END_OF_TRACK,IPHONE,1,1,false,1689090235,"Taylor Swift - Midnight Rain"
"United States",1862550863,AUDIO,20260131,3,169119,NATURAL_END_OF_TRACK,MACINTOSH,1,0,false,1862550863,"Sabrina Carpenter - House Tour"
"United States",1870984033,AUDIO,20260131,1,151308,PLAYBACK_SUSPENDED,IPHONE,1,0,false,N/A,"Harry Styles - Aperture"
"United States",1742058275,AUDIO,20260131,"2, 22",132082,TRACK_SKIPPED_FORWARDS,"IPHONE, MACINTOSH",1,1,false,1742058275,"Taylor Swift - I Look in People's Windows"
"United States",1862550605,AUDIO,20260131,3,104869,PLAYBACK_MANUALLY_PAUSED,MACINTOSH,1,0,false,1862550605,"Sabrina Carpenter - We Almost Broke Up Again Last Night"
"United States",1742058094,AUDIO,20260131,"18, 22",100505,TRACK_SKIPPED_FORWARDS,IPHONE,1,2,false,1742058094,"Taylor Swift - Florida!!! (feat. Florence + the Machine)"
"United States",1742058273,AUDIO,20260131,"18, 23",95498,PLAYBACK_MANUALLY_PAUSED,IPHONE,1,1,false,1742058273,"Taylor Swift - I Hate It Here"
"United States",1742058080,AUDIO,20260131,22,95311,TRACK_SKIPPED_FORWARDS,IPHONE,1,1,false,1742058080,"Taylor Swift - Down Bad"
"United States",1689131532,AUDIO,20260131,15,89663,PLAYBACK_MANUALLY_PAUSED,IPHONE,1,0,false,1689131532,"Taylor Swift - Maroon"
"United States",1689132081,AUDIO,20260131,"3, 15, 17",89124,TRACK_SKIPPED_FORWARDS,IPHONE,1,3,false,1689132081,"Taylor Swift - Karma (feat. Ice Spice)"
"United States",1742057775,AUDIO,20260131,22,54506,TRACK_SKIPPED_FORWARDS,IPHONE,1,1,false,1742057775,"Taylor Swift - Fortnight (feat. Post Malone)"
"United States",1862550595,AUDIO,20260131,3,41633,TRACK_SKIPPED_FORWARDS,MACINTOSH,1,1,false,1862550595,"Sabrina Carpenter - Tears"
"United States",1838810958,AUDIO,20260131,1,40109,"MANUALLY_SELECTED_PLAYBACK_OF_A_DIFF_ITEM",IPHONE,1,1,false,1838810958,"Taylor Swift - Actually Romantic"
"United States",1689132080,AUDIO,20260131,15,31873,"MANUALLY_SELECTED_PLAYBACK_OF_A_DIFF_ITEM",IPHONE,1,1,false,1689132080,"Taylor Swift - Snow On The Beach (feat. More Lana Del Rey)"
"United States",1689131976,AUDIO,20260131,15,31740,TRACK_SKIPPED_FORWARDS,IPHONE,1,1,false,1689131976,"Taylor Swift - The Great War"
"United States",1742058259,AUDIO,20260131,22,0,TRACK_SKIPPED_FORWARDS,IPHONE,0,1,false,1742058259,"Taylor Swift - The Black Dog"
"United States",1689090247,AUDIO,20260131,17,0,TRACK_SKIPPED_FORWARDS,IPHONE,0,1,false,1689090247,"Taylor Swift - Sweet Nothing"
"United States",1689131965,AUDIO,20260131,15,0,TRACK_SKIPPED_FORWARDS,IPHONE,0,1,false,1689131965,"Taylor Swift - Bejeweled"
"United States",1689131978,AUDIO,20260131,"15, 17",0,TRACK_SKIPPED_FORWARDS,IPHONE,0,2,false,1689131978,"Taylor Swift - Bigger Than The Whole Sky"
"United States",1742058284,AUDIO,20260131,22,0,TRACK_SKIPPED_FORWARDS,IPHONE,0,1,false,1742058284,"Taylor Swift - Peter"
"United States",1742058274,AUDIO,20260131,22,0,TRACK_SKIPPED_FORWARDS,IPHONE,0,1,false,1742058274,"Taylor Swift - thanK you aIMee"
"United States",1742058083,AUDIO,20260131,22,0,TRACK_SKIPPED_FORWARDS,IPHONE,0,1,false,1742058083,"Taylor Swift - So Long, London"
"United States",1742058092,AUDIO,20260131,22,0,TRACK_SKIPPED_FORWARDS,IPHONE,0,1,false,1742058092,"Taylor Swift - Fresh Out The Slammer"
"United States",1838810959,AUDIO,20260131,1,0,TRACK_SKIPPED_FORWARDS,IPHONE,0,1,false,1838810959,"Taylor Swift - Wi$h Li$t"
"United States",1862550859,AUDIO,20260131,3,0,"MANUALLY_SELECTED_PLAYBACK_OF_A_DIFF_ITEM",MACINTOSH,0,1,false,1862550859,"Sabrina Carpenter - Go Go Juice"
"United States",1742058261,AUDIO,20260131,22,0,TRACK_SKIPPED_FORWARDS,IPHONE,0,1,false,1742058261,"Taylor Swift - The Albatross"
"United States",1742058287,AUDIO,20260131,22,0,TRACK_SKIPPED_FORWARDS,IPHONE,0,1,false,1742058287,"Taylor Swift - The Bolter"
"United States",1742076181,AUDIO,20260131,23,0,TRACK_SKIPPED_FORWARDS,IPHONE,0,1,false,1742076181,"Taylor Swift - The Manuscript"
"United States",1838810964,AUDIO,20260131,1,0,TRACK_SKIPPED_FORWARDS,IPHONE,0,1,false,1838810964,"Taylor Swift - The Life of a Showgirl (feat. Sabrina Carpenter)"
"United States",1742058101,AUDIO,20260131,22,0,TRACK_SKIPPED_FORWARDS,IPHONE,0,1,false,1742058101,"Taylor Swift - I Can Fix Him (No Really I Can)"
"United States",1689131534,AUDIO,20260131,15,0,TRACK_SKIPPED_FORWARDS,IPHONE,0,1,false,1689131534,"Taylor Swift - Snow On The Beach (feat. Lana Del Rey)"
"United States",1718576584,AUDIO,20260131,17,0,TRACK_SKIPPED_FORWARDS,IPHONE,0,1,false,1718576584,"Taylor Swift - You’re Losing Me (From The Vault)"
"United States",1742075225,AUDIO,20260131,22,0,TRACK_SKIPPED_FORWARDS,IPHONE,0,1,false,1742075225,"Taylor Swift - Chloe or Sam or Sophia or Marcus"
"United States",1742075509,AUDIO,20260131,22,0,TRACK_SKIPPED_FORWARDS,IPHONE,0,1,false,1742075509,"Taylor Swift - How Did It End?"
"United States",1742058260,AUDIO,20260131,22,0,TRACK_SKIPPED_FORWARDS,IPHONE,0,1,false,1742058260,"Taylor Swift - imgonnagetyouback"
"United States",1838810951,AUDIO,20260131,1,0,TRACK_SKIPPED_FORWARDS,IPHONE,0,1,false,1838810951,"Taylor Swift - The Fate of Ophelia"
"United States",1689131985,AUDIO,20260131,15,0,TRACK_SKIPPED_FORWARDS,IPHONE,0,1,false,1689131985,"Taylor Swift - Glitch"
"United States",1742058103,AUDIO,20260131,22,0,TRACK_SKIPPED_FORWARDS,IPHONE,0,1,false,1742058103,"Taylor Swift - loml"
"United States",1689131961,AUDIO,20260131,15,0,TRACK_SKIPPED_FORWARDS,IPHONE,0,1,false,1689131961,"Taylor Swift - Vigilante Shit"
"United States",1838810960,AUDIO,20260131,1,0,TRACK_SKIPPED_FORWARDS,IPHONE,0,1,false,1838810960,"Taylor Swift - Wood"
"United States",1689131956,AUDIO,20260131,15,0,TRACK_SKIPPED_FORWARDS,IPHONE,0,1,false,1689131956,"Taylor Swift - You're On Your Own, Kid"
"United States",1649434489,AUDIO,20260131,3,0,"MANUALLY_SELECTED_PLAYBACK_OF_A_DIFF_ITEM",IPHONE,0,1,false,1649434489,"Taylor Swift - Bejeweled"
"United States",1742058529,AUDIO,20260131,22,0,TRACK_SKIPPED_FORWARDS,IPHONE,0,1,false,1742058529,"Taylor Swift - Robin"
"United States",1862550854,AUDIO,20260131,3,0,TRACK_SKIPPED_FORWARDS,MACINTOSH,0,1,false,1862550854,"Sabrina Carpenter - When Did You Get Hot?"
"United States",1742058100,AUDIO,20260201,"12, 19, 20",794971,NATURAL_END_OF_TRACK,IPHONE,3,1,false,1742058100,"Taylor Swift - Who’s Afraid of Little Old Me?"
"United States",1838810955,AUDIO,20260201,"20, 22",627851,"MANUALLY_SELECTED_PLAYBACK_OF_A_DIFF_ITEM",IPHONE,3,1,false,1838810955,"Taylor Swift - Father Figure"
"United States",1742058094,AUDIO,20260201,"12, 20",430773,NATURAL_END_OF_TRACK,IPHONE,2,0,false,1742058094,"Taylor Swift - Florida!!! (feat. Florence + the Machine)"
"United States",1440812146,AUDIO,20260201,22,387016,TRACK_SKIPPED_FORWARDS,IPHONE,2,1,false,1440812146,"t.A.T.u. - All The Things She Said"
"United States",1838810961,AUDIO,20260201,20,357064,NATURAL_END_OF_TRACK,IPHONE,2,1,false,1838810961,"Taylor Swift - CANCELLED!"
"United States",1713846658,AUDIO,20260201,22,332965,NATURAL_END_OF_TRACK,IPHONE,1,0,false,1713846658,"Taylor Swift - Is It Over Now? (Taylor's Version) [From The Vault]"
"United States",1736268402,AUDIO,20260201,20,310687,NATURAL_END_OF_TRACK,IPHONE,1,0,false,1736268402,"Taylor Swift - Who’s Afraid of Little Old Me?"
"United States",1838810956,AUDIO,20260201,"20, 22",297309,"MANUALLY_SELECTED_PLAYBACK_OF_A_DIFF_ITEM",IPHONE,2,2,false,1838810956,"Taylor Swift - Eldest Daughter"
"United States",1742058083,AUDIO,20260201,20,262790,NATURAL_END_OF_TRACK,IPHONE,1,0,false,1742058083,"Taylor Swift - So Long, London"
"United States",1862550868,AUDIO,20260201,13,232531,NATURAL_END_OF_TRACK,MACINTOSH,1,0,false,1862550868,"Sabrina Carpenter - Such A Funny Way"
"United States",1440935808,AUDIO,20260201,22,232259,NATURAL_END_OF_TRACK,IPHONE,1,0,false,1440935808,"Taylor Swift - Blank Space"
"United States",1440936036,AUDIO,20260201,22,220762,NATURAL_END_OF_TRACK,IPHONE,1,0,false,1440936036,"Taylor Swift - Wildest Dreams"
"United States",1742058104,AUDIO,20260201,20,218223,NATURAL_END_OF_TRACK,IPHONE,1,0,false,1742058104,"Taylor Swift - I Can Do It With a Broken Heart"
"United States",1838810952,AUDIO,20260201,20,208617,NATURAL_END_OF_TRACK,IPHONE,1,0,false,1838810952,"Taylor Swift - Elizabeth Taylor"
"United States",1742074192,AUDIO,20260201,19,204200,NATURAL_END_OF_TRACK,IPHONE,1,0,false,1742074192,"Taylor Swift - My Boy Only Breaks His Favorite Toys"
"United States",1742074927,AUDIO,20260201,20,196837,NATURAL_END_OF_TRACK,IPHONE,1,0,false,1742074927,"Taylor Swift - The Alchemy"
"United States",1843595808,AUDIO,20260201,22,185220,"MANUALLY_SELECTED_PLAYBACK_OF_A_DIFF_ITEM",IPHONE,1,1,false,1843595808,"PinkPantheress - Stateside (with Zara Larsson)"
"United States",1856301586,AUDIO,20260201,22,176058,"MANUALLY_SELECTED_PLAYBACK_OF_A_DIFF_ITEM",IPHONE,1,2,false,1856301586,"Taylor Swift & The Chainsmokers - The Fate of Ophelia (The Chainsmokers Remix)"
"United States",1862550598,AUDIO,20260201,13,148287,PLAYBACK_MANUALLY_PAUSED,MACINTOSH,1,0,false,1862550598,"Sabrina Carpenter - My Man on Willpower"
"United States",1862550593,AUDIO,20260201,"12, 13",118677,"MANUALLY_SELECTED_PLAYBACK_OF_A_DIFF_ITEM",MACINTOSH,1,2,false,1862550593,"Sabrina Carpenter - Manchild"
"United States",1742058105,AUDIO,20260201,20,99757,"MANUALLY_SELECTED_PLAYBACK_OF_A_DIFF_ITEM",IPHONE,1,1,false,1742058105,"Taylor Swift - The Smallest Man Who Ever Lived"
"United States",1742076181,AUDIO,20260201,20,33830,"MANUALLY_SELECTED_PLAYBACK_OF_A_DIFF_ITEM",IPHONE,1,1,false,1742076181,"Taylor Swift - The Manuscript"
"United States",1838810963,AUDIO,20260201,20,33085,TRACK_SKIPPED_FORWARDS,IPHONE,1,1,false,1838810963,"Taylor Swift - Honey"
"United States",1440935829,AUDIO,20260201,22,0,"MANUALLY_SELECTED_PLAYBACK_OF_A_DIFF_ITEM",IPHONE,0,1,false,1440935829,"Taylor Swift - All You Had To Do Was Stay"
"United States",1742058275,AUDIO,20260201,19,0,TRACK_SKIPPED_FORWARDS,IPHONE,0,2,false,1742058275,"Taylor Swift - I Look in People's Windows"
"United States",1742074018,AUDIO,20260201,20,0,TRACK_SKIPPED_FORWARDS,IPHONE,0,1,false,1742074018,"Taylor Swift - Fortnight (feat. Post Malone)"
"United States",1440936201,AUDIO,20260201,22,0,"MANUALLY_SELECTED_PLAYBACK_OF_A_DIFF_ITEM",IPHONE,0,1,false,1440936201,"Taylor Swift - This Love"
"United States",1742058078,AUDIO,20260201,20,0,TRACK_SKIPPED_FORWARDS,IPHONE,0,1,false,1742058078,"Taylor Swift - The Tortured Poets Department"
"United States",1838810951,AUDIO,20260201,20,0,TRACK_SKIPPED_FORWARDS,IPHONE,0,1,false,1838810951,"Taylor Swift - The Fate of Ophelia"
"United States",1742058085,AUDIO,20260201,20,0,TRACK_SKIPPED_FORWARDS,IPHONE,0,1,false,1742058085,"Taylor Swift - But Daddy I Love Him"
"United States",1742075225,AUDIO,20260201,20,0,TRACK_SKIPPED_FORWARDS,IPHONE,0,1,false,1742075225,"Taylor Swift - Chloe or Sam or Sophia or Marcus"
"United States",1856301587,AUDIO,20260201,22,0,"MANUALLY_SELECTED_PLAYBACK_OF_A_DIFF_ITEM",IPHONE,0,2,false,1856301587,"Taylor Swift - The Fate of Ophelia"
"United States",1838810957,AUDIO,20260201,20,0,"MANUALLY_SELECTED_PLAYBACK_OF_A_DIFF_ITEM",IPHONE,0,1,false,1838810957,"Taylor Swift - Ruin The Friendship"
"United States",1862550605,AUDIO,20260201,12,0,"MANUALLY_SELECTED_PLAYBACK_OF_A_DIFF_ITEM",MACINTOSH,0,1,false,1862550605,"Sabrina Carpenter - We Almost Broke Up Again Last Night"
"United States",1742058101,AUDIO,20260201,20,0,TRACK_SKIPPED_FORWARDS,IPHONE,0,1,false,1742058101,"Taylor Swift - I Can Fix Him (No Really I Can)"
"United States",1742058261,AUDIO,20260201,20,0,TRACK_SKIPPED_FORWARDS,IPHONE,0,1,false,1742058261,"Taylor Swift - The Albatross"
"United States",1742075509,AUDIO,20260201,20,0,TRACK_SKIPPED_FORWARDS,IPHONE,0,1,false,1742075509,"Taylor Swift - How Did It End?"
"United States",1689131968,AUDIO,20260202,"2, 14",496366,NATURAL_END_OF_TRACK,IPHONE,2,0,false,1689131968,"Taylor Swift - Labyrinth"
"United States",1689132076,AUDIO,20260202,"14, 21",489359,PLAYBACK_MANUALLY_PAUSED,IPHONE,2,0,false,1689132076,"Taylor Swift - Would've, Could've, Should've"
"United States",1689132077,AUDIO,20260202,"13, 21",450879,NATURAL_END_OF_TRACK,IPHONE,2,0,false,1689132077,"Taylor Swift - Dear Reader"
"United States",1689131531,AUDIO,20260202,"3, 16, 20",448739,"MANUALLY_SELECTED_PLAYBACK_OF_A_DIFF_ITEM","IPHONE, MACINTOSH",3,1,false,1689131531,"Taylor Swift - Lavender Haze"
"United States",1689131532,AUDIO,20260202,"13, 16, 21",436051,NATURAL_END_OF_TRACK,IPHONE,3,0,false,1689131532,"Taylor Swift - Maroon"
"United States",1689131960,AUDIO,20260202,"14, 21",421461,NATURAL_END_OF_TRACK,IPHONE,2,0,false,1689131960,"Taylor Swift - Question...?"
"United States",1689131969,AUDIO,20260202,"3, 16",410304,NATURAL_END_OF_TRACK,IPHONE,2,0,false,1689131969,"Taylor Swift - Karma"
"United States",1689090227,AUDIO,20260202,"2, 14",401535,NATURAL_END_OF_TRACK,IPHONE,2,0,false,1689090227,"Taylor Swift - Anti-Hero"
"United States",1572941128,AUDIO,20260202,2,399699,NATURAL_END_OF_TRACK,IPHONE,1,0,false,1572941128,"Lorde - Oceanic Feeling"
"United States",1689131965,AUDIO,20260202,"3, 16",370452,NATURAL_END_OF_TRACK,IPHONE,2,0,false,1689131965,"Taylor Swift - Bejeweled"
"United States",1773474488,AUDIO,20260202,23,337511,NATURAL_END_OF_TRACK,IPHONE,1,0,false,1773474488,"Gracie Abrams - Free Now (Live From Vevo)"
"United States",1689090249,AUDIO,20260202,"2, 14",298104,TRACK_SKIPPED_FORWARDS,IPHONE,2,1,false,1689090249,"Taylor Swift - The Great War"
"United States",1718576584,AUDIO,20260202,14,278903,NATURAL_END_OF_TRACK,IPHONE,1,0,false,1718576584,"Taylor Swift - You’re Losing Me (From The Vault)"
"United States",1713846248,AUDIO,20260202,0,267899,NATURAL_END_OF_TRACK,IPHONE,1,0,false,1713846248,"Taylor Swift - You Are In Love (Taylor's Version)"
"United States",1572941115,AUDIO,20260202,2,255874,NATURAL_END_OF_TRACK,IPHONE,1,0,false,1572941115,"Lorde - The Man with the Axe"
"United States",1742058097,AUDIO,20260202,20,254108,NATURAL_END_OF_TRACK,MACINTOSH,1,0,false,1742058097,"Taylor Swift - Guilty as Sin?"
"United States",1742058105,AUDIO,20260202,20,246765,NATURAL_END_OF_TRACK,MACINTOSH,1,0,false,1742058105,"Taylor Swift - The Smallest Man Who Ever Lived"
"United States",1773474470,AUDIO,20260202,23,242838,NATURAL_END_OF_TRACK,IPHONE,1,0,false,1773474470,"Gracie Abrams - us. (feat. Taylor Swift)"
"United States",1800678754,AUDIO,20260202,2,232631,NATURAL_END_OF_TRACK,IPHONE,1,0,false,1800678754,"Lorde - Yellow Flicker Beat"
"United States",1689131982,AUDIO,20260202,"14, 23",231197,"MANUALLY_SELECTED_PLAYBACK_OF_A_DIFF_ITEM",IPHONE,1,1,false,1689131982,"Taylor Swift - High Infidelity"
"United States",1713846253,AUDIO,20260202,0,230839,NATURAL_END_OF_TRACK,IPHONE,1,0,false,1713846253,"Taylor Swift - New Romantics (Taylor's Version)"
"United States",1689132080,AUDIO,20260202,"2, 14",230308,NATURAL_END_OF_TRACK,IPHONE,1,1,false,1689132080,"Taylor Swift - Snow On The Beach (feat. More Lana Del Rey)"
"United States",1742057775,AUDIO,20260202,20,228803,NATURAL_END_OF_TRACK,MACINTOSH,1,0,false,1742057775,"Taylor Swift - Fortnight (feat. Post Malone)"
"United States",1742058260,AUDIO,20260202,20,221984,NATURAL_END_OF_TRACK,MACINTOSH,1,0,false,1742058260,"Taylor Swift - imgonnagetyouback"
"United States",1572941114,AUDIO,20260202,2,218875,NATURAL_END_OF_TRACK,IPHONE,1,0,false,1572941114,"Lorde - Secrets from a Girl (Who's Seen it All)"
"United States",1742058104,AUDIO,20260202,21,217989,NATURAL_END_OF_TRACK,MACINTOSH,1,0,false,1742058104,"Taylor Swift - I Can Do It With a Broken Heart"
"United States",1225759939,AUDIO,20260202,20,215645,TRACK_SKIPPED_FORWARDS,MACINTOSH,1,1,false,1225759939,"Bleachers - Don't Take the Money"
"United States",1838810961,AUDIO,20260202,21,211510,NATURAL_END_OF_TRACK,MACINTOSH,1,0,false,1838810961,"Taylor Swift - CANCELLED!"
"United States",1713845994,AUDIO,20260202,0,208230,NATURAL_END_OF_TRACK,IPHONE,1,0,false,1713845994,"Taylor Swift - I Wish You Would (Taylor's Version)"
"United States",1753115255,AUDIO,20260202,2,206610,NATURAL_END_OF_TRACK,IPHONE,1,0,false,1753115255,"Charli xcx & Lorde - Girl, so confusing featuring lorde"
"United States",1773474486,AUDIO,20260202,23,204175,NATURAL_END_OF_TRACK,IPHONE,1,0,false,1773474486,"Gracie Abrams - I Love You, I'm Sorry (Live From Vevo)"
"United States",1742074192,AUDIO,20260202,20,203940,NATURAL_END_OF_TRACK,MACINTOSH,1,0,false,1742074192,"Taylor Swift - My Boy Only Breaks His Favorite Toys"
"United States",1773474497,VIDEO,20260202,23,202629,NATURAL_END_OF_TRACK,IPHONE,1,0,false,1773474497,Risk
"United States",1742074936,AUDIO,20260202,21,194568,PLAYBACK_MANUALLY_PAUSED,MACINTOSH,1,0,false,1742074936,"Taylor Swift - Clara Bow"
"United States",1572941129,VIDEO,20260202,2,193321,NATURAL_END_OF_TRACK,IPHONE,1,0,false,1572941129,"Solar Power"
"United States",1572941107,AUDIO,20260202,2,192313,NATURAL_END_OF_TRACK,IPHONE,1,1,false,1572941107,"Lorde - Solar Power"
"United States",1572941108,AUDIO,20260202,2,191894,NATURAL_END_OF_TRACK,IPHONE,1,0,false,1572941108,"Lorde - California"
"United States",1689090248,AUDIO,20260202,14,191448,NATURAL_END_OF_TRACK,IPHONE,1,0,false,1689090248,"Taylor Swift - Mastermind"
"United States",1689090247,AUDIO,20260202,"13, 21",190535,TRACK_SKIPPED_FORWARDS,IPHONE,1,1,false,1689090247,"Taylor Swift - Sweet Nothing"
"United States",1713845746,AUDIO,20260202,0,180755,PLAYBACK_SUSPENDED,IPHONE,1,0,false,1713845746,"Taylor Swift - Style (Taylor's Version)"
"United States",1773474480,AUDIO,20260202,23,177082,PLAYBACK_MANUALLY_PAUSED,IPHONE,1,0,false,1773474480,"Gracie Abrams - Close To You"
"United States",1689090235,AUDIO,20260202,"13, 21",174831,TRACK_SKIPPED_FORWARDS,IPHONE,1,1,false,1689090235,"Taylor Swift - Midnight Rain"
"United States",1838810958,AUDIO,20260202,20,163697,NATURAL_END_OF_TRACK,MACINTOSH,1,0,false,1838810958,"Taylor Swift - Actually Romantic"
"United States",1773474469,AUDIO,20260202,23,157009,NATURAL_END_OF_TRACK,IPHONE,1,0,false,1773474469,"Gracie Abrams - I Love You, I'm Sorry"
"United States",1572941106,AUDIO,20260202,2,148281,"MANUALLY_SELECTED_PLAYBACK_OF_A_DIFF_ITEM",IPHONE,1,1,false,1572941106,"Lorde - The Path"
"United States",1713846523,AUDIO,20260202,0,146658,NATURAL_END_OF_TRACK,IPHONE,1,0,false,1713846523,"Taylor Swift - Now That We Don't Talk (Taylor's Version) [From The Vault]"
"United States",1862550868,AUDIO,20260202,20,115143,"MANUALLY_SELECTED_PLAYBACK_OF_A_DIFF_ITEM",MACINTOSH,1,1,false,1862550868,"Sabrina Carpenter - Such A Funny Way"
"United States",1572941124,AUDIO,20260202,2,93398,NATURAL_END_OF_TRACK,IPHONE,1,0,false,1572941124,"Lorde - Leader of a New Regime"
"United States",1862550598,AUDIO,20260202,20,49759,NATURAL_END_OF_TRACK,MACINTOSH,1,0,false,1862550598,"Sabrina Carpenter - My Man on Willpower"
"United States",1713846100,AUDIO,20260202,0,48601,TRACK_SKIPPED_FORWARDS,IPHONE,1,1,false,1713846100,"Taylor Swift - Wildest Dreams (Taylor's Version)"
"United States",1773474473,AUDIO,20260202,23,33650,TRACK_SKIPPED_FORWARDS,IPHONE,1,1,false,1773474473,"Gracie Abrams - I Knew It, I Know You"
"United States",1689090234,AUDIO,20260202,14,0,TRACK_SKIPPED_FORWARDS,IPHONE,0,1,false,1689090234,"Taylor Swift - You're On Your Own, Kid"
"United States",1713846238,AUDIO,20260202,0,0,TRACK_SKIPPED_FORWARDS,IPHONE,0,1,false,1713846238,"Taylor Swift - Clean (Taylor's Version)"
"United States",1713845784,AUDIO,20260202,0,0,TRACK_SKIPPED_FORWARDS,IPHONE,0,1,false,1713845784,"Taylor Swift - All You Had To Do Was Stay (Taylor's Version)"
"United States",1810905894,AUDIO,20260202,2,0,TRACK_SKIPPED_FORWARDS,IPHONE,0,1,false,1810905894,"Lorde - David"
"United States",1773473687,AUDIO,20260202,23,0,TRACK_SKIPPED_FORWARDS,IPHONE,0,1,false,1773473687,"Gracie Abrams - Risk"
"United States",1689132081,AUDIO,20260202,14,0,TRACK_SKIPPED_FORWARDS,IPHONE,0,1,false,1689132081,"Taylor Swift - Karma (feat. Ice Spice)"
"United States",1810905308,AUDIO,20260202,2,0,TRACK_SKIPPED_FORWARDS,IPHONE,0,1,false,1810905308,"Lorde - Shapeshifter"
"United States",1713846497,AUDIO,20260202,0,0,TRACK_SKIPPED_FORWARDS,IPHONE,0,1,false,1713846497,"Taylor Swift - ""Slut!"" (Taylor's Version) [From The Vault]"
"United States",1689131978,AUDIO,20260202,14,0,TRACK_SKIPPED_FORWARDS,IPHONE,0,1,false,1689131978,"Taylor Swift - Bigger Than The Whole Sky"
"United States",1742058094,AUDIO,20260202,20,0,TRACK_SKIPPED_FORWARDS,MACINTOSH,0,1,false,1742058094,"Taylor Swift - Florida!!! (feat. Florence + the Machine)"
"United States",1440818672,AUDIO,20260202,2,0,TRACK_SKIPPED_FORWARDS,IPHONE,0,1,false,1440818672,"Lorde - Team"
"United States",1713845737,AUDIO,20260202,0,0,TRACK_SKIPPED_FORWARDS,IPHONE,0,1,false,1713845737,"Taylor Swift - Blank Space (Taylor's Version)"
"United States",1713846243,AUDIO,20260202,0,0,"MANUALLY_SELECTED_PLAYBACK_OF_A_DIFF_ITEM",IPHONE,0,1,false,1713846243,"Taylor Swift - Wonderland (Taylor's Version)"
"United States",1440829059,AUDIO,20260202,2,0,TRACK_SKIPPED_FORWARDS,IPHONE,0,1,false,1440829059,"Disclosure - Magnets (feat. Lorde)"
"United States",1429663165,AUDIO,20260202,2,0,"MANUALLY_SELECTED_PLAYBACK_OF_A_DIFF_ITEM",IPHONE,0,1,false,1429663165,"Lorde - Homemade Dynamite"
"United States",1429663176,AUDIO,20260202,2,0,TRACK_SKIPPED_FORWARDS,IPHONE,0,1,false,1429663176,"Lorde - Supercut"
"United States",1429663167,AUDIO,20260202,2,0,TRACK_SKIPPED_FORWARDS,IPHONE,0,1,false,1429663167,"Lorde - Liability"
"United States",1713846513,AUDIO,20260202,0,0,TRACK_SKIPPED_FORWARDS,IPHONE,0,1,false,1713846513,"Taylor Swift - Say Don't Go (Taylor's Version) [From The Vault]"
"United States",1429663179,AUDIO,20260202,2,0,TRACK_SKIPPED_FORWARDS,IPHONE,0,1,false,1429663179,"Lorde - Perfect Places"
"United States",1713845554,AUDIO,20260202,0,0,TRACK_SKIPPED_FORWARDS,IPHONE,0,1,false,1713845554,"Taylor Swift - Welcome To New York (Taylor's Version)"
"United States",1713846228,AUDIO,20260202,0,0,TRACK_SKIPPED_FORWARDS,IPHONE,0,1,false,1713846228,"Taylor Swift - This Love (Taylor’s Version)"
"United States",1810905304,AUDIO,20260202,2,0,TRACK_SKIPPED_FORWARDS,IPHONE,0,1,false,1810905304,"Lorde - Hammer"
"United States",1440818668,AUDIO,20260202,2,0,TRACK_SKIPPED_FORWARDS,IPHONE,0,1,false,1440818668,"Lorde - Buzzcut Season"
"United States",1440818652,AUDIO,20260202,2,0,TRACK_SKIPPED_FORWARDS,IPHONE,0,1,false,1440818652,"Lorde - Tennis Court"
"United States",1594982931,AUDIO,20260202,2,0,"MANUALLY_SELECTED_PLAYBACK_OF_A_DIFF_ITEM",IPHONE,0,1,false,1594982931,"Lorde - The Love Club"
"United States",1870984033,AUDIO,20260203,"5, 6, 14",1354433,"MANUALLY_SELECTED_PLAYBACK_OF_A_DIFF_ITEM",IPHONE,5,1,false,1870984033,"Harry Styles - Aperture"
"United States",1572941128,AUDIO,20260203,"17, 18, 19",1199073,NATURAL_END_OF_TRACK,IPHONE,3,0,false,1572941128,"Lorde - Oceanic Feeling"
"United States",1572941109,AUDIO,20260203,"17, 18, 19",832239,NATURAL_END_OF_TRACK,IPHONE,4,1,false,1572941109,"Lorde - Stoned at the Nail Salon"
"United States",1572941115,AUDIO,20260203,"17, 18, 19",767693,NATURAL_END_OF_TRACK,IPHONE,3,0,false,1572941115,"Lorde - The Man with the Axe"
"United States",1572941113,AUDIO,20260203,"17, 18, 19",714149,NATURAL_END_OF_TRACK,IPHONE,3,0,false,1572941113,"Lorde - Fallen Fruit"
"United States",1572941127,AUDIO,20260203,"17, 18, 19",670078,TRACK_SKIPPED_FORWARDS,IPHONE,3,2,false,1572941127,"Lorde - Mood Ring"
"United States",1572941106,AUDIO,20260203,"17, 18, 19",663801,NATURAL_END_OF_TRACK,IPHONE,3,0,false,1572941106,"Lorde - The Path"
"United States",1530317820,AUDIO,20260203,22,649927,SCRUB_BEGIN,IPHONE,1,0,false,1530317820,"TAEMIN - Criminal"
"United States",1572941129,VIDEO,20260203,"17, 18, 19",580930,NATURAL_END_OF_TRACK,IPHONE,3,0,false,1572941129,"Solar Power"
"United States",1572941108,AUDIO,20260203,"17, 18, 19",576673,NATURAL_END_OF_TRACK,IPHONE,3,0,false,1572941108,"Lorde - California"
"United States",1572941114,AUDIO,20260203,"17, 18",575539,NATURAL_END_OF_TRACK,IPHONE,3,1,false,1572941114,"Lorde - Secrets from a Girl (Who's Seen it All)"
"United States",1773474483,AUDIO,20260203,"2, 19, 20",549621,NATURAL_END_OF_TRACK,IPHONE,2,1,false,1773474483,"Gracie Abrams - That’s So True"
"United States",1773694651,AUDIO,20260203,20,544377,SCRUB_BEGIN,IPHONE,1,0,false,1773694651,"aespa - BAHAMA"
"United States",1773474488,AUDIO,20260203,20,461453,NATURAL_END_OF_TRACK,IPHONE,2,0,false,1773474488,"Gracie Abrams - Free Now (Live From Vevo)"
"United States",1572941122,AUDIO,20260203,"18, 19",443526,"MANUALLY_SELECTED_PLAYBACK_OF_A_DIFF_ITEM",IPHONE,3,1,false,1572941122,"Lorde - Big Star"
"United States",1572941118,AUDIO,20260203,"17, 18",435898,NATURAL_END_OF_TRACK,IPHONE,3,0,false,1572941118,"Lorde - Dominoes"
"United States",1773474484,AUDIO,20260203,"4, 20",432024,"MANUALLY_SELECTED_PLAYBACK_OF_A_DIFF_ITEM",IPHONE,2,2,false,1773474484,"Gracie Abrams - I Told You Things"
"United States",1572941107,AUDIO,20260203,18,384726,NATURAL_END_OF_TRACK,IPHONE,2,0,false,1572941107,"Lorde - Solar Power"
"United States",1773474479,AUDIO,20260203,"4, 19",357848,NATURAL_END_OF_TRACK,IPHONE,2,1,false,1773474479,"Gracie Abrams - Free Now"
"United States",1572941124,AUDIO,20260203,"17, 18, 19",279910,NATURAL_END_OF_TRACK,IPHONE,3,0,false,1572941124,"Lorde - Leader of a New Regime"
"United States",1773474480,AUDIO,20260203,"2, 19",275261,NATURAL_END_OF_TRACK,IPHONE,2,0,false,1773474480,"Gracie Abrams - Close To You"
"United States",1429663166,AUDIO,20260203,16,271395,NATURAL_END_OF_TRACK,IPHONE,1,0,false,1429663166,"Lorde - The Louvre"
"United States",1440818666,AUDIO,20260203,17,259661,NATURAL_END_OF_TRACK,IPHONE,1,0,false,1440818666,"Lorde - Ribs"
"United States",1440818668,AUDIO,20260203,17,247054,NATURAL_END_OF_TRACK,IPHONE,1,0,false,1440818668,"Lorde - Buzzcut Season"
"United States",1773474470,AUDIO,20260203,20,242871,NATURAL_END_OF_TRACK,IPHONE,1,0,false,1773474470,"Gracie Abrams - us. (feat. Taylor Swift)"
"United States",1429663163,AUDIO,20260203,14,234785,NATURAL_END_OF_TRACK,IPHONE,1,0,false,1429663163,"Lorde - Green Light"
"United States",1800678754,AUDIO,20260203,16,232879,NATURAL_END_OF_TRACK,IPHONE,1,0,false,1800678754,"Lorde - Yellow Flicker Beat"
"United States",1773474482,AUDIO,20260203,3,229714,NATURAL_END_OF_TRACK,IPHONE,1,0,false,1773474482,"Gracie Abrams - Cool"
"United States",1810905307,AUDIO,20260203,14,209651,NATURAL_END_OF_TRACK,IPHONE,1,0,false,1810905307,"Lorde - What Was That"
"United States",1753115255,AUDIO,20260203,14,206587,NATURAL_END_OF_TRACK,IPHONE,1,0,false,1753115255,"Charli xcx & Lorde - Girl, so confusing featuring lorde"
"United States",1810905894,AUDIO,20260203,"14, 17",205827,NATURAL_END_OF_TRACK,IPHONE,1,1,false,1810905894,"Lorde - David"
"United States",1515404862,AUDIO,20260203,22,199894,NATURAL_END_OF_TRACK,IPHONE,1,0,false,1515404862,"TWICE - MORE & MORE"
"United States",1440829059,AUDIO,20260203,14,199703,NATURAL_END_OF_TRACK,IPHONE,1,0,false,1440829059,"Disclosure - Magnets (feat. Lorde)"
"United States",1526107945,AUDIO,20260203,22,196559,NATURAL_END_OF_TRACK,IPHONE,1,0,false,1526107945,"TREASURE - BOY"
"United States",1773694641,AUDIO,20260203,"20, 22",195838,"MANUALLY_SELECTED_PLAYBACK_OF_A_DIFF_ITEM",IPHONE,2,2,false,1773694641,"aespa - Set The Tone"
"United States",1440818672,AUDIO,20260203,17,193233,NATURAL_END_OF_TRACK,IPHONE,1,0,false,1440818672,"Lorde - Team"
"United States",1569282884,AUDIO,20260203,22,192472,NATURAL_END_OF_TRACK,IPHONE,1,0,false,1569282884,"IZ*ONE - Secret Story of the Swan"
"United States",1429663165,AUDIO,20260203,14,189765,NATURAL_END_OF_TRACK,IPHONE,1,0,false,1429663165,"Lorde - Homemade Dynamite"
"United States",1795513518,AUDIO,20260203,20,186834,NATURAL_END_OF_TRACK,IPHONE,1,0,false,1795513518,"Sabrina Carpenter - Busy Woman"
"United States",1810905309,AUDIO,20260203,17,180728,NATURAL_END_OF_TRACK,IPHONE,1,0,false,1810905309,"Lorde - Man Of The Year"
"United States",1773694544,AUDIO,20260203,20,179229,NATURAL_END_OF_TRACK,IPHONE,1,0,false,1773694544,"aespa - Supernova"
"United States",1795513149,AUDIO,20260203,20,175978,NATURAL_END_OF_TRACK,IPHONE,1,0,false,1795513149,"Sabrina Carpenter - Espresso"
"United States",1429663167,AUDIO,20260203,17,172296,NATURAL_END_OF_TRACK,IPHONE,1,0,false,1429663167,"Lorde - Liability"
"United States",1795513277,AUDIO,20260203,20,165542,"MANUALLY_SELECTED_PLAYBACK_OF_A_DIFF_ITEM",IPHONE,1,1,false,1795513277,"Sabrina Carpenter - 15 Minutes"
"United States",1773474485,AUDIO,20260203,"4, 19",164098,NATURAL_END_OF_TRACK,IPHONE,1,1,false,1773474485,"Gracie Abrams - Packing It Up"
"United States",1773694643,AUDIO,20260203,22,159332,NATURAL_END_OF_TRACK,IPHONE,1,0,false,1773694643,"aespa - Licorice"
"United States",1440818657,AUDIO,20260203,14,159025,TRACK_SKIPPED_FORWARDS,IPHONE,1,1,false,1440818657,"Lorde - 400 Lux"
"United States",1773474469,AUDIO,20260203,20,157128,NATURAL_END_OF_TRACK,IPHONE,1,0,false,1773474469,"Gracie Abrams - I Love You, I'm Sorry"
"United States",1716426010,AUDIO,20260203,20,146419,NATURAL_END_OF_TRACK,IPHONE,1,0,false,1716426010,"Reneé Rapp - Pretty Girls"
"United States",1608247446,AUDIO,20260203,22,145083,"MANUALLY_SELECTED_PLAYBACK_OF_A_DIFF_ITEM",IPHONE,1,1,false,1608247446,"ITZY - Not Shy"
"United States",1773473686,AUDIO,20260203,"2, 20",139050,"MANUALLY_SELECTED_PLAYBACK_OF_A_DIFF_ITEM",IPHONE,1,2,false,1773473686,"Gracie Abrams - Felt Good About You"
"United States",1594982931,AUDIO,20260203,14,125082,TRACK_SKIPPED_FORWARDS,IPHONE,1,1,false,1594982931,"Lorde - The Love Club"
"United States",1810905308,AUDIO,20260203,16,109491,TRACK_SKIPPED_FORWARDS,IPHONE,1,1,false,1810905308,"Lorde - Shapeshifter"
"United States",1594982918,AUDIO,20260203,14,103321,TRACK_SKIPPED_FORWARDS,IPHONE,1,1,false,1594982918,"Lorde - Bravado"
"United States",1521791796,AUDIO,20260203,22,72072,"MANUALLY_SELECTED_PLAYBACK_OF_A_DIFF_ITEM",IPHONE,1,1,false,1521791796,"Red Velvet - IRENE & SEULGI - Monster"
"United States",1795513276,AUDIO,20260203,20,56840,TRACK_SKIPPED_FORWARDS,IPHONE,1,1,false,1795513276,"Sabrina Carpenter - Don’t Smile"
"United States",1569744630,AUDIO,20260203,22,54564,"MANUALLY_SELECTED_PLAYBACK_OF_A_DIFF_ITEM",IPHONE,1,1,false,1569744630,"EVERGLOW - LA DI DA"
"United States",1544324131,AUDIO,20260203,5,40926,"MANUALLY_SELECTED_PLAYBACK_OF_A_DIFF_ITEM",IPHONE,1,1,false,N/A,"Ariana Grande - goodnight n go"
"United States",1724874645,AUDIO,20260203,22,37509,TRACK_SKIPPED_FORWARDS,IPHONE,1,1,false,1724874645,"CHUNG HA - Stay Tonight"
"United States",1716425988,AUDIO,20260203,20,0,"MANUALLY_SELECTED_PLAYBACK_OF_A_DIFF_ITEM",IPHONE,0,1,false,1716425988,"Reneé Rapp - So What Now"
"United States",1795512308,AUDIO,20260203,20,0,TRACK_SKIPPED_FORWARDS,IPHONE,0,1,false,1795512308,"Sabrina Carpenter - Taste"
"United States",1871085734,AUDIO,20260203,5,0,TRACK_SKIPPED_FORWARDS,IPHONE,0,1,false,N/A,"RAYE - WHERE IS MY HUSBAND!"
"United States",1773474489,VIDEO,20260203,4,0,TRACK_SKIPPED_FORWARDS,IPHONE,0,1,false,1773474489,"I Love You, I'm Sorry"
"United States",1773694652,AUDIO,20260203,22,0,TRACK_SKIPPED_FORWARDS,IPHONE,0,1,false,1773694652,"aespa - Long Chat (#♥)"
"United States",1594982922,AUDIO,20260203,17,0,TRACK_SKIPPED_FORWARDS,IPHONE,0,1,false,1594982922,"Lorde - Royals"
"United States",1773474487,AUDIO,20260203,4,0,TRACK_SKIPPED_FORWARDS,IPHONE,0,1,false,1773474487,"Gracie Abrams - I Knew It, I Know You (Live From Vevo)"
"United States",1440818652,AUDIO,20260203,14,0,TRACK_SKIPPED_FORWARDS,IPHONE,0,1,false,1440818652,"Lorde - Tennis Court"
"United States",1795513273,AUDIO,20260203,20,0,TRACK_SKIPPED_FORWARDS,IPHONE,0,1,false,1795513273,"Sabrina Carpenter - Lie To Girls"
"United States",1510067133,AUDIO,20260203,22,0,TRACK_SKIPPED_FORWARDS,IPHONE,0,1,false,1510067133,"NCT DREAM - Ridin'"
"United States",1795513020,AUDIO,20260203,20,0,TRACK_SKIPPED_FORWARDS,IPHONE,0,1,false,1795513020,"Sabrina Carpenter - Coincidence"
"United States",1862550859,AUDIO,20260203,5,0,TRACK_SKIPPED_FORWARDS,IPHONE,0,1,false,N/A,"Sabrina Carpenter - Go Go Juice"
"United States",1773474471,AUDIO,20260203,4,0,TRACK_SKIPPED_FORWARDS,IPHONE,0,1,false,1773474471,"Gracie Abrams - Let It Happen"
"United States",1296637199,AUDIO,20260203,22,0,"MANUALLY_SELECTED_PLAYBACK_OF_A_DIFF_ITEM",IPHONE,0,1,false,1296637199,"TAEMIN - MOVE"
"United States",1773474472,AUDIO,20260203,4,0,TRACK_SKIPPED_FORWARDS,IPHONE,0,2,false,1773474472,"Gracie Abrams - Tough Love"
"United States",1795513156,AUDIO,20260203,20,0,"MANUALLY_SELECTED_PLAYBACK_OF_A_DIFF_ITEM",IPHONE,0,2,false,1795513156,"Sabrina Carpenter - Dumb & Poetic"
"United States",1795513495,AUDIO,20260203,20,0,TRACK_SKIPPED_FORWARDS,IPHONE,0,1,false,1795513495,"Sabrina Carpenter - Couldn’t Make It Any Harder"
"United States",1504639680,AUDIO,20260203,5,0,TRACK_SKIPPED_FORWARDS,IPHONE,0,1,false,N/A,"SUHO - Made In You"
"United States",1795513143,AUDIO,20260203,20,0,TRACK_SKIPPED_FORWARDS,IPHONE,0,1,false,1795513143,"Sabrina Carpenter - Bed Chem"
"United States",1773473688,AUDIO,20260203,"4, 20",0,TRACK_SKIPPED_FORWARDS,IPHONE,0,2,false,1773473688,"Gracie Abrams - Blowing Smoke"
"United States",1773474474,AUDIO,20260203,4,0,TRACK_SKIPPED_FORWARDS,IPHONE,0,1,false,1773474474,"Gracie Abrams - Gave You I Gave You I"
"United States",1795513610,AUDIO,20260203,20,0,TRACK_SKIPPED_FORWARDS,IPHONE,0,1,false,1795513610,"Sabrina Carpenter - Bad Reviews"
"United States",1429663179,AUDIO,20260203,17,0,"MANUALLY_SELECTED_PLAYBACK_OF_A_DIFF_ITEM",IPHONE,0,1,false,1429663179,"Lorde - Perfect Places"
"United States",1440936195,AUDIO,20260203,19,0,"MANUALLY_SELECTED_PLAYBACK_OF_A_DIFF_ITEM",IPHONE,0,1,false,1440936195,"Taylor Swift - How You Get the Girl"
"United States",1795512813,AUDIO,20260203,20,0,TRACK_SKIPPED_FORWARDS,IPHONE,0,1,false,1795512813,"Sabrina Carpenter - Sharpest Tool"
"United States",1647324051,AUDIO,20260203,5,0,TRACK_SKIPPED_FORWARDS,IPHONE,0,1,false,N/A,"SEULGI - 28 Reasons"
"United States",1870984033,AUDIO,20260204,"13, 18",660566,NATURAL_END_OF_TRACK,IPHONE,3,1,false,1870984033,"Harry Styles - Aperture"
"United States",1736995535,AUDIO,20260204,"19, 23",521412,PLAYBACK_SUSPENDED,IPHONE,3,0,false,1736995535,"Olivia Rodrigo - making the bed"
"United States",1736996058,AUDIO,20260204,"19, 23",441518,"MANUALLY_SELECTED_PLAYBACK_OF_A_DIFF_ITEM",IPHONE,2,1,false,1736996058,"Olivia Rodrigo - teenage dream"
"United States",1742075509,AUDIO,20260204,"4, 13",434986,NATURAL_END_OF_TRACK,IPHONE,2,1,false,1742075509,"Taylor Swift - How Did It End?"
"United States",1823044944,AUDIO,20260204,"22, 23",423694,NATURAL_END_OF_TRACK,MACINTOSH,2,0,false,1823044944,"Air - Playground Love [feat. Gordon Tracks]"
"United States",1485802970,AUDIO,20260204,"13, 18",385677,NATURAL_END_OF_TRACK,IPHONE,2,2,false,1485802970,"Harry Styles - Adore You"
"United States",1823045049,AUDIO,20260204,22,373595,NATURAL_END_OF_TRACK,MACINTOSH,1,0,false,1823045049,"Air - Dirty Trip"
"United States",1823045060,AUDIO,20260204,23,353312,NATURAL_END_OF_TRACK,MACINTOSH,1,0,false,1823045060,"Air - Suicide Underground"
"United States",1615585012,AUDIO,20260204,"13, 17, 19",252590,"MANUALLY_SELECTED_PLAYBACK_OF_A_DIFF_ITEM",IPHONE,3,2,false,1615585012,"Harry Styles - Matilda"
"United States",1689131968,AUDIO,20260204,4,248242,NATURAL_END_OF_TRACK,IPHONE,1,0,false,1689131968,"Taylor Swift - Labyrinth"
"United States",1485802975,AUDIO,20260204,18,240032,NATURAL_END_OF_TRACK,IPHONE,1,1,false,1485802975,"Harry Styles - Falling"
"United States",1736995537,AUDIO,20260204,19,231898,NATURAL_END_OF_TRACK,IPHONE,1,0,false,1736995537,"Olivia Rodrigo - logical"
"United States",1226034393,AUDIO,20260204,"13, 18",218429,TRACK_SKIPPED_FORWARDS,IPHONE,1,2,false,1226034393,"Harry Styles - Sign of the Times"
"United States",1440812146,AUDIO,20260204,4,214738,NATURAL_END_OF_TRACK,IPHONE,1,0,false,1440812146,"t.A.T.u. - All The Things She Said"
"United States",1736996573,VIDEO,20260204,23,209969,NATURAL_END_OF_TRACK,IPHONE,1,0,false,1736996573,"get him back!"
"United States",1838810952,AUDIO,20260204,13,208478,NATURAL_END_OF_TRACK,IPHONE,1,0,false,1838810952,"Taylor Swift - Elizabeth Taylor"
"United States",1085060699,AUDIO,20260204,4,205355,NATURAL_END_OF_TRACK,IPHONE,1,0,false,1085060699,"TAEMIN - Drip Drop"
"United States",1742074192,AUDIO,20260204,13,203823,NATURAL_END_OF_TRACK,IPHONE,1,0,false,1742074192,"Taylor Swift - My Boy Only Breaks His Favorite Toys"
"United States",1736995841,AUDIO,20260204,23,199643,NATURAL_END_OF_TRACK,IPHONE,1,0,false,1736995841,"Olivia Rodrigo - pretty isn’t pretty"
"United States",1485802981,AUDIO,20260204,18,197881,NATURAL_END_OF_TRACK,IPHONE,1,0,false,1485802981,"Harry Styles - Treat People With Kindness"
"United States",1736996216,AUDIO,20260204,23,193396,NATURAL_END_OF_TRACK,IPHONE,1,0,false,1736996216,"Olivia Rodrigo - stranger"
"United States",1650841746,AUDIO,20260204,4,191300,NATURAL_END_OF_TRACK,IPHONE,1,0,false,1650841746,"Taylor Swift - Mastermind"
"United States",1773167033,AUDIO,20260204,22,180602,"MANUALLY_SELECTED_PLAYBACK_OF_A_DIFF_ITEM",MACINTOSH,1,1,false,1773167033,"Minnz Piano - Begin Again"
"United States",1560735551,AUDIO,20260204,19,179013,NATURAL_END_OF_TRACK,IPHONE,1,0,false,1560735551,"Olivia Rodrigo - good 4 u"
"United States",1823045058,AUDIO,20260204,23,178934,NATURAL_END_OF_TRACK,MACINTOSH,1,0,false,1823045058,"Air - Dead Bodies"
"United States",1736995379,AUDIO,20260204,23,177194,NATURAL_END_OF_TRACK,IPHONE,1,0,false,1736995379,"Olivia Rodrigo - lacy"
"United States",1823045056,AUDIO,20260204,23,176952,NATURAL_END_OF_TRACK,MACINTOSH,1,0,false,1823045056,"Air - Empty House"
"United States",1736996223,AUDIO,20260204,19,169942,NATURAL_END_OF_TRACK,IPHONE,1,0,false,1736996223,"Olivia Rodrigo - so american"
"United States",1615585008,AUDIO,20260204,13,167636,NATURAL_END_OF_TRACK,IPHONE,1,0,false,1615585008,"Harry Styles - As It Was"
"United States",1736995139,AUDIO,20260204,23,165904,NATURAL_END_OF_TRACK,IPHONE,1,0,false,1736995139,"Olivia Rodrigo - all-american bitch"
"United States",1823045052,AUDIO,20260204,22,160166,NATURAL_END_OF_TRACK,MACINTOSH,1,0,false,1823045052,"Air - Highschool Lover"
"United States",1823044945,AUDIO,20260204,"22, 23",156501,PLAYBACK_MANUALLY_PAUSED,MACINTOSH,2,0,false,1823044945,"Air - Clouds Up"
"United States",1823044952,AUDIO,20260204,22,156289,NATURAL_END_OF_TRACK,MACINTOSH,1,0,false,1823044952,"Air - Cemetary Party"
"United States",1823045046,AUDIO,20260204,22,151634,NATURAL_END_OF_TRACK,MACINTOSH,1,0,false,1823045046,"Air - The Word Hurricane"
"United States",1823044948,AUDIO,20260204,22,145513,NATURAL_END_OF_TRACK,MACINTOSH,1,0,false,1823044948,"Air - Bathroom Girl"
"United States",1823045053,AUDIO,20260204,22,144238,NATURAL_END_OF_TRACK,MACINTOSH,1,0,false,1823045053,"Air - Afternoon Sister"
"United States",1085060706,AUDIO,20260204,4,128460,"MANUALLY_SELECTED_PLAYBACK_OF_A_DIFF_ITEM",IPHONE,1,1,false,1085060706,"TAEMIN - Sexuality (Rearranged Version)"
"United States",1226034791,AUDIO,20260204,18,126339,"MANUALLY_SELECTED_PLAYBACK_OF_A_DIFF_ITEM",IPHONE,1,1,false,1226034791,"Harry Styles - Two Ghosts"
"United States",1823045055,AUDIO,20260204,22,118076,NATURAL_END_OF_TRACK,MACINTOSH,1,0,false,1823045055,"Air - Ghost Song"
"United States",1823044953,AUDIO,20260204,22,75117,TRACK_SKIPPED_FORWARDS,MACINTOSH,1,1,false,1823044953,"Air - Dark Messages"
"United States",1615585006,AUDIO,20260204,13,71058,"MANUALLY_SELECTED_PLAYBACK_OF_A_DIFF_ITEM",IPHONE,1,1,false,1615585006,"Harry Styles - Late Night Talking"
"United States",1485802966,AUDIO,20260204,18,70379,"MANUALLY_SELECTED_PLAYBACK_OF_A_DIFF_ITEM",IPHONE,1,1,false,1485802966,"Harry Styles - Golden"
"United States",1547315999,AUDIO,20260204,"4, 13",41986,"MANUALLY_SELECTED_PLAYBACK_OF_A_DIFF_ITEM",IPHONE,1,1,false,1547315999,"Taylor Swift - marjorie"
"United States",1742058284,AUDIO,20260204,4,40686,"MANUALLY_SELECTED_PLAYBACK_OF_A_DIFF_ITEM",IPHONE,1,1,false,1742058284,"Taylor Swift - Peter"
"United States",1614233077,AUDIO,20260204,22,30872,"MANUALLY_SELECTED_PLAYBACK_OF_A_DIFF_ITEM",MACINTOSH,1,1,false,1614233077,"Luca Longobardi - Kyoto"
"United States",1485802971,AUDIO,20260204,18,0,TRACK_SKIPPED_FORWARDS,IPHONE,0,2,false,1485802971,"Harry Styles - Lights Up"
"United States",1736996213,AUDIO,20260204,23,0,TRACK_SKIPPED_FORWARDS,IPHONE,0,1,false,1736996213,"Olivia Rodrigo - scared of my guitar"
"United States",1736995824,AUDIO,20260204,19,0,TRACK_SKIPPED_FORWARDS,IPHONE,0,1,false,N/A,"Olivia Rodrigo - the grudge"
"United States",1714727613,AUDIO,20260204,19,0,"MANUALLY_SELECTED_PLAYBACK_OF_A_DIFF_ITEM",IPHONE,0,1,false,1714727613,"Olivia Rodrigo - Can’t Catch Me Now (from The Hunger Games: The Ballad of Songbirds & Snakes)"
"United States",1582277657,AUDIO,20260204,19,0,TRACK_SKIPPED_FORWARDS,IPHONE,0,1,false,N/A,"Olivia Rodrigo - favorite crime"
"United States",1736996063,AUDIO,20260204,"19, 23",0,"MANUALLY_SELECTED_PLAYBACK_OF_A_DIFF_ITEM",IPHONE,0,2,false,1736996063,"Olivia Rodrigo - obsessed"
"United States",1736995369,AUDIO,20260204,19,0,TRACK_SKIPPED_FORWARDS,IPHONE,0,1,false,N/A,"Olivia Rodrigo - bad idea right?"
"United States",1736995369,AUDIO,20260204,23,0,TRACK_SKIPPED_FORWARDS,IPHONE,0,1,false,1736995369,"Olivia Rodrigo - bad idea right?"
"United States",1736995376,AUDIO,20260204,19,0,TRACK_SKIPPED_FORWARDS,IPHONE,0,1,false,N/A,"Olivia Rodrigo - vampire"
"United States",1870984033,AUDIO,20260204,13,0,TRACK_SKIPPED_FORWARDS,IPHONE,0,1,false,N/A,"Harry Styles - Aperture"
"United States",1615585102,AUDIO,20260204,18,0,"MANUALLY_SELECTED_PLAYBACK_OF_A_DIFF_ITEM",IPHONE,0,1,false,1615585102,"Harry Styles - Love Of My Life"
"United States",1485802974,AUDIO,20260204,19,0,"MANUALLY_SELECTED_PLAYBACK_OF_A_DIFF_ITEM",IPHONE,0,1,false,1485802974,"Harry Styles - Cherry"
"United States",1736995395,AUDIO,20260204,23,0,TRACK_SKIPPED_FORWARDS,IPHONE,0,1,false,1736995395,"Olivia Rodrigo - ballad of a homeschooled girl"
"United States",1614232884,AUDIO,20260204,22,0,"MANUALLY_SELECTED_PLAYBACK_OF_A_DIFF_ITEM",MACINTOSH,0,1,false,1614232884,"Luca Longobardi - Cello Suite No.1 In G Major, BWV 1007: No.1, Prélude (Recomposed)"
"United States",1694386828,AUDIO,20260204,19,0,TRACK_SKIPPED_FORWARDS,IPHONE,0,1,false,1694386828,"Olivia Rodrigo - bad idea right?"
"United States",1741640996,AUDIO,20260204,19,0,"MANUALLY_SELECTED_PLAYBACK_OF_A_DIFF_ITEM",IPHONE,0,1,false,N/A,N/A
"United States",1614232589,AUDIO,20260204,22,0,"MANUALLY_SELECTED_PLAYBACK_OF_A_DIFF_ITEM",MACINTOSH,0,1,false,1614232589,"Luca Longobardi - Voices"
"United States",1582275115,AUDIO,20260204,19,0,TRACK_SKIPPED_FORWARDS,IPHONE,0,1,false,1582275115,"Olivia Rodrigo - favorite crime"
"United States",1736995818,AUDIO,20260204,19,0,TRACK_SKIPPED_FORWARDS,IPHONE,0,1,false,N/A,"Olivia Rodrigo - love is embarrassing"
"United States",1736995818,AUDIO,20260204,23,0,TRACK_SKIPPED_FORWARDS,IPHONE,0,1,false,1736995818,"Olivia Rodrigo - love is embarrassing"
"United States",1812890484,AUDIO,20260204,22,0,"MANUALLY_SELECTED_PLAYBACK_OF_A_DIFF_ITEM",MACINTOSH,0,1,false,1812890484,"Air - Playground Love (feat. Gordon Tracks)"
"United States",1689131531,AUDIO,20260204,4,0,TRACK_SKIPPED_FORWARDS,IPHONE,0,1,false,1689131531,"Taylor Swift - Lavender Haze"
"United States",1838810960,AUDIO,20260204,13,0,"MANUALLY_SELECTED_PLAYBACK_OF_A_DIFF_ITEM",IPHONE,0,1,false,1838810960,"Taylor Swift - Wood"
"United States",1736995139,AUDIO,20260204,19,0,"MANUALLY_SELECTED_PLAYBACK_OF_A_DIFF_ITEM",IPHONE,0,1,false,N/A,"Olivia Rodrigo - all-american bitch"
"United States",1694386841,AUDIO,20260204,19,0,"MANUALLY_SELECTED_PLAYBACK_OF_A_DIFF_ITEM",IPHONE,0,1,false,1694386841,"Olivia Rodrigo - get him back!"
"United States",1226034796,AUDIO,20260204,13,0,"MANUALLY_SELECTED_PLAYBACK_OF_A_DIFF_ITEM",IPHONE,0,1,false,N/A,"Harry Styles - Sweet Creature"
"United States",1868596006,AUDIO,20260204,4,0,TRACK_SKIPPED_FORWARDS,IPHONE,0,1,false,1868596006,"EXO - Back Pocket"
"United States",1694386830,AUDIO,20260204,19,0,"MANUALLY_SELECTED_PLAYBACK_OF_A_DIFF_ITEM",IPHONE,0,1,false,1694386830,"Olivia Rodrigo - vampire"
"United States",1689131533,AUDIO,20260204,4,0,TRACK_SKIPPED_FORWARDS,IPHONE,0,1,false,1689131533,"Taylor Swift - Anti-Hero"
"United States",1736995824,AUDIO,20260204,23,0,TRACK_SKIPPED_FORWARDS,IPHONE,0,1,false,1736995824,"Olivia Rodrigo - the grudge"
"United States",1742058092,AUDIO,20260204,4,0,TRACK_SKIPPED_FORWARDS,IPHONE,0,1,false,1742058092,"Taylor Swift - Fresh Out The Slammer"
"United States",1530317820,AUDIO,20260204,4,0,"MANUALLY_SELECTED_PLAYBACK_OF_A_DIFF_ITEM",IPHONE,0,1,false,1530317820,"TAEMIN - Criminal"
"United States",1870984033,AUDIO,20260205,"12, 18, 23",705277,TRACK_SKIPPED_FORWARDS,IPHONE,3,2,false,1870984033,"Harry Styles - Aperture"
"United States",1773474483,AUDIO,20260205,"14, 23",499579,NATURAL_END_OF_TRACK,"IPHONE, MACINTOSH",3,2,false,1773474483,"Gracie Abrams - That’s So True"
"United States",1773474484,AUDIO,20260205,"14, 16",442354,NATURAL_END_OF_TRACK,"IPHONE, MACINTOSH",2,0,false,1773474484,"Gracie Abrams - I Told You Things"
"United States",1773474470,AUDIO,20260205,"14, 18",378779,"MANUALLY_SELECTED_PLAYBACK_OF_A_DIFF_ITEM",IPHONE,2,1,false,1773474470,"Gracie Abrams - us. (feat. Taylor Swift)"
"United States",1795979747,AUDIO,20260205,20,292813,NATURAL_END_OF_TRACK,IPHONE,2,1,false,1795979747,"JENNIE - start a war"
"United States",1795979995,AUDIO,20260205,"20, 23",272609,NATURAL_END_OF_TRACK,IPHONE,2,0,false,1795979995,"JENNIE - Mantra"
"United States",1485802974,AUDIO,20260205,13,259074,NATURAL_END_OF_TRACK,IPHONE,1,0,false,1485802974,"Harry Styles - Cherry"
"United States",1838810956,AUDIO,20260205,18,246336,NATURAL_END_OF_TRACK,IPHONE,1,0,false,1838810956,"Taylor Swift - Eldest Daughter"
"United States",1773474477,AUDIO,20260205,16,242845,NATURAL_END_OF_TRACK,IPHONE,1,0,false,1773474477,"Gracie Abrams - Normal Thing"
"United States",1838810964,AUDIO,20260205,18,241762,NATURAL_END_OF_TRACK,IPHONE,1,0,false,1838810964,"Taylor Swift - The Life of a Showgirl (feat. Sabrina Carpenter)"
"United States",1485802975,AUDIO,20260205,13,240401,NATURAL_END_OF_TRACK,IPHONE,1,0,false,1485802975,"Harry Styles - Falling"
"United States",1787023936,AUDIO,20260205,14,237190,NATURAL_END_OF_TRACK,MACINTOSH,1,0,false,1787023936,"Bad Bunny - DtMF"
"United States",1838810953,AUDIO,20260205,18,236353,NATURAL_END_OF_TRACK,IPHONE,1,0,false,1838810953,"Taylor Swift - Opalite"
"United States",1773474474,AUDIO,20260205,"14, 18",236070,TRACK_SKIPPED_FORWARDS,"IPHONE, MACINTOSH",1,2,false,1773474474,"Gracie Abrams - Gave You I Gave You I"
"United States",1773474480,AUDIO,20260205,17,226536,NATURAL_END_OF_TRACK,IPHONE,1,0,false,1773474480,"Gracie Abrams - Close To You"
"United States",1838810951,AUDIO,20260205,"18, 23",226293,TRACK_SKIPPED_FORWARDS,IPHONE,1,1,false,1838810951,"Taylor Swift - The Fate of Ophelia"
"United States",1568020292,AUDIO,20260205,20,225825,TRACK_SKIPPED_FORWARDS,IPHONE,1,1,false,N/A,"Ariana Grande - Into You"
"United States",1838810957,AUDIO,20260205,18,220555,NATURAL_END_OF_TRACK,IPHONE,1,0,false,1838810957,"Taylor Swift - Ruin The Friendship"
"United States",1787022572,AUDIO,20260205,14,219439,"MANUALLY_SELECTED_PLAYBACK_OF_A_DIFF_ITEM",MACINTOSH,2,1,false,1787022572,"Bad Bunny - NUEVAYoL"
"United States",1615585100,AUDIO,20260205,13,218877,NATURAL_END_OF_TRACK,IPHONE,1,0,false,1615585100,"Harry Styles - Satellite"
"United States",1838810955,AUDIO,20260205,18,212780,NATURAL_END_OF_TRACK,IPHONE,1,0,false,1838810955,"Taylor Swift - Father Figure"
"United States",1838810961,AUDIO,20260205,18,211408,NATURAL_END_OF_TRACK,IPHONE,1,0,false,1838810961,"Taylor Swift - CANCELLED!"
"United States",1485802966,AUDIO,20260205,13,208810,NATURAL_END_OF_TRACK,IPHONE,1,0,false,1485802966,"Harry Styles - Golden"
"United States",1795979997,AUDIO,20260205,"20, 23",208707,"MANUALLY_SELECTED_PLAYBACK_OF_A_DIFF_ITEM",IPHONE,2,2,false,1795979997,"JENNIE - ZEN"
"United States",1838810952,AUDIO,20260205,18,208289,NATURAL_END_OF_TRACK,IPHONE,1,0,false,1838810952,"Taylor Swift - Elizabeth Taylor"
"United States",1838810959,AUDIO,20260205,18,207337,NATURAL_END_OF_TRACK,IPHONE,1,0,false,1838810959,"Taylor Swift - Wi$h Li$t"
"United States",1773474486,AUDIO,20260205,17,204285,NATURAL_END_OF_TRACK,IPHONE,1,0,false,1773474486,"Gracie Abrams - I Love You, I'm Sorry (Live From Vevo)"
"United States",1594982931,AUDIO,20260205,20,202085,NATURAL_END_OF_TRACK,IPHONE,1,0,false,N/A,"Lorde - The Love Club"
"United States",1588044264,AUDIO,20260205,19,199606,NATURAL_END_OF_TRACK,IPHONE,1,0,false,N/A,"Justin Bieber - Peaches (feat. Daniel Caesar & GIVĒON)"
"United States",1485802981,AUDIO,20260205,13,197577,NATURAL_END_OF_TRACK,IPHONE,1,0,false,1485802981,"Harry Styles - Treat People With Kindness"
"United States",1773473687,AUDIO,20260205,19,192081,NATURAL_END_OF_TRACK,IPHONE,1,0,false,N/A,"Gracie Abrams - Risk"
"United States",1773473687,AUDIO,20260205,"14, 16",191684,TRACK_SKIPPED_FORWARDS,"IPHONE, MACINTOSH",1,1,false,1773473687,"Gracie Abrams - Risk"
"United States",1736995369,AUDIO,20260205,20,185479,NATURAL_END_OF_TRACK,IPHONE,1,0,false,N/A,"Olivia Rodrigo - bad idea right?"
"United States",1843595808,AUDIO,20260205,23,184980,NATURAL_END_OF_TRACK,IPHONE,1,0,false,1843595808,"PinkPantheress - Stateside (with Zara Larsson)"
"United States",1795979748,AUDIO,20260205,23,184947,NATURAL_END_OF_TRACK,IPHONE,1,0,false,1795979748,"JENNIE & Dua Lipa - Handlebars"
"United States",1838810963,AUDIO,20260205,18,181537,NATURAL_END_OF_TRACK,IPHONE,1,0,false,1838810963,"Taylor Swift - Honey"
"United States",1226034810,AUDIO,20260205,13,176624,NATURAL_END_OF_TRACK,IPHONE,1,0,false,1226034810,"Harry Styles - Kiwi"
"United States",1773474472,AUDIO,20260205,16,169504,NATURAL_END_OF_TRACK,IPHONE,1,0,false,1773474472,"Gracie Abrams - Tough Love"
"United States",1853104436,AUDIO,20260205,23,168649,NATURAL_END_OF_TRACK,IPHONE,1,0,false,1853104436,"Tate McRae - NOBODY'S GIRL"
"United States",1824672652,AUDIO,20260205,23,165063,NATURAL_END_OF_TRACK,IPHONE,1,0,false,1824672652,"BLACKPINK - JUMP"
"United States",1838810958,AUDIO,20260205,18,163708,NATURAL_END_OF_TRACK,IPHONE,1,0,false,1838810958,"Taylor Swift - Actually Romantic"
"United States",1787022842,AUDIO,20260205,14,160884,PLAYBACK_MANUALLY_PAUSED,MACINTOSH,2,1,false,1787022842,"Bad Bunny - BAILE INoLVIDABLE"
"United States",1795512308,AUDIO,20260205,19,157529,NATURAL_END_OF_TRACK,IPHONE,1,0,false,N/A,"Sabrina Carpenter - Taste"
"United States",1773474469,AUDIO,20260205,14,157052,NATURAL_END_OF_TRACK,IPHONE,1,0,false,1773474469,"Gracie Abrams - I Love You, I'm Sorry"
"United States",1787022587,AUDIO,20260205,14,156453,NATURAL_END_OF_TRACK,MACINTOSH,1,0,false,1787022587,"Bad Bunny - VOY A LLeVARTE PA PR"
"United States",1226034393,AUDIO,20260205,18,150483,TRACK_SKIPPED_FORWARDS,IPHONE,1,1,false,N/A,"Harry Styles - Sign of the Times"
"United States",1838810960,AUDIO,20260205,18,150421,NATURAL_END_OF_TRACK,IPHONE,1,0,false,1838810960,"Taylor Swift - Wood"
"United States",1852566426,AUDIO,20260205,23,145064,NATURAL_END_OF_TRACK,IPHONE,1,1,false,1852566426,"Charli xcx - Wall of Sound"
"United States",1485802967,AUDIO,20260205,13,137749,"MANUALLY_SELECTED_PLAYBACK_OF_A_DIFF_ITEM",IPHONE,1,1,false,1485802967,"Harry Styles - Watermelon Sugar"
"United States",1795979745,AUDIO,20260205,23,123738,NATURAL_END_OF_TRACK,IPHONE,1,0,false,1795979745,"JENNIE - like JENNIE"
"United States",1773474482,AUDIO,20260205,14,86044,TRACK_SKIPPED_FORWARDS,"IPHONE, MACINTOSH",1,2,false,1773474482,"Gracie Abrams - Cool"
"United States",1773474479,AUDIO,20260205,14,61417,OTHER,MACINTOSH,1,0,false,1773474479,"Gracie Abrams - Free Now"
"United States",1773474471,AUDIO,20260205,17,56936,TRACK_SKIPPED_FORWARDS,IPHONE,1,1,false,1773474471,"Gracie Abrams - Let It Happen"
"United States",1793663645,AUDIO,20260205,23,52614,TRACK_SKIPPED_FORWARDS,IPHONE,1,1,false,1793663645,"Alex Warren - Ordinary"
"United States",1795979996,AUDIO,20260205,20,0,TRACK_SKIPPED_FORWARDS,IPHONE,0,1,false,1795979996,"JENNIE & Dominic Fike - Love Hangover"
"United States",1795980014,AUDIO,20260205,"20, 23",0,TRACK_SKIPPED_FORWARDS,IPHONE,0,2,false,1795980014,"JENNIE - twin"
"United States",1845189973,AUDIO,20260205,23,0,"MANUALLY_SELECTED_PLAYBACK_OF_A_DIFF_ITEM",IPHONE,0,1,false,1845189973,"Charlie Puth - Beat Yourself Up"
"United States",1773474488,AUDIO,20260205,16,0,TRACK_SKIPPED_FORWARDS,IPHONE,0,1,false,1773474488,"Gracie Abrams - Free Now (Live From Vevo)"
"United States",1773474497,VIDEO,20260205,14,0,TRACK_SKIPPED_FORWARDS,IPHONE,0,1,false,1773474497,Risk
"United States",1736995535,AUDIO,20260205,12,0,"MANUALLY_SELECTED_PLAYBACK_OF_A_DIFF_ITEM",IPHONE,0,1,false,1736995535,"Olivia Rodrigo - making the bed"
"United States",1838737598,AUDIO,20260205,23,0,TRACK_SKIPPED_FORWARDS,IPHONE,0,1,false,1838737598,"RAYE - WHERE IS MY HUSBAND!"
"United States",273143820,AUDIO,20260205,20,0,TRACK_SKIPPED_FORWARDS,IPHONE,0,1,false,N/A,"Britney Spears - ...Baby One More Time"
"United States",1773474487,AUDIO,20260205,14,0,TRACK_SKIPPED_FORWARDS,IPHONE,0,1,false,1773474487,"Gracie Abrams - I Knew It, I Know You (Live From Vevo)"
"United States",1795980007,AUDIO,20260205,20,0,TRACK_SKIPPED_FORWARDS,IPHONE,0,1,false,1795980007,"JENNIE - Starlight"
"United States",1820264150,AUDIO,20260205,23,0,TRACK_SKIPPED_FORWARDS,IPHONE,0,1,false,1820264150,"HUNTR/X, EJAE, AUDREY NUNA, REI AMI & KPop Demon Hunters Cast - Golden"
"United States",1844464069,AUDIO,20260205,23,0,TRACK_SKIPPED_FORWARDS,IPHONE,0,1,false,1844464069,"Madison Beer - bittersweet"
"United States",1811464273,AUDIO,20260205,23,0,TRACK_SKIPPED_FORWARDS,IPHONE,0,1,false,1811464273,"KATSEYE - Gabriela"
"United States",1485802971,AUDIO,20260205,12,0,"MANUALLY_SELECTED_PLAYBACK_OF_A_DIFF_ITEM",IPHONE,0,1,false,1485802971,"Harry Styles - Lights Up"
"United States",1743054747,AUDIO,20260205,18,0,"MANUALLY_SELECTED_PLAYBACK_OF_A_DIFF_ITEM",IPHONE,0,1,false,1743054747,"Gracie Abrams - I Love You, I'm Sorry"
"United States",1773474473,AUDIO,20260205,17,0,TRACK_SKIPPED_FORWARDS,IPHONE,0,1,false,1773474473,"Gracie Abrams - I Knew It, I Know You"
"United States",1773474485,AUDIO,20260205,18,0,TRACK_SKIPPED_FORWARDS,IPHONE,0,1,false,1773474485,"Gracie Abrams - Packing It Up"
"United States",1795979993,AUDIO,20260205,23,0,"MANUALLY_SELECTED_PLAYBACK_OF_A_DIFF_ITEM",IPHONE,0,1,false,1795979993,"JENNIE & Doechii - ExtraL"
"United States",1773474478,AUDIO,20260205,"14, 16",0,TRACK_SKIPPED_FORWARDS,IPHONE,0,2,false,1773474478,"Gracie Abrams - Good Luck Charlie"
"United States",1795980005,AUDIO,20260205,20,0,TRACK_SKIPPED_FORWARDS,IPHONE,0,1,false,1795980005,"JENNIE - Filter"
"United States",1773473688,AUDIO,20260205,14,0,TRACK_SKIPPED_FORWARDS,IPHONE,0,1,false,1773473688,"Gracie Abrams - Blowing Smoke"
"United States",1773474489,VIDEO,20260205,17,0,TRACK_SKIPPED_FORWARDS,IPHONE,0,1,false,1773474489,"I Love You, I'm Sorry"
"United States",1773473686,AUDIO,20260205,16,0,TRACK_SKIPPED_FORWARDS,IPHONE,0,1,false,1773473686,"Gracie Abrams - Felt Good About You"
"United States",1795980000,AUDIO,20260205,20,0,TRACK_SKIPPED_FORWARDS,IPHONE,0,1,false,1795980000,"JENNIE, Childish Gambino & Kali Uchis - Damn Right"
"United States",1736268557,AUDIO,20260206,"0, 2, 4, 18",985523,NATURAL_END_OF_TRACK,"IPHONE, MACINTOSH",5,1,false,1736268557,"Taylor Swift - The Alchemy"
"United States",1742058104,AUDIO,20260206,"20, 21, 22",697529,NATURAL_END_OF_TRACK,MACINTOSH,3,1,false,1742058104,"Taylor Swift - I Can Do It With a Broken Heart"
"United States",1742058269,AUDIO,20260206,"0, 4, 18",687900,NATURAL_END_OF_TRACK,"IPHONE, MACINTOSH",3,0,false,1742058269,"Taylor Swift - So High School"
"United States",1874387735,VIDEO,20260206,"15, 19",678359,"MANUALLY_SELECTED_PLAYBACK_OF_A_DIFF_ITEM","IPHONE, MACINTOSH",2,2,false,1874387735,Opalite
"United States",1742058100,AUDIO,20260206,"21, 22",668365,NATURAL_END_OF_TRACK,MACINTOSH,2,0,false,1742058100,"Taylor Swift - Who’s Afraid of Little Old Me?"
"United States",1742058105,AUDIO,20260206,"20, 21, 22",554902,"MANUALLY_SELECTED_PLAYBACK_OF_A_DIFF_ITEM",MACINTOSH,3,2,false,1742058105,"Taylor Swift - The Smallest Man Who Ever Lived"
"United States",1676966710,AUDIO,20260206,"20, 23",466777,TRACK_SKIPPED_FORWARDS,IPHONE,1,1,false,1676966710,"Taylor Swift, Joy Williams & John Paul White - Safe & Sound (Taylor's Version)"
"United States",1874125269,AUDIO,20260206,"5, 15",419738,NATURAL_END_OF_TRACK,"IPHONE, MACINTOSH",2,0,false,1874125269,"Tame Impala & JENNIE - Dracula (JENNIE Remix)"
"United States",1795980014,AUDIO,20260206,16,417794,NATURAL_END_OF_TRACK,MACINTOSH,2,0,false,1795980014,"JENNIE - twin"
"United States",1708309186,AUDIO,20260206,"2, 18",412209,NATURAL_END_OF_TRACK,"IPHONE, MACINTOSH",2,2,false,1708309186,"Taylor Swift - Wildest Dreams (Taylor's Version)"
"United States",1795979997,AUDIO,20260206,16,402867,NATURAL_END_OF_TRACK,MACINTOSH,2,0,false,1795979997,"JENNIE - ZEN"
"United States",1708309198,AUDIO,20260206,"4, 18",365112,TRACK_SKIPPED_FORWARDS,"IPHONE, MACINTOSH",2,1,false,1708309198,"Taylor Swift - You Are In Love (Taylor's Version)"
"United States",1795979747,AUDIO,20260206,16,330130,NATURAL_END_OF_TRACK,MACINTOSH,2,0,false,1795979747,"JENNIE - start a war"
"United States",1795980006,AUDIO,20260206,"16, 19",328780,TRACK_SKIPPED_FORWARDS,"IPHONE, MACINTOSH",2,1,false,1795980006,"JENNIE - Seoul City"
"United States",1795979992,AUDIO,20260206,"16, 17",327798,NATURAL_END_OF_TRACK,MACINTOSH,2,0,false,1795979992,"JENNIE - with the IE (way up)"
"United States",1524793912,AUDIO,20260206,"0, 18",314545,NATURAL_END_OF_TRACK,"IPHONE, MACINTOSH",2,3,false,1524793912,"Taylor Swift - invisible string"
"United States",1690841083,AUDIO,20260206,23,308978,TRACK_SKIPPED_FORWARDS,IPHONE,1,1,false,1690841083,"Taylor Swift - Castles Crumbling (Taylor's Version) (From The Vault) [feat. Hayley Williams]"
"United States",1795980005,AUDIO,20260206,"16, 19",303411,"MANUALLY_SELECTED_PLAYBACK_OF_A_DIFF_ITEM","IPHONE, MACINTOSH",2,1,false,1795980005,"JENNIE - Filter"
"United States",1541905079,AUDIO,20260206,19,295161,NATURAL_END_OF_TRACK,MACINTOSH,1,0,false,1541905079,"Taylor Swift - my tears ricochet (the long pond studio sessions)"
"United States",1742058284,AUDIO,20260206,20,283938,NATURAL_END_OF_TRACK,MACINTOSH,1,0,false,1742058284,"Taylor Swift - Peter"
"United States",1795979745,AUDIO,20260206,"16, 19",283790,TRACK_SKIPPED_FORWARDS,"IPHONE, MACINTOSH",3,1,false,1795979745,"JENNIE - like JENNIE"
"United States",1541905075,AUDIO,20260206,19,279889,NATURAL_END_OF_TRACK,MACINTOSH,1,0,false,1541905075,"Taylor Swift - exile (feat. Bon Iver) [the long pond studio sessions]"
"United States",1742058103,AUDIO,20260206,"21, 22, 23",277161,"MANUALLY_SELECTED_PLAYBACK_OF_A_DIFF_ITEM","IPHONE, MACINTOSH",1,2,false,1742058103,"Taylor Swift - loml"
"United States",1622051042,AUDIO,20260206,"18, 19",250003,NATURAL_END_OF_TRACK,MACINTOSH,1,1,false,1622051042,"Taylor Swift - This Love (Taylor’s Version)"
"United States",1742058281,AUDIO,20260206,20,249690,NATURAL_END_OF_TRACK,MACINTOSH,1,0,false,1742058281,"Taylor Swift - The Prophecy"
"United States",1795979993,AUDIO,20260206,"16, 17",241050,"MANUALLY_SELECTED_PLAYBACK_OF_A_DIFF_ITEM",MACINTOSH,2,1,false,1795979993,"JENNIE & Doechii - ExtraL"
"United States",1742058282,AUDIO,20260206,20,240216,NATURAL_END_OF_TRACK,MACINTOSH,1,0,false,1742058282,"Taylor Swift - Cassandra"
"United States",1742058287,AUDIO,20260206,20,238239,NATURAL_END_OF_TRACK,MACINTOSH,1,0,false,1742058287,"Taylor Swift - The Bolter"
"United States",1541905080,AUDIO,20260206,19,237372,NATURAL_END_OF_TRACK,MACINTOSH,1,0,false,1541905080,"Taylor Swift - mirrorball (the long pond studio sessions)"
"United States",1541905061,AUDIO,20260206,19,232258,NATURAL_END_OF_TRACK,MACINTOSH,1,0,false,1541905061,"Taylor Swift - the last great american dynasty (the long pond studio sessions)"
"United States",1795980000,AUDIO,20260206,16,230923,NATURAL_END_OF_TRACK,MACINTOSH,1,0,false,1795980000,"JENNIE, Childish Gambino & Kali Uchis - Damn Right"
"United States",1440934421,AUDIO,20260206,18,230850,NATURAL_END_OF_TRACK,MACINTOSH,1,0,false,1440934421,"Taylor Swift - Dress"
"United States",1541905058,AUDIO,20260206,19,230843,NATURAL_END_OF_TRACK,MACINTOSH,1,0,false,1541905058,"Taylor Swift - cardigan (the long pond studio sessions)"
"United States",1468058173,AUDIO,20260206,"18, 19",221204,NATURAL_END_OF_TRACK,MACINTOSH,1,2,false,1468058173,"Taylor Swift - Lover"
"United States",1795980007,AUDIO,20260206,"16, 19",218443,"MANUALLY_SELECTED_PLAYBACK_OF_A_DIFF_ITEM","IPHONE, MACINTOSH",2,1,false,1795980007,"JENNIE - Starlight"
"United States",1440935845,AUDIO,20260206,22,217331,NATURAL_END_OF_TRACK,MACINTOSH,1,0,false,1440935845,"Taylor Swift - Better Than Revenge"
"United States",1742058107,AUDIO,20260206,21,216678,NATURAL_END_OF_TRACK,MACINTOSH,1,0,false,1742058107,"Taylor Swift - Clara Bow"
"United States",1440934264,AUDIO,20260206,4,214441,NATURAL_END_OF_TRACK,IPHONE,1,0,false,1440934264,"Taylor Swift - King of My Heart"
"United States",1761895733,AUDIO,20260206,0,212295,NATURAL_END_OF_TRACK,MACINTOSH,1,0,false,1761895733,"Bleachers - Me Before You (Live at The Great Saltair - Salt Lake City - 05.18.24)"
"United States",1468058177,AUDIO,20260206,19,211223,NATURAL_END_OF_TRACK,MACINTOSH,1,0,false,1468058177,"Taylor Swift - The Archer"
"United States",1712730491,AUDIO,20260206,0,210227,NATURAL_END_OF_TRACK,MACINTOSH,1,0,false,1712730491,"Bleachers - Alma Mater"
"United States",1775877096,AUDIO,20260206,0,202265,NATURAL_END_OF_TRACK,MACINTOSH,1,0,false,1775877096,"Bleachers - Merry Christmas, Please Don't Call"
"United States",1694386835,AUDIO,20260206,23,199551,NATURAL_END_OF_TRACK,IPHONE,1,0,false,1694386835,"Olivia Rodrigo - making the bed"
"United States",1595209645,AUDIO,20260206,0,198282,NATURAL_END_OF_TRACK,MACINTOSH,1,0,false,1595209645,"Bleachers - Strange Behavior (Recorded at Electric Lady Studio)"
"United States",1742058106,AUDIO,20260206,21,196882,NATURAL_END_OF_TRACK,MACINTOSH,1,0,false,1742058106,"Taylor Swift - The Alchemy"
"United States",1795979744,AUDIO,20260206,16,196595,NATURAL_END_OF_TRACK,MACINTOSH,2,0,false,1795979744,"JENNIE & FKJ - Intro : JANE with FKJ"
"United States",1468058176,AUDIO,20260206,19,190353,NATURAL_END_OF_TRACK,MACINTOSH,1,0,false,1468058176,"Taylor Swift - The Man"
"United States",1672703108,AUDIO,20260206,23,189510,NATURAL_END_OF_TRACK,IPHONE,1,0,false,1672703108,"Reneé Rapp - Don't Tell My Mom"
"United States",1225759942,AUDIO,20260206,0,185943,NATURAL_END_OF_TRACK,MACINTOSH,1,0,false,1225759942,"Bleachers - Let's Get Married"
"United States",1795979748,AUDIO,20260206,16,184694,NATURAL_END_OF_TRACK,MACINTOSH,1,0,false,1795979748,"JENNIE & Dua Lipa - Handlebars"
"United States",1795979996,AUDIO,20260206,16,180127,NATURAL_END_OF_TRACK,MACINTOSH,1,0,false,1795979996,"JENNIE & Dominic Fike - Love Hangover"
"United States",1468058171,AUDIO,20260206,19,178590,NATURAL_END_OF_TRACK,MACINTOSH,1,0,false,1468058171,"Taylor Swift - Cruel Summer"
"United States",1440935850,AUDIO,20260206,22,163520,TRACK_SKIPPED_FORWARDS,MACINTOSH,1,1,false,1440935850,"Taylor Swift - Innocent"
"United States",1690840111,AUDIO,20260206,"2, 4",162760,PLAYBACK_MANUALLY_PAUSED,IPHONE,2,1,false,1690840111,"Taylor Swift - Sparks Fly (Taylor's Version)"
"United States",1440935839,AUDIO,20260206,22,160919,PLAYBACK_MANUALLY_PAUSED,MACINTOSH,1,0,false,1440935839,"Taylor Swift - Never Grow Up"
"United States",1742058101,AUDIO,20260206,"21, 22",156238,NATURAL_END_OF_TRACK,MACINTOSH,1,1,false,1742058101,"Taylor Swift - I Can Fix Him (No Really I Can)"
"United States",1552791427,AUDIO,20260206,"0, 1, 18",155192,TRACK_SKIPPED_FORWARDS,"IPHONE, MACINTOSH",1,3,false,1552791427,"Taylor Swift - Love Story (Taylor’s Version)"
"United States",1795980004,AUDIO,20260206,16,152740,NATURAL_END_OF_TRACK,MACINTOSH,1,0,false,1795980004,"JENNIE - F.T.S."
"United States",1701861218,AUDIO,20260206,0,150629,NATURAL_END_OF_TRACK,MACINTOSH,1,0,false,1701861218,"Bleachers - Dream Of Mickey Mantle (Live At Radio City Music Hall)"
"United States",1690841273,AUDIO,20260206,23,137713,TRACK_SKIPPED_FORWARDS,IPHONE,1,1,false,1690841273,"Taylor Swift - Foolish One (Taylor's Version) (From The Vault)"
"United States",1795979995,AUDIO,20260206,16,136621,NATURAL_END_OF_TRACK,MACINTOSH,1,0,false,1795979995,"JENNIE - Mantra"
"United States",1742058275,AUDIO,20260206,20,132180,NATURAL_END_OF_TRACK,MACINTOSH,1,0,false,1742058275,"Taylor Swift - I Look in People's Windows"
"United States",1595209630,AUDIO,20260206,0,117157,"MANUALLY_SELECTED_PLAYBACK_OF_A_DIFF_ITEM",MACINTOSH,1,1,false,1595209630,"Bleachers - How Dare You Want More (Recorded at Electric Lady Studio)"
"United States",1757742976,AUDIO,20260206,0,107263,NATURAL_END_OF_TRACK,MACINTOSH,1,0,false,1757742976,"Bleachers - Take Me Away"
"United States",1739659142,AUDIO,20260206,0,105509,"MANUALLY_SELECTED_PLAYBACK_OF_A_DIFF_ITEM",IPHONE,1,1,false,1739659142,"Billie Eilish - BIRDS OF A FEATHER"
"United States",1742058259,AUDIO,20260206,21,92790,TRACK_SKIPPED_FORWARDS,MACINTOSH,1,1,false,1742058259,"Taylor Swift - The Black Dog"
"United States",1779319626,AUDIO,20260206,19,85847,"MANUALLY_SELECTED_PLAYBACK_OF_A_DIFF_ITEM",IPHONE,1,1,false,1779319626,"Tate McRae - Revolving door"
"United States",1664288817,AUDIO,20260206,23,79522,PLAYBACK_MANUALLY_PAUSED,IPHONE,1,0,false,1664288817,"Gracie Abrams - Will you cry?"
"United States",1541905146,AUDIO,20260206,19,56466,"MANUALLY_SELECTED_PLAYBACK_OF_A_DIFF_ITEM",MACINTOSH,1,1,false,1541905146,"Taylor Swift - seven (the long pond studio sessions)"
"United States",1650841513,AUDIO,20260206,"18, 19",42603,TRACK_SKIPPED_FORWARDS,MACINTOSH,1,2,false,1650841513,"Taylor Swift - Lavender Haze"
"United States",1742058529,AUDIO,20260206,20,38522,"MANUALLY_SELECTED_PLAYBACK_OF_A_DIFF_ITEM",MACINTOSH,1,1,false,1742058529,"Taylor Swift - Robin"
"United States",1874387733,AUDIO,20260206,19,32936,TRACK_SKIPPED_FORWARDS,IPHONE,1,1,false,1874387733,"Taylor Swift - Opalite"
"United States",1547315523,AUDIO,20260206,20,0,"MANUALLY_SELECTED_PLAYBACK_OF_A_DIFF_ITEM",MACINTOSH,0,1,false,1547315523,"Taylor Swift - willow"
"United States",1742058261,AUDIO,20260206,22,0,"MANUALLY_SELECTED_PLAYBACK_OF_A_DIFF_ITEM",MACINTOSH,0,1,false,1742058261,"Taylor Swift - The Albatross"
"United States",1440934258,AUDIO,20260206,2,0,TRACK_SKIPPED_FORWARDS,IPHONE,0,1,false,1440934258,"Taylor Swift - Gorgeous"
"United States",1440913928,AUDIO,20260206,"0, 18",0,TRACK_SKIPPED_FORWARDS,"IPHONE, MACINTOSH",0,2,false,1440913928,"Taylor Swift - Tim McGraw"
"United States",1468058178,AUDIO,20260206,19,0,"MANUALLY_SELECTED_PLAYBACK_OF_A_DIFF_ITEM",MACINTOSH,0,1,false,1468058178,"Taylor Swift - I Think He Knows"
"United States",1650860038,AUDIO,20260206,"0, 18",0,TRACK_SKIPPED_FORWARDS,"IPHONE, MACINTOSH",0,2,false,1650860038,"Taylor Swift - Paris"
"United States",1649434507,AUDIO,20260206,18,0,TRACK_SKIPPED_FORWARDS,MACINTOSH,0,1,false,1649434507,"Taylor Swift - Sweet Nothing"
"United States",1468058184,AUDIO,20260206,19,0,"MANUALLY_SELECTED_PLAYBACK_OF_A_DIFF_ITEM",MACINTOSH,0,1,false,1468058184,"Taylor Swift - Cornelia Street"
"United States",1595423270,AUDIO,20260206,"0, 18",0,TRACK_SKIPPED_FORWARDS,"IPHONE, MACINTOSH",0,2,false,1595423270,"Taylor Swift - Everything Has Changed (Taylor's Version) [feat. Ed Sheeran]"
"United States",1773473687,AUDIO,20260206,0,0,"MANUALLY_SELECTED_PLAYBACK_OF_A_DIFF_ITEM",MACINTOSH,0,1,false,1773473687,"Gracie Abrams - Risk"
"United States",1817499251,AUDIO,20260206,19,0,"MANUALLY_SELECTED_PLAYBACK_OF_A_DIFF_ITEM",IPHONE,0,1,false,1817499251,"Zara Larsson - Midnight Sun"
"United States",1552791558,AUDIO,20260206,"18, 19",0,TRACK_SKIPPED_FORWARDS,MACINTOSH,0,2,false,1552791558,"Taylor Swift - You Belong With Me (Taylor’s Version)"
"United States",1595423267,AUDIO,20260206,0,0,TRACK_SKIPPED_FORWARDS,IPHONE,0,1,false,1595423267,"Taylor Swift - Holy Ground (Taylor's Version)"
"United States",1552791761,AUDIO,20260206,0,0,TRACK_SKIPPED_FORWARDS,IPHONE,0,1,false,1552791761,"Taylor Swift - The Way I Loved You (Taylor’s Version)"
"United States",1595423272,AUDIO,20260206,"0, 18",0,"MANUALLY_SELECTED_PLAYBACK_OF_A_DIFF_ITEM","IPHONE, MACINTOSH",0,2,false,1595423272,"Taylor Swift - Begin Again (Taylor's Version)"
"United States",1595423266,AUDIO,20260206,23,0,TRACK_SKIPPED_FORWARDS,IPHONE,0,1,false,1595423266,"Taylor Swift - The Last Time (Taylor's Version) [feat. Gary Lightbody]"
"United States",1541904692,AUDIO,20260206,19,0,"MANUALLY_SELECTED_PLAYBACK_OF_A_DIFF_ITEM",MACINTOSH,0,1,false,1541904692,"Taylor Swift - cardigan"
"United States",1552791228,AUDIO,20260206,"2, 18",0,TRACK_SKIPPED_FORWARDS,"IPHONE, MACINTOSH",0,2,false,1552791228,"Taylor Swift - Fearless (Taylor’s Version)"
"United States",1874125282,AUDIO,20260206,15,0,"MANUALLY_SELECTED_PLAYBACK_OF_A_DIFF_ITEM",MACINTOSH,0,1,false,1874125282,"Tame Impala - Dracula"
"United States",1708309188,AUDIO,20260206,2,0,"MANUALLY_SELECTED_PLAYBACK_OF_A_DIFF_ITEM",IPHONE,0,1,false,1708309188,"Taylor Swift - How You Get The Girl (Taylor's Version)"
"United States",1541904691,AUDIO,20260206,20,0,"MANUALLY_SELECTED_PLAYBACK_OF_A_DIFF_ITEM",MACINTOSH,0,1,false,1541904691,"Taylor Swift - the 1"
"United States",1468058180,AUDIO,20260206,19,0,"MANUALLY_SELECTED_PLAYBACK_OF_A_DIFF_ITEM",MACINTOSH,0,1,false,1468058180,"Taylor Swift - Miss Americana & The Heartbreak Prince"
"United States",1742057775,AUDIO,20260206,20,0,"MANUALLY_SELECTED_PLAYBACK_OF_A_DIFF_ITEM",MACINTOSH,0,1,false,1742057775,"Taylor Swift - Fortnight (feat. Post Malone)"
"United States",1690840535,AUDIO,20260206,"0, 18",0,TRACK_SKIPPED_FORWARDS,"IPHONE, MACINTOSH",0,3,false,1690840535,"Taylor Swift - Enchanted (Taylor's Version)"
"United States",1440935937,AUDIO,20260206,22,0,"MANUALLY_SELECTED_PLAYBACK_OF_A_DIFF_ITEM",MACINTOSH,0,1,false,1440935937,"Taylor Swift - Haunted (Acoustic)"
"United States",1468058181,AUDIO,20260206,18,0,TRACK_SKIPPED_FORWARDS,MACINTOSH,0,1,false,1468058181,"Taylor Swift - Paper Rings"
"United States",1872816147,AUDIO,20260206,19,0,"MANUALLY_SELECTED_PLAYBACK_OF_A_DIFF_ITEM",IPHONE,0,1,false,1872816147,"SOFI TUKKER & J Balvin - COOK"
"United States",1440935856,AUDIO,20260206,22,0,TRACK_SKIPPED_FORWARDS,MACINTOSH,0,1,false,1440935856,"Taylor Swift - Haunted"
"United States",1673805373,AUDIO,20260206,23,0,"MANUALLY_SELECTED_PLAYBACK_OF_A_DIFF_ITEM",IPHONE,0,1,false,1673805373,"Ed Sheeran - Stoned (Bonus Track)"
"United States",1690840106,AUDIO,20260206,"2, 18",0,TRACK_SKIPPED_FORWARDS,"IPHONE, MACINTOSH",0,2,false,1690840106,"Taylor Swift - Mine (Taylor's Version)"
"United States",1440832542,AUDIO,20260207,"3, 4, 15",833366,NATURAL_END_OF_TRACK,MACINTOSH,4,0,false,1440832542,"Fergie, Q-Tip & GoonRock - A Little Party Never Killed Nobody (All We Got)"
"United States",1440832246,AUDIO,20260207,"3, 15",706409,NATURAL_END_OF_TRACK,MACINTOSH,3,1,false,1440832246,"Lana Del Rey - Young and Beautiful"
"United States",1691828312,AUDIO,20260207,"4, 16",516765,NATURAL_END_OF_TRACK,"IPHONE, MACINTOSH",2,0,false,1691828312,"Gracie Abrams - Amelie"
"United States",1593913707,AUDIO,20260207,"4, 16",493739,NATURAL_END_OF_TRACK,"IPHONE, MACINTOSH",2,1,false,1593913707,"Gracie Abrams - Camden"
"United States",1440833218,AUDIO,20260207,"3, 15",463450,NATURAL_END_OF_TRACK,MACINTOSH,2,0,false,1440833218,"Lana Del Rey - Young and Beautiful (DH Orchestral Version)"
"United States",1440812146,AUDIO,20260207,"2, 4",449299,"MANUALLY_SELECTED_PLAYBACK_OF_A_DIFF_ITEM",IPHONE,2,2,false,1440812146,"t.A.T.u. - All The Things She Said"
"United States",1696819855,AUDIO,20260207,"4, 15",444929,NATURAL_END_OF_TRACK,IPHONE,2,0,false,1696819855,"Billie Eilish - What Was I Made For? (From The Motion Picture ""Barbie"")"
"United States",1650841748,AUDIO,20260207,"5, 16",437514,NATURAL_END_OF_TRACK,"IPHONE, MACINTOSH",2,0,false,1650841748,"Taylor Swift - Bigger Than The Whole Sky"
"United States",1615585012,AUDIO,20260207,"4, 15",413810,TRACK_SKIPPED_FORWARDS,IPHONE,2,1,false,1615585012,"Harry Styles - Matilda"
"United States",1440832264,AUDIO,20260207,"4, 15",401207,NATURAL_END_OF_TRACK,MACINTOSH,2,1,false,1440832264,"will.i.am - Bang Bang"
"United States",1504700020,AUDIO,20260207,"4, 16",345150,NATURAL_END_OF_TRACK,"IPHONE, MACINTOSH",1,1,false,1504700020,"Phoebe Bridgers - I Know the End"
"United States",1193701511,AUDIO,20260207,"4, 15",324155,NATURAL_END_OF_TRACK,IPHONE,2,1,false,1193701511,"Ed Sheeran - Supermarket Flowers"
"United States",1544268356,AUDIO,20260207,"5, 18",302863,"MANUALLY_SELECTED_PLAYBACK_OF_A_DIFF_ITEM",IPHONE,2,1,false,1544268356,"Taylor Swift - ivy"
"United States",1595423266,AUDIO,20260207,4,299257,NATURAL_END_OF_TRACK,IPHONE,1,0,false,1595423266,"Taylor Swift - The Last Time (Taylor's Version) [feat. Gary Lightbody]"
"United States",1541907057,AUDIO,20260207,"4, 16",283263,TRACK_SKIPPED_FORWARDS,IPHONE,2,1,false,1541907057,"Taylor Swift - mirrorball (the long pond studio sessions)"
"United States",1742058103,AUDIO,20260207,"16, 18",277409,"MANUALLY_SELECTED_PLAYBACK_OF_A_DIFF_ITEM","IPHONE, MACINTOSH",1,1,false,1742058103,"Taylor Swift - loml"
"United States",1673804914,AUDIO,20260207,"2, 14",273484,NATURAL_END_OF_TRACK,IPHONE,2,1,false,1673804914,"Ed Sheeran - End Of Youth"
"United States",1691828315,AUDIO,20260207,16,259145,NATURAL_END_OF_TRACK,MACINTOSH,1,0,false,1691828315,"Gracie Abrams - Difficult"
"United States",1742058105,AUDIO,20260207,"4, 15",245532,NATURAL_END_OF_TRACK,IPHONE,1,1,false,1742058105,"Taylor Swift - The Smallest Man Who Ever Lived"
"United States",1595423263,AUDIO,20260207,4,244891,NATURAL_END_OF_TRACK,IPHONE,1,0,false,1595423263,"Taylor Swift - I Almost Do (Taylor's Version)"
"United States",1742058273,AUDIO,20260207,14,244301,NATURAL_END_OF_TRACK,IPHONE,1,0,false,1742058273,"Taylor Swift - I Hate It Here"
"United States",1544268301,AUDIO,20260207,"4, 14",244184,NATURAL_END_OF_TRACK,IPHONE,1,1,false,1544268301,"Taylor Swift - champagne problems"
"United States",1485802975,AUDIO,20260207,4,240527,NATURAL_END_OF_TRACK,IPHONE,1,0,false,1485802975,"Harry Styles - Falling"
"United States",1742058287,AUDIO,20260207,0,239111,NATURAL_END_OF_TRACK,IPHONE,1,1,false,1742058287,"Taylor Swift - The Bolter"
"United States",1524802476,AUDIO,20260207,"4, 16",234265,TRACK_SKIPPED_FORWARDS,"IPHONE, MACINTOSH",1,1,false,1524802476,"Taylor Swift - peace"
"United States",1664288807,AUDIO,20260207,16,233877,NATURAL_END_OF_TRACK,MACINTOSH,1,0,false,1664288807,"Gracie Abrams - Best"
"United States",1436646795,AUDIO,20260207,4,232953,NATURAL_END_OF_TRACK,IPHONE,1,0,false,1436646795,"Phoebe Bridgers - Funeral"
"United States",1440832563,AUDIO,20260207,15,230792,NATURAL_END_OF_TRACK,MACINTOSH,1,1,false,1440832563,"Coco O. - Where the Wind Blows"
"United States",1664288817,AUDIO,20260207,18,230698,NATURAL_END_OF_TRACK,IPHONE,1,0,false,1664288817,"Gracie Abrams - Will you cry?"
"United States",1440832876,AUDIO,20260207,15,229390,PLAYBACK_MANUALLY_PAUSED,MACINTOSH,1,0,false,1440832876,"JAŸ-Z & Kanye West - No Church In the Wild (feat. Frank Ocean & The-Dream)"
"United States",1694386938,AUDIO,20260207,14,222530,NATURAL_END_OF_TRACK,IPHONE,1,0,false,1694386938,"Olivia Rodrigo - teenage dream"
"United States",1694386840,AUDIO,20260207,"2, 4",216148,"MANUALLY_SELECTED_PLAYBACK_OF_A_DIFF_ITEM",IPHONE,1,2,false,1694386840,"Olivia Rodrigo - logical"
"United States",1691233985,AUDIO,20260207,14,202268,NATURAL_END_OF_TRACK,IPHONE,1,0,false,1691233985,"Reneé Rapp - 23"
"United States",1521724998,AUDIO,20260207,16,168043,NATURAL_END_OF_TRACK,IPHONE,1,0,false,1521724998,"Gracie Abrams - I miss you, I’m sorry"
"United States",1689331532,AUDIO,20260207,4,161754,NATURAL_END_OF_TRACK,IPHONE,1,0,false,1689331532,"Lauren Spencer Smith - Bigger Person"
"United States",1743054747,AUDIO,20260207,"4, 16",157509,NATURAL_END_OF_TRACK,IPHONE,1,1,false,1743054747,"Gracie Abrams - I Love You, I'm Sorry"
"United States",1874125269,AUDIO,20260207,16,135446,OTHER,MACINTOSH,1,0,false,1874125269,"Tame Impala & JENNIE - Dracula (JENNIE Remix)"
"United States",1773474484,AUDIO,20260207,"2, 16",105480,TRACK_SKIPPED_FORWARDS,"IPHONE, MACINTOSH",1,2,false,1773474484,"Gracie Abrams - I Told You Things"
"United States",1541905079,AUDIO,20260207,14,92865,"MANUALLY_SELECTED_PLAYBACK_OF_A_DIFF_ITEM",IPHONE,1,1,false,1541905079,"Taylor Swift - my tears ricochet (the long pond studio sessions)"
"United States",1698554079,AUDIO,20260207,16,88481,"MANUALLY_SELECTED_PLAYBACK_OF_A_DIFF_ITEM",MACINTOSH,1,1,false,1698554079,"AGNEZ MO - Things Will Get Better"
"United States",1673805199,AUDIO,20260207,"4, 18",57794,PLAYBACK_MANUALLY_PAUSED,IPHONE,1,1,false,1673805199,"Ed Sheeran - Curtains"
"United States",1690840524,AUDIO,20260207,18,52665,TRACK_SKIPPED_FORWARDS,IPHONE,1,1,false,1690840524,"Taylor Swift - Never Grow Up (Taylor's Version)"
"United States",1117418451,AUDIO,20260207,5,46277,TRACK_SKIPPED_FORWARDS,IPHONE,1,1,false,1117418451,"Jessie Mueller - She Used to Be Mine"
"United States",1742058284,AUDIO,20260207,18,34042,TRACK_SKIPPED_FORWARDS,IPHONE,1,1,false,1742058284,"Taylor Swift - Peter"
"United States",1716425744,AUDIO,20260207,"0, 4",33404,"MANUALLY_SELECTED_PLAYBACK_OF_A_DIFF_ITEM",IPHONE,1,2,false,1716425744,"Reneé Rapp - Snow Angel"
"United States",1596155191,AUDIO,20260207,"4, 16",31091,TRACK_SKIPPED_FORWARDS,IPHONE,1,2,false,1596155191,"Taylor Swift - All Too Well (Sad Girl Autumn Version) [Recorded at Long Pond Studios]"
"United States",1650841746,AUDIO,20260207,4,0,"MANUALLY_SELECTED_PLAYBACK_OF_A_DIFF_ITEM",IPHONE,0,1,false,1650841746,"Taylor Swift - Mastermind"
"United States",1742058529,AUDIO,20260207,4,0,"MANUALLY_SELECTED_PLAYBACK_OF_A_DIFF_ITEM",IPHONE,0,1,false,1742058529,"Taylor Swift - Robin"
"United States",1595423269,AUDIO,20260207,4,0,"MANUALLY_SELECTED_PLAYBACK_OF_A_DIFF_ITEM",IPHONE,0,1,false,1595423269,"Taylor Swift - The Lucky One (Taylor's Version)"
"United States",1544268344,AUDIO,20260207,4,0,"MANUALLY_SELECTED_PLAYBACK_OF_A_DIFF_ITEM",IPHONE,0,1,false,1544268344,"Taylor Swift - tolerate it"
"United States",1541905149,AUDIO,20260207,4,0,"MANUALLY_SELECTED_PLAYBACK_OF_A_DIFF_ITEM",IPHONE,0,1,false,1541905149,"Taylor Swift - this is me trying (the long pond studio sessions)"
"United States",1547316004,AUDIO,20260207,4,0,"MANUALLY_SELECTED_PLAYBACK_OF_A_DIFF_ITEM",IPHONE,0,1,false,1547316004,"Taylor Swift - right where you left me (bonus track)"
"United States",1742075509,AUDIO,20260207,18,0,TRACK_SKIPPED_FORWARDS,IPHONE,0,1,false,1742075509,"Taylor Swift - How Did It End?"
"United States",1581087760,AUDIO,20260207,4,0,TRACK_SKIPPED_FORWARDS,IPHONE,0,1,false,1581087760,"Ed Sheeran - Visiting Hours"
"United States",1565850763,AUDIO,20260207,4,0,"MANUALLY_SELECTED_PLAYBACK_OF_A_DIFF_ITEM",IPHONE,0,1,false,1565850763,"Gracie Abrams - Mess It Up"
"United States",1718576584,AUDIO,20260207,0,0,"MANUALLY_SELECTED_PLAYBACK_OF_A_DIFF_ITEM",IPHONE,0,1,false,1718576584,"Taylor Swift - You’re Losing Me (From The Vault)"
"United States",1593913701,AUDIO,20260207,"4, 16",0,TRACK_SKIPPED_FORWARDS,IPHONE,0,2,false,1593913701,"Gracie Abrams - Feels Like"
"United States",1694386835,AUDIO,20260207,4,0,"MANUALLY_SELECTED_PLAYBACK_OF_A_DIFF_ITEM",IPHONE,0,1,false,1694386835,"Olivia Rodrigo - making the bed"
"United States",1664288808,AUDIO,20260207,"4, 16",0,"MANUALLY_SELECTED_PLAYBACK_OF_A_DIFF_ITEM","IPHONE, MACINTOSH",0,2,false,1664288808,"Gracie Abrams - I know it won't work"
"United States",1690841083,AUDIO,20260207,4,0,"MANUALLY_SELECTED_PLAYBACK_OF_A_DIFF_ITEM",IPHONE,0,1,false,1690841083,"Taylor Swift - Castles Crumbling (Taylor's Version) (From The Vault) [feat. Hayley Williams]"
"United States",1690841273,AUDIO,20260207,4,0,"MANUALLY_SELECTED_PLAYBACK_OF_A_DIFF_ITEM",IPHONE,0,1,false,1690841273,"Taylor Swift - Foolish One (Taylor's Version) (From The Vault)"
"United States",1595423274,AUDIO,20260207,"4, 16, 18",0,TRACK_SKIPPED_FORWARDS,"IPHONE, MACINTOSH",0,3,false,1595423274,"Taylor Swift - Come Back...Be Here (Taylor's Version)"
"United States",1676966710,AUDIO,20260207,4,0,"MANUALLY_SELECTED_PLAYBACK_OF_A_DIFF_ITEM",IPHONE,0,1,false,1676966710,"Taylor Swift, Joy Williams & John Paul White - Safe & Sound (Taylor's Version)"
"United States",1672703108,AUDIO,20260207,4,0,"MANUALLY_SELECTED_PLAYBACK_OF_A_DIFF_ITEM",IPHONE,0,1,false,1672703108,"Reneé Rapp - Don't Tell My Mom"
"United States",1830489695,AUDIO,20260207,2,0,"MANUALLY_SELECTED_PLAYBACK_OF_A_DIFF_ITEM",IPHONE,0,1,false,1830489695,"Leslie Odom, Jr. - Snow"
"United States",540657403,AUDIO,20260207,4,0,"MANUALLY_SELECTED_PLAYBACK_OF_A_DIFF_ITEM",IPHONE,0,1,false,540657403,"Alexx Calise - Cry (From ""Dance Moms"")"
"United States",1680069571,AUDIO,20260207,4,0,"MANUALLY_SELECTED_PLAYBACK_OF_A_DIFF_ITEM",IPHONE,0,1,false,1680069571,"Gracie Abrams - I know it won't work (Live)"
"United States",1595423411,AUDIO,20260207,"5, 16",0,TRACK_SKIPPED_FORWARDS,"IPHONE, MACINTOSH",0,2,false,1595423411,"Taylor Swift - All Too Well (10 Minute Version) (Taylor's Version) (From The Vault)"
"United States",1544268350,AUDIO,20260207,4,0,"MANUALLY_SELECTED_PLAYBACK_OF_A_DIFF_ITEM",IPHONE,0,1,false,1544268350,"Taylor Swift - happiness"
"United States",1660283622,AUDIO,20260207,4,0,TRACK_SKIPPED_FORWARDS,IPHONE,0,1,false,1660283622,"The National - The Alcott (feat. Taylor Swift)"
"United States",1595423279,AUDIO,20260207,4,0,"MANUALLY_SELECTED_PLAYBACK_OF_A_DIFF_ITEM",IPHONE,0,1,false,1595423279,"Taylor Swift - Nothing New (Taylor's Version) (From The Vault) [feat. Phoebe Bridgers]"
"United States",1256607810,AUDIO,20260207,4,0,"MANUALLY_SELECTED_PLAYBACK_OF_A_DIFF_ITEM",IPHONE,0,1,false,1256607810,"Phoebe Bridgers - Motion Sickness"
"United States",1524801960,AUDIO,20260207,16,0,TRACK_SKIPPED_FORWARDS,IPHONE,0,1,false,1524801960,"Taylor Swift - this is me trying"
"United States",1672703433,AUDIO,20260207,4,0,"MANUALLY_SELECTED_PLAYBACK_OF_A_DIFF_ITEM",IPHONE,0,1,false,1672703433,"Reneé Rapp - Everything To Everyone (Extended Version)"
"United States",1528112364,AUDIO,20260207,4,0,"MANUALLY_SELECTED_PLAYBACK_OF_A_DIFF_ITEM",IPHONE,0,1,false,1528112364,"Taylor Swift - exile (feat. Bon Iver)"
"United States",1595423268,AUDIO,20260207,4,0,"MANUALLY_SELECTED_PLAYBACK_OF_A_DIFF_ITEM",IPHONE,0,1,false,1595423268,"Taylor Swift - Sad Beautiful Tragic (Taylor's Version)"
"United States",1440832542,AUDIO,20260208,18,723432,NATURAL_END_OF_TRACK,MACINTOSH,3,0,false,1440832542,"Fergie, Q-Tip & GoonRock - A Little Party Never Killed Nobody (All We Got)"
"United States",1742058104,AUDIO,20260208,"3, 4, 18",654329,NATURAL_END_OF_TRACK,"IPHONE, MACINTOSH",3,0,false,1742058104,"Taylor Swift - I Can Do It With a Broken Heart"
"United States",1440812146,AUDIO,20260208,17,625070,PLAYBACK_MANUALLY_PAUSED,IPHONE,3,0,false,1440812146,"t.A.T.u. - All The Things She Said"
"United States",1650841907,AUDIO,20260208,"15, 19",450800,NATURAL_END_OF_TRACK,"IPHONE, MACINTOSH",2,0,false,1650841907,"Taylor Swift - Dear Reader"
"United States",1874125269,AUDIO,20260208,"3, 18",422321,"MANUALLY_SELECTED_PLAYBACK_OF_A_DIFF_ITEM","IPHONE, MACINTOSH",2,1,false,1874125269,"Tame Impala & JENNIE - Dracula (JENNIE Remix)"
"United States",1838810955,AUDIO,20260208,"3, 4",414683,NATURAL_END_OF_TRACK,IPHONE,2,0,false,1838810955,"Taylor Swift - Father Figure"
"United States",1742058100,AUDIO,20260208,"3, 18",334118,"MANUALLY_SELECTED_PLAYBACK_OF_A_DIFF_ITEM","IPHONE, MACINTOSH",1,1,false,1742058100,"Taylor Swift - Who’s Afraid of Little Old Me?"
"United States",1541905079,AUDIO,20260208,15,295591,NATURAL_END_OF_TRACK,IPHONE,1,0,false,1541905079,"Taylor Swift - my tears ricochet (the long pond studio sessions)"
"United States",1528112364,AUDIO,20260208,19,285768,NATURAL_END_OF_TRACK,MACINTOSH,1,0,false,1528112364,"Taylor Swift - exile (feat. Bon Iver)"
"United States",1440832264,AUDIO,20260208,18,279270,NATURAL_END_OF_TRACK,MACINTOSH,1,0,false,1440832264,"will.i.am - Bang Bang"
"United States",1833329007,AUDIO,20260208,4,277032,"MANUALLY_SELECTED_PLAYBACK_OF_A_DIFF_ITEM",IPHONE,2,1,false,1833329007,"Taylor Swift - The Life of a Showgirl (feat. Sabrina Carpenter)"
"United States",1440832876,AUDIO,20260208,18,272436,NATURAL_END_OF_TRACK,MACINTOSH,1,0,false,1440832876,"JAŸ-Z & Kanye West - No Church In the Wild (feat. Frank Ocean & The-Dream)"
"United States",1595423407,AUDIO,20260208,19,263782,NATURAL_END_OF_TRACK,MACINTOSH,1,0,false,1595423407,"Taylor Swift - Forever Winter (Taylor's Version) (From The Vault)"
"United States",1440832880,AUDIO,20260208,18,261006,NATURAL_END_OF_TRACK,MACINTOSH,1,0,false,1440832880,"Florence + the Machine - Over the Love"
"United States",1593913707,AUDIO,20260208,"7, 15",246908,NATURAL_END_OF_TRACK,IPHONE,2,0,false,1593913707,"Gracie Abrams - Camden"
"United States",1698554079,AUDIO,20260208,15,246252,NATURAL_END_OF_TRACK,IPHONE,1,0,false,1698554079,"AGNEZ MO - Things Will Get Better"
"United States",1595423263,AUDIO,20260208,19,244687,NATURAL_END_OF_TRACK,MACINTOSH,1,0,false,1595423263,"Taylor Swift - I Almost Do (Taylor's Version)"
"United States",1595423269,AUDIO,20260208,19,240582,NATURAL_END_OF_TRACK,MACINTOSH,1,0,false,1595423269,"Taylor Swift - The Lucky One (Taylor's Version)"
"United States",1524801580,AUDIO,20260208,4,239552,NATURAL_END_OF_TRACK,IPHONE,1,0,false,1524801580,"Taylor Swift - cardigan"
"United States",1676966710,AUDIO,20260208,15,239517,NATURAL_END_OF_TRACK,IPHONE,1,0,false,1676966710,"Taylor Swift, Joy Williams & John Paul White - Safe & Sound (Taylor's Version)"
"United States",1440832246,AUDIO,20260208,18,236245,NATURAL_END_OF_TRACK,MACINTOSH,1,0,false,1440832246,"Lana Del Rey - Young and Beautiful"
"United States",1664288807,AUDIO,20260208,19,233498,NATURAL_END_OF_TRACK,MACINTOSH,1,0,false,1664288807,"Gracie Abrams - Best"
"United States",1440832563,AUDIO,20260208,18,230793,NATURAL_END_OF_TRACK,MACINTOSH,1,1,false,1440832563,"Coco O. - Where the Wind Blows"
"United States",1680069571,AUDIO,20260208,19,226379,NATURAL_END_OF_TRACK,MACINTOSH,1,0,false,1680069571,"Gracie Abrams - I know it won't work (Live)"
"United States",1595423274,AUDIO,20260208,19,223421,NATURAL_END_OF_TRACK,MACINTOSH,1,0,false,1595423274,"Taylor Swift - Come Back...Be Here (Taylor's Version)"
"United States",1468058173,AUDIO,20260208,4,221296,NATURAL_END_OF_TRACK,IPHONE,1,0,false,1468058173,"Taylor Swift - Lover"
"United States",1440933656,AUDIO,20260208,4,220446,NATURAL_END_OF_TRACK,IPHONE,1,0,false,1440933656,"Taylor Swift - Wildest Dreams"
"United States",1650841748,AUDIO,20260208,19,218497,NATURAL_END_OF_TRACK,MACINTOSH,1,0,false,1650841748,"Taylor Swift - Bigger Than The Whole Sky"
"United States",1541905163,AUDIO,20260208,7,214674,NATURAL_END_OF_TRACK,IPHONE,1,0,false,1541905163,"Taylor Swift - peace (the long pond studio sessions)"
"United States",1833328842,AUDIO,20260208,3,208775,NATURAL_END_OF_TRACK,IPHONE,1,0,false,1833328842,"Taylor Swift - Elizabeth Taylor"
"United States",1664288808,AUDIO,20260208,19,207701,NATURAL_END_OF_TRACK,MACINTOSH,1,0,false,1664288808,"Gracie Abrams - I know it won't work"
"United States",1833329003,AUDIO,20260208,4,197940,NATURAL_END_OF_TRACK,IPHONE,1,0,false,1833329003,"Taylor Swift - CANCELLED!"
"United States",1838810961,AUDIO,20260208,3,197689,NATURAL_END_OF_TRACK,IPHONE,1,0,false,1838810961,"Taylor Swift - CANCELLED!"
"United States",1690840524,AUDIO,20260208,15,192598,OTHER,IPHONE,1,0,false,1690840524,"Taylor Swift - Never Grow Up (Taylor's Version)"
"United States",1650841746,AUDIO,20260208,19,183170,NATURAL_END_OF_TRACK,MACINTOSH,1,0,false,1650841746,"Taylor Swift - Mastermind"
"United States",1468058171,AUDIO,20260208,3,178421,NATURAL_END_OF_TRACK,IPHONE,1,0,false,1468058171,"Taylor Swift - Cruel Summer"
"United States",1117418451,AUDIO,20260208,19,153926,PLAYBACK_MANUALLY_PAUSED,MACINTOSH,1,0,false,1117418451,"Jessie Mueller - She Used to Be Mine"
"United States",1833328850,AUDIO,20260208,4,153386,NATURAL_END_OF_TRACK,IPHONE,1,0,false,1833328850,"Taylor Swift - Actually Romantic"
"United States",1833328851,AUDIO,20260208,4,132307,"MANUALLY_SELECTED_PLAYBACK_OF_A_DIFF_ITEM",IPHONE,1,1,false,1833328851,"Taylor Swift - Wi$h Li$t"
"United States",1565850763,AUDIO,20260208,19,131602,NATURAL_END_OF_TRACK,MACINTOSH,1,0,false,1565850763,"Gracie Abrams - Mess It Up"
"United States",1440925035,AUDIO,20260208,4,107952,"MANUALLY_SELECTED_PLAYBACK_OF_A_DIFF_ITEM",IPHONE,1,1,false,1440925035,"Taylor Swift - You Belong With Me"
"United States",1742058273,AUDIO,20260208,7,66772,TRACK_SKIPPED_FORWARDS,IPHONE,1,1,false,1742058273,"Taylor Swift - I Hate It Here"
"United States",1440832893,AUDIO,20260208,18,49332,"MANUALLY_SELECTED_PLAYBACK_OF_A_DIFF_ITEM",MACINTOSH,1,1,false,1440832893,"Nero - Into the Past"
"United States",1595423279,AUDIO,20260208,19,42019,TRACK_SKIPPED_FORWARDS,MACINTOSH,1,1,false,1595423279,"Taylor Swift - Nothing New (Taylor's Version) (From The Vault) [feat. Phoebe Bridgers]"
"United States",1544268356,AUDIO,20260208,7,0,"MANUALLY_SELECTED_PLAYBACK_OF_A_DIFF_ITEM",IPHONE,0,1,false,1544268356,"Taylor Swift - ivy"
"United States",1436646795,AUDIO,20260208,7,0,"MANUALLY_SELECTED_PLAYBACK_OF_A_DIFF_ITEM",IPHONE,0,1,false,1436646795,"Phoebe Bridgers - Funeral"
"United States",1874125282,AUDIO,20260208,3,0,"MANUALLY_SELECTED_PLAYBACK_OF_A_DIFF_ITEM",IPHONE,0,1,false,1874125282,"Tame Impala - Dracula"
"United States",1673805199,AUDIO,20260208,3,0,"MANUALLY_SELECTED_PLAYBACK_OF_A_DIFF_ITEM",IPHONE,0,1,false,1673805199,"Ed Sheeran - Curtains"
"United States",1440833218,AUDIO,20260208,18,0,"MANUALLY_SELECTED_PLAYBACK_OF_A_DIFF_ITEM",MACINTOSH,0,1,false,1440833218,"Lana Del Rey - Young and Beautiful (DH Orchestral Version)"
"United States",1440832542,AUDIO,20260209,"4, 18, 20, 21",964383,NATURAL_END_OF_TRACK,"IPHONE, MACINTOSH",4,0,false,1440832542,"Fergie, Q-Tip & GoonRock - A Little Party Never Killed Nobody (All We Got)"
"United States",1742058100,AUDIO,20260209,21,669487,NATURAL_END_OF_TRACK,IPHONE,2,0,false,1742058100,"Taylor Swift - Who’s Afraid of Little Old Me?"
"United States",1742058104,AUDIO,20260209,"4, 21, 23",573889,PLAYBACK_MANUALLY_PAUSED,IPHONE,4,1,false,1742058104,"Taylor Swift - I Can Do It With a Broken Heart"
"United States",1440832246,AUDIO,20260209,"18, 20, 21",504121,"MANUALLY_SELECTED_PLAYBACK_OF_A_DIFF_ITEM","IPHONE, MACINTOSH",3,1,false,1440832246,"Lana Del Rey - Young and Beautiful"
"United States",1819861156,AUDIO,20260209,"19, 20",322734,"MANUALLY_SELECTED_PLAYBACK_OF_A_DIFF_ITEM",IPHONE,2,1,false,1819861156,"Sabrina Carpenter - Manchild"
"United States",1689090235,AUDIO,20260209,15,314404,PLAYBACK_MANUALLY_PAUSED,IPHONE,2,0,false,1689090235,"Taylor Swift - Midnight Rain"
"United States",1595423266,AUDIO,20260209,3,299193,NATURAL_END_OF_TRACK,MACINTOSH,1,0,false,1595423266,"Taylor Swift - The Last Time (Taylor's Version) [feat. Gary Lightbody]"
"United States",1690840121,AUDIO,20260209,3,294231,NATURAL_END_OF_TRACK,MACINTOSH,1,0,false,1690840121,"Taylor Swift - Back To December (Taylor's Version)"
"United States",1718576584,AUDIO,20260209,14,277108,NATURAL_END_OF_TRACK,IPHONE,1,0,false,1718576584,"Taylor Swift - You’re Losing Me (From The Vault)"
"United States",1689131965,AUDIO,20260209,14,250309,TRACK_SKIPPED_FORWARDS,IPHONE,2,1,false,1689131965,"Taylor Swift - Bejeweled"
"United States",1552791228,AUDIO,20260209,5,243180,NATURAL_END_OF_TRACK,IPHONE,1,0,false,1552791228,"Taylor Swift - Fearless (Taylor’s Version)"
"United States",1595423272,AUDIO,20260209,18,239196,NATURAL_END_OF_TRACK,IPHONE,1,0,false,1595423272,"Taylor Swift - Begin Again (Taylor's Version)"
"United States",1742058287,AUDIO,20260209,23,238316,NATURAL_END_OF_TRACK,IPHONE,1,0,false,1742058287,"Taylor Swift - The Bolter"
"United States",1690840823,AUDIO,20260209,"14, 18",237728,NATURAL_END_OF_TRACK,IPHONE,1,1,false,1690840823,"Taylor Swift - Ours (Taylor's Version)"
"United States",1552791427,AUDIO,20260209,14,237636,NATURAL_END_OF_TRACK,IPHONE,1,0,false,1552791427,"Taylor Swift - Love Story (Taylor’s Version)"
"United States",1673805199,AUDIO,20260209,3,232716,NATURAL_END_OF_TRACK,MACINTOSH,1,0,false,1673805199,"Ed Sheeran - Curtains"
"United States",1440833218,AUDIO,20260209,20,232479,NATURAL_END_OF_TRACK,IPHONE,1,0,false,1440833218,"Lana Del Rey - Young and Beautiful (DH Orchestral Version)"
"United States",1689131982,AUDIO,20260209,14,231408,NATURAL_END_OF_TRACK,IPHONE,1,0,false,1689131982,"Taylor Swift - High Infidelity"
"United States",1440935812,AUDIO,20260209,4,231131,NATURAL_END_OF_TRACK,IPHONE,1,0,false,1440935812,"Taylor Swift - Style"
"United States",1689132080,AUDIO,20260209,14,230116,NATURAL_END_OF_TRACK,IPHONE,1,0,false,1689132080,"Taylor Swift - Snow On The Beach (feat. More Lana Del Rey)"
"United States",1819861169,AUDIO,20260209,19,222543,NATURAL_END_OF_TRACK,IPHONE,1,0,false,1819861169,"Sabrina Carpenter - Don’t Worry I’ll Make You Worry"
"United States",1708309186,AUDIO,20260209,18,221230,NATURAL_END_OF_TRACK,IPHONE,1,0,false,1708309186,"Taylor Swift - Wildest Dreams (Taylor's Version)"
"United States",1440934258,AUDIO,20260209,5,210228,NATURAL_END_OF_TRACK,IPHONE,1,0,false,1440934258,"Taylor Swift - Gorgeous"
"United States",1440936021,AUDIO,20260209,4,207330,NATURAL_END_OF_TRACK,IPHONE,1,0,false,1440936021,"Taylor Swift - I Wish You Would"
"United States",1650841513,AUDIO,20260209,18,202711,NATURAL_END_OF_TRACK,IPHONE,1,0,false,1650841513,"Taylor Swift - Lavender Haze"
"United States",1689131531,AUDIO,20260209,14,202664,NATURAL_END_OF_TRACK,IPHONE,1,0,false,1689131531,"Taylor Swift - Lavender Haze"
"United States",1689090227,AUDIO,20260209,14,200718,NATURAL_END_OF_TRACK,IPHONE,1,0,false,1689090227,"Taylor Swift - Anti-Hero"
"United States",1819861159,AUDIO,20260209,19,198041,NATURAL_END_OF_TRACK,IPHONE,1,0,false,1819861159,"Sabrina Carpenter - My Man on Willpower"
"United States",1742074927,AUDIO,20260209,21,197426,NATURAL_END_OF_TRACK,IPHONE,1,0,false,1742074927,"Taylor Swift - The Alchemy"
"United States",1736268557,AUDIO,20260209,5,197008,NATURAL_END_OF_TRACK,IPHONE,1,0,false,1736268557,"Taylor Swift - The Alchemy"
"United States",1689131969,AUDIO,20260209,4,193077,"MANUALLY_SELECTED_PLAYBACK_OF_A_DIFF_ITEM",IPHONE,1,1,false,1689131969,"Taylor Swift - Karma"
"United States",1819861163,AUDIO,20260209,19,182355,NATURAL_END_OF_TRACK,IPHONE,1,0,false,1819861163,"Sabrina Carpenter - Nobody’s Son"
"United States",1819861170,AUDIO,20260209,19,169439,NATURAL_END_OF_TRACK,IPHONE,1,0,false,1819861170,"Sabrina Carpenter - House Tour"
"United States",1440812146,AUDIO,20260209,4,161231,"MANUALLY_SELECTED_PLAYBACK_OF_A_DIFF_ITEM",IPHONE,1,1,false,1440812146,"t.A.T.u. - All The Things She Said"
"United States",1650841746,AUDIO,20260209,4,157712,PLAYBACK_MANUALLY_PAUSED,MACINTOSH,1,0,false,1650841746,"Taylor Swift - Mastermind"
"United States",1440936036,AUDIO,20260209,5,132459,"MANUALLY_SELECTED_PLAYBACK_OF_A_DIFF_ITEM",IPHONE,1,1,false,1440936036,"Taylor Swift - Wildest Dreams"
"United States",1650841907,AUDIO,20260209,3,122730,PLAYBACK_MANUALLY_PAUSED,MACINTOSH,1,0,false,1650841907,"Taylor Swift - Dear Reader"
"United States",1649434507,AUDIO,20260209,"14, 18",118675,"MANUALLY_SELECTED_PLAYBACK_OF_A_DIFF_ITEM",IPHONE,1,2,false,1649434507,"Taylor Swift - Sweet Nothing"
"United States",1819861157,AUDIO,20260209,19,110081,OTHER,IPHONE,1,0,false,1819861157,"Sabrina Carpenter - Tears"
"United States",1742074018,AUDIO,20260209,21,106124,"MANUALLY_SELECTED_PLAYBACK_OF_A_DIFF_ITEM",IPHONE,1,1,false,1742074018,"Taylor Swift - Fortnight (feat. Post Malone)"
"United States",1440935841,AUDIO,20260209,4,74944,"MANUALLY_SELECTED_PLAYBACK_OF_A_DIFF_ITEM",IPHONE,1,1,false,1440935841,"Taylor Swift - Enchanted"
"United States",1708309198,AUDIO,20260209,14,71362,TRACK_SKIPPED_FORWARDS,IPHONE,1,1,false,1708309198,"Taylor Swift - You Are In Love (Taylor's Version)"
"United States",1690840535,AUDIO,20260209,14,70871,"MANUALLY_SELECTED_PLAYBACK_OF_A_DIFF_ITEM",IPHONE,1,1,false,1690840535,"Taylor Swift - Enchanted (Taylor's Version)"
"United States",1689090249,AUDIO,20260209,15,68692,"MANUALLY_SELECTED_PLAYBACK_OF_A_DIFF_ITEM",IPHONE,1,1,false,1689090249,"Taylor Swift - The Great War"
"United States",1819861168,AUDIO,20260209,19,68610,TRACK_SKIPPED_FORWARDS,IPHONE,1,1,false,1819861168,"Sabrina Carpenter - Go Go Juice"
"United States",1690840106,AUDIO,20260209,"5, 14",66117,"MANUALLY_SELECTED_PLAYBACK_OF_A_DIFF_ITEM",IPHONE,1,1,false,1690840106,"Taylor Swift - Mine (Taylor's Version)"
"United States",1524793912,AUDIO,20260209,5,61483,TRACK_SKIPPED_FORWARDS,IPHONE,1,1,false,1524793912,"Taylor Swift - invisible string"
"United States",1689131968,AUDIO,20260209,14,51871,"MANUALLY_SELECTED_PLAYBACK_OF_A_DIFF_ITEM",IPHONE,1,1,false,1689131968,"Taylor Swift - Labyrinth"
"United States",1742058529,AUDIO,20260209,3,36060,PLAYBACK_MANUALLY_PAUSED,MACINTOSH,1,0,false,1742058529,"Taylor Swift - Robin"
"United States",1622051042,AUDIO,20260209,"5, 18",0,"MANUALLY_SELECTED_PLAYBACK_OF_A_DIFF_ITEM",IPHONE,0,3,false,1622051042,"Taylor Swift - This Love (Taylor’s Version)"
"United States",1689131532,AUDIO,20260209,4,0,"MANUALLY_SELECTED_PLAYBACK_OF_A_DIFF_ITEM",IPHONE,0,1,false,1689131532,"Taylor Swift - Maroon"
"United States",1117418451,AUDIO,20260209,3,0,"MANUALLY_SELECTED_PLAYBACK_OF_A_DIFF_ITEM",MACINTOSH,0,1,false,1117418451,"Jessie Mueller - She Used to Be Mine"
"United States",1440935802,AUDIO,20260209,4,0,"MANUALLY_SELECTED_PLAYBACK_OF_A_DIFF_ITEM",IPHONE,0,1,false,1440935802,"Taylor Swift - Welcome To New York"
"United States",1742058094,AUDIO,20260209,21,0,TRACK_SKIPPED_FORWARDS,IPHONE,0,1,false,1742058094,"Taylor Swift - Florida!!! (feat. Florence + the Machine)"
"United States",1689090234,AUDIO,20260209,14,0,TRACK_SKIPPED_FORWARDS,IPHONE,0,1,false,1689090234,"Taylor Swift - You're On Your Own, Kid"
"United States",1452859427,AUDIO,20260209,4,0,TRACK_SKIPPED_FORWARDS,IPHONE,0,1,false,N/A,"Taylor Swift - You Belong With Me"
"United States",1819861171,AUDIO,20260209,19,0,TRACK_SKIPPED_FORWARDS,IPHONE,0,1,false,1819861171,"Sabrina Carpenter - Goodbye"
"United States",1544268301,AUDIO,20260209,18,0,"MANUALLY_SELECTED_PLAYBACK_OF_A_DIFF_ITEM",MACINTOSH,0,1,false,1544268301,"Taylor Swift - champagne problems"
"United States",1541906190,AUDIO,20260209,4,0,TRACK_SKIPPED_FORWARDS,IPHONE,0,1,false,N/A,"Taylor Swift - august"
"United States",1676966710,AUDIO,20260209,5,0,TRACK_SKIPPED_FORWARDS,IPHONE,0,1,false,1676966710,"Taylor Swift, Joy Williams & John Paul White - Safe & Sound (Taylor's Version)"
"United States",1819861164,AUDIO,20260209,19,0,TRACK_SKIPPED_FORWARDS,IPHONE,0,1,false,1819861164,"Sabrina Carpenter - Never Getting Laid"
"United States",1742058269,AUDIO,20260209,4,0,"MANUALLY_SELECTED_PLAYBACK_OF_A_DIFF_ITEM",IPHONE,0,1,false,1742058269,"Taylor Swift - So High School"
"United States",1819861160,AUDIO,20260209,19,0,TRACK_SKIPPED_FORWARDS,IPHONE,0,1,false,1819861160,"Sabrina Carpenter - Sugar Talking"
"United States",1742058284,AUDIO,20260209,21,0,"MANUALLY_SELECTED_PLAYBACK_OF_A_DIFF_ITEM",IPHONE,0,1,false,1742058284,"Taylor Swift - Peter"
"United States",1689131956,AUDIO,20260209,4,0,"MANUALLY_SELECTED_PLAYBACK_OF_A_DIFF_ITEM",IPHONE,0,1,false,N/A,"Taylor Swift - You're On Your Own, Kid"
"United States",1819861161,AUDIO,20260209,19,0,TRACK_SKIPPED_FORWARDS,IPHONE,0,1,false,1819861161,"Sabrina Carpenter - We Almost Broke Up Again Last Night"
"United States",1819861167,AUDIO,20260209,19,0,TRACK_SKIPPED_FORWARDS,IPHONE,0,1,false,1819861167,"Sabrina Carpenter - When Did You Get Hot?"
"United States",1742058261,AUDIO,20260209,21,0,TRACK_SKIPPED_FORWARDS,IPHONE,0,1,false,1742058261,"Taylor Swift - The Albatross"
"United States",1689090247,AUDIO,20260209,14,0,TRACK_SKIPPED_FORWARDS,IPHONE,0,1,false,1689090247,"Taylor Swift - Sweet Nothing"
"United States",1650860038,AUDIO,20260209,5,0,"MANUALLY_SELECTED_PLAYBACK_OF_A_DIFF_ITEM",IPHONE,0,1,false,1650860038,"Taylor Swift - Paris"
"United States",1787023936,AUDIO,20260210,20,711621,NATURAL_END_OF_TRACK,MACINTOSH,3,0,false,1787023936,"Bad Bunny - DtMF"
"United States",1440832246,AUDIO,20260210,"3, 20",472360,"MANUALLY_SELECTED_PLAYBACK_OF_A_DIFF_ITEM","IPHONE, MACINTOSH",2,2,false,1440832246,"Lana Del Rey - Young and Beautiful"
"United States",1542103620,AUDIO,20260210,20,458319,"MANUALLY_SELECTED_PLAYBACK_OF_A_DIFF_ITEM",MACINTOSH,3,2,false,1542103620,"Bad Bunny & JHAYCO - DÁKITI"
"United States",1742058269,AUDIO,20260210,20,449349,NATURAL_END_OF_TRACK,MACINTOSH,2,1,false,1742058269,"Taylor Swift - So High School"
"United States",1736268557,AUDIO,20260210,"3, 20",394039,NATURAL_END_OF_TRACK,"IPHONE, MACINTOSH",2,0,false,1736268557,"Taylor Swift - The Alchemy"
"United States",1440833218,AUDIO,20260210,3,355305,"MANUALLY_SELECTED_PLAYBACK_OF_A_DIFF_ITEM",IPHONE,2,1,false,1440833218,"Lana Del Rey - Young and Beautiful (DH Orchestral Version)"
"United States",1690840111,AUDIO,20260210,20,261366,NATURAL_END_OF_TRACK,MACINTOSH,1,0,false,1690840111,"Taylor Swift - Sparks Fly (Taylor's Version)"
"United States",1622051042,AUDIO,20260210,3,250512,NATURAL_END_OF_TRACK,IPHONE,1,0,false,1622051042,"Taylor Swift - This Love (Taylor’s Version)"
"United States",1595423270,AUDIO,20260210,3,245850,NATURAL_END_OF_TRACK,IPHONE,1,0,false,1595423270,"Taylor Swift - Everything Has Changed (Taylor's Version) [feat. Ed Sheeran]"
"United States",1622045635,AUDIO,20260210,20,243839,NATURAL_END_OF_TRACK,MACINTOSH,1,0,false,1622045635,"Bad Bunny - Tití Me Preguntó"
"United States",1440832542,AUDIO,20260210,"3, 20",240943,"MANUALLY_SELECTED_PLAYBACK_OF_A_DIFF_ITEM","IPHONE, MACINTOSH",1,1,false,1440832542,"Fergie, Q-Tip & GoonRock - A Little Party Never Killed Nobody (All We Got)"
"United States",1833328845,AUDIO,20260210,20,230847,NATURAL_END_OF_TRACK,MACINTOSH,1,0,false,1833328845,"Taylor Swift - Opalite"
"United States",1690840106,AUDIO,20260210,20,229786,NATURAL_END_OF_TRACK,MACINTOSH,1,0,false,1690840106,"Taylor Swift - Mine (Taylor's Version)"
"United States",1440934264,AUDIO,20260210,3,214380,NATURAL_END_OF_TRACK,IPHONE,1,0,false,1440934264,"Taylor Swift - King of My Heart"
"United States",1708309198,AUDIO,20260210,20,213345,PLAYBACK_MANUALLY_PAUSED,MACINTOSH,1,0,false,1708309198,"Taylor Swift - You Are In Love (Taylor's Version)"
"United States",1468058177,AUDIO,20260210,3,211528,NATURAL_END_OF_TRACK,IPHONE,1,0,false,1468058177,"Taylor Swift - The Archer"
"United States",1870984033,AUDIO,20260210,20,115595,PLAYBACK_MANUALLY_PAUSED,MACINTOSH,1,0,false,1870984033,"Harry Styles - Aperture"
"United States",1595423267,AUDIO,20260210,3,85157,PLAYBACK_MANUALLY_PAUSED,IPHONE,1,0,false,1595423267,"Taylor Swift - Holy Ground (Taylor's Version)"
"United States",1524793912,AUDIO,20260210,20,36970,"MANUALLY_SELECTED_PLAYBACK_OF_A_DIFF_ITEM",MACINTOSH,1,1,false,1524793912,"Taylor Swift - invisible string"
"United States",1500776935,AUDIO,20260210,20,0,"MANUALLY_SELECTED_PLAYBACK_OF_A_DIFF_ITEM",MACINTOSH,0,1,false,1500776935,"Bad Bunny, Jowell & Randy & Ñengo Flow - Safaera"
"United States",1742058104,AUDIO,20260210,3,0,"MANUALLY_SELECTED_PLAYBACK_OF_A_DIFF_ITEM",IPHONE,0,1,false,1742058104,"Taylor Swift - I Can Do It With a Broken Heart"
"United States",1440914010,AUDIO,20260210,3,0,"MANUALLY_SELECTED_PLAYBACK_OF_A_DIFF_ITEM",IPHONE,0,1,false,1440914010,"Taylor Swift - Our Song"
"United States",1708309188,AUDIO,20260210,20,0,"MANUALLY_SELECTED_PLAYBACK_OF_A_DIFF_ITEM",MACINTOSH,0,2,false,1708309188,"Taylor Swift - How You Get The Girl (Taylor's Version)"
"United States",1875787678,VIDEO,20260211,"14, 23",2765799,"MANUALLY_SELECTED_PLAYBACK_OF_A_DIFF_ITEM",IPHONE,4,2,false,1875787678,"Super Bowl LX Halftime Show"
"United States",1787023936,AUDIO,20260211,"4, 16, 18, 22, 23",1706761,NATURAL_END_OF_TRACK,"IPHONE, MACINTOSH",6,1,false,1787023936,"Bad Bunny - DtMF"
"United States",1838810955,AUDIO,20260211,"18, 22",668968,NATURAL_END_OF_TRACK,IPHONE,3,0,false,1838810955,"Taylor Swift - Father Figure"
"United States",1787023008,AUDIO,20260211,"4, 16",445225,NATURAL_END_OF_TRACK,"IPHONE, MACINTOSH",2,0,false,1787023008,"Bad Bunny - EL CLúB"
"United States",1590368894,AUDIO,20260211,23,419211,OTHER,IPHONE,1,0,false,1590368894,"Taylor Swift - All Too Well (10 Minute Version) [Taylor's Version] [From The Vault]"
"United States",1650841513,AUDIO,20260211,17,405610,NATURAL_END_OF_TRACK,IPHONE,2,0,false,1650841513,"Taylor Swift - Lavender Haze"
"United States",1787022572,AUDIO,20260211,"4, 16",367390,NATURAL_END_OF_TRACK,"IPHONE, MACINTOSH",2,2,false,1787022572,"Bad Bunny - NUEVAYoL"
"United States",1622045635,AUDIO,20260211,"4, 22, 23",354654,PLAYBACK_MANUALLY_PAUSED,IPHONE,2,1,false,1622045635,"Bad Bunny - Tití Me Preguntó"
"United States",1742058100,AUDIO,20260211,5,322141,NATURAL_END_OF_TRACK,MACINTOSH,1,0,false,1742058100,"Taylor Swift - Who’s Afraid of Little Old Me?"
"United States",1736268557,AUDIO,20260211,"16, 17",320315,NATURAL_END_OF_TRACK,"IPHONE, MACINTOSH",2,0,false,1736268557,"Taylor Swift - The Alchemy"
"United States",1787022587,AUDIO,20260211,"4, 22, 23",313939,NATURAL_END_OF_TRACK,IPHONE,2,1,false,1787022587,"Bad Bunny - VOY A LLeVARTE PA PR"
"United States",1842897462,AUDIO,20260211,5,246266,NATURAL_END_OF_TRACK,MACINTOSH,1,0,false,1842897462,"Taylor Swift - Eldest Daughter"
"United States",1440832542,AUDIO,20260211,16,241131,NATURAL_END_OF_TRACK,MACINTOSH,1,0,false,1440832542,"Fergie, Q-Tip & GoonRock - A Little Party Never Killed Nobody (All We Got)"
"United States",1838810953,AUDIO,20260211,"18, 22",235568,NATURAL_END_OF_TRACK,IPHONE,2,0,false,1838810953,"Taylor Swift - Opalite"
"United States",1787023682,AUDIO,20260211,"4, 16",228762,"MANUALLY_SELECTED_PLAYBACK_OF_A_DIFF_ITEM","IPHONE, MACINTOSH",1,3,false,1787023682,"Bad Bunny & Los Pleneros de la Cresta - CAFé CON RON"
"United States",1842897466,AUDIO,20260211,5,220556,NATURAL_END_OF_TRACK,MACINTOSH,1,0,false,1842897466,"Taylor Swift - Ruin The Friendship"
"United States",1819861156,AUDIO,20260211,16,213743,NATURAL_END_OF_TRACK,MACINTOSH,1,0,false,1819861156,"Sabrina Carpenter - Manchild"
"United States",1838810961,AUDIO,20260211,"18, 22",211714,"MANUALLY_SELECTED_PLAYBACK_OF_A_DIFF_ITEM",IPHONE,1,1,false,1838810961,"Taylor Swift - CANCELLED!"
"United States",1838810952,AUDIO,20260211,22,208554,NATURAL_END_OF_TRACK,IPHONE,1,0,false,1838810952,"Taylor Swift - Elizabeth Taylor"
"United States",1689131969,AUDIO,20260211,14,205438,NATURAL_END_OF_TRACK,IPHONE,1,0,false,1689131969,"Taylor Swift - Karma"
"United States",1622046221,AUDIO,20260211,4,201922,NATURAL_END_OF_TRACK,IPHONE,1,0,false,1622046221,"Bad Bunny - El Apagón"
"United States",1842897461,AUDIO,20260211,5,201616,NATURAL_END_OF_TRACK,MACINTOSH,1,0,false,1842897461,"Taylor Swift - Father Figure"
"United States",1708309198,AUDIO,20260211,17,187424,"MANUALLY_SELECTED_PLAYBACK_OF_A_DIFF_ITEM",IPHONE,1,1,false,1708309198,"Taylor Swift - You Are In Love (Taylor's Version)"
"United States",1842897476,AUDIO,20260211,17,182260,NATURAL_END_OF_TRACK,IPHONE,1,0,false,1842897476,"Taylor Swift - Honey"
"United States",1838810963,AUDIO,20260211,22,181446,NATURAL_END_OF_TRACK,IPHONE,1,0,false,1838810963,"Taylor Swift - Honey"
"United States",1652080289,AUDIO,20260211,"22, 23",149617,TRACK_SKIPPED_FORWARDS,IPHONE,1,2,false,1652080289,"JHAYCO, J Balvin & Bad Bunny - No Me Conoce (Remix)"
"United States",535880843,AUDIO,20260211,4,145799,"MANUALLY_SELECTED_PLAYBACK_OF_A_DIFF_ITEM",IPHONE,1,1,false,535880843,"Tego Calderón - Pa' Que Retozen"
"United States",1842897475,AUDIO,20260211,5,145441,NATURAL_END_OF_TRACK,MACINTOSH,1,0,false,1842897475,"Taylor Swift - CANCELLED!"
"United States",1742058269,AUDIO,20260211,17,142119,TRACK_SKIPPED_FORWARDS,IPHONE,1,1,false,1742058269,"Taylor Swift - So High School"
"United States",1500776331,AUDIO,20260211,23,90188,TRACK_SKIPPED_FORWARDS,IPHONE,1,1,false,1500776331,"Bad Bunny - Yo Perreo Sola"
"United States",1440832563,AUDIO,20260211,16,88863,TRACK_SKIPPED_FORWARDS,MACINTOSH,1,2,false,1440832563,"Coco O. - Where the Wind Blows"
"United States",1838810958,AUDIO,20260211,22,82058,TRACK_SKIPPED_FORWARDS,IPHONE,1,1,false,1838810958,"Taylor Swift - Actually Romantic"
"United States",1787023918,AUDIO,20260211,"4, 18",71973,"MANUALLY_SELECTED_PLAYBACK_OF_A_DIFF_ITEM",IPHONE,2,1,false,1787023918,"Bad Bunny - LO QUE LE PASÓ A HAWAii"
"United States",1552791558,AUDIO,20260211,17,69593,TRACK_SKIPPED_FORWARDS,IPHONE,1,1,false,1552791558,"Taylor Swift - You Belong With Me (Taylor’s Version)"
"United States",1468058181,AUDIO,20260211,17,57240,"MANUALLY_SELECTED_PLAYBACK_OF_A_DIFF_ITEM",IPHONE,1,1,false,1468058181,"Taylor Swift - Paper Rings"
"United States",1689132077,AUDIO,20260211,17,52118,TRACK_SKIPPED_FORWARDS,IPHONE,1,1,false,1689132077,"Taylor Swift - Dear Reader"
"United States",1838810951,AUDIO,20260211,18,50960,TRACK_SKIPPED_FORWARDS,IPHONE,1,1,false,1838810951,"Taylor Swift - The Fate of Ophelia"
"United States",1787023288,AUDIO,20260211,16,42553,"MANUALLY_SELECTED_PLAYBACK_OF_A_DIFF_ITEM",MACINTOSH,1,1,false,1787023288,"Bad Bunny - BOKeTE"
"United States",1787023693,AUDIO,20260211,4,36102,"MANUALLY_SELECTED_PLAYBACK_OF_A_DIFF_ITEM",IPHONE,1,1,false,1787023693,"Bad Bunny - PIToRRO DE COCO"
"United States",1838810957,AUDIO,20260211,"18, 22",33612,"MANUALLY_SELECTED_PLAYBACK_OF_A_DIFF_ITEM",IPHONE,1,2,false,1838810957,"Taylor Swift - Ruin The Friendship"
"United States",1838810959,AUDIO,20260211,"18, 22",30521,"MANUALLY_SELECTED_PLAYBACK_OF_A_DIFF_ITEM",IPHONE,1,2,false,1838810959,"Taylor Swift - Wi$h Li$t"
"United States",1690840823,AUDIO,20260211,17,0,"MANUALLY_SELECTED_PLAYBACK_OF_A_DIFF_ITEM",IPHONE,0,1,false,1690840823,"Taylor Swift - Ours (Taylor's Version)"
"United States",1689090249,AUDIO,20260211,17,0,"MANUALLY_SELECTED_PLAYBACK_OF_A_DIFF_ITEM",IPHONE,0,1,false,1689090249,"Taylor Swift - The Great War"
"United States",1500776327,AUDIO,20260211,23,0,TRACK_SKIPPED_FORWARDS,IPHONE,0,1,false,1500776327,"Bad Bunny - La Difícil"
"United States",1440832264,AUDIO,20260211,16,0,"MANUALLY_SELECTED_PLAYBACK_OF_A_DIFF_ITEM",MACINTOSH,0,1,false,1440832264,"will.i.am - Bang Bang"
"United States",1595423272,AUDIO,20260211,17,0,TRACK_SKIPPED_FORWARDS,IPHONE,0,1,false,1595423272,"Taylor Swift - Begin Again (Taylor's Version)"
"United States",1710982872,AUDIO,20260211,23,0,TRACK_SKIPPED_FORWARDS,IPHONE,0,1,false,1710982872,"Bad Bunny - MONACO"
"United States",1595423267,AUDIO,20260211,4,0,"MANUALLY_SELECTED_PLAYBACK_OF_A_DIFF_ITEM",IPHONE,0,1,false,1595423267,"Taylor Swift - Holy Ground (Taylor's Version)"
"United States",1838810960,AUDIO,20260211,18,0,TRACK_SKIPPED_FORWARDS,IPHONE,0,1,false,1838810960,"Taylor Swift - Wood"
"United States",1838810964,AUDIO,20260211,22,0,TRACK_SKIPPED_FORWARDS,IPHONE,0,1,false,1838810964,"Taylor Swift - The Life of a Showgirl (feat. Sabrina Carpenter)"
"United States",1440934258,AUDIO,20260211,17,0,TRACK_SKIPPED_FORWARDS,IPHONE,0,1,false,1440934258,"Taylor Swift - Gorgeous"
"United States",1622045955,AUDIO,20260211,23,0,TRACK_SKIPPED_FORWARDS,IPHONE,0,1,false,1622045955,"Bad Bunny & Rauw Alejandro - Party"
"United States",1689131978,AUDIO,20260211,17,0,"MANUALLY_SELECTED_PLAYBACK_OF_A_DIFF_ITEM",IPHONE,0,1,false,1689131978,"Taylor Swift - Bigger Than The Whole Sky"
"United States",1649434507,AUDIO,20260211,17,0,TRACK_SKIPPED_FORWARDS,IPHONE,0,1,false,1649434507,"Taylor Swift - Sweet Nothing"
"United States",1689132081,AUDIO,20260211,17,0,"MANUALLY_SELECTED_PLAYBACK_OF_A_DIFF_ITEM",IPHONE,0,1,false,1689132081,"Taylor Swift - Karma (feat. Ice Spice)"
"United States",1440832876,AUDIO,20260211,16,0,TRACK_SKIPPED_FORWARDS,MACINTOSH,0,1,false,1440832876,"JAŸ-Z & Kanye West - No Church In the Wild (feat. Frank Ocean & The-Dream)"
"United States",1838810956,AUDIO,20260211,18,0,TRACK_SKIPPED_FORWARDS,IPHONE,0,1,false,1838810956,"Taylor Swift - Eldest Daughter"
"United States",1689131960,AUDIO,20260211,17,0,"MANUALLY_SELECTED_PLAYBACK_OF_A_DIFF_ITEM",IPHONE,0,1,false,1689131960,"Taylor Swift - Question...?"
"United States",1500776935,AUDIO,20260211,23,0,TRACK_SKIPPED_FORWARDS,IPHONE,0,1,false,1500776935,"Bad Bunny, Jowell & Randy & Ñengo Flow - Safaera"
"United States",1440832246,AUDIO,20260211,16,0,"MANUALLY_SELECTED_PLAYBACK_OF_A_DIFF_ITEM",MACINTOSH,0,1,false,1440832246,"Lana Del Rey - Young and Beautiful"
"United States",1819861157,AUDIO,20260211,18,0,TRACK_SKIPPED_FORWARDS,IPHONE,0,1,false,1819861157,"Sabrina Carpenter - Tears"
"United States",1833328845,AUDIO,20260211,16,0,"MANUALLY_SELECTED_PLAYBACK_OF_A_DIFF_ITEM",MACINTOSH,0,1,false,1833328845,"Taylor Swift - Opalite"
"United States",1710983273,AUDIO,20260211,23,0,TRACK_SKIPPED_FORWARDS,IPHONE,0,1,false,1710983273,"Bad Bunny - WHERE SHE GOES"
"United States",1447555315,AUDIO,20260211,22,0,"MANUALLY_SELECTED_PLAYBACK_OF_A_DIFF_ITEM",IPHONE,0,1,false,1447555315,"Bad Bunny - MÍA (feat. Drake)"
"United States",1875787678,VIDEO,20260212,"1, 2, 18",1619978,PLAYBACK_MANUALLY_PAUSED,"IPHONE, MACINTOSH",2,1,false,1875787678,"Super Bowl LX Halftime Show"
"United States",1742058104,AUDIO,20260212,"2, 14, 17, 23",870450,NATURAL_END_OF_TRACK,"IPHONE, MACINTOSH",4,1,false,1742058104,"Taylor Swift - I Can Do It With a Broken Heart"
"United States",1787023936,AUDIO,20260212,"14, 20, 23",614765,OTHER,IPHONE,3,0,false,1787023936,"Bad Bunny - DtMF"
"United States",1838810961,AUDIO,20260212,"3, 20",568781,NATURAL_END_OF_TRACK,"IPHONE, MACINTOSH",3,0,false,1838810961,"Taylor Swift - CANCELLED!"
"United States",1742058100,AUDIO,20260212,"3, 14, 18",442394,"MANUALLY_SELECTED_PLAYBACK_OF_A_DIFF_ITEM","IPHONE, MACINTOSH",2,1,false,1742058100,"Taylor Swift - Who’s Afraid of Little Old Me?"
"United States",1440812146,AUDIO,20260212,"3, 20",428067,NATURAL_END_OF_TRACK,"IPHONE, MACINTOSH",2,0,false,1440812146,"t.A.T.u. - All The Things She Said"
"United States",1742058105,AUDIO,20260212,"3, 20, 23",337478,TRACK_SKIPPED_FORWARDS,"IPHONE, MACINTOSH",2,2,false,1742058105,"Taylor Swift - The Smallest Man Who Ever Lived"
"United States",1500776331,AUDIO,20260212,"2, 18",314888,NATURAL_END_OF_TRACK,"IPHONE, MACINTOSH",2,0,false,1500776331,"Bad Bunny - Yo Perreo Sola"
"United States",1819861156,AUDIO,20260212,"14, 20, 23",301998,TRACK_SKIPPED_FORWARDS,IPHONE,2,1,false,1819861156,"Sabrina Carpenter - Manchild"
"United States",1500776935,AUDIO,20260212,18,282947,NATURAL_END_OF_TRACK,MACINTOSH,1,0,false,1500776935,"Bad Bunny, Jowell & Randy & Ñengo Flow - Safaera"
"United States",1870984033,AUDIO,20260212,3,255904,"MANUALLY_SELECTED_PLAYBACK_OF_A_DIFF_ITEM",MACINTOSH,1,1,false,1870984033,"Harry Styles - Aperture"
"United States",1615585012,AUDIO,20260212,3,245962,NATURAL_END_OF_TRACK,MACINTOSH,1,0,false,1615585012,"Harry Styles - Matilda"
"United States",1622045635,AUDIO,20260212,2,243933,NATURAL_END_OF_TRACK,IPHONE,1,0,false,1622045635,"Bad Bunny - Tití Me Preguntó"
"United States",1440832542,AUDIO,20260212,17,241190,NATURAL_END_OF_TRACK,IPHONE,1,0,false,1440832542,"Fergie, Q-Tip & GoonRock - A Little Party Never Killed Nobody (All We Got)"
"United States",1440833218,AUDIO,20260212,20,231759,NATURAL_END_OF_TRACK,IPHONE,1,0,false,1440833218,"Lana Del Rey - Young and Beautiful (DH Orchestral Version)"
"United States",1622045955,AUDIO,20260212,18,227621,NATURAL_END_OF_TRACK,MACINTOSH,1,0,false,1622045955,"Bad Bunny & Rauw Alejandro - Party"
"United States",1689131982,AUDIO,20260212,"20, 23",213328,TRACK_SKIPPED_FORWARDS,IPHONE,1,2,false,1689131982,"Taylor Swift - High Infidelity"
"United States",1689131969,AUDIO,20260212,"3, 23",204761,TRACK_SKIPPED_FORWARDS,"IPHONE, MACINTOSH",1,1,false,1689131969,"Taylor Swift - Karma"
"United States",1650841513,AUDIO,20260212,14,202821,NATURAL_END_OF_TRACK,IPHONE,1,0,false,1650841513,"Taylor Swift - Lavender Haze"
"United States",1838810955,AUDIO,20260212,3,201636,NATURAL_END_OF_TRACK,MACINTOSH,1,0,false,1838810955,"Taylor Swift - Father Figure"
"United States",1689090227,AUDIO,20260212,14,201083,NATURAL_END_OF_TRACK,IPHONE,1,0,false,1689090227,"Taylor Swift - Anti-Hero"
"United States",1736268557,AUDIO,20260212,23,197197,NATURAL_END_OF_TRACK,IPHONE,1,0,false,1736268557,"Taylor Swift - The Alchemy"
"United States",1440833203,AUDIO,20260212,17,161271,TRACK_SKIPPED_FORWARDS,IPHONE,1,1,false,1440833203,"Sia - Kill and Run"
"United States",1689131968,AUDIO,20260212,14,152283,PLAYBACK_MANUALLY_PAUSED,IPHONE,1,0,false,1689131968,"Taylor Swift - Labyrinth"
"United States",1795979745,AUDIO,20260212,"14, 20",123957,"MANUALLY_SELECTED_PLAYBACK_OF_A_DIFF_ITEM",IPHONE,1,1,false,1795979745,"JENNIE - like JENNIE"
"United States",1787022587,AUDIO,20260212,19,104101,PLAYBACK_MANUALLY_PAUSED,MACINTOSH,1,0,false,1787022587,"Bad Bunny - VOY A LLeVARTE PA PR"
"United States",1650841907,AUDIO,20260212,20,61206,TRACK_SKIPPED_FORWARDS,IPHONE,1,1,false,1650841907,"Taylor Swift - Dear Reader"
"United States",1795979747,AUDIO,20260212,23,0,TRACK_SKIPPED_FORWARDS,IPHONE,0,1,false,1795979747,"JENNIE - start a war"
"United States",1742058269,AUDIO,20260212,23,0,TRACK_SKIPPED_FORWARDS,IPHONE,0,1,false,1742058269,"Taylor Swift - So High School"
"United States",1440832246,AUDIO,20260212,20,0,TRACK_SKIPPED_FORWARDS,IPHONE,0,1,false,1440832246,"Lana Del Rey - Young and Beautiful"
"United States",1440832563,AUDIO,20260212,20,0,TRACK_SKIPPED_FORWARDS,IPHONE,0,1,false,1440832563,"Coco O. - Where the Wind Blows"
"United States",1440832876,AUDIO,20260212,20,0,TRACK_SKIPPED_FORWARDS,IPHONE,0,1,false,1440832876,"JAŸ-Z & Kanye West - No Church In the Wild (feat. Frank Ocean & The-Dream)"
"United States",1838810957,AUDIO,20260212,1,0,"MANUALLY_SELECTED_PLAYBACK_OF_A_DIFF_ITEM",IPHONE,0,1,false,1838810957,"Taylor Swift - Ruin The Friendship"
"United States",1838810963,AUDIO,20260212,1,0,TRACK_SKIPPED_FORWARDS,IPHONE,0,1,false,1838810963,"Taylor Swift - Honey"
"United States",1622045634,AUDIO,20260212,18,0,"MANUALLY_SELECTED_PLAYBACK_OF_A_DIFF_ITEM",MACINTOSH,0,1,false,1622045634,"Bad Bunny & Chencho Corleone - Me Porto Bonito"
"United States",1440832893,AUDIO,20260212,20,0,TRACK_SKIPPED_FORWARDS,IPHONE,0,1,false,1440832893,"Nero - Into the Past"
"United States",1440832264,AUDIO,20260212,20,0,"MANUALLY_SELECTED_PLAYBACK_OF_A_DIFF_ITEM",IPHONE,0,1,false,1440832264,"will.i.am - Bang Bang"
"United States",1795979997,AUDIO,20260212,23,0,"MANUALLY_SELECTED_PLAYBACK_OF_A_DIFF_ITEM",IPHONE,0,1,false,1795979997,"JENNIE - ZEN"
"United States",1875811659,AUDIO,20260213,"0, 5",1642252,NATURAL_END_OF_TRACK,IPHONE,2,0,false,1875811659,"Bad Bunny - Super Bowl LX Halftime Show (Live)"
"United States",1787023936,AUDIO,20260213,"0, 3, 16, 18, 20, 21, 23",1574977,NATURAL_END_OF_TRACK,"IPHONE, MACINTOSH",8,3,false,1787023936,"Bad Bunny - DtMF"
"United States",1736268557,AUDIO,20260213,"1, 5, 17, 19, 20, 23",1182899,NATURAL_END_OF_TRACK,"IPHONE, MACINTOSH",7,0,false,1736268557,"Taylor Swift - The Alchemy"
"United States",1787022842,AUDIO,20260213,"17, 23",736275,"MANUALLY_SELECTED_PLAYBACK_OF_A_DIFF_ITEM","IPHONE, MACINTOSH",2,1,false,1787022842,"Bad Bunny - BAILE INoLVIDABLE"
"United States",1689131982,AUDIO,20260213,"3, 5, 19, 21, 23",687406,"MANUALLY_SELECTED_PLAYBACK_OF_A_DIFF_ITEM","IPHONE, MACINTOSH",3,3,false,1689131982,"Taylor Swift - High Infidelity"
"United States",1742058100,AUDIO,20260213,"19, 20, 21",668436,NATURAL_END_OF_TRACK,"IPHONE, MACINTOSH",2,1,false,1742058100,"Taylor Swift - Who’s Afraid of Little Old Me?"
"United States",1500776935,AUDIO,20260213,"16, 21, 23",667254,TRACK_SKIPPED_FORWARDS,"IPHONE, MACINTOSH",3,1,false,1500776935,"Bad Bunny, Jowell & Randy & Ñengo Flow - Safaera"
"United States",1838810955,AUDIO,20260213,"1, 19, 20, 21",639318,"MANUALLY_SELECTED_PLAYBACK_OF_A_DIFF_ITEM","IPHONE, MACINTOSH",3,1,false,1838810955,"Taylor Swift - Father Figure"
"United States",1787023929,AUDIO,20260213,"17, 21, 23",614709,NATURAL_END_OF_TRACK,"IPHONE, MACINTOSH",3,0,false,1787023929,"Bad Bunny - EoO"
"United States",1742058105,AUDIO,20260213,"3, 16, 17, 19, 20",552858,PLAYBACK_MANUALLY_PAUSED,"IPHONE, MACINTOSH",3,2,false,1742058105,"Taylor Swift - The Smallest Man Who Ever Lived"
"United States",1710982872,AUDIO,20260213,"17, 21",534971,NATURAL_END_OF_TRACK,MACINTOSH,2,0,false,1710982872,"Bad Bunny - MONACO"
"United States",1762656732,AUDIO,20260213,"17, 21, 23",504294,NATURAL_END_OF_TRACK,"IPHONE, MACINTOSH",2,1,false,1762656732,"Lady Gaga & Bruno Mars - Die With A Smile"
"United States",1622045635,AUDIO,20260213,"16, 23",488124,NATURAL_END_OF_TRACK,"IPHONE, MACINTOSH",2,0,false,1622045635,"Bad Bunny - Tití Me Preguntó"
"United States",1622045955,AUDIO,20260213,"16, 21",454839,NATURAL_END_OF_TRACK,MACINTOSH,2,0,false,1622045955,"Bad Bunny & Rauw Alejandro - Party"
"United States",1650841513,AUDIO,20260213,"17, 20, 23",454002,NATURAL_END_OF_TRACK,IPHONE,3,1,false,1650841513,"Taylor Swift - Lavender Haze"
"United States",1500776331,AUDIO,20260213,"16, 21, 23",437508,"MANUALLY_SELECTED_PLAYBACK_OF_A_DIFF_ITEM","IPHONE, MACINTOSH",3,1,false,1500776331,"Bad Bunny - Yo Perreo Sola"
"United States",1838810961,AUDIO,20260213,"19, 20, 21",423360,TRACK_SKIPPED_FORWARDS,"IPHONE, MACINTOSH",2,1,false,1838810961,"Taylor Swift - CANCELLED!"
"United States",535880843,AUDIO,20260213,"17, 21, 23",415158,TRACK_SKIPPED_FORWARDS,"IPHONE, MACINTOSH",3,1,false,535880843,"Tego Calderón - Pa' Que Retozen"
"United States",1440812146,AUDIO,20260213,"16, 20, 21",385037,TRACK_SKIPPED_FORWARDS,"IPHONE, MACINTOSH",2,2,false,1440812146,"t.A.T.u. - All The Things She Said"
"United States",1615585012,AUDIO,20260213,"16, 19, 21",374528,TRACK_SKIPPED_FORWARDS,"IPHONE, MACINTOSH",2,2,false,1615585012,"Harry Styles - Matilda"
"United States",1795979747,AUDIO,20260213,"4, 20, 21",330895,TRACK_SKIPPED_FORWARDS,IPHONE,2,1,false,1795979747,"JENNIE - start a war"
"United States",1467968831,AUDIO,20260213,"17, 21",326672,TRACK_SKIPPED_FORWARDS,MACINTOSH,2,1,false,1467968831,"Don Omar - Dale Don Dale"
"United States",1787022587,AUDIO,20260213,"17, 21, 23",313131,TRACK_SKIPPED_FORWARDS,"IPHONE, MACINTOSH",2,1,false,1787022587,"Bad Bunny - VOY A LLeVARTE PA PR"
"United States",1870984033,AUDIO,20260213,"5, 20",312208,TRACK_SKIPPED_FORWARDS,IPHONE,1,1,false,1870984033,"Harry Styles - Aperture"
"United States",1689090227,AUDIO,20260213,"3, 16, 19, 21",279659,TRACK_SKIPPED_FORWARDS,"IPHONE, MACINTOSH",2,3,false,1689090227,"Taylor Swift - Anti-Hero"
"United States",1742058269,AUDIO,20260213,"0, 17, 21",273571,TRACK_SKIPPED_FORWARDS,IPHONE,2,2,false,1742058269,"Taylor Swift - So High School"
"United States",1542103620,AUDIO,20260213,"18, 20",264349,NATURAL_END_OF_TRACK,IPHONE,2,0,false,1542103620,"Bad Bunny & JHAYCO - DÁKITI"
"United States",1773474484,AUDIO,20260213,"16, 20",262567,NATURAL_END_OF_TRACK,"IPHONE, MACINTOSH",2,1,false,1773474484,"Gracie Abrams - I Told You Things"
"United States",1689132076,AUDIO,20260213,23,260652,NATURAL_END_OF_TRACK,IPHONE,1,0,false,1689132076,"Taylor Swift - Would've, Could've, Should've"
"United States",1440832542,AUDIO,20260213,20,241218,NATURAL_END_OF_TRACK,IPHONE,1,0,false,1440832542,"Fergie, Q-Tip & GoonRock - A Little Party Never Killed Nobody (All We Got)"
"United States",1787023918,AUDIO,20260213,"21, 23",229287,TRACK_SKIPPED_FORWARDS,"IPHONE, MACINTOSH",1,2,false,1787023918,"Bad Bunny - LO QUE LE PASÓ A HAWAii"
"United States",1650841907,AUDIO,20260213,"5, 16",225168,NATURAL_END_OF_TRACK,"IPHONE, MACINTOSH",1,1,false,1650841907,"Taylor Swift - Dear Reader"
"United States",1787022572,AUDIO,20260213,"17, 21",224576,NATURAL_END_OF_TRACK,MACINTOSH,2,0,false,1787022572,"Bad Bunny - NUEVAYoL"
"United States",1742058104,AUDIO,20260213,"0, 21",217915,NATURAL_END_OF_TRACK,IPHONE,1,1,false,1742058104,"Taylor Swift - I Can Do It With a Broken Heart"
"United States",1689131968,AUDIO,20260213,"0, 17, 21, 23",215606,TRACK_SKIPPED_FORWARDS,IPHONE,1,4,false,1689131968,"Taylor Swift - Labyrinth"
"United States",1819861156,AUDIO,20260213,"20, 21",214028,TRACK_SKIPPED_FORWARDS,IPHONE,1,2,false,1819861156,"Sabrina Carpenter - Manchild"
"United States",1481453844,AUDIO,20260213,"17, 21",208008,"MANUALLY_SELECTED_PLAYBACK_OF_A_DIFF_ITEM",MACINTOSH,1,1,false,1481453844,"Héctor El Father - Noche de Travesura"
"United States",1689132081,AUDIO,20260213,23,203307,NATURAL_END_OF_TRACK,IPHONE,1,0,false,1689132081,"Taylor Swift - Karma (feat. Ice Spice)"
"United States",1795979997,AUDIO,20260213,20,200057,NATURAL_END_OF_TRACK,IPHONE,1,0,false,1795979997,"JENNIE - ZEN"
"United States",1786000124,AUDIO,20260213,"17, 23",192796,TRACK_SKIPPED_FORWARDS,"IPHONE, MACINTOSH",1,1,false,1786000124,"Daddy Yankee - Gasolina"
"United States",1622046221,AUDIO,20260213,"21, 23",131201,TRACK_SKIPPED_FORWARDS,"IPHONE, MACINTOSH",1,2,false,1622046221,"Bad Bunny - El Apagón"
"United States",1689131969,AUDIO,20260213,"3, 5, 16, 21",127922,TRACK_SKIPPED_FORWARDS,"IPHONE, MACINTOSH",1,3,false,1689131969,"Taylor Swift - Karma"
"United States",1833328840,AUDIO,20260213,20,113121,"MANUALLY_SELECTED_PLAYBACK_OF_A_DIFF_ITEM",IPHONE,1,2,false,1833328840,"Taylor Swift - The Fate of Ophelia"
"United States",1440833203,AUDIO,20260213,20,96507,TRACK_SKIPPED_FORWARDS,IPHONE,1,1,false,1440833203,"Sia - Kill and Run"
"United States",1787023682,AUDIO,20260213,23,72611,TRACK_SKIPPED_FORWARDS,IPHONE,1,1,false,1787023682,"Bad Bunny & Los Pleneros de la Cresta - CAFé CON RON"
"United States",1708309198,AUDIO,20260213,"3, 20, 21",52903,TRACK_SKIPPED_FORWARDS,IPHONE,1,3,false,1708309198,"Taylor Swift - You Are In Love (Taylor's Version)"
"United States",1852566434,AUDIO,20260213,16,0,"MANUALLY_SELECTED_PLAYBACK_OF_A_DIFF_ITEM",MACINTOSH,0,1,false,1852566434,"Charli xcx - Chains of Love"
"United States",1440832563,AUDIO,20260213,20,0,TRACK_SKIPPED_FORWARDS,IPHONE,0,1,false,1440832563,"Coco O. - Where the Wind Blows"
"United States",1440832246,AUDIO,20260213,20,0,"MANUALLY_SELECTED_PLAYBACK_OF_A_DIFF_ITEM",IPHONE,0,1,false,1440832246,"Lana Del Rey - Young and Beautiful"
"United States",1874387733,AUDIO,20260213,20,0,"MANUALLY_SELECTED_PLAYBACK_OF_A_DIFF_ITEM",IPHONE,0,1,false,1874387733,"Taylor Swift - Opalite"
"United States",1440833218,AUDIO,20260213,19,0,TRACK_SKIPPED_FORWARDS,IPHONE,0,1,false,1440833218,"Lana Del Rey - Young and Beautiful (DH Orchestral Version)"
"United States",1795979995,AUDIO,20260213,"17, 21",0,TRACK_SKIPPED_FORWARDS,IPHONE,0,2,false,1795979995,"JENNIE - Mantra"
"United States",486040194,AUDIO,20260214,"3, 13",554677,NATURAL_END_OF_TRACK,IPHONE,2,0,false,486040194,"Fun. - Some Nights"
"United States",1440854460,AUDIO,20260214,"3, 13",531230,NATURAL_END_OF_TRACK,IPHONE,2,0,false,1440854460,"Lana Del Rey - Summertime Sadness"
"United States",1442871564,AUDIO,20260214,"3, 13",522253,NATURAL_END_OF_TRACK,IPHONE,2,0,false,1442871564,"M83 - Holes in the Sky (feat. HAIM)"
"United States",1787023936,AUDIO,20260214,"0, 13",474954,NATURAL_END_OF_TRACK,IPHONE,2,0,false,1787023936,"Bad Bunny - DtMF"
"United States",1650841907,AUDIO,20260214,"14, 19",451034,NATURAL_END_OF_TRACK,IPHONE,2,0,false,1650841907,"Taylor Swift - Dear Reader"
"United States",1440832542,AUDIO,20260214,"1, 3",446979,"MANUALLY_SELECTED_PLAYBACK_OF_A_DIFF_ITEM",IPHONE,2,1,false,1440832542,"Fergie, Q-Tip & GoonRock - A Little Party Never Killed Nobody (All We Got)"
"United States",1787023918,AUDIO,20260214,"0, 16",427754,TRACK_SKIPPED_FORWARDS,IPHONE,2,1,false,1787023918,"Bad Bunny - LO QUE LE PASÓ A HAWAii"
"United States",1690840371,AUDIO,20260214,15,406112,NATURAL_END_OF_TRACK,MACINTOSH,1,1,false,1690840371,"Taylor Swift - Dear John (Taylor's Version)"
"United States",1742058284,AUDIO,20260214,"15, 16",389508,TRACK_SKIPPED_FORWARDS,"IPHONE, MACINTOSH",2,1,false,1742058284,"Taylor Swift - Peter"
"United States",1524802187,AUDIO,20260214,"15, 16",381424,PLAYBACK_MANUALLY_PAUSED,MACINTOSH,2,0,false,1524802187,"Taylor Swift - mad woman"
"United States",1440812146,AUDIO,20260214,"1, 14",381099,NATURAL_END_OF_TRACK,IPHONE,2,1,false,1440812146,"t.A.T.u. - All The Things She Said"
"United States",1742058100,AUDIO,20260214,15,334238,NATURAL_END_OF_TRACK,MACINTOSH,1,0,false,1742058100,"Taylor Swift - Who’s Afraid of Little Old Me?"
"United States",1742058078,AUDIO,20260214,20,292958,NATURAL_END_OF_TRACK,MACINTOSH,1,0,false,1742058078,"Taylor Swift - The Tortured Poets Department"
"United States",1440934254,AUDIO,20260214,"14, 15",278390,"MANUALLY_SELECTED_PLAYBACK_OF_A_DIFF_ITEM",MACINTOSH,2,1,false,1440934254,"Taylor Swift - Delicate"
"United States",1742058103,AUDIO,20260214,19,277606,NATURAL_END_OF_TRACK,IPHONE,1,0,false,1742058103,"Taylor Swift - loml"
"United States",1787022842,AUDIO,20260214,"0, 18",271856,TRACK_SKIPPED_FORWARDS,IPHONE,2,2,false,1787022842,"Bad Bunny - BAILE INoLVIDABLE"
"United States",1708309198,AUDIO,20260214,14,268167,NATURAL_END_OF_TRACK,IPHONE,1,0,false,1708309198,"Taylor Swift - You Are In Love (Taylor's Version)"
"United States",1742058083,AUDIO,20260214,20,262966,NATURAL_END_OF_TRACK,MACINTOSH,1,0,false,1742058083,"Taylor Swift - So Long, London"
"United States",1742058080,AUDIO,20260214,20,261220,NATURAL_END_OF_TRACK,MACINTOSH,1,0,false,1742058080,"Taylor Swift - Down Bad"
"United States",1742058085,AUDIO,20260214,20,259300,PLAYBACK_MANUALLY_PAUSED,MACINTOSH,1,0,false,1742058085,"Taylor Swift - But Daddy I Love Him"
"United States",1571576167,AUDIO,20260214,16,254671,NATURAL_END_OF_TRACK,MACINTOSH,1,0,false,1571576167,"Big Red Machine - Renegade (feat. Taylor Swift)"
"United States",1742075877,AUDIO,20260214,15,250073,NATURAL_END_OF_TRACK,MACINTOSH,1,0,false,1742075877,"Taylor Swift - The Prophecy"
"United States",1775377826,AUDIO,20260214,20,249278,NATURAL_END_OF_TRACK,MACINTOSH,1,0,false,1775377826,"Bleachers & Carly Rae Jepsen - Tiny Moves (Live at Fisher Green Pavilion - Seattle - 07.13.24)"
"United States",1481446128,AUDIO,20260214,15,247323,NATURAL_END_OF_TRACK,MACINTOSH,1,0,false,1481446128,"CHEN - You never know"
"United States",1442972580,AUDIO,20260214,13,247308,NATURAL_END_OF_TRACK,IPHONE,1,0,false,1442972580,"Snow Patrol - I Won't Let You Go"
"United States",1616435292,AUDIO,20260214,16,246568,TRACK_SKIPPED_FORWARDS,"IPHONE, MACINTOSH",1,1,false,1616435292,"SUHO - Morning Star"
"United States",1742058273,AUDIO,20260214,16,244168,NATURAL_END_OF_TRACK,IPHONE,1,0,false,1742058273,"Taylor Swift - I Hate It Here"
"United States",1742058282,AUDIO,20260214,15,240350,NATURAL_END_OF_TRACK,MACINTOSH,1,0,false,1742058282,"Taylor Swift - Cassandra"
"United States",1440795596,AUDIO,20260214,16,240319,NATURAL_END_OF_TRACK,IPHONE,1,0,false,1440795596,"Taylor Swift - Safe & Sound (feat. The Civil Wars)"
"United States",1622045635,AUDIO,20260214,0,239955,NATURAL_END_OF_TRACK,IPHONE,1,0,false,1622045635,"Bad Bunny - Tití Me Preguntó"
"United States",610187010,AUDIO,20260214,"3, 13",238443,"MANUALLY_SELECTED_PLAYBACK_OF_A_DIFF_ITEM",IPHONE,1,1,false,610187010,"Kodaline - All I Want"
"United States",947059829,AUDIO,20260214,13,238425,NATURAL_END_OF_TRACK,IPHONE,1,0,false,947059829,"Bon Iver - Skinny Love"
"United States",1440934251,AUDIO,20260214,14,238417,NATURAL_END_OF_TRACK,MACINTOSH,1,0,false,1440934251,"Taylor Swift - I Did Something Bad"
"United States",1440934252,AUDIO,20260214,14,236562,NATURAL_END_OF_TRACK,MACINTOSH,1,0,false,1440934252,"Taylor Swift - Don’t Blame Me"
"United States",1445315863,AUDIO,20260214,13,236199,NATURAL_END_OF_TRACK,IPHONE,1,0,false,1445315863,"Coldplay - Atlas (From ""The Hunger Games: Catching Fire"" Soundtrack)"
"United States",1440832246,AUDIO,20260214,1,236129,NATURAL_END_OF_TRACK,IPHONE,1,2,false,1440832246,"Lana Del Rey - Young and Beautiful"
"United States",1787022587,AUDIO,20260214,"0, 16",235440,"MANUALLY_SELECTED_PLAYBACK_OF_A_DIFF_ITEM",IPHONE,2,1,false,1787022587,"Bad Bunny - VOY A LLeVARTE PA PR"
"United States",1440934262,AUDIO,20260214,14,233781,NATURAL_END_OF_TRACK,MACINTOSH,1,0,false,1440934262,"Taylor Swift - Getaway Car"
"United States",1541905161,AUDIO,20260214,16,232342,"MANUALLY_SELECTED_PLAYBACK_OF_A_DIFF_ITEM",IPHONE,1,1,false,1541905161,"Taylor Swift - epiphany (the long pond studio sessions)"
"United States",1541905058,AUDIO,20260214,15,230623,NATURAL_END_OF_TRACK,MACINTOSH,1,0,false,1541905058,"Taylor Swift - cardigan (the long pond studio sessions)"
"United States",1742057775,AUDIO,20260214,20,229112,NATURAL_END_OF_TRACK,MACINTOSH,1,0,false,1742057775,"Taylor Swift - Fortnight (feat. Post Malone)"
"United States",1622045955,AUDIO,20260214,0,228081,NATURAL_END_OF_TRACK,IPHONE,1,0,false,1622045955,"Bad Bunny & Rauw Alejandro - Party"
"United States",719762810,AUDIO,20260214,19,222263,NATURAL_END_OF_TRACK,IPHONE,1,0,false,719762810,"Glee Cast - If I Die Young"
"United States",1590368455,AUDIO,20260214,15,219726,NATURAL_END_OF_TRACK,MACINTOSH,1,0,false,1590368455,"Taylor Swift - I Knew You Were Trouble (Taylor's Version)"
"United States",1819861156,AUDIO,20260214,13,214029,NATURAL_END_OF_TRACK,IPHONE,1,0,false,1819861156,"Sabrina Carpenter - Manchild"
"United States",1560735566,AUDIO,20260214,16,212535,NATURAL_END_OF_TRACK,IPHONE,1,0,false,1560735566,"Olivia Rodrigo - hope ur ok"
"United States",1440934255,AUDIO,20260214,14,211846,NATURAL_END_OF_TRACK,MACINTOSH,1,0,false,1440934255,"Taylor Swift - Look What You Made Me Do"
"United States",1838810961,AUDIO,20260214,13,211592,NATURAL_END_OF_TRACK,IPHONE,1,0,false,1838810961,"Taylor Swift - CANCELLED!"
"United States",1874125269,AUDIO,20260214,18,209965,NATURAL_END_OF_TRACK,IPHONE,1,0,false,1874125269,"Tame Impala & JENNIE - Dracula (JENNIE Remix)"
"United States",1481453844,AUDIO,20260214,0,208156,NATURAL_END_OF_TRACK,IPHONE,1,0,false,1481453844,"Héctor El Father - Noche de Travesura"
"United States",884282144,AUDIO,20260214,20,204700,NATURAL_END_OF_TRACK,MACINTOSH,1,0,false,884282144,"Bleachers - I Wanna Get Better"
"United States",1787023929,AUDIO,20260214,0,204661,NATURAL_END_OF_TRACK,IPHONE,1,0,false,1787023929,"Bad Bunny - EoO"
"United States",1742058079,AUDIO,20260214,20,203795,NATURAL_END_OF_TRACK,MACINTOSH,1,0,false,1742058079,"Taylor Swift - My Boy Only Breaks His Favorite Toys"
"United States",1440934430,AUDIO,20260214,15,203411,NATURAL_END_OF_TRACK,MACINTOSH,1,0,false,1440934430,"Taylor Swift - Call It What You Want"
"United States",1712730496,AUDIO,20260214,20,203340,"MANUALLY_SELECTED_PLAYBACK_OF_A_DIFF_ITEM",MACINTOSH,1,1,false,1712730496,"Bleachers - Isimo"
"United States",1775877096,AUDIO,20260214,20,202504,NATURAL_END_OF_TRACK,MACINTOSH,1,0,false,1775877096,"Bleachers - Merry Christmas, Please Don't Call"
"United States",1468058699,AUDIO,20260214,15,201766,NATURAL_END_OF_TRACK,MACINTOSH,1,0,false,1468058699,"Taylor Swift - Soon You’ll Get Better (feat. The Chicks)"
"United States",1736268557,AUDIO,20260214,16,198090,NATURAL_END_OF_TRACK,IPHONE,1,0,false,1736268557,"Taylor Swift - The Alchemy"
"United States",1488413379,AUDIO,20260214,"3, 13",195434,"MANUALLY_SELECTED_PLAYBACK_OF_A_DIFF_ITEM",IPHONE,1,1,false,1488413379,"Selena Gomez - People You Know"
"United States",1481446126,AUDIO,20260214,16,195088,NATURAL_END_OF_TRACK,MACINTOSH,1,0,false,1481446126,"CHEN - Hold you tight"
"United States",1710982872,AUDIO,20260214,1,185695,TRACK_SKIPPED_FORWARDS,IPHONE,1,1,false,1710982872,"Bad Bunny - MONACO"
"United States",1787022572,AUDIO,20260214,"0, 13",183950,NATURAL_END_OF_TRACK,IPHONE,1,1,false,1787022572,"Bad Bunny - NUEVAYoL"
"United States",1742058105,AUDIO,20260214,15,174870,"MANUALLY_SELECTED_PLAYBACK_OF_A_DIFF_ITEM",MACINTOSH,1,1,false,1742058105,"Taylor Swift - The Smallest Man Who Ever Lived"
"United States",1500776331,AUDIO,20260214,0,172153,NATURAL_END_OF_TRACK,IPHONE,1,0,false,1500776331,"Bad Bunny - Yo Perreo Sola"
"United States",1487502476,AUDIO,20260214,19,169673,TRACK_SKIPPED_FORWARDS,IPHONE,1,1,false,1487502476,"Billie Eilish - everything i wanted"
"United States",1655291589,AUDIO,20260214,15,164936,NATURAL_END_OF_TRACK,MACINTOSH,1,0,false,1655291589,"Red Velvet - Celebrate"
"United States",1590368889,AUDIO,20260214,15,153581,"MANUALLY_SELECTED_PLAYBACK_OF_A_DIFF_ITEM",MACINTOSH,1,1,false,1590368889,"Taylor Swift - I Bet You Think About Me (Taylor's Version) [From The Vault] [feat. Chris Stapleton]"
"United States",1467968831,AUDIO,20260214,0,153530,TRACK_SKIPPED_FORWARDS,IPHONE,1,1,false,1467968831,"Don Omar - Dale Don Dale"
"United States",1552792315,AUDIO,20260214,16,142822,TRACK_SKIPPED_FORWARDS,IPHONE,1,1,false,1552792315,"Taylor Swift - We Were Happy (Taylor’s Version) [From The Vault]"
"United States",1440934269,AUDIO,20260214,14,105133,"MANUALLY_SELECTED_PLAYBACK_OF_A_DIFF_ITEM",MACINTOSH,1,1,false,1440934269,"Taylor Swift - Dancing With Our Hands Tied"
"United States",1874125282,AUDIO,20260214,18,103295,"MANUALLY_SELECTED_PLAYBACK_OF_A_DIFF_ITEM",IPHONE,1,1,false,1874125282,"Tame Impala - Dracula"
"United States",1436646795,AUDIO,20260214,16,97428,TRACK_SKIPPED_FORWARDS,IPHONE,1,1,false,1436646795,"Phoebe Bridgers - Funeral"
"United States",1440934257,AUDIO,20260214,14,94015,"MANUALLY_SELECTED_PLAYBACK_OF_A_DIFF_ITEM",MACINTOSH,1,1,false,1440934257,"Taylor Swift - So It Goes..."
"United States",1466351206,AUDIO,20260214,16,70684,TRACK_SKIPPED_FORWARDS,IPHONE,1,1,false,1466351206,"Eva Noblezada, Jewelle Blackman, Yvette Gonzalez-Nacer & Kay Trinidad - Gone, I'm Gone"
"United States",1650841755,AUDIO,20260214,16,66087,"MANUALLY_SELECTED_PLAYBACK_OF_A_DIFF_ITEM",IPHONE,1,1,false,1650841755,"Taylor Swift - Would've, Could've, Should've"
"United States",1590368461,AUDIO,20260214,15,62814,"MANUALLY_SELECTED_PLAYBACK_OF_A_DIFF_ITEM",MACINTOSH,1,1,false,1590368461,"Taylor Swift - We Are Never Ever Getting Back Together (Taylor's Version)"
"United States",1547315992,AUDIO,20260214,19,62731,PLAYBACK_MANUALLY_PAUSED,IPHONE,1,0,false,1547315992,"Taylor Swift - happiness"
"United States",1440833218,AUDIO,20260214,"1, 13",50368,"MANUALLY_SELECTED_PLAYBACK_OF_A_DIFF_ITEM",IPHONE,1,1,false,1440833218,"Lana Del Rey - Young and Beautiful (DH Orchestral Version)"
"United States",1718576584,AUDIO,20260214,0,44989,"MANUALLY_SELECTED_PLAYBACK_OF_A_DIFF_ITEM",IPHONE,1,1,false,1718576584,"Taylor Swift - You’re Losing Me (From The Vault)"
"United States",1541907047,AUDIO,20260214,18,0,"MANUALLY_SELECTED_PLAYBACK_OF_A_DIFF_ITEM",IPHONE,0,1,false,1541907047,"Taylor Swift - exile (feat. Bon Iver) [the long pond studio sessions]"
"United States",1845897484,AUDIO,20260214,20,0,"MANUALLY_SELECTED_PLAYBACK_OF_A_DIFF_ITEM",MACINTOSH,0,1,false,1845897484,"Bleachers - Stop Making This Hurt (Live From Madison Square Garden, NYC)"
"United States",1650841742,AUDIO,20260214,16,0,TRACK_SKIPPED_FORWARDS,IPHONE,0,1,false,1650841742,"Taylor Swift - Sweet Nothing"
"United States",1650841748,AUDIO,20260214,16,0,TRACK_SKIPPED_FORWARDS,IPHONE,0,2,false,1650841748,"Taylor Swift - Bigger Than The Whole Sky"
"United States",1541907057,AUDIO,20260214,19,0,"MANUALLY_SELECTED_PLAYBACK_OF_A_DIFF_ITEM",IPHONE,0,1,false,1541907057,"Taylor Swift - mirrorball (the long pond studio sessions)"
"United States",1844932150,AUDIO,20260214,18,0,"MANUALLY_SELECTED_PLAYBACK_OF_A_DIFF_ITEM",IPHONE,0,1,false,1844932150,"Ella Langley - Choosin' Texas"
"United States",1595423409,AUDIO,20260214,3,0,"MANUALLY_SELECTED_PLAYBACK_OF_A_DIFF_ITEM",IPHONE,0,1,false,1595423409,"Taylor Swift - The Very First Night (Taylor's Version) (From The Vault)"
"United States",1504639680,AUDIO,20260214,16,0,TRACK_SKIPPED_FORWARDS,IPHONE,0,1,false,1504639680,"SUHO - Made In You"
"United States",1661348751,AUDIO,20260214,16,0,TRACK_SKIPPED_FORWARDS,IPHONE,0,1,false,1661348751,"Kelley McRae - Until the End"
"United States",1762656732,AUDIO,20260214,0,0,TRACK_SKIPPED_FORWARDS,IPHONE,0,1,false,1762656732,"Lady Gaga & Bruno Mars - Die With A Smile"
"United States",1468058177,AUDIO,20260214,16,0,TRACK_SKIPPED_FORWARDS,IPHONE,0,1,false,1468058177,"Taylor Swift - The Archer"
"United States",1494441370,AUDIO,20260214,16,0,TRACK_SKIPPED_FORWARDS,IPHONE,0,1,false,1494441370,"TAEYEON - Dear Me"
"United States",1512368923,AUDIO,20260214,16,0,TRACK_SKIPPED_FORWARDS,IPHONE,0,1,false,1512368923,"Raiden & CHANYEOL - Yours (feat. LeeHi & CHANGMO)"
"United States",1269641144,AUDIO,20260214,19,0,TRACK_SKIPPED_FORWARDS,IPHONE,0,1,false,1269641144,"Lin-Manuel Miranda, Mandy Gonzalez & 'In The Heights' Original Broadway Company - Alabanza"
"United States",1481446117,AUDIO,20260214,16,0,"MANUALLY_SELECTED_PLAYBACK_OF_A_DIFF_ITEM",IPHONE,0,1,false,1481446117,"CHEN - Shall we?"
"United States",300959959,AUDIO,20260214,15,0,"MANUALLY_SELECTED_PLAYBACK_OF_A_DIFF_ITEM",MACINTOSH,0,1,false,300959959,"Willa Ford - I Wanna Be Bad (With Rap and With Vocorder)"
"United States",1689132080,AUDIO,20260214,0,0,TRACK_SKIPPED_FORWARDS,IPHONE,0,1,false,1689132080,"Taylor Swift - Snow On The Beach (feat. More Lana Del Rey)"
"United States",1595209634,AUDIO,20260214,20,0,"MANUALLY_SELECTED_PLAYBACK_OF_A_DIFF_ITEM",MACINTOSH,0,1,false,1595209634,"Bleachers - Big Life (Recorded at Electric Lady Studio)"
"United States",1466351191,AUDIO,20260214,16,0,TRACK_SKIPPED_FORWARDS,IPHONE,0,1,false,1466351191,"Eva Noblezada & Reeve Carney - All I've Ever Known"
"United States",1786000124,AUDIO,20260214,0,0,"MANUALLY_SELECTED_PLAYBACK_OF_A_DIFF_ITEM",IPHONE,0,1,false,1786000124,"Daddy Yankee - Gasolina"
"United States",1651173234,AUDIO,20260214,15,0,"MANUALLY_SELECTED_PLAYBACK_OF_A_DIFF_ITEM",MACINTOSH,0,1,false,1651173234,"CHEN - Reminisce"
"United States",1442972588,AUDIO,20260214,3,0,"MANUALLY_SELECTED_PLAYBACK_OF_A_DIFF_ITEM",IPHONE,0,1,false,1442972588,"M83 - I Need You"
"United States",1615585012,AUDIO,20260214,"3, 16",0,TRACK_SKIPPED_FORWARDS,IPHONE,0,2,false,1615585012,"Harry Styles - Matilda"
"United States",1742075509,AUDIO,20260214,19,0,TRACK_SKIPPED_FORWARDS,IPHONE,0,1,false,1742075509,"Taylor Swift - How Did It End?"
"United States",1787023682,AUDIO,20260214,1,0,"MANUALLY_SELECTED_PLAYBACK_OF_A_DIFF_ITEM",IPHONE,0,1,false,1787023682,"Bad Bunny & Los Pleneros de la Cresta - CAFé CON RON"
"United States",1595423407,AUDIO,20260214,3,0,"MANUALLY_SELECTED_PLAYBACK_OF_A_DIFF_ITEM",IPHONE,0,1,false,1595423407,"Taylor Swift - Forever Winter (Taylor's Version) (From The Vault)"
"United States",1547316004,AUDIO,20260214,16,0,TRACK_SKIPPED_FORWARDS,IPHONE,0,1,false,1547316004,"Taylor Swift - right where you left me (bonus track)"
"United States",1838810953,AUDIO,20260214,18,0,TRACK_SKIPPED_FORWARDS,IPHONE,0,1,false,1838810953,"Taylor Swift - Opalite"
"United States",836769088,AUDIO,20260214,16,0,TRACK_SKIPPED_FORWARDS,IPHONE,0,1,false,836769088,"Cher Lloyd - Goodnight"
"United States",1490614800,AUDIO,20260214,16,0,"MANUALLY_SELECTED_PLAYBACK_OF_A_DIFF_ITEM",IPHONE,0,1,false,1490614800,"Taylor Swift - Beautiful Ghosts"
"United States",1649434486,AUDIO,20260214,15,0,"MANUALLY_SELECTED_PLAYBACK_OF_A_DIFF_ITEM",MACINTOSH,0,1,false,1649434486,"Taylor Swift - Vigilante Shit"
"United States",1440934248,AUDIO,20260214,14,0,"MANUALLY_SELECTED_PLAYBACK_OF_A_DIFF_ITEM",MACINTOSH,0,1,false,1440934248,"Taylor Swift - ...Ready For It?"
"United States",1440818666,AUDIO,20260215,23,1036009,NATURAL_END_OF_TRACK,IPHONE,4,0,false,1440818666,"Lorde - Ribs"
"United States",1787023936,AUDIO,20260215,"4, 19, 21, 22",949281,NATURAL_END_OF_TRACK,"IPHONE, MACINTOSH",4,0,false,1787023936,"Bad Bunny - DtMF"
"United States",1471704175,AUDIO,20260215,"20, 22",711926,NATURAL_END_OF_TRACK,"IPHONE, MACINTOSH",2,0,false,1471704175,"OneRepublic - Counting Stars"
"United States",1742058100,AUDIO,20260215,"2, 4, 22",707467,NATURAL_END_OF_TRACK,"IPHONE, MACINTOSH",3,0,false,1742058100,"Taylor Swift - Who’s Afraid of Little Old Me?"
"United States",1742058104,AUDIO,20260215,"2, 21",654723,NATURAL_END_OF_TRACK,"IPHONE, MACINTOSH",3,0,false,1742058104,"Taylor Swift - I Can Do It With a Broken Heart"
"United States",1650841513,AUDIO,20260215,"4, 21, 22",607827,NATURAL_END_OF_TRACK,"IPHONE, MACINTOSH",3,0,false,1650841513,"Taylor Swift - Lavender Haze"
"United States",1742058284,AUDIO,20260215,"3, 15, 18, 23",540978,NATURAL_END_OF_TRACK,"IPHONE, MACINTOSH",3,3,false,1742058284,"Taylor Swift - Peter"
"United States",1742058105,AUDIO,20260215,"2, 4, 22",491458,TRACK_SKIPPED_FORWARDS,"IPHONE, MACINTOSH",2,1,false,1742058105,"Taylor Swift - The Smallest Man Who Ever Lived"
"United States",1544268361,AUDIO,20260215,"15, 18",489350,"MANUALLY_SELECTED_PLAYBACK_OF_A_DIFF_ITEM","IPHONE, MACINTOSH",2,1,false,1544268361,"Taylor Swift - marjorie"
"United States",1622045635,AUDIO,20260215,"4, 21, 22",488172,TRACK_SKIPPED_FORWARDS,IPHONE,2,1,false,1622045635,"Bad Bunny - Tití Me Preguntó"
"United States",1742058273,AUDIO,20260215,"3, 16",487994,NATURAL_END_OF_TRACK,"IPHONE, MACINTOSH",2,0,false,1742058273,"Taylor Swift - I Hate It Here"
"United States",1664288807,AUDIO,20260215,"15, 18",467562,NATURAL_END_OF_TRACK,"IPHONE, MACINTOSH",2,0,false,1664288807,"Gracie Abrams - Best"
"United States",1541905149,AUDIO,20260215,"14, 18, 22",460958,"MANUALLY_SELECTED_PLAYBACK_OF_A_DIFF_ITEM","IPHONE, MACINTOSH",3,2,false,1541905149,"Taylor Swift - this is me trying (the long pond studio sessions)"
"United States",1650841907,AUDIO,20260215,"15, 18, 21, 22",450330,"MANUALLY_SELECTED_PLAYBACK_OF_A_DIFF_ITEM","IPHONE, MACINTOSH",2,2,false,1650841907,"Taylor Swift - Dear Reader"
"United States",1193701511,AUDIO,20260215,"3, 16, 19",442831,"MANUALLY_SELECTED_PLAYBACK_OF_A_DIFF_ITEM","IPHONE, MACINTOSH",2,2,false,1193701511,"Ed Sheeran - Supermarket Flowers"
"United States",1742058103,AUDIO,20260215,"2, 22",432637,PLAYBACK_SUSPENDED,"IPHONE, MACINTOSH",2,0,false,1742058103,"Taylor Swift - loml"
"United States",1440812146,AUDIO,20260215,"21, 22",429550,NATURAL_END_OF_TRACK,"IPHONE, MACINTOSH",2,0,false,1440812146,"t.A.T.u. - All The Things She Said"
"United States",1544268356,AUDIO,20260215,"14, 18",406642,"MANUALLY_SELECTED_PLAYBACK_OF_A_DIFF_ITEM","IPHONE, MACINTOSH",2,1,false,1544268356,"Taylor Swift - ivy"
"United States",1787022572,AUDIO,20260215,"19, 21, 22",367583,TRACK_SKIPPED_FORWARDS,"IPHONE, MACINTOSH",2,1,false,1787022572,"Bad Bunny - NUEVAYoL"
"United States",1742058269,AUDIO,20260215,"3, 21, 22",359576,TRACK_SKIPPED_FORWARDS,"IPHONE, MACINTOSH",2,1,false,1742058269,"Taylor Swift - So High School"
"United States",1471704327,AUDIO,20260215,"20, 22",356716,TRACK_SKIPPED_BACKWARDS,"IPHONE, MACINTOSH",2,1,false,1471704327,"OneRepublic - Feel Again"
"United States",535880843,AUDIO,20260215,"4, 19, 21, 22",300945,TRACK_SKIPPED_FORWARDS,"IPHONE, MACINTOSH",3,3,false,535880843,"Tego Calderón - Pa' Que Retozen"
"United States",1440859246,AUDIO,20260215,22,299486,"MANUALLY_SELECTED_PLAYBACK_OF_A_DIFF_ITEM",IPHONE,2,1,false,1440859246,"OneRepublic & Alesso - If I Lose Myself (Alesso vs OneRepublic)"
"United States",1787023929,AUDIO,20260215,"21, 22",290575,TRACK_SKIPPED_FORWARDS,"IPHONE, MACINTOSH",2,1,false,1787023929,"Bad Bunny - EoO"
"United States",1838810955,AUDIO,20260215,"21, 22",290048,TRACK_SKIPPED_FORWARDS,"IPHONE, MACINTOSH",2,1,false,1838810955,"Taylor Swift - Father Figure"
"United States",1524802194,AUDIO,20260215,15,289812,NATURAL_END_OF_TRACK,MACINTOSH,1,0,false,1524802194,"Taylor Swift - epiphany"
"United States",1595423273,AUDIO,20260215,14,285633,NATURAL_END_OF_TRACK,MACINTOSH,1,0,false,1595423273,"Taylor Swift - The Moment I Knew (Taylor's Version)"
"United States",1742058287,AUDIO,20260215,16,280892,NATURAL_END_OF_TRACK,IPHONE,1,0,false,1742058287,"Taylor Swift - The Bolter"
"United States",1327815496,AUDIO,20260215,16,280451,NATURAL_END_OF_TRACK,MACINTOSH,1,0,false,1327815496,"张艺兴 - Goodbye Christmas (Chinese Version)"
"United States",1528112375,AUDIO,20260215,3,279101,NATURAL_END_OF_TRACK,MACINTOSH,2,1,false,1528112375,"Taylor Swift - mad woman"
"United States",1660283622,AUDIO,20260215,16,268107,NATURAL_END_OF_TRACK,IPHONE,1,0,false,1660283622,"The National - The Alcott (feat. Taylor Swift)"
"United States",1595423277,AUDIO,20260215,15,264511,NATURAL_END_OF_TRACK,MACINTOSH,1,0,false,1595423277,"Taylor Swift - Ronan (Taylor's Version)"
"United States",1595423407,AUDIO,20260215,16,263411,NATURAL_END_OF_TRACK,IPHONE,1,0,false,1595423407,"Taylor Swift - Forever Winter (Taylor's Version) (From The Vault)"
"United States",1528112370,AUDIO,20260215,3,261834,NATURAL_END_OF_TRACK,MACINTOSH,1,0,false,1528112370,"Taylor Swift - august"
"United States",1650841755,AUDIO,20260215,15,260571,NATURAL_END_OF_TRACK,MACINTOSH,1,0,false,1650841755,"Taylor Swift - Would've, Could've, Should've"
"United States",1595423279,AUDIO,20260215,15,259052,NATURAL_END_OF_TRACK,MACINTOSH,1,0,false,1595423279,"Taylor Swift - Nothing New (Taylor's Version) (From The Vault) [feat. Phoebe Bridgers]"
"United States",1440862803,AUDIO,20260215,19,257212,NATURAL_END_OF_TRACK,MACINTOSH,1,0,false,1440862803,"OneRepublic - Counting Stars"
"United States",1524801591,AUDIO,20260215,16,256099,NATURAL_END_OF_TRACK,MACINTOSH,1,0,false,1524801591,"Taylor Swift - my tears ricochet"
"United States",1742058097,AUDIO,20260215,2,254354,NATURAL_END_OF_TRACK,MACINTOSH,1,0,false,1742058097,"Taylor Swift - Guilty as Sin?"
"United States",1440865847,AUDIO,20260215,20,254020,NATURAL_END_OF_TRACK,MACINTOSH,1,0,false,1440865847,"OneRepublic - Good Life"
"United States",1528112373,AUDIO,20260215,3,252872,NATURAL_END_OF_TRACK,MACINTOSH,1,0,false,1528112373,"Taylor Swift - invisible string"
"United States",1049955907,AUDIO,20260215,14,250512,NATURAL_END_OF_TRACK,MACINTOSH,1,0,false,1049955907,"Sara Bareilles - She Used to Be Mine"
"United States",1742058281,AUDIO,20260215,3,249717,NATURAL_END_OF_TRACK,MACINTOSH,1,0,false,1742058281,"Taylor Swift - The Prophecy"
"United States",1593913707,AUDIO,20260215,18,246991,NATURAL_END_OF_TRACK,IPHONE,1,0,false,1593913707,"Gracie Abrams - Camden"
"United States",1544268344,AUDIO,20260215,14,245646,NATURAL_END_OF_TRACK,MACINTOSH,1,0,false,1544268344,"Taylor Swift - tolerate it"
"United States",1524801960,AUDIO,20260215,"19, 22",245355,"MANUALLY_SELECTED_PLAYBACK_OF_A_DIFF_ITEM",IPHONE,2,2,false,1524801960,"Taylor Swift - this is me trying"
"United States",1547315976,AUDIO,20260215,14,244230,NATURAL_END_OF_TRACK,MACINTOSH,1,0,false,1547315976,"Taylor Swift - champagne problems"
"United States",1552792518,AUDIO,20260215,15,242388,NATURAL_END_OF_TRACK,MACINTOSH,1,0,false,1552792518,"Taylor Swift - Bye Bye Baby (Taylor’s Version) [From The Vault]"
"United States",1742058282,AUDIO,20260215,3,240200,NATURAL_END_OF_TRACK,MACINTOSH,1,0,false,1742058282,"Taylor Swift - Cassandra"
"United States",1440865659,AUDIO,20260215,20,239067,NATURAL_END_OF_TRACK,MACINTOSH,1,0,false,1440865659,"OneRepublic - All the Right Moves"
"United States",1742075509,AUDIO,20260215,15,238936,NATURAL_END_OF_TRACK,MACINTOSH,1,0,false,1742075509,"Taylor Swift - How Did It End?"
"United States",1742058259,AUDIO,20260215,2,238850,NATURAL_END_OF_TRACK,MACINTOSH,1,0,false,1742058259,"Taylor Swift - The Black Dog"
"United States",1742058267,AUDIO,20260215,2,238713,NATURAL_END_OF_TRACK,MACINTOSH,1,0,false,1742058267,"Taylor Swift - How Did It End?"
"United States",1541907057,AUDIO,20260215,"14, 16",237310,"MANUALLY_SELECTED_PLAYBACK_OF_A_DIFF_ITEM","IPHONE, MACINTOSH",1,1,false,1541907057,"Taylor Swift - mirrorball (the long pond studio sessions)"
"United States",1440934434,AUDIO,20260215,16,235690,NATURAL_END_OF_TRACK,MACINTOSH,1,0,false,1440934434,"Taylor Swift - New Year’s Day"
"United States",1471704329,AUDIO,20260215,"19, 20",234615,NATURAL_END_OF_TRACK,MACINTOSH,1,1,false,1471704329,"OneRepublic - I Lived"
"United States",1673804914,AUDIO,20260215,"15, 18",231479,NATURAL_END_OF_TRACK,"IPHONE, MACINTOSH",1,1,false,1673804914,"Ed Sheeran - End Of Youth"
"United States",1664288817,AUDIO,20260215,19,230627,NATURAL_END_OF_TRACK,IPHONE,1,0,false,1664288817,"Gracie Abrams - Will you cry?"
"United States",1787023918,AUDIO,20260215,21,229355,NATURAL_END_OF_TRACK,MACINTOSH,1,0,false,1787023918,"Bad Bunny - LO QUE LE PASÓ A HAWAii"
"United States",1269641144,AUDIO,20260215,16,226345,NATURAL_END_OF_TRACK,MACINTOSH,1,0,false,1269641144,"Lin-Manuel Miranda, Mandy Gonzalez & 'In The Heights' Original Broadway Company - Alabanza"
"United States",1440865841,AUDIO,20260215,20,226214,NATURAL_END_OF_TRACK,MACINTOSH,1,0,false,1440865841,"OneRepublic - Secrets"
"United States",1440854367,AUDIO,20260215,20,224555,NATURAL_END_OF_TRACK,MACINTOSH,1,0,false,1440854367,"OneRepublic - Love Runs Out"
"United States",1445845401,AUDIO,20260215,20,224455,NATURAL_END_OF_TRACK,MACINTOSH,1,0,false,1445845401,"OneRepublic - Stop and Stare"
"United States",1595423274,AUDIO,20260215,3,223573,NATURAL_END_OF_TRACK,MACINTOSH,1,0,false,1595423274,"Taylor Swift - Come Back...Be Here (Taylor's Version)"
"United States",1773474484,AUDIO,20260215,18,222368,NATURAL_END_OF_TRACK,IPHONE,1,0,false,1773474484,"Gracie Abrams - I Told You Things"
"United States",1742058260,AUDIO,20260215,2,222062,NATURAL_END_OF_TRACK,MACINTOSH,1,0,false,1742058260,"Taylor Swift - imgonnagetyouback"
"United States",1742058107,AUDIO,20260215,2,216656,NATURAL_END_OF_TRACK,MACINTOSH,1,0,false,1742058107,"Taylor Swift - Clara Bow"
"United States",1742058094,AUDIO,20260215,2,215458,NATURAL_END_OF_TRACK,MACINTOSH,1,0,false,1742058094,"Taylor Swift - Florida!!! (feat. Florence + the Machine)"
"United States",1581087760,AUDIO,20260215,16,214865,NATURAL_END_OF_TRACK,IPHONE,1,0,false,1581087760,"Ed Sheeran - Visiting Hours"
"United States",1266602392,AUDIO,20260215,14,214502,NATURAL_END_OF_TRACK,MACINTOSH,1,0,false,1266602392,"Girls' Generation - One Last Time"
"United States",1742058266,AUDIO,20260215,2,213276,NATURAL_END_OF_TRACK,MACINTOSH,1,0,false,1742058266,"Taylor Swift - Chloe or Sam or Sophia or Marcus"
"United States",1467968831,AUDIO,20260215,"19, 21",212656,TRACK_SKIPPED_FORWARDS,"IPHONE, MACINTOSH",1,2,false,1467968831,"Don Omar - Dale Don Dale"
"United States",1468058177,AUDIO,20260215,15,211447,NATURAL_END_OF_TRACK,MACINTOSH,1,0,false,1468058177,"Taylor Swift - The Archer"
"United States",882945386,AUDIO,20260215,14,210927,NATURAL_END_OF_TRACK,MACINTOSH,1,0,false,882945386,"Sia - Big Girls Cry"
"United States",1742058092,AUDIO,20260215,2,210592,NATURAL_END_OF_TRACK,MACINTOSH,1,0,false,1742058092,"Taylor Swift - Fresh Out The Slammer"
"United States",1528112369,AUDIO,20260215,3,209063,"MANUALLY_SELECTED_PLAYBACK_OF_A_DIFF_ITEM",MACINTOSH,1,1,false,1528112369,"Taylor Swift - seven"
"United States",1689131969,AUDIO,20260215,4,205018,NATURAL_END_OF_TRACK,IPHONE,1,0,false,1689131969,"Taylor Swift - Karma"
"United States",1468058699,AUDIO,20260215,15,201795,NATURAL_END_OF_TRACK,MACINTOSH,1,0,false,1468058699,"Taylor Swift - Soon You’ll Get Better (feat. The Chicks)"
"United States",1541907234,AUDIO,20260215,15,199952,NATURAL_END_OF_TRACK,MACINTOSH,1,0,false,1541907234,"Taylor Swift - the lakes (the long pond studio sessions)"
"United States",1563821108,AUDIO,20260215,15,198309,NATURAL_END_OF_TRACK,MACINTOSH,1,0,false,1563821108,"Anthony Ramos, Leslie Grace, Jimmy Smits, Noah Catala, Melissa Barrera, Corey Hawkins, Gregory Diaz IV, Dascha Polanco, Daphne Rubin-Vega & Stephanie Beatriz - Alabanza"
"United States",1736268557,AUDIO,20260215,21,197222,NATURAL_END_OF_TRACK,"IPHONE, MACINTOSH",1,1,false,1736268557,"Taylor Swift - The Alchemy"
"United States",1742058106,AUDIO,20260215,2,196887,NATURAL_END_OF_TRACK,MACINTOSH,1,0,false,1742058106,"Taylor Swift - The Alchemy"
"United States",1528112371,AUDIO,20260215,3,195088,NATURAL_END_OF_TRACK,MACINTOSH,1,0,false,1528112371,"Taylor Swift - this is me trying"
"United States",1610630470,AUDIO,20260215,20,192938,NATURAL_END_OF_TRACK,MACINTOSH,1,0,false,1610630470,"OneRepublic - West Coast"
"United States",1528112372,AUDIO,20260215,3,190892,NATURAL_END_OF_TRACK,MACINTOSH,1,0,false,1528112372,"Taylor Swift - illicit affairs"
"United States",1484919949,AUDIO,20260215,"3, 15",189722,"MANUALLY_SELECTED_PLAYBACK_OF_A_DIFF_ITEM",MACINTOSH,1,1,false,1484919949,"TAEYEON - Gravity"
"United States",1502298679,AUDIO,20260215,20,187885,NATURAL_END_OF_TRACK,MACINTOSH,1,0,false,1502298679,"OneRepublic - Someday"
"United States",1445845420,AUDIO,20260215,20,186110,NATURAL_END_OF_TRACK,MACINTOSH,1,0,false,1445845420,"Timbaland - Apologize (feat. OneRepublic)"
"United States",1547315987,AUDIO,20260215,16,185562,NATURAL_END_OF_TRACK,MACINTOSH,1,0,false,1547315987,"Taylor Swift - gold rush"
"United States",1742058261,AUDIO,20260215,2,183871,NATURAL_END_OF_TRACK,MACINTOSH,1,0,false,1742058261,"Taylor Swift - The Albatross"
"United States",1487858514,AUDIO,20260215,15,177349,NATURAL_END_OF_TRACK,MACINTOSH,1,0,false,1487858514,"Gracie Abrams - Stay"
"United States",1500776331,AUDIO,20260215,21,172330,NATURAL_END_OF_TRACK,IPHONE,1,0,false,1500776331,"Bad Bunny - Yo Perreo Sola"
"United States",1502298674,AUDIO,20260215,20,168015,NATURAL_END_OF_TRACK,MACINTOSH,1,0,false,1502298674,"OneRepublic - Run"
"United States",1521724998,AUDIO,20260215,14,167697,NATURAL_END_OF_TRACK,MACINTOSH,1,0,false,1521724998,"Gracie Abrams - I miss you, I’m sorry"
"United States",1672703433,AUDIO,20260215,19,165246,NATURAL_END_OF_TRACK,IPHONE,1,0,false,1672703433,"Reneé Rapp - Everything To Everyone (Extended Version)"
"United States",1655291589,AUDIO,20260215,16,164944,NATURAL_END_OF_TRACK,MACINTOSH,1,0,false,1655291589,"Red Velvet - Celebrate"
"United States",1593729073,AUDIO,20260215,20,163851,NATURAL_END_OF_TRACK,MACINTOSH,1,0,false,1593729073,"OneRepublic - Sunshine"
"United States",1787022842,AUDIO,20260215,22,160819,TRACK_SKIPPED_FORWARDS,IPHONE,1,1,false,1787022842,"Bad Bunny - BAILE INoLVIDABLE"
"United States",1826134951,AUDIO,20260215,20,157367,NATURAL_END_OF_TRACK,MACINTOSH,1,0,false,1826134951,"OneRepublic - Beautiful Colors - from Kaiju No. 8"
"United States",1775536221,AUDIO,20260215,20,156890,NATURAL_END_OF_TRACK,MACINTOSH,1,0,false,1775536221,"OneRepublic & Jelly Roll - Hurt"
"United States",1787022587,AUDIO,20260215,21,156421,TRACK_SKIPPED_FORWARDS,"IPHONE, MACINTOSH",1,1,false,1787022587,"Bad Bunny - VOY A LLeVARTE PA PR"
"United States",1742058101,AUDIO,20260215,2,156275,NATURAL_END_OF_TRACK,MACINTOSH,1,0,false,1742058101,"Taylor Swift - I Can Fix Him (No Really I Can)"
"United States",1735989011,AUDIO,20260215,20,153618,NATURAL_END_OF_TRACK,MACINTOSH,1,0,false,1735989011,"OneRepublic - Nobody (from Kaiju No. 8)"
"United States",1593913701,AUDIO,20260215,18,152567,NATURAL_END_OF_TRACK,IPHONE,1,0,false,1593913701,"Gracie Abrams - Feels Like"
"United States",1737218564,AUDIO,20260215,20,149578,NATURAL_END_OF_TRACK,MACINTOSH,1,0,false,1737218564,"David Guetta & OneRepublic - I Don't Wanna Wait"
"United States",1688819051,AUDIO,20260215,20,143409,NATURAL_END_OF_TRACK,MACINTOSH,1,0,false,1688819051,"OneRepublic - RUNAWAY"
"United States",1544268301,AUDIO,20260215,16,140978,OTHER,IPHONE,1,0,false,1544268301,"Taylor Swift - champagne problems"
"United States",1742058275,AUDIO,20260215,3,132197,NATURAL_END_OF_TRACK,MACINTOSH,1,0,false,1742058275,"Taylor Swift - I Look in People's Windows"
"United States",1528112556,AUDIO,20260215,3,125809,"MANUALLY_SELECTED_PLAYBACK_OF_A_DIFF_ITEM",MACINTOSH,1,1,false,1528112556,"Taylor Swift - epiphany"
"United States",1673804898,AUDIO,20260215,"19, 23",101665,"MANUALLY_SELECTED_PLAYBACK_OF_A_DIFF_ITEM",IPHONE,1,1,false,1673804898,"Ed Sheeran - Life Goes On"
"United States",887521584,AUDIO,20260215,14,99543,NATURAL_END_OF_TRACK,MACINTOSH,1,0,false,887521584,"Elle McLemore - Lifeboat"
"United States",1742074192,AUDIO,20260215,21,92042,"MANUALLY_SELECTED_PLAYBACK_OF_A_DIFF_ITEM",MACINTOSH,1,1,false,1742074192,"Taylor Swift - My Boy Only Breaks His Favorite Toys"
"United States",1528112364,AUDIO,20260215,18,83961,"MANUALLY_SELECTED_PLAYBACK_OF_A_DIFF_ITEM",IPHONE,1,1,false,1528112364,"Taylor Swift - exile (feat. Bon Iver)"
"United States",1742058085,AUDIO,20260215,2,83139,NATURAL_END_OF_TRACK,MACINTOSH,1,0,false,1742058085,"Taylor Swift - But Daddy I Love Him"
"United States",1500776935,AUDIO,20260215,21,74977,TRACK_SKIPPED_FORWARDS,"IPHONE, MACINTOSH",1,2,false,1500776935,"Bad Bunny, Jowell & Randy & Ñengo Flow - Safaera"
"United States",1742058274,AUDIO,20260215,3,68389,"MANUALLY_SELECTED_PLAYBACK_OF_A_DIFF_ITEM",MACINTOSH,1,1,false,1742058274,"Taylor Swift - thanK you aIMee"
"United States",1256607810,AUDIO,20260215,16,58317,TRACK_SKIPPED_FORWARDS,IPHONE,1,1,false,1256607810,"Phoebe Bridgers - Motion Sickness"
"United States",1615585012,AUDIO,20260215,18,55620,TRACK_SKIPPED_FORWARDS,IPHONE,1,1,false,1615585012,"Harry Styles - Matilda"
"United States",1710982872,AUDIO,20260215,22,54717,TRACK_SKIPPED_FORWARDS,IPHONE,1,1,false,1710982872,"Bad Bunny - MONACO"
"United States",1381916994,AUDIO,20260215,20,48851,"MANUALLY_SELECTED_PLAYBACK_OF_A_DIFF_ITEM",MACINTOSH,1,1,false,1381916994,"OneRepublic - Start Again (feat. Logic)"
"United States",1117418451,AUDIO,20260215,18,42081,PLAYBACK_SUSPENDED,IPHONE,1,0,false,1117418451,"Jessie Mueller - She Used to Be Mine"
"United States",1440749959,AUDIO,20260215,19,39767,"MANUALLY_SELECTED_PLAYBACK_OF_A_DIFF_ITEM",MACINTOSH,1,1,false,1440749959,"Timbaland - Apologize (feat. OneRepublic)"
"United States",1485802975,AUDIO,20260215,18,0,TRACK_SKIPPED_FORWARDS,IPHONE,0,1,false,1485802975,"Harry Styles - Falling"
"United States",1541907047,AUDIO,20260215,15,0,TRACK_SKIPPED_FORWARDS,MACINTOSH,0,1,false,1541907047,"Taylor Swift - exile (feat. Bon Iver) [the long pond studio sessions]"
"United States",1440795596,AUDIO,20260215,23,0,"MANUALLY_SELECTED_PLAYBACK_OF_A_DIFF_ITEM",IPHONE,0,1,false,1440795596,"Taylor Swift - Safe & Sound (feat. The Civil Wars)"
"United States",1524802476,AUDIO,20260215,18,0,TRACK_SKIPPED_FORWARDS,IPHONE,0,1,false,1524802476,"Taylor Swift - peace"
"United States",1622045955,AUDIO,20260215,22,0,TRACK_SKIPPED_FORWARDS,IPHONE,0,1,false,1622045955,"Bad Bunny & Rauw Alejandro - Party"
"United States",1541905079,AUDIO,20260215,16,0,TRACK_SKIPPED_FORWARDS,IPHONE,0,1,false,1541905079,"Taylor Swift - my tears ricochet (the long pond studio sessions)"
"United States",1547315992,AUDIO,20260215,15,0,"MANUALLY_SELECTED_PLAYBACK_OF_A_DIFF_ITEM",MACINTOSH,0,1,false,1547315992,"Taylor Swift - happiness"
"United States",1466351215,AUDIO,20260215,"15, 19",0,TRACK_SKIPPED_FORWARDS,"IPHONE, MACINTOSH",0,2,false,1466351215,"Eva Noblezada - Flowers"
"United States",1691828315,AUDIO,20260215,18,0,TRACK_SKIPPED_FORWARDS,IPHONE,0,1,false,1691828315,"Gracie Abrams - Difficult"
"United States",1708309198,AUDIO,20260215,22,0,TRACK_SKIPPED_FORWARDS,IPHONE,0,1,false,1708309198,"Taylor Swift - You Are In Love (Taylor's Version)"
"United States",540657403,AUDIO,20260215,16,0,"MANUALLY_SELECTED_PLAYBACK_OF_A_DIFF_ITEM",IPHONE,0,1,false,540657403,"Alexx Calise - Cry (From ""Dance Moms"")"
"United States",1544268350,AUDIO,20260215,16,0,"MANUALLY_SELECTED_PLAYBACK_OF_A_DIFF_ITEM",IPHONE,0,1,false,1544268350,"Taylor Swift - happiness"
"United States",1819861156,AUDIO,20260215,"21, 22",0,TRACK_SKIPPED_FORWARDS,"IPHONE, MACINTOSH",0,2,false,1819861156,"Sabrina Carpenter - Manchild"
"United States",1269641145,AUDIO,20260215,14,0,"MANUALLY_SELECTED_PLAYBACK_OF_A_DIFF_ITEM",MACINTOSH,0,1,false,1269641145,"Mandy Gonzalez - Everything I Know"
"United States",1652136887,AUDIO,20260215,19,0,"MANUALLY_SELECTED_PLAYBACK_OF_A_DIFF_ITEM",IPHONE,0,1,false,1652136887,"Selena Gomez - My Mind & Me"
"United States",1676966710,AUDIO,20260215,18,0,TRACK_SKIPPED_FORWARDS,IPHONE,0,1,false,1676966710,"Taylor Swift, Joy Williams & John Paul White - Safe & Sound (Taylor's Version)"
"United States",1595423268,AUDIO,20260215,18,0,TRACK_SKIPPED_FORWARDS,IPHONE,0,1,false,1595423268,"Taylor Swift - Sad Beautiful Tragic (Taylor's Version)"
"United States",734694195,AUDIO,20260215,15,0,"MANUALLY_SELECTED_PLAYBACK_OF_A_DIFF_ITEM",MACINTOSH,0,1,false,734694195,"Little Mix - These Four Walls"
"United States",1595423411,AUDIO,20260216,"5, 15, 16, 18",1877729,NATURAL_END_OF_TRACK,"IPHONE, MACINTOSH",4,1,false,1595423411,"Taylor Swift - All Too Well (10 Minute Version) (Taylor's Version) (From The Vault)"
"United States",1742058105,AUDIO,20260216,"2, 4, 15, 17, 23",1069678,NATURAL_END_OF_TRACK,"IPHONE, MACINTOSH",5,1,false,1742058105,"Taylor Swift - The Smallest Man Who Ever Lived"
"United States",1596155191,AUDIO,20260216,"0, 22",935698,NATURAL_END_OF_TRACK,"IPHONE, MACINTOSH",2,0,false,1596155191,"Taylor Swift - All Too Well (Sad Girl Autumn Version) [Recorded at Long Pond Studios]"
"United States",1581087760,AUDIO,20260216,"15, 16, 18, 23",862299,NATURAL_END_OF_TRACK,"IPHONE, MACINTOSH",4,0,false,1581087760,"Ed Sheeran - Visiting Hours"
"United States",1690840371,AUDIO,20260216,"1, 3",811803,NATURAL_END_OF_TRACK,MACINTOSH,2,0,false,1690840371,"Taylor Swift - Dear John (Taylor's Version)"
"United States",1660283622,AUDIO,20260216,"15, 16, 20",803772,NATURAL_END_OF_TRACK,"IPHONE, MACINTOSH",3,0,false,1660283622,"The National - The Alcott (feat. Taylor Swift)"
"United States",1547316004,AUDIO,20260216,"5, 7, 22",736691,NATURAL_END_OF_TRACK,"IPHONE, MACINTOSH",3,1,false,1547316004,"Taylor Swift - right where you left me (bonus track)"
"United States",1742058273,AUDIO,20260216,"14, 18, 23",732627,NATURAL_END_OF_TRACK,"IPHONE, MACINTOSH",3,0,false,1742058273,"Taylor Swift - I Hate It Here"
"United States",1673804914,AUDIO,20260216,"14, 16, 23",694065,NATURAL_END_OF_TRACK,"IPHONE, MACINTOSH",3,0,false,1673804914,"Ed Sheeran - End Of Youth"
"United States",1650841907,AUDIO,20260216,"5, 7, 16, 22",676240,NATURAL_END_OF_TRACK,"IPHONE, MACINTOSH",3,1,false,1650841907,"Taylor Swift - Dear Reader"
"United States",1742058100,AUDIO,20260216,"2, 3",668795,NATURAL_END_OF_TRACK,"IPHONE, MACINTOSH",2,0,false,1742058100,"Taylor Swift - Who’s Afraid of Little Old Me?"
"United States",1650841748,AUDIO,20260216,"5, 16, 22",655934,NATURAL_END_OF_TRACK,"IPHONE, MACINTOSH",3,0,false,1650841748,"Taylor Swift - Bigger Than The Whole Sky"
"United States",1742058284,AUDIO,20260216,"8, 15, 19",634204,NATURAL_END_OF_TRACK,"IPHONE, MACINTOSH",3,1,false,1742058284,"Taylor Swift - Peter"
"United States",1690841083,AUDIO,20260216,"16, 21",615544,NATURAL_END_OF_TRACK,"IPHONE, MACINTOSH",2,0,false,1690841083,"Taylor Swift - Castles Crumbling (Taylor's Version) (From The Vault) [feat. Hayley Williams]"
"United States",1691233985,AUDIO,20260216,"0, 14, 22",607655,NATURAL_END_OF_TRACK,"IPHONE, MACINTOSH",3,0,false,1691233985,"Reneé Rapp - 23"
"United States",1595423266,AUDIO,20260216,"8, 15, 23",598795,NATURAL_END_OF_TRACK,"IPHONE, MACINTOSH",2,1,false,1595423266,"Taylor Swift - The Last Time (Taylor's Version) [feat. Gary Lightbody]"
"United States",1590368889,AUDIO,20260216,"1, 3",570045,NATURAL_END_OF_TRACK,MACINTOSH,2,0,false,1590368889,"Taylor Swift - I Bet You Think About Me (Taylor's Version) [From The Vault] [feat. Chris Stapleton]"
"United States",1327815496,AUDIO,20260216,"7, 15",560402,NATURAL_END_OF_TRACK,"IPHONE, MACINTOSH",2,0,false,1327815496,"张艺兴 - Goodbye Christmas (Chinese Version)"
"United States",1718576584,AUDIO,20260216,"5, 21",556157,NATURAL_END_OF_TRACK,MACINTOSH,2,0,false,1718576584,"Taylor Swift - You’re Losing Me (From The Vault)"
"United States",1552792305,AUDIO,20260216,"1, 3",555313,NATURAL_END_OF_TRACK,MACINTOSH,2,0,false,1552792305,"Taylor Swift - Mr. Perfectly Fine (Taylor’s Version) [From The Vault]"
"United States",1025212503,AUDIO,20260216,"7, 15",540743,NATURAL_END_OF_TRACK,"IPHONE, MACINTOSH",2,0,false,1025212503,"Lin-Manuel Miranda, Phillipa Soo, Original Broadway Cast of ""Hamilton"" & Renée Elise Goldsberry - It's Quiet Uptown"
"United States",1595423407,AUDIO,20260216,"5, 21",527387,NATURAL_END_OF_TRACK,MACINTOSH,2,0,false,1595423407,"Taylor Swift - Forever Winter (Taylor's Version) (From The Vault)"
"United States",1552791575,AUDIO,20260216,"1, 3",523976,NATURAL_END_OF_TRACK,MACINTOSH,2,0,false,1552791575,"Taylor Swift - You’re Not Sorry (Taylor’s Version)"
"United States",1650841755,AUDIO,20260216,"2, 22",520979,NATURAL_END_OF_TRACK,MACINTOSH,2,0,false,1650841755,"Taylor Swift - Would've, Could've, Should've"
"United States",1595423268,AUDIO,20260216,"16, 22",519001,NATURAL_END_OF_TRACK,"IPHONE, MACINTOSH",2,1,false,1595423268,"Taylor Swift - Sad Beautiful Tragic (Taylor's Version)"
"United States",1595423279,AUDIO,20260216,"5, 20",518190,NATURAL_END_OF_TRACK,MACINTOSH,2,0,false,1595423279,"Taylor Swift - Nothing New (Taylor's Version) (From The Vault) [feat. Phoebe Bridgers]"
"United States",1544268361,AUDIO,20260216,"8, 23",516207,NATURAL_END_OF_TRACK,"IPHONE, MACINTOSH",2,0,false,1544268361,"Taylor Swift - marjorie"
"United States",1524801591,AUDIO,20260216,"4, 16, 23",511955,NATURAL_END_OF_TRACK,"IPHONE, MACINTOSH",2,1,false,1524801591,"Taylor Swift - my tears ricochet"
"United States",1742075877,AUDIO,20260216,"0, 21",500102,NATURAL_END_OF_TRACK,"IPHONE, MACINTOSH",2,0,false,1742075877,"Taylor Swift - The Prophecy"
"United States",1664288817,AUDIO,20260216,"14, 16, 23",498606,NATURAL_END_OF_TRACK,"IPHONE, MACINTOSH",3,1,false,1664288817,"Gracie Abrams - Will you cry?"
"United States",1256607815,AUDIO,20260216,"18, 23",495107,NATURAL_END_OF_TRACK,MACINTOSH,2,0,false,1256607815,"Phoebe Bridgers - Georgia"
"United States",1552792315,AUDIO,20260216,"5, 7",489952,NATURAL_END_OF_TRACK,"IPHONE, MACINTOSH",2,0,false,1552792315,"Taylor Swift - We Were Happy (Taylor’s Version) [From The Vault]"
"United States",1544268301,AUDIO,20260216,"4, 18",488124,NATURAL_END_OF_TRACK,MACINTOSH,2,0,false,1544268301,"Taylor Swift - champagne problems"
"United States",1440795596,AUDIO,20260216,"7, 14",480327,NATURAL_END_OF_TRACK,"IPHONE, MACINTOSH",2,0,false,1440795596,"Taylor Swift - Safe & Sound (feat. The Civil Wars)"
"United States",1676966710,AUDIO,20260216,"7, 8, 14, 20",479400,NATURAL_END_OF_TRACK,"IPHONE, MACINTOSH",2,2,false,1676966710,"Taylor Swift, Joy Williams & John Paul White - Safe & Sound (Taylor's Version)"
"United States",1742058259,AUDIO,20260216,"1, 3",478000,NATURAL_END_OF_TRACK,MACINTOSH,2,0,false,1742058259,"Taylor Swift - The Black Dog"
"United States",1541907057,AUDIO,20260216,"14, 22",475706,NATURAL_END_OF_TRACK,"IPHONE, MACINTOSH",2,0,false,1541907057,"Taylor Swift - mirrorball (the long pond studio sessions)"
"United States",1524802187,AUDIO,20260216,"1, 2",475044,NATURAL_END_OF_TRACK,MACINTOSH,2,0,false,1524802187,"Taylor Swift - mad woman"
"United States",1664288807,AUDIO,20260216,"6, 19",467480,NATURAL_END_OF_TRACK,MACINTOSH,2,0,false,1664288807,"Gracie Abrams - Best"
"United States",1256607810,AUDIO,20260216,"18, 23",459995,NATURAL_END_OF_TRACK,MACINTOSH,2,0,false,1256607810,"Phoebe Bridgers - Motion Sickness"
"United States",1673804898,AUDIO,20260216,"14, 18, 23",451766,NATURAL_END_OF_TRACK,"IPHONE, MACINTOSH",3,0,false,1673804898,"Ed Sheeran - Life Goes On"
"United States",1552791766,AUDIO,20260216,"1, 3",451076,NATURAL_END_OF_TRACK,MACINTOSH,2,0,false,1552791766,"Taylor Swift - Forever & Always (Taylor’s Version)"
"United States",1673805199,AUDIO,20260216,"18, 23",449971,NATURAL_END_OF_TRACK,MACINTOSH,2,0,false,1673805199,"Ed Sheeran - Curtains"
"United States",1590368765,AUDIO,20260216,"1, 2",448429,NATURAL_END_OF_TRACK,MACINTOSH,2,0,false,1590368765,"Taylor Swift - Babe (Taylor's Version) [From The Vault]"
"United States",1595423274,AUDIO,20260216,"16, 22",447524,NATURAL_END_OF_TRACK,"IPHONE, MACINTOSH",2,0,false,1595423274,"Taylor Swift - Come Back...Be Here (Taylor's Version)"
"United States",1694386938,AUDIO,20260216,"0, 20",445062,NATURAL_END_OF_TRACK,"IPHONE, MACINTOSH",2,0,false,1694386938,"Olivia Rodrigo - teenage dream"
"United States",1773474484,AUDIO,20260216,"14, 20",442939,NATURAL_END_OF_TRACK,"IPHONE, MACINTOSH",2,0,false,1773474484,"Gracie Abrams - I Told You Things"
"United States",1590368455,AUDIO,20260216,"1, 3",439644,NATURAL_END_OF_TRACK,MACINTOSH,2,0,false,1590368455,"Taylor Swift - I Knew You Were Trouble (Taylor's Version)"
"United States",1590368746,AUDIO,20260216,"1, 3",437638,PLAYBACK_MANUALLY_PAUSED,MACINTOSH,2,0,false,1590368746,"Taylor Swift - The Moment I Knew (Taylor's Version)"
"United States",1716425744,AUDIO,20260216,"18, 23",431348,NATURAL_END_OF_TRACK,MACINTOSH,2,0,false,1716425744,"Reneé Rapp - Snow Angel"
"United States",1468058177,AUDIO,20260216,"16, 19",423337,NATURAL_END_OF_TRACK,"IPHONE, MACINTOSH",2,0,false,1468058177,"Taylor Swift - The Archer"
"United States",1708309005,AUDIO,20260216,"1, 2",422428,NATURAL_END_OF_TRACK,MACINTOSH,2,0,false,1708309005,"Taylor Swift - Bad Blood (Taylor's Version)"
"United States",1850019038,AUDIO,20260216,17,419719,"MANUALLY_SELECTED_PLAYBACK_OF_A_DIFF_ITEM",IPHONE,2,1,false,1850019038,"The 1975 - About You"
"United States",1541905149,AUDIO,20260216,"5, 15, 21",418970,NATURAL_END_OF_TRACK,"IPHONE, MACINTOSH",2,1,false,1541905149,"Taylor Swift - this is me trying (the long pond studio sessions)"
"United States",1541905079,AUDIO,20260216,"5, 19",414571,NATURAL_END_OF_TRACK,MACINTOSH,2,0,false,1541905079,"Taylor Swift - my tears ricochet (the long pond studio sessions)"
"United States",1542103620,AUDIO,20260216,17,410135,NATURAL_END_OF_TRACK,IPHONE,1,0,false,1542103620,"Bad Bunny & JHAYCO - DÁKITI"
"United States",1552791572,AUDIO,20260216,"1, 3",400983,NATURAL_END_OF_TRACK,MACINTOSH,2,0,false,1552791572,"Taylor Swift - Tell Me Why (Taylor’s Version)"
"United States",1691828312,AUDIO,20260216,"16, 19",397723,NATURAL_END_OF_TRACK,"IPHONE, MACINTOSH",2,1,false,1691828312,"Gracie Abrams - Amelie"
"United States",1690840752,AUDIO,20260216,5,369273,NATURAL_END_OF_TRACK,MACINTOSH,1,0,false,1690840752,"Taylor Swift - Last Kiss (Taylor's Version)"
"United States",1487858514,AUDIO,20260216,15,354677,NATURAL_END_OF_TRACK,MACINTOSH,2,0,false,1487858514,"Gracie Abrams - Stay"
"United States",1504700020,AUDIO,20260216,"15, 20",344880,NATURAL_END_OF_TRACK,"IPHONE, MACINTOSH",1,1,false,1504700020,"Phoebe Bridgers - I Know the End"
"United States",1500776331,AUDIO,20260216,"4, 17",344197,NATURAL_END_OF_TRACK,IPHONE,2,1,false,1500776331,"Bad Bunny - Yo Perreo Sola"
"United States",1544268350,AUDIO,20260216,22,315139,NATURAL_END_OF_TRACK,MACINTOSH,1,0,false,1544268350,"Taylor Swift - happiness"
"United States",1743054747,AUDIO,20260216,"14, 20",314423,NATURAL_END_OF_TRACK,"IPHONE, MACINTOSH",2,0,false,1743054747,"Gracie Abrams - I Love You, I'm Sorry"
"United States",1690841273,AUDIO,20260216,22,311996,NATURAL_END_OF_TRACK,MACINTOSH,1,0,false,1690841273,"Taylor Swift - Foolish One (Taylor's Version) (From The Vault)"
"United States",1544268486,AUDIO,20260216,"6, 14",304133,NATURAL_END_OF_TRACK,MACINTOSH,2,0,false,1544268486,"Taylor Swift - evermore (feat. Bon Iver)"
"United States",1590368463,AUDIO,20260216,2,299129,NATURAL_END_OF_TRACK,MACINTOSH,1,0,false,1590368463,"Taylor Swift - The Last Time (Taylor's Version) [feat. Gary Lightbody]"
"United States",1690840121,AUDIO,20260216,20,294419,NATURAL_END_OF_TRACK,MACINTOSH,1,0,false,1690840121,"Taylor Swift - Back To December (Taylor's Version)"
"United States",1690840524,AUDIO,20260216,21,293151,NATURAL_END_OF_TRACK,MACINTOSH,1,0,false,1690840524,"Taylor Swift - Never Grow Up (Taylor's Version)"
"United States",1524802194,AUDIO,20260216,4,290536,NATURAL_END_OF_TRACK,MACINTOSH,1,0,false,1524802194,"Taylor Swift - epiphany"
"United States",1528112364,AUDIO,20260216,19,285864,NATURAL_END_OF_TRACK,MACINTOSH,1,0,false,1528112364,"Taylor Swift - exile (feat. Bon Iver)"
"United States",1524793900,AUDIO,20260216,1,285784,NATURAL_END_OF_TRACK,MACINTOSH,1,0,false,1524793900,"Taylor Swift - exile (feat. Bon Iver)"
"United States",1742058103,AUDIO,20260216,"15, 19",277381,NATURAL_END_OF_TRACK,MACINTOSH,1,1,false,1742058103,"Taylor Swift - loml"
"United States",1547315994,AUDIO,20260216,5,275463,NATURAL_END_OF_TRACK,MACINTOSH,1,0,false,1547315994,"Taylor Swift - coney island (feat. The National)"
"United States",1544268357,AUDIO,20260216,15,274975,NATURAL_END_OF_TRACK,MACINTOSH,1,0,false,1544268357,"Taylor Swift - cowboy like me"
"United States",1708309198,AUDIO,20260216,17,268207,NATURAL_END_OF_TRACK,IPHONE,1,1,false,1708309198,"Taylor Swift - You Are In Love (Taylor's Version)"
"United States",1631018071,AUDIO,20260216,5,264727,NATURAL_END_OF_TRACK,MACINTOSH,1,0,false,1631018071,"Taylor Swift - Carolina (From The Motion Picture “Where The Crawdads Sing”)"
"United States",1117418451,AUDIO,20260216,"16, 20",260546,NATURAL_END_OF_TRACK,"IPHONE, MACINTOSH",1,1,false,1117418451,"Jessie Mueller - She Used to Be Mine"
"United States",1544268356,AUDIO,20260216,19,260384,NATURAL_END_OF_TRACK,MACINTOSH,1,0,false,1544268356,"Taylor Swift - ivy"
"United States",1468058699,AUDIO,20260216,"5, 7",259270,NATURAL_END_OF_TRACK,"IPHONE, MACINTOSH",2,1,false,1468058699,"Taylor Swift - Soon You’ll Get Better (feat. The Chicks)"
"United States",1691828315,AUDIO,20260216,22,259103,NATURAL_END_OF_TRACK,MACINTOSH,1,0,false,1691828315,"Gracie Abrams - Difficult"
"United States",1471704175,AUDIO,20260216,4,257502,NATURAL_END_OF_TRACK,IPHONE,1,0,false,1471704175,"OneRepublic - Counting Stars"
"United States",1571576167,AUDIO,20260216,7,254360,NATURAL_END_OF_TRACK,IPHONE,1,0,false,1571576167,"Big Red Machine - Renegade (feat. Taylor Swift)"
"United States",1787023929,AUDIO,20260216,"16, 17",252389,PLAYBACK_SUSPENDED,IPHONE,2,0,false,1787023929,"Bad Bunny - EoO"
"United States",1593913707,AUDIO,20260216,21,246583,NATURAL_END_OF_TRACK,MACINTOSH,1,0,false,1593913707,"Gracie Abrams - Camden"
"United States",1615585012,AUDIO,20260216,"16, 21",246167,NATURAL_END_OF_TRACK,"IPHONE, MACINTOSH",1,1,false,1615585012,"Harry Styles - Matilda"
"United States",1698554079,AUDIO,20260216,19,246018,NATURAL_END_OF_TRACK,MACINTOSH,1,0,false,1698554079,"AGNEZ MO - Things Will Get Better"
"United States",1664288808,AUDIO,20260216,21,245928,NATURAL_END_OF_TRACK,MACINTOSH,1,0,false,1664288808,"Gracie Abrams - I know it won't work"
"United States",1487502476,AUDIO,20260216,21,245722,NATURAL_END_OF_TRACK,MACINTOSH,1,0,false,1487502476,"Billie Eilish - everything i wanted"
"United States",1544268344,AUDIO,20260216,"2, 21",245581,"MANUALLY_SELECTED_PLAYBACK_OF_A_DIFF_ITEM",MACINTOSH,1,1,false,1544268344,"Taylor Swift - tolerate it"
"United States",1171297672,AUDIO,20260216,8,244986,NATURAL_END_OF_TRACK,IPHONE,1,0,false,1171297672,"Alicia Keys - That Would Be Enough"
"United States",1595423263,AUDIO,20260216,18,244577,NATURAL_END_OF_TRACK,MACINTOSH,1,0,false,1595423263,"Taylor Swift - I Almost Do (Taylor's Version)"
"United States",1622045635,AUDIO,20260216,"16, 17",243931,TRACK_SKIPPED_FORWARDS,IPHONE,1,1,false,1622045635,"Bad Bunny - Tití Me Preguntó"
"United States",1552792518,AUDIO,20260216,7,243606,NATURAL_END_OF_TRACK,IPHONE,1,0,false,1552792518,"Taylor Swift - Bye Bye Baby (Taylor’s Version) [From The Vault]"
"United States",1742058529,AUDIO,20260216,21,241164,NATURAL_END_OF_TRACK,MACINTOSH,1,0,false,1742058529,"Taylor Swift - Robin"
"United States",1595423269,AUDIO,20260216,"15, 19",240491,NATURAL_END_OF_TRACK,"IPHONE, MACINTOSH",1,1,false,1595423269,"Taylor Swift - The Lucky One (Taylor's Version)"
"United States",1742058282,AUDIO,20260216,2,240116,NATURAL_END_OF_TRACK,MACINTOSH,1,0,false,1742058282,"Taylor Swift - Cassandra"
"United States",1742075509,AUDIO,20260216,"14, 19",238812,NATURAL_END_OF_TRACK,"IPHONE, MACINTOSH",1,1,false,1742075509,"Taylor Swift - How Did It End?"
"United States",1742058287,AUDIO,20260216,21,238488,NATURAL_END_OF_TRACK,MACINTOSH,1,0,false,1742058287,"Taylor Swift - The Bolter"
"United States",1552791552,AUDIO,20260216,5,234513,NATURAL_END_OF_TRACK,MACINTOSH,1,0,false,1552791552,"Taylor Swift - White Horse (Taylor’s Version)"
"United States",1524802476,AUDIO,20260216,19,234176,NATURAL_END_OF_TRACK,MACINTOSH,1,0,false,1524802476,"Taylor Swift - peace"
"United States",1436646795,AUDIO,20260216,19,232605,NATURAL_END_OF_TRACK,MACINTOSH,1,0,false,1436646795,"Phoebe Bridgers - Funeral"
"United States",1694386840,AUDIO,20260216,20,231904,NATURAL_END_OF_TRACK,MACINTOSH,1,0,false,1694386840,"Olivia Rodrigo - logical"
"United States",1650841751,AUDIO,20260216,2,231616,NATURAL_END_OF_TRACK,MACINTOSH,1,0,false,1650841751,"Taylor Swift - High Infidelity"
"United States",1787023918,AUDIO,20260216,17,229747,NATURAL_END_OF_TRACK,IPHONE,1,0,false,1787023918,"Bad Bunny - LO QUE LE PASÓ A HAWAii"
"United States",1708309430,AUDIO,20260216,"2, 3",229474,"MANUALLY_SELECTED_PLAYBACK_OF_A_DIFF_ITEM","IPHONE, MACINTOSH",1,1,false,1708309430,"Taylor Swift - Is It Over Now? (Taylor's Version) [From The Vault]"
"United States",1622045955,AUDIO,20260216,17,227621,NATURAL_END_OF_TRACK,IPHONE,1,0,false,1622045955,"Bad Bunny & Rauw Alejandro - Party"
"United States",1680069571,AUDIO,20260216,19,226580,NATURAL_END_OF_TRACK,MACINTOSH,1,0,false,1680069571,"Gracie Abrams - I know it won't work (Live)"
"United States",1696819855,AUDIO,20260216,20,222279,NATURAL_END_OF_TRACK,MACINTOSH,1,0,false,1696819855,"Billie Eilish - What Was I Made For? (From The Motion Picture ""Barbie"")"
"United States",1193701511,AUDIO,20260216,20,221219,NATURAL_END_OF_TRACK,MACINTOSH,1,0,false,1193701511,"Ed Sheeran - Supermarket Flowers"
"United States",1690840541,AUDIO,20260216,2,220294,NATURAL_END_OF_TRACK,MACINTOSH,1,0,false,1690840541,"Taylor Swift - Better Than Revenge (Taylor's Version)"
"United States",1524802480,AUDIO,20260216,4,219955,NATURAL_END_OF_TRACK,MACINTOSH,1,0,false,1524802480,"Taylor Swift - hoax"
"United States",1645937751,AUDIO,20260216,5,218568,NATURAL_END_OF_TRACK,MACINTOSH,1,0,false,1645937751,"Taylor Swift - Maroon"
"United States",1742058104,AUDIO,20260216,17,218381,NATURAL_END_OF_TRACK,IPHONE,1,0,false,1742058104,"Taylor Swift - I Can Do It With a Broken Heart"
"United States",1710982872,AUDIO,20260216,"4, 7",215722,"MANUALLY_SELECTED_PLAYBACK_OF_A_DIFF_ITEM",IPHONE,1,1,false,1710982872,"Bad Bunny - MONACO"
"United States",1838810955,AUDIO,20260216,3,212885,NATURAL_END_OF_TRACK,IPHONE,1,0,false,1838810955,"Taylor Swift - Father Figure"
"United States",1838810961,AUDIO,20260216,3,211454,NATURAL_END_OF_TRACK,IPHONE,1,0,false,1838810961,"Taylor Swift - CANCELLED!"
"United States",1466351215,AUDIO,20260216,"0, 21",211285,NATURAL_END_OF_TRACK,"IPHONE, MACINTOSH",1,1,false,1466351215,"Eva Noblezada - Flowers"
"United States",1560735566,AUDIO,20260216,15,209602,NATURAL_END_OF_TRACK,MACINTOSH,1,0,false,1560735566,"Olivia Rodrigo - hope ur ok"
"United States",734694195,AUDIO,20260216,7,208242,NATURAL_END_OF_TRACK,IPHONE,1,0,false,734694195,"Little Mix - These Four Walls"
"United States",836769088,AUDIO,20260216,15,206003,NATURAL_END_OF_TRACK,MACINTOSH,1,0,false,836769088,"Cher Lloyd - Goodnight"
"United States",1650841513,AUDIO,20260216,17,202845,NATURAL_END_OF_TRACK,IPHONE,1,0,false,1650841513,"Taylor Swift - Lavender Haze"
"United States",1694386835,AUDIO,20260216,18,199046,NATURAL_END_OF_TRACK,MACINTOSH,1,0,false,1694386835,"Olivia Rodrigo - making the bed"
"United States",1736268557,AUDIO,20260216,17,197285,NATURAL_END_OF_TRACK,IPHONE,1,0,false,1736268557,"Taylor Swift - The Alchemy"
"United States",1673805373,AUDIO,20260216,20,197010,NATURAL_END_OF_TRACK,MACINTOSH,1,0,false,1673805373,"Ed Sheeran - Stoned (Bonus Track)"
"United States",1524801960,AUDIO,20260216,"0, 21",195391,NATURAL_END_OF_TRACK,"IPHONE, MACINTOSH",1,1,false,1524801960,"Taylor Swift - this is me trying"
"United States",1645937870,AUDIO,20260216,"16, 19",194505,NATURAL_END_OF_TRACK,"IPHONE, MACINTOSH",1,1,false,1645937870,"Taylor Swift - You're On Your Own, Kid"
"United States",1844485566,AUDIO,20260216,15,193834,NATURAL_END_OF_TRACK,MACINTOSH,1,0,false,1844485566,"Leslie Odom, Jr. & Original Broadway Cast of ""Hamilton"" - Wait for It"
"United States",1590368461,AUDIO,20260216,2,193143,NATURAL_END_OF_TRACK,MACINTOSH,1,0,false,1590368461,"Taylor Swift - We Are Never Ever Getting Back Together (Taylor's Version)"
"United States",540657403,AUDIO,20260216,23,192577,NATURAL_END_OF_TRACK,MACINTOSH,1,0,false,540657403,"Alexx Calise - Cry (From ""Dance Moms"")"
"United States",1650841746,AUDIO,20260216,22,191063,NATURAL_END_OF_TRACK,MACINTOSH,1,0,false,1650841746,"Taylor Swift - Mastermind"
"United States",1524801964,AUDIO,20260216,2,190869,NATURAL_END_OF_TRACK,MACINTOSH,1,0,false,1524801964,"Taylor Swift - illicit affairs"
"United States",1672703108,AUDIO,20260216,21,189490,NATURAL_END_OF_TRACK,MACINTOSH,1,0,false,1672703108,"Reneé Rapp - Don't Tell My Mom"
"United States",719762806,AUDIO,20260216,14,184438,NATURAL_END_OF_TRACK,MACINTOSH,1,0,false,719762806,"Glee Cast - Seasons Of Love"
"United States",1565850763,AUDIO,20260216,23,171252,NATURAL_END_OF_TRACK,MACINTOSH,1,0,false,1565850763,"Gracie Abrams - Mess It Up"
"United States",1672703433,AUDIO,20260216,20,164946,NATURAL_END_OF_TRACK,MACINTOSH,1,0,false,1672703433,"Reneé Rapp - Everything To Everyone (Extended Version)"
"United States",1649434486,AUDIO,20260216,2,164943,NATURAL_END_OF_TRACK,MACINTOSH,1,0,false,1649434486,"Taylor Swift - Vigilante Shit"
"United States",1689331532,AUDIO,20260216,23,161534,NATURAL_END_OF_TRACK,MACINTOSH,1,0,false,1689331532,"Lauren Spencer Smith - Bigger Person"
"United States",1787022587,AUDIO,20260216,17,156277,NATURAL_END_OF_TRACK,IPHONE,1,0,false,1787022587,"Bad Bunny - VOY A LLeVARTE PA PR"
"United States",1593913701,AUDIO,20260216,21,152545,NATURAL_END_OF_TRACK,MACINTOSH,1,0,false,1593913701,"Gracie Abrams - Feels Like"
"United States",1652136887,AUDIO,20260216,20,147777,NATURAL_END_OF_TRACK,MACINTOSH,1,0,false,1652136887,"Selena Gomez - My Mind & Me"
"United States",1787022842,AUDIO,20260216,17,122144,TRACK_SKIPPED_FORWARDS,IPHONE,1,1,false,1787022842,"Bad Bunny - BAILE INoLVIDABLE"
"United States",1819861156,AUDIO,20260216,17,0,TRACK_SKIPPED_FORWARDS,IPHONE,0,1,false,1819861156,"Sabrina Carpenter - Manchild"
"United States",300959959,AUDIO,20260216,4,0,"MANUALLY_SELECTED_PLAYBACK_OF_A_DIFF_ITEM",MACINTOSH,0,1,false,300959959,"Willa Ford - I Wanna Be Bad (With Rap and With Vocorder)"
"United States",1579525410,AUDIO,20260216,4,0,"MANUALLY_SELECTED_PLAYBACK_OF_A_DIFF_ITEM",MACINTOSH,0,1,false,1579525410,"Minnz Piano - The Best Day"
"United States",1631578054,AUDIO,20260216,21,0,TRACK_SKIPPED_FORWARDS,MACINTOSH,0,1,false,1631578054,"Sabrina Carpenter - emails i can’t send"
"United States",1690840394,AUDIO,20260216,4,0,"MANUALLY_SELECTED_PLAYBACK_OF_A_DIFF_ITEM",MACINTOSH,0,1,false,1690840394,"Taylor Swift - The Story Of Us (Taylor's Version)"
"United States",887521584,AUDIO,20260216,5,0,TRACK_SKIPPED_FORWARDS,MACINTOSH,0,1,false,887521584,"Elle McLemore - Lifeboat"
"United States",1541905058,AUDIO,20260216,15,0,"MANUALLY_SELECTED_PLAYBACK_OF_A_DIFF_ITEM",MACINTOSH,0,1,false,1541905058,"Taylor Swift - cardigan (the long pond studio sessions)"
"United States",535880843,AUDIO,20260216,17,0,TRACK_SKIPPED_FORWARDS,IPHONE,0,1,false,535880843,"Tego Calderón - Pa' Que Retozen"
"United States",1742058100,AUDIO,20260217,"8, 14, 18, 19",1337341,TRACK_SKIPPED_FORWARDS,IPHONE,4,1,false,1742058100,"Taylor Swift - Who’s Afraid of Little Old Me?"
"United States",1542103620,AUDIO,20260217,"3, 7, 21",1191067,"MANUALLY_SELECTED_PLAYBACK_OF_A_DIFF_ITEM",IPHONE,7,4,false,1542103620,"Bad Bunny & JHAYCO - DÁKITI"
"United States",1742058104,AUDIO,20260217,"8, 14, 18, 19",1154198,NATURAL_END_OF_TRACK,IPHONE,5,0,false,1742058104,"Taylor Swift - I Can Do It With a Broken Heart"
"United States",1742058103,AUDIO,20260217,"0, 5, 14, 21",1109466,NATURAL_END_OF_TRACK,"IPHONE, MACINTOSH",4,0,false,1742058103,"Taylor Swift - loml"
"United States",1742058105,AUDIO,20260217,"7, 14, 18, 20",983036,TRACK_SKIPPED_FORWARDS,IPHONE,4,2,false,1742058105,"Taylor Swift - The Smallest Man Who Ever Lived"
"United States",1742058284,AUDIO,20260217,"4, 8, 17, 19",852738,TRACK_SKIPPED_FORWARDS,IPHONE,3,1,false,1742058284,"Taylor Swift - Peter"
"United States",1875787678,VIDEO,20260217,6,810184,PLAYBACK_MANUALLY_PAUSED,IPHONE,1,0,false,1875787678,"Super Bowl LX Halftime Show"
"United States",1742058273,AUDIO,20260217,"4, 14, 21",694253,TRACK_SKIPPED_FORWARDS,IPHONE,3,1,false,1742058273,"Taylor Swift - I Hate It Here"
"United States",1595423411,AUDIO,20260217,0,613087,NATURAL_END_OF_TRACK,MACINTOSH,1,0,false,1595423411,"Taylor Swift - All Too Well (10 Minute Version) (Taylor's Version) (From The Vault)"
"United States",1742074927,AUDIO,20260217,"14, 18, 20",590972,NATURAL_END_OF_TRACK,IPHONE,3,0,false,1742074927,"Taylor Swift - The Alchemy"
"United States",1544268361,AUDIO,20260217,"5, 6",515848,NATURAL_END_OF_TRACK,"IPHONE, MACINTOSH",2,0,false,1544268361,"Taylor Swift - marjorie"
"United States",1742058097,AUDIO,20260217,"14, 18, 21",509293,NATURAL_END_OF_TRACK,IPHONE,2,1,false,1742058097,"Taylor Swift - Guilty as Sin?"
"United States",1742075877,AUDIO,20260217,"17, 21",499471,NATURAL_END_OF_TRACK,IPHONE,2,0,false,1742075877,"Taylor Swift - The Prophecy"
"United States",1742058287,AUDIO,20260217,"4, 17",476891,NATURAL_END_OF_TRACK,IPHONE,2,0,false,1742058287,"Taylor Swift - The Bolter"
"United States",1524802476,AUDIO,20260217,"0, 4",468124,NATURAL_END_OF_TRACK,"IPHONE, MACINTOSH",2,0,false,1524802476,"Taylor Swift - peace"
"United States",1664288807,AUDIO,20260217,"4, 7",467961,NATURAL_END_OF_TRACK,IPHONE,2,0,false,1664288807,"Gracie Abrams - Best"
"United States",1742076181,AUDIO,20260217,"17, 21",449758,NATURAL_END_OF_TRACK,IPHONE,2,0,false,1742076181,"Taylor Swift - The Manuscript"
"United States",1468058177,AUDIO,20260217,"0, 5",423047,NATURAL_END_OF_TRACK,MACINTOSH,2,0,false,1468058177,"Taylor Swift - The Archer"
"United States",1468058699,AUDIO,20260217,"3, 7",403927,NATURAL_END_OF_TRACK,MACINTOSH,2,0,false,1468058699,"Taylor Swift - Soon You’ll Get Better (feat. The Chicks)"
"United States",1650841729,AUDIO,20260217,"3, 7",389199,NATURAL_END_OF_TRACK,MACINTOSH,2,0,false,1650841729,"Taylor Swift - You're On Your Own, Kid"
"United States",1504700020,AUDIO,20260217,6,344581,NATURAL_END_OF_TRACK,IPHONE,1,0,false,1504700020,"Phoebe Bridgers - I Know the End"
"United States",1544268356,AUDIO,20260217,"0, 7",320661,TRACK_SKIPPED_FORWARDS,"IPHONE, MACINTOSH",2,1,false,1544268356,"Taylor Swift - ivy"
"United States",1742058101,AUDIO,20260217,"14, 21",313032,NATURAL_END_OF_TRACK,IPHONE,2,0,false,1742058101,"Taylor Swift - I Can Fix Him (No Really I Can)"
"United States",1690841273,AUDIO,20260217,4,311298,NATURAL_END_OF_TRACK,IPHONE,1,0,false,1690841273,"Taylor Swift - Foolish One (Taylor's Version) (From The Vault)"
"United States",1742074936,AUDIO,20260217,"14, 18",287810,TRACK_SKIPPED_FORWARDS,IPHONE,2,1,false,1742074936,"Taylor Swift - Clara Bow"
"United States",999678596,AUDIO,20260217,5,286903,NATURAL_END_OF_TRACK,MACINTOSH,1,0,false,999678596,"EXO - EXO 2014 (Chinese Version)"
"United States",1595423268,AUDIO,20260217,4,285804,NATURAL_END_OF_TRACK,IPHONE,1,0,false,1595423268,"Taylor Swift - Sad Beautiful Tragic (Taylor's Version)"
"United States",1528112364,AUDIO,20260217,5,285434,NATURAL_END_OF_TRACK,IPHONE,1,0,false,1528112364,"Taylor Swift - exile (feat. Bon Iver)"
"United States",1694386835,AUDIO,20260217,"0, 6",281857,PLAYBACK_MANUALLY_PAUSED,"IPHONE, MACINTOSH",2,0,false,1694386835,"Olivia Rodrigo - making the bed"
"United States",1718576584,AUDIO,20260217,4,278545,NATURAL_END_OF_TRACK,IPHONE,1,0,false,1718576584,"Taylor Swift - You’re Losing Me (From The Vault)"
"United States",1660283622,AUDIO,20260217,4,268118,NATURAL_END_OF_TRACK,IPHONE,1,0,false,1660283622,"The National - The Alcott (feat. Taylor Swift)"
"United States",1710982872,AUDIO,20260217,7,267435,NATURAL_END_OF_TRACK,IPHONE,1,0,false,1710982872,"Bad Bunny - MONACO"
"United States",1595423407,AUDIO,20260217,3,263785,NATURAL_END_OF_TRACK,MACINTOSH,1,0,false,1595423407,"Taylor Swift - Forever Winter (Taylor's Version) (From The Vault)"
"United States",1742058274,AUDIO,20260217,17,263604,NATURAL_END_OF_TRACK,IPHONE,1,0,false,1742058274,"Taylor Swift - thanK you aIMee"
"United States",1742058083,AUDIO,20260217,8,263147,NATURAL_END_OF_TRACK,IPHONE,1,0,false,1742058083,"Taylor Swift - So Long, London"
"United States",1092931408,AUDIO,20260217,7,262613,NATURAL_END_OF_TRACK,MACINTOSH,1,0,false,1092931408,"Red Velvet - One of These Nights"
"United States",1490614800,AUDIO,20260217,3,261235,NATURAL_END_OF_TRACK,MACINTOSH,1,0,false,1490614800,"Taylor Swift - Beautiful Ghosts"
"United States",1742058080,AUDIO,20260217,21,261198,NATURAL_END_OF_TRACK,IPHONE,1,0,false,1742058080,"Taylor Swift - Down Bad"
"United States",1650841755,AUDIO,20260217,3,260272,NATURAL_END_OF_TRACK,MACINTOSH,1,0,false,1650841755,"Taylor Swift - Would've, Could've, Should've"
"United States",1742074018,AUDIO,20260217,"14, 18, 21",259917,NATURAL_END_OF_TRACK,IPHONE,2,2,false,1742074018,"Taylor Swift - Fortnight (feat. Post Malone)"
"United States",1691828312,AUDIO,20260217,0,259794,NATURAL_END_OF_TRACK,MACINTOSH,1,0,false,1691828312,"Gracie Abrams - Amelie"
"United States",1595423279,AUDIO,20260217,3,259319,NATURAL_END_OF_TRACK,MACINTOSH,1,0,false,1595423279,"Taylor Swift - Nothing New (Taylor's Version) (From The Vault) [feat. Phoebe Bridgers]"
"United States",1595423263,AUDIO,20260217,0,244581,NATURAL_END_OF_TRACK,MACINTOSH,1,0,false,1595423263,"Taylor Swift - I Almost Do (Taylor's Version)"
"United States",1552792315,AUDIO,20260217,3,244470,NATURAL_END_OF_TRACK,MACINTOSH,1,0,false,1552792315,"Taylor Swift - We Were Happy (Taylor’s Version) [From The Vault]"
"United States",1547315976,AUDIO,20260217,3,244203,NATURAL_END_OF_TRACK,MACINTOSH,1,0,false,1547315976,"Taylor Swift - champagne problems"
"United States",1544268301,AUDIO,20260217,0,243949,NATURAL_END_OF_TRACK,MACINTOSH,1,0,false,1544268301,"Taylor Swift - champagne problems"
"United States",1552792518,AUDIO,20260217,5,242392,NATURAL_END_OF_TRACK,MACINTOSH,1,0,false,1552792518,"Taylor Swift - Bye Bye Baby (Taylor’s Version) [From The Vault]"
"United States",1742058529,AUDIO,20260217,"2, 17",240960,NATURAL_END_OF_TRACK,"IPHONE, MACINTOSH",1,1,false,1742058529,"Taylor Swift - Robin"
"United States",1742075880,AUDIO,20260217,4,240554,NATURAL_END_OF_TRACK,IPHONE,1,0,false,1742075880,"Taylor Swift - Cassandra"
"United States",1595423269,AUDIO,20260217,0,240479,NATURAL_END_OF_TRACK,MACINTOSH,1,0,false,1595423269,"Taylor Swift - The Lucky One (Taylor's Version)"
"United States",1742058259,AUDIO,20260217,"14, 18",238906,"MANUALLY_SELECTED_PLAYBACK_OF_A_DIFF_ITEM",IPHONE,1,1,false,1742058259,"Taylor Swift - The Black Dog"
"United States",1436646795,AUDIO,20260217,0,232626,NATURAL_END_OF_TRACK,MACINTOSH,1,0,false,1436646795,"Phoebe Bridgers - Funeral"
"United States",1742057775,AUDIO,20260217,8,229211,NATURAL_END_OF_TRACK,IPHONE,1,0,false,1742057775,"Taylor Swift - Fortnight (feat. Post Malone)"
"United States",1742058269,AUDIO,20260217,"3, 8, 14",229092,NATURAL_END_OF_TRACK,IPHONE,1,2,false,1742058269,"Taylor Swift - So High School"
"United States",1650841907,AUDIO,20260217,3,225400,NATURAL_END_OF_TRACK,MACINTOSH,1,0,false,1650841907,"Taylor Swift - Dear Reader"
"United States",1673805199,AUDIO,20260217,4,224772,NATURAL_END_OF_TRACK,IPHONE,1,0,false,1673805199,"Ed Sheeran - Curtains"
"United States",1696819855,AUDIO,20260217,4,222743,NATURAL_END_OF_TRACK,IPHONE,1,0,false,1696819855,"Billie Eilish - What Was I Made For? (From The Motion Picture ""Barbie"")"
"United States",1742058260,AUDIO,20260217,14,222113,NATURAL_END_OF_TRACK,IPHONE,1,0,false,1742058260,"Taylor Swift - imgonnagetyouback"
"United States",1193701511,AUDIO,20260217,3,221312,NATURAL_END_OF_TRACK,MACINTOSH,1,0,false,1193701511,"Ed Sheeran - Supermarket Flowers"
"United States",1757015903,AUDIO,20260217,22,218586,NATURAL_END_OF_TRACK,IPHONE,1,0,false,1757015903,"Taylor Swift - I Can Do It With a Broken Heart (Instrumental)"
"United States",1650841748,AUDIO,20260217,3,218500,NATURAL_END_OF_TRACK,MACINTOSH,1,0,false,1650841748,"Taylor Swift - Bigger Than The Whole Sky"
"United States",1757015579,AUDIO,20260217,21,218293,NATURAL_END_OF_TRACK,IPHONE,1,0,false,1757015579,"Taylor Swift - I Can Do It With a Broken Heart"
"United States",1742058107,AUDIO,20260217,9,216899,NATURAL_END_OF_TRACK,IPHONE,1,0,false,1742058107,"Taylor Swift - Clara Bow"
"United States",1742058094,AUDIO,20260217,21,216237,NATURAL_END_OF_TRACK,IPHONE,1,0,false,1742058094,"Taylor Swift - Florida!!! (feat. Florence + the Machine)"
"United States",1742075225,AUDIO,20260217,14,213247,NATURAL_END_OF_TRACK,IPHONE,1,0,false,1742075225,"Taylor Swift - Chloe or Sam or Sophia or Marcus"
"United States",1742058092,AUDIO,20260217,19,211208,NATURAL_END_OF_TRACK,IPHONE,1,0,false,1742058092,"Taylor Swift - Fresh Out The Slammer"
"United States",1466351215,AUDIO,20260217,3,211009,NATURAL_END_OF_TRACK,MACINTOSH,1,0,false,1466351215,"Eva Noblezada - Flowers"
"United States",1560735566,AUDIO,20260217,5,210470,NATURAL_END_OF_TRACK,MACINTOSH,1,0,false,1560735566,"Olivia Rodrigo - hope ur ok"
"United States",1552792508,AUDIO,20260217,5,208839,NATURAL_END_OF_TRACK,MACINTOSH,1,0,false,1552792508,"Taylor Swift - Don’t You (Taylor’s Version) [From The Vault]"
"United States",1742058079,AUDIO,20260217,8,204002,NATURAL_END_OF_TRACK,IPHONE,1,0,false,1742058079,"Taylor Swift - My Boy Only Breaks His Favorite Toys"
"United States",1742074192,AUDIO,20260217,20,203847,NATURAL_END_OF_TRACK,IPHONE,1,0,false,1742074192,"Taylor Swift - My Boy Only Breaks His Favorite Toys"
"United States",1541905079,AUDIO,20260217,0,202814,PLAYBACK_MANUALLY_PAUSED,MACINTOSH,1,0,false,1541905079,"Taylor Swift - my tears ricochet (the long pond studio sessions)"
"United States",1691233985,AUDIO,20260217,4,202623,NATURAL_END_OF_TRACK,IPHONE,1,0,false,1691233985,"Reneé Rapp - 23"
"United States",1541904950,AUDIO,20260217,3,195310,NATURAL_END_OF_TRACK,MACINTOSH,1,0,false,1541904950,"Taylor Swift - this is me trying"
"United States",1440812146,AUDIO,20260217,21,193545,"MANUALLY_SELECTED_PLAYBACK_OF_A_DIFF_ITEM",IPHONE,1,1,false,1440812146,"t.A.T.u. - All The Things She Said"
"United States",1672703108,AUDIO,20260217,4,189416,NATURAL_END_OF_TRACK,IPHONE,1,0,false,1672703108,"Reneé Rapp - Don't Tell My Mom"
"United States",1650841742,AUDIO,20260217,3,188607,NATURAL_END_OF_TRACK,MACINTOSH,1,0,false,1650841742,"Taylor Swift - Sweet Nothing"
"United States",1742058261,AUDIO,20260217,"8, 14",184523,NATURAL_END_OF_TRACK,IPHONE,1,1,false,1742058261,"Taylor Swift - The Albatross"
"United States",1458326042,AUDIO,20260217,3,182794,PLAYBACK_MANUALLY_PAUSED,MACINTOSH,1,0,false,1458326042,"EXO-CBX - Paper Cuts"
"United States",1742058078,AUDIO,20260217,"9, 20",178490,TRACK_SKIPPED_FORWARDS,IPHONE,1,1,false,1742058078,"Taylor Swift - The Tortured Poets Department"
"United States",1327815496,AUDIO,20260217,5,163799,"MANUALLY_SELECTED_PLAYBACK_OF_A_DIFF_ITEM",MACINTOSH,1,1,false,1327815496,"张艺兴 - Goodbye Christmas (Chinese Version)"
"United States",1743054747,AUDIO,20260217,5,157737,NATURAL_END_OF_TRACK,IPHONE,1,0,false,1743054747,"Gracie Abrams - I Love You, I'm Sorry"
"United States",1673804898,AUDIO,20260217,7,90953,"MANUALLY_SELECTED_PLAYBACK_OF_A_DIFF_ITEM",MACINTOSH,1,1,false,1673804898,"Ed Sheeran - Life Goes On"
"United States",1487502476,AUDIO,20260217,4,81557,"MANUALLY_SELECTED_PLAYBACK_OF_A_DIFF_ITEM",IPHONE,1,1,false,1487502476,"Billie Eilish - everything i wanted"
"United States",1742058275,AUDIO,20260217,"17, 20",76724,TRACK_SKIPPED_FORWARDS,IPHONE,1,2,false,1742058275,"Taylor Swift - I Look in People's Windows"
"United States",1541907057,AUDIO,20260217,5,75991,"MANUALLY_SELECTED_PLAYBACK_OF_A_DIFF_ITEM",MACINTOSH,1,1,false,1541907057,"Taylor Swift - mirrorball (the long pond studio sessions)"
"United States",1742075509,AUDIO,20260217,"2, 14, 21",70019,"MANUALLY_SELECTED_PLAYBACK_OF_A_DIFF_ITEM","IPHONE, MACINTOSH",2,3,false,1742075509,"Taylor Swift - How Did It End?"
"United States",1544268350,AUDIO,20260217,5,65289,"MANUALLY_SELECTED_PLAYBACK_OF_A_DIFF_ITEM",IPHONE,1,1,false,1544268350,"Taylor Swift - happiness"
"United States",1531469131,AUDIO,20260217,8,52570,"MANUALLY_SELECTED_PLAYBACK_OF_A_DIFF_ITEM",IPHONE,1,1,false,1531469131,"Little Mix - Sweet Melody"
"United States",1541907234,AUDIO,20260217,7,36044,PLAYBACK_MANUALLY_PAUSED,MACINTOSH,1,0,false,1541907234,"Taylor Swift - the lakes (the long pond studio sessions)"
"United States",1622045955,AUDIO,20260217,7,0,"MANUALLY_SELECTED_PLAYBACK_OF_A_DIFF_ITEM",IPHONE,0,1,false,1622045955,"Bad Bunny & Rauw Alejandro - Party"
"United States",1694386840,AUDIO,20260217,6,0,"MANUALLY_SELECTED_PLAYBACK_OF_A_DIFF_ITEM",IPHONE,0,1,false,1694386840,"Olivia Rodrigo - logical"
"United States",734694195,AUDIO,20260217,7,0,"MANUALLY_SELECTED_PLAYBACK_OF_A_DIFF_ITEM",MACINTOSH,0,1,false,734694195,"Little Mix - These Four Walls"
"United States",1742058540,AUDIO,20260217,8,0,TRACK_SKIPPED_FORWARDS,IPHONE,0,1,false,1742058540,"Taylor Swift - The Manuscript"
"United States",1787023936,AUDIO,20260217,7,0,"MANUALLY_SELECTED_PLAYBACK_OF_A_DIFF_ITEM",IPHONE,0,1,false,1787023936,"Bad Bunny - DtMF"
"United States",1742058282,AUDIO,20260217,6,0,"MANUALLY_SELECTED_PLAYBACK_OF_A_DIFF_ITEM",IPHONE,0,1,false,1742058282,"Taylor Swift - Cassandra"
"United States",1467968831,AUDIO,20260217,7,0,TRACK_SKIPPED_FORWARDS,IPHONE,0,1,false,1467968831,"Don Omar - Dale Don Dale"
"United States",1500776331,AUDIO,20260217,3,0,"MANUALLY_SELECTED_PLAYBACK_OF_A_DIFF_ITEM",IPHONE,0,1,false,1500776331,"Bad Bunny - Yo Perreo Sola"
"United States",1787023929,AUDIO,20260217,3,0,"MANUALLY_SELECTED_PLAYBACK_OF_A_DIFF_ITEM",IPHONE,0,1,false,1787023929,"Bad Bunny - EoO"
"United States",882945386,AUDIO,20260217,7,0,"MANUALLY_SELECTED_PLAYBACK_OF_A_DIFF_ITEM",MACINTOSH,0,1,false,882945386,"Sia - Big Girls Cry"
"United States",1650841748,AUDIO,20260218,"0, 1, 7, 8, 12, 15",2033387,TRACK_SKIPPED_FORWARDS,"IPHONE, MACINTOSH",10,4,false,1650841748,"Taylor Swift - Bigger Than The Whole Sky"
"United States",1542103620,AUDIO,20260218,"0, 7, 8, 19, 20",1517763,PLAYBACK_MANUALLY_PAUSED,"IPHONE, MACINTOSH",9,1,false,1542103620,"Bad Bunny & JHAYCO - DÁKITI"
"United States",1742058106,AUDIO,20260218,1,984543,"MANUALLY_SELECTED_PLAYBACK_OF_A_DIFF_ITEM",IPHONE,5,1,false,1742058106,"Taylor Swift - The Alchemy"
"United States",1471704175,AUDIO,20260218,"2, 6, 11",962087,NATURAL_END_OF_TRACK,"IPHONE, MACINTOSH",3,0,false,1471704175,"OneRepublic - Counting Stars"
"United States",1544268356,AUDIO,20260218,"7, 10, 11, 15",942085,TRACK_SKIPPED_FORWARDS,"IPHONE, MACINTOSH",4,1,false,1544268356,"Taylor Swift - ivy"
"United States",1742058103,AUDIO,20260218,"2, 6, 10, 17",802117,"MANUALLY_SELECTED_PLAYBACK_OF_A_DIFF_ITEM","IPHONE, MACINTOSH",4,2,false,1742058103,"Taylor Swift - loml"
"United States",1593913707,AUDIO,20260218,"1, 7, 9, 16",739826,NATURAL_END_OF_TRACK,"IPHONE, MACINTOSH",3,1,false,1593913707,"Gracie Abrams - Camden"
"United States",1742058105,AUDIO,20260218,"7, 9, 16",737203,NATURAL_END_OF_TRACK,"IPHONE, MACINTOSH",3,0,false,1742058105,"Taylor Swift - The Smallest Man Who Ever Lived"
"United States",1440832542,AUDIO,20260218,"11, 17",724204,NATURAL_END_OF_TRACK,"IPHONE, MACINTOSH",3,0,false,1440832542,"Fergie, Q-Tip & GoonRock - A Little Party Never Killed Nobody (All We Got)"
"United States",1742058287,AUDIO,20260218,"7, 12, 15, 16",714511,NATURAL_END_OF_TRACK,"IPHONE, MACINTOSH",3,1,false,1742058287,"Taylor Swift - The Bolter"
"United States",1650841907,AUDIO,20260218,"6, 9, 12",676208,NATURAL_END_OF_TRACK,"IPHONE, MACINTOSH",3,0,false,1650841907,"Taylor Swift - Dear Reader"
"United States",1742058100,AUDIO,20260218,"7, 9",668542,NATURAL_END_OF_TRACK,"IPHONE, MACINTOSH",2,0,false,1742058100,"Taylor Swift - Who’s Afraid of Little Old Me?"
"United States",1673804898,AUDIO,20260218,"1, 7, 9",631332,NATURAL_END_OF_TRACK,"IPHONE, MACINTOSH",3,0,false,1673804898,"Ed Sheeran - Life Goes On"
"United States",1595423411,AUDIO,20260218,10,613236,NATURAL_END_OF_TRACK,MACINTOSH,1,0,false,1595423411,"Taylor Swift - All Too Well (10 Minute Version) (Taylor's Version) (From The Vault)"
"United States",1742058284,AUDIO,20260218,"7, 10, 15",608885,NATURAL_END_OF_TRACK,"IPHONE, MACINTOSH",3,1,false,1742058284,"Taylor Swift - Peter"
"United States",1718576584,AUDIO,20260218,"1, 15",556241,NATURAL_END_OF_TRACK,"IPHONE, MACINTOSH",2,1,false,1718576584,"Taylor Swift - You’re Losing Me (From The Vault)"
"United States",1544268357,AUDIO,20260218,"0, 11",550258,NATURAL_END_OF_TRACK,"IPHONE, MACINTOSH",2,0,false,1544268357,"Taylor Swift - cowboy like me"
"United States",1541905079,AUDIO,20260218,"7, 10",534292,NATURAL_END_OF_TRACK,"IPHONE, MACINTOSH",2,0,false,1541905079,"Taylor Swift - my tears ricochet (the long pond studio sessions)"
"United States",1650841755,AUDIO,20260218,"12, 15",522899,NATURAL_END_OF_TRACK,"IPHONE, MACINTOSH",2,0,false,1650841755,"Taylor Swift - Would've, Could've, Should've"
"United States",1615585012,AUDIO,20260218,"7, 10, 15",492211,TRACK_SKIPPED_FORWARDS,"IPHONE, MACINTOSH",2,1,false,1615585012,"Harry Styles - Matilda"
"United States",1547316004,AUDIO,20260218,"7, 10",490371,NATURAL_END_OF_TRACK,"IPHONE, MACINTOSH",2,0,false,1547316004,"Taylor Swift - right where you left me (bonus track)"
"United States",1742058273,AUDIO,20260218,"7, 10",488180,NATURAL_END_OF_TRACK,"IPHONE, MACINTOSH",2,0,false,1742058273,"Taylor Swift - I Hate It Here"
"United States",1664288817,AUDIO,20260218,"10, 15",460713,NATURAL_END_OF_TRACK,MACINTOSH,2,0,false,1664288817,"Gracie Abrams - Will you cry?"
"United States",1193701511,AUDIO,20260218,"6, 9, 16",443608,NATURAL_END_OF_TRACK,"IPHONE, MACINTOSH",2,1,false,1193701511,"Ed Sheeran - Supermarket Flowers"
"United States",1742058104,AUDIO,20260218,"1, 17",436837,NATURAL_END_OF_TRACK,IPHONE,2,1,false,1742058104,"Taylor Swift - I Can Do It With a Broken Heart"
"United States",1757015579,AUDIO,20260218,"0, 11",436149,NATURAL_END_OF_TRACK,"IPHONE, MACINTOSH",2,0,false,1757015579,"Taylor Swift - I Can Do It With a Broken Heart"
"United States",1544268361,AUDIO,20260218,"11, 12, 20",434165,"MANUALLY_SELECTED_PLAYBACK_OF_A_DIFF_ITEM","IPHONE, MACINTOSH",2,2,false,1544268361,"Taylor Swift - marjorie"
"United States",1468058177,AUDIO,20260218,"0, 6, 10, 12",422867,TRACK_SKIPPED_FORWARDS,"IPHONE, MACINTOSH",2,2,false,1468058177,"Taylor Swift - The Archer"
"United States",1691233985,AUDIO,20260218,"7, 10",405169,NATURAL_END_OF_TRACK,"IPHONE, MACINTOSH",2,0,false,1691233985,"Reneé Rapp - 23"
"United States",1468058699,AUDIO,20260218,"0, 16",404199,NATURAL_END_OF_TRACK,"IPHONE, MACINTOSH",2,0,false,1468058699,"Taylor Swift - Soon You’ll Get Better (feat. The Chicks)"
"United States",1742058282,AUDIO,20260218,"1, 7, 14",365398,"MANUALLY_SELECTED_PLAYBACK_OF_A_DIFF_ITEM","IPHONE, MACINTOSH",3,2,false,1742058282,"Taylor Swift - Cassandra"
"United States",1838810955,AUDIO,20260218,"11, 13",345043,NATURAL_END_OF_TRACK,"IPHONE, MACINTOSH",2,0,false,1838810955,"Taylor Swift - Father Figure"
"United States",1838810952,AUDIO,20260218,"13, 16",338582,"MANUALLY_SELECTED_PLAYBACK_OF_A_DIFF_ITEM",IPHONE,2,1,false,1838810952,"Taylor Swift - Elizabeth Taylor"
"United States",1541905149,AUDIO,20260218,"12, 15",335920,NATURAL_END_OF_TRACK,"IPHONE, MACINTOSH",2,1,false,1541905149,"Taylor Swift - this is me trying (the long pond studio sessions)"
"United States",1544268350,AUDIO,20260218,15,315740,NATURAL_END_OF_TRACK,MACINTOSH,1,0,false,1544268350,"Taylor Swift - happiness"
"United States",1838810951,AUDIO,20260218,13,300373,NATURAL_END_OF_TRACK,IPHONE,2,0,false,1838810951,"Taylor Swift - The Fate of Ophelia"
"United States",1440832246,AUDIO,20260218,17,295914,"MANUALLY_SELECTED_PLAYBACK_OF_A_DIFF_ITEM",IPHONE,2,1,false,1440832246,"Lana Del Rey - Young and Beautiful"
"United States",1541905162,AUDIO,20260218,11,290025,NATURAL_END_OF_TRACK,MACINTOSH,1,0,false,1541905162,"Taylor Swift - betty (the long pond studio sessions)"
"United States",1541905161,AUDIO,20260218,11,274790,NATURAL_END_OF_TRACK,MACINTOSH,1,0,false,1541905161,"Taylor Swift - epiphany (the long pond studio sessions)"
"United States",1838810953,AUDIO,20260218,13,269213,TRACK_SKIPPED_FORWARDS,IPHONE,2,1,false,1838810953,"Taylor Swift - Opalite"
"United States",1595423277,AUDIO,20260218,0,264629,NATURAL_END_OF_TRACK,IPHONE,1,0,false,1595423277,"Taylor Swift - Ronan (Taylor's Version)"
"United States",1673804914,AUDIO,20260218,"1, 12",263369,NATURAL_END_OF_TRACK,"IPHONE, MACINTOSH",2,1,false,1673804914,"Ed Sheeran - End Of Youth"
"United States",1691828312,AUDIO,20260218,16,260131,NATURAL_END_OF_TRACK,MACINTOSH,1,0,false,1691828312,"Gracie Abrams - Amelie"
"United States",1595423279,AUDIO,20260218,15,259531,NATURAL_END_OF_TRACK,MACINTOSH,1,0,false,1595423279,"Taylor Swift - Nothing New (Taylor's Version) (From The Vault) [feat. Phoebe Bridgers]"
"United States",1440818666,AUDIO,20260218,0,259175,"MANUALLY_SELECTED_PLAYBACK_OF_A_DIFF_ITEM",IPHONE,1,1,false,1440818666,"Lorde - Ribs"
"United States",1742058097,AUDIO,20260218,17,254564,NATURAL_END_OF_TRACK,IPHONE,1,0,false,1742058097,"Taylor Swift - Guilty as Sin?"
"United States",1742075877,AUDIO,20260218,15,250955,NATURAL_END_OF_TRACK,MACINTOSH,1,0,false,1742075877,"Taylor Swift - The Prophecy"
"United States",1049955907,AUDIO,20260218,0,250170,NATURAL_END_OF_TRACK,IPHONE,1,0,false,1049955907,"Sara Bareilles - She Used to Be Mine"
"United States",1698554079,AUDIO,20260218,15,245967,NATURAL_END_OF_TRACK,MACINTOSH,1,0,false,1698554079,"AGNEZ MO - Things Will Get Better"
"United States",1487502476,AUDIO,20260218,1,245722,NATURAL_END_OF_TRACK,IPHONE,1,1,false,1487502476,"Billie Eilish - everything i wanted"
"United States",1838810964,AUDIO,20260218,13,241759,NATURAL_END_OF_TRACK,IPHONE,1,0,false,1838810964,"Taylor Swift - The Life of a Showgirl (feat. Sabrina Carpenter)"
"United States",1742075509,AUDIO,20260218,1,239215,NATURAL_END_OF_TRACK,IPHONE,1,0,false,1742075509,"Taylor Swift - How Did It End?"
"United States",1541905160,AUDIO,20260218,11,238508,NATURAL_END_OF_TRACK,MACINTOSH,1,0,false,1541905160,"Taylor Swift - mad woman (the long pond studio sessions)"
"United States",1787023936,AUDIO,20260218,1,237408,NATURAL_END_OF_TRACK,IPHONE,1,0,false,1787023936,"Bad Bunny - DtMF"
"United States",1471704329,AUDIO,20260218,11,234611,NATURAL_END_OF_TRACK,MACINTOSH,1,0,false,1471704329,"OneRepublic - I Lived"
"United States",1524802476,AUDIO,20260218,"1, 15",234487,"MANUALLY_SELECTED_PLAYBACK_OF_A_DIFF_ITEM","IPHONE, MACINTOSH",1,1,false,1524802476,"Taylor Swift - peace"
"United States",1664288807,AUDIO,20260218,10,233649,NATURAL_END_OF_TRACK,MACINTOSH,1,0,false,1664288807,"Gracie Abrams - Best"
"United States",1694386840,AUDIO,20260218,1,232173,NATURAL_END_OF_TRACK,IPHONE,1,0,false,1694386840,"Olivia Rodrigo - logical"
"United States",1541907057,AUDIO,20260218,"0, 6, 12, 16, 17",222502,TRACK_SKIPPED_FORWARDS,"IPHONE, MACINTOSH",3,5,false,1541907057,"Taylor Swift - mirrorball (the long pond studio sessions)"
"United States",719762810,AUDIO,20260218,0,221994,NATURAL_END_OF_TRACK,IPHONE,1,0,false,719762810,"Glee Cast - If I Die Young"
"United States",1773474484,AUDIO,20260218,1,221500,NATURAL_END_OF_TRACK,IPHONE,1,0,false,1773474484,"Gracie Abrams - I Told You Things"
"United States",1581087760,AUDIO,20260218,"9, 15",215653,TRACK_SKIPPED_FORWARDS,MACINTOSH,1,1,false,1581087760,"Ed Sheeran - Visiting Hours"
"United States",1838810961,AUDIO,20260218,13,211489,NATURAL_END_OF_TRACK,IPHONE,1,0,false,1838810961,"Taylor Swift - CANCELLED!"
"United States",882945386,AUDIO,20260218,0,211071,NATURAL_END_OF_TRACK,IPHONE,1,0,false,882945386,"Sia - Big Girls Cry"
"United States",1595423407,AUDIO,20260218,"12, 20",209431,"MANUALLY_SELECTED_PLAYBACK_OF_A_DIFF_ITEM","IPHONE, MACINTOSH",1,2,false,1595423407,"Taylor Swift - Forever Winter (Taylor's Version) (From The Vault)"
"United States",1541906186,AUDIO,20260218,12,209192,NATURAL_END_OF_TRACK,IPHONE,1,0,false,1541906186,"Taylor Swift - mirrorball"
"United States",1593913701,AUDIO,20260218,"15, 16",208295,"MANUALLY_SELECTED_PLAYBACK_OF_A_DIFF_ITEM",MACINTOSH,2,1,false,1593913701,"Gracie Abrams - Feels Like"
"United States",1838810959,AUDIO,20260218,13,207347,NATURAL_END_OF_TRACK,IPHONE,1,0,false,1838810959,"Taylor Swift - Wi$h Li$t"
"United States",1742074192,AUDIO,20260218,17,204737,NATURAL_END_OF_TRACK,IPHONE,1,0,false,1742074192,"Taylor Swift - My Boy Only Breaks His Favorite Toys"
"United States",1775877096,AUDIO,20260218,2,202546,NATURAL_END_OF_TRACK,IPHONE,1,0,false,1775877096,"Bleachers - Merry Christmas, Please Don't Call"
"United States",1225759939,AUDIO,20260218,2,200608,"MANUALLY_SELECTED_PLAYBACK_OF_A_DIFF_ITEM",IPHONE,1,1,false,1225759939,"Bleachers - Don't Take the Money"
"United States",1694386835,AUDIO,20260218,"16, 20",199875,NATURAL_END_OF_TRACK,MACINTOSH,2,0,false,1694386835,"Olivia Rodrigo - making the bed"
"United States",1650841742,AUDIO,20260218,12,188757,NATURAL_END_OF_TRACK,IPHONE,1,0,false,1650841742,"Taylor Swift - Sweet Nothing"
"United States",1757015903,AUDIO,20260218,0,187859,"MANUALLY_SELECTED_PLAYBACK_OF_A_DIFF_ITEM",IPHONE,1,1,false,1757015903,"Taylor Swift - I Can Do It With a Broken Heart (Instrumental)"
"United States",1445845420,AUDIO,20260218,6,186422,NATURAL_END_OF_TRACK,IPHONE,1,0,false,1445845420,"Timbaland - Apologize (feat. OneRepublic)"
"United States",1838810963,AUDIO,20260218,13,181526,NATURAL_END_OF_TRACK,IPHONE,1,0,false,1838810963,"Taylor Swift - Honey"
"United States",1500776331,AUDIO,20260218,"1, 2",172521,NATURAL_END_OF_TRACK,IPHONE,1,1,false,1500776331,"Bad Bunny - Yo Perreo Sola"
"United States",1565850763,AUDIO,20260218,20,171863,NATURAL_END_OF_TRACK,MACINTOSH,1,0,false,1565850763,"Gracie Abrams - Mess It Up"
"United States",1502298674,AUDIO,20260218,11,168027,NATURAL_END_OF_TRACK,MACINTOSH,1,0,false,1502298674,"OneRepublic - Run"
"United States",1838810958,AUDIO,20260218,13,164152,NATURAL_END_OF_TRACK,IPHONE,1,0,false,1838810958,"Taylor Swift - Actually Romantic"
"United States",1593729073,AUDIO,20260218,6,163966,NATURAL_END_OF_TRACK,IPHONE,1,0,false,1593729073,"OneRepublic - Sunshine"
"United States",1256607815,AUDIO,20260218,"15, 16",151440,"MANUALLY_SELECTED_PLAYBACK_OF_A_DIFF_ITEM",MACINTOSH,1,2,false,1256607815,"Phoebe Bridgers - Georgia"
"United States",1838810960,AUDIO,20260218,13,150510,NATURAL_END_OF_TRACK,IPHONE,1,0,false,1838810960,"Taylor Swift - Wood"
"United States",1544268363,AUDIO,20260218,11,130454,"MANUALLY_SELECTED_PLAYBACK_OF_A_DIFF_ITEM",MACINTOSH,1,1,false,1544268363,"Taylor Swift - closure"
"United States",1567326688,AUDIO,20260218,11,118563,"MANUALLY_SELECTED_PLAYBACK_OF_A_DIFF_ITEM",MACINTOSH,1,1,false,1567326688,"aespa - Next Level"
"United States",1490614800,AUDIO,20260218,0,107769,"MANUALLY_SELECTED_PLAYBACK_OF_A_DIFF_ITEM",IPHONE,1,1,false,1490614800,"Taylor Swift - Beautiful Ghosts"
"United States",1838810956,AUDIO,20260218,13,95097,PLAYBACK_MANUALLY_PAUSED,IPHONE,1,0,false,1838810956,"Taylor Swift - Eldest Daughter"
"United States",1458326042,AUDIO,20260218,"0, 12",79679,TRACK_SKIPPED_FORWARDS,IPHONE,1,2,false,1458326042,"EXO-CBX - Paper Cuts"
"United States",1528112364,AUDIO,20260218,16,54416,TRACK_SKIPPED_FORWARDS,MACINTOSH,1,1,false,1528112364,"Taylor Swift - exile (feat. Bon Iver)"
"United States",1787022572,AUDIO,20260218,2,48625,"MANUALLY_SELECTED_PLAYBACK_OF_A_DIFF_ITEM",IPHONE,1,1,false,1787022572,"Bad Bunny - NUEVAYoL"
"United States",1742057775,AUDIO,20260218,19,43302,"MANUALLY_SELECTED_PLAYBACK_OF_A_DIFF_ITEM",IPHONE,1,1,false,1742057775,"Taylor Swift - Fortnight (feat. Post Malone)"
"United States",1541907234,AUDIO,20260218,"9, 12",40788,PLAYBACK_SUSPENDED,"IPHONE, MACINTOSH",1,1,false,1541907234,"Taylor Swift - the lakes (the long pond studio sessions)"
"United States",1440833218,AUDIO,20260218,17,40366,"MANUALLY_SELECTED_PLAYBACK_OF_A_DIFF_ITEM",IPHONE,1,2,false,1440833218,"Lana Del Rey - Young and Beautiful (DH Orchestral Version)"
"United States",1440832563,AUDIO,20260218,11,39739,"MANUALLY_SELECTED_PLAYBACK_OF_A_DIFF_ITEM",MACINTOSH,1,1,false,1440832563,"Coco O. - Where the Wind Blows"
"United States",1541905163,AUDIO,20260218,11,0,"MANUALLY_SELECTED_PLAYBACK_OF_A_DIFF_ITEM",MACINTOSH,0,1,false,1541905163,"Taylor Swift - peace (the long pond studio sessions)"
"United States",1524802187,AUDIO,20260218,11,0,"MANUALLY_SELECTED_PLAYBACK_OF_A_DIFF_ITEM",MACINTOSH,0,1,false,1524802187,"Taylor Swift - mad woman"
"United States",1541907047,AUDIO,20260218,0,0,TRACK_SKIPPED_FORWARDS,IPHONE,0,1,false,1541907047,"Taylor Swift - exile (feat. Bon Iver) [the long pond studio sessions]"
"United States",1595423274,AUDIO,20260218,"0, 16",0,TRACK_SKIPPED_FORWARDS,"IPHONE, MACINTOSH",0,2,false,1595423274,"Taylor Swift - Come Back...Be Here (Taylor's Version)"
"United States",1650841746,AUDIO,20260218,15,0,TRACK_SKIPPED_FORWARDS,MACINTOSH,0,1,false,1650841746,"Taylor Swift - Mastermind"
"United States",1688819051,AUDIO,20260218,11,0,"MANUALLY_SELECTED_PLAYBACK_OF_A_DIFF_ITEM",MACINTOSH,0,1,false,1688819051,"OneRepublic - RUNAWAY"
"United States",1650841737,AUDIO,20260218,11,0,"MANUALLY_SELECTED_PLAYBACK_OF_A_DIFF_ITEM",MACINTOSH,0,1,false,1650841737,"Taylor Swift - Labyrinth"
"United States",1025212503,AUDIO,20260218,0,0,TRACK_SKIPPED_FORWARDS,IPHONE,0,1,false,1025212503,"Lin-Manuel Miranda, Phillipa Soo, Original Broadway Cast of ""Hamilton"" & Renée Elise Goldsberry - It's Quiet Uptown"
"United States",1660283622,AUDIO,20260218,"0, 1",0,TRACK_SKIPPED_FORWARDS,IPHONE,0,2,false,1660283622,"The National - The Alcott (feat. Taylor Swift)"
"United States",1504700020,AUDIO,20260218,12,0,TRACK_SKIPPED_FORWARDS,IPHONE,0,1,false,1504700020,"Phoebe Bridgers - I Know the End"
"United States",1457283868,AUDIO,20260218,0,0,TRACK_SKIPPED_FORWARDS,IPHONE,0,1,false,1457283868,"TAEYEON - Blue"
"United States",1676966710,AUDIO,20260218,"12, 20",0,TRACK_SKIPPED_FORWARDS,"IPHONE, MACINTOSH",0,2,false,1676966710,"Taylor Swift, Joy Williams & John Paul White - Safe & Sound (Taylor's Version)"
"United States",836769088,AUDIO,20260218,0,0,TRACK_SKIPPED_FORWARDS,IPHONE,0,1,false,836769088,"Cher Lloyd - Goodnight"
"United States",1544268358,AUDIO,20260218,11,0,"MANUALLY_SELECTED_PLAYBACK_OF_A_DIFF_ITEM",MACINTOSH,0,1,false,1544268358,"Taylor Swift - long story short"
"United States",1712730923,AUDIO,20260218,2,0,"MANUALLY_SELECTED_PLAYBACK_OF_A_DIFF_ITEM",IPHONE,0,1,false,1712730923,"Bleachers - Call Me After Midnight"
"United States",1544268486,AUDIO,20260218,12,0,TRACK_SKIPPED_FORWARDS,IPHONE,0,1,false,1544268486,"Taylor Swift - evermore (feat. Bon Iver)"
"United States",1631578054,AUDIO,20260218,15,0,TRACK_SKIPPED_FORWARDS,MACINTOSH,0,1,false,1631578054,"Sabrina Carpenter - emails i can’t send"
"United States",1544268301,AUDIO,20260218,"10, 15",0,TRACK_SKIPPED_FORWARDS,MACINTOSH,0,2,false,1544268301,"Taylor Swift - champagne problems"
"United States",1117418451,AUDIO,20260218,16,0,TRACK_SKIPPED_FORWARDS,MACINTOSH,0,1,false,1117418451,"Jessie Mueller - She Used to Be Mine"
"United States",1621817894,AUDIO,20260218,11,0,"MANUALLY_SELECTED_PLAYBACK_OF_A_DIFF_ITEM",MACINTOSH,0,1,false,1621817894,"OneRepublic - I Ain't Worried"
"United States",1524801591,AUDIO,20260218,1,0,TRACK_SKIPPED_FORWARDS,IPHONE,0,1,false,1524801591,"Taylor Swift - my tears ricochet"
"United States",1595423266,AUDIO,20260218,16,0,TRACK_SKIPPED_FORWARDS,MACINTOSH,0,1,false,1595423266,"Taylor Swift - The Last Time (Taylor's Version) [feat. Gary Lightbody]"
"United States",1742058083,AUDIO,20260218,19,0,TRACK_SKIPPED_FORWARDS,IPHONE,0,1,false,1742058083,"Taylor Swift - So Long, London"
"United States",1563821108,AUDIO,20260218,0,0,TRACK_SKIPPED_FORWARDS,IPHONE,0,1,false,1563821108,"Anthony Ramos, Leslie Grace, Jimmy Smits, Noah Catala, Melissa Barrera, Corey Hawkins, Gregory Diaz IV, Dascha Polanco, Daphne Rubin-Vega & Stephanie Beatriz - Alabanza"
"United States",1673805373,AUDIO,20260218,"15, 16",0,TRACK_SKIPPED_FORWARDS,MACINTOSH,0,2,false,1673805373,"Ed Sheeran - Stoned (Bonus Track)"
"United States",1742058080,AUDIO,20260218,17,0,TRACK_SKIPPED_FORWARDS,IPHONE,0,1,false,1742058080,"Taylor Swift - Down Bad"
"United States",1736995379,AUDIO,20260218,11,0,"MANUALLY_SELECTED_PLAYBACK_OF_A_DIFF_ITEM",MACINTOSH,0,1,false,N/A,"Olivia Rodrigo - lacy"
"United States",1696819855,AUDIO,20260218,1,0,"MANUALLY_SELECTED_PLAYBACK_OF_A_DIFF_ITEM",IPHONE,0,1,false,1696819855,"Billie Eilish - What Was I Made For? (From The Motion Picture ""Barbie"")"
"United States",1826134951,AUDIO,20260218,11,0,"MANUALLY_SELECTED_PLAYBACK_OF_A_DIFF_ITEM",MACINTOSH,0,1,false,1826134951,"OneRepublic - Beautiful Colors - from Kaiju No. 8"
"United States",1735989011,AUDIO,20260218,6,0,"MANUALLY_SELECTED_PLAYBACK_OF_A_DIFF_ITEM",IPHONE,0,1,false,1735989011,"OneRepublic - Nobody (from Kaiju No. 8)"
"United States",1544268344,AUDIO,20260218,0,0,TRACK_SKIPPED_FORWARDS,IPHONE,0,1,false,1544268344,"Taylor Swift - tolerate it"
"United States",1485802975,AUDIO,20260218,15,0,TRACK_SKIPPED_FORWARDS,MACINTOSH,0,1,false,1485802975,"Harry Styles - Falling"
"United States",1702583449,AUDIO,20260218,2,0,"MANUALLY_SELECTED_PLAYBACK_OF_A_DIFF_ITEM",IPHONE,0,1,false,1702583449,"Bleachers - Modern Girl"
"United States",887521584,AUDIO,20260218,0,0,"MANUALLY_SELECTED_PLAYBACK_OF_A_DIFF_ITEM",IPHONE,0,1,false,887521584,"Elle McLemore - Lifeboat"
"United States",1673805199,AUDIO,20260218,15,0,TRACK_SKIPPED_FORWARDS,MACINTOSH,0,1,false,1673805199,"Ed Sheeran - Curtains"
"United States",1521724998,AUDIO,20260218,12,0,TRACK_SKIPPED_FORWARDS,IPHONE,0,1,false,1521724998,"Gracie Abrams - I miss you, I’m sorry"
"United States",1838810957,AUDIO,20260218,13,0,TRACK_SKIPPED_FORWARDS,IPHONE,0,1,false,1838810957,"Taylor Swift - Ruin The Friendship"
"United States",1712730492,AUDIO,20260218,2,0,"MANUALLY_SELECTED_PLAYBACK_OF_A_DIFF_ITEM",IPHONE,0,1,false,1712730492,"Bleachers - Tiny Moves"
"United States",1542103620,AUDIO,20260219,"0, 16, 22",1060260,NATURAL_END_OF_TRACK,"IPHONE, MACINTOSH",6,1,false,1542103620,"Bad Bunny & JHAYCO - DÁKITI"
"United States",1650841748,AUDIO,20260219,"17, 22, 23",742530,NATURAL_END_OF_TRACK,MACINTOSH,4,0,false,1650841748,"Taylor Swift - Bigger Than The Whole Sky"
"United States",1544268361,AUDIO,20260219,"17, 22",712184,NATURAL_END_OF_TRACK,MACINTOSH,2,0,false,1544268361,"Taylor Swift - marjorie"
"United States",1193701511,AUDIO,20260219,"16, 22, 23",663537,TRACK_SKIPPED_FORWARDS,"IPHONE, MACINTOSH",3,1,false,1193701511,"Ed Sheeran - Supermarket Flowers"
"United States",1595423411,AUDIO,20260219,23,613149,NATURAL_END_OF_TRACK,MACINTOSH,1,0,false,1595423411,"Taylor Swift - All Too Well (10 Minute Version) (Taylor's Version) (From The Vault)"
"United States",1468058699,AUDIO,20260219,"17, 22",605365,NATURAL_END_OF_TRACK,MACINTOSH,3,0,false,1468058699,"Taylor Swift - Soon You’ll Get Better (feat. The Chicks)"
"United States",1742058284,AUDIO,20260219,"16, 22, 23",567740,"MANUALLY_SELECTED_PLAYBACK_OF_A_DIFF_ITEM",MACINTOSH,2,1,false,1742058284,"Taylor Swift - Peter"
"United States",1742058103,AUDIO,20260219,"17, 22",554616,NATURAL_END_OF_TRACK,MACINTOSH,2,0,false,1742058103,"Taylor Swift - loml"
"United States",1664288807,AUDIO,20260219,"16, 22",467295,"MANUALLY_SELECTED_PLAYBACK_OF_A_DIFF_ITEM",MACINTOSH,2,1,false,1664288807,"Gracie Abrams - Best"
"United States",1650841907,AUDIO,20260219,"17, 22",450370,NATURAL_END_OF_TRACK,MACINTOSH,2,0,false,1650841907,"Taylor Swift - Dear Reader"
"United States",1544268356,AUDIO,20260219,"18, 22, 23",419986,NATURAL_END_OF_TRACK,MACINTOSH,2,1,false,1544268356,"Taylor Swift - ivy"
"United States",1650841746,AUDIO,20260219,0,382468,NATURAL_END_OF_TRACK,IPHONE,2,0,false,1650841746,"Taylor Swift - Mastermind"
"United States",1650841755,AUDIO,20260219,"16, 23",251625,NATURAL_END_OF_TRACK,IPHONE,2,0,false,1650841755,"Taylor Swift - Would've, Could've, Should've"
"United States",1742058105,AUDIO,20260219,"16, 23",245542,TRACK_SKIPPED_FORWARDS,"IPHONE, MACINTOSH",1,1,false,1742058105,"Taylor Swift - The Smallest Man Who Ever Lived"
"United States",1664288817,AUDIO,20260219,17,230115,NATURAL_END_OF_TRACK,MACINTOSH,1,0,false,1664288817,"Gracie Abrams - Will you cry?"
"United States",1773474484,AUDIO,20260219,16,221192,NATURAL_END_OF_TRACK,IPHONE,1,0,false,1773474484,"Gracie Abrams - I Told You Things"
"United States",1742058104,AUDIO,20260219,23,218160,NATURAL_END_OF_TRACK,MACINTOSH,1,0,false,1742058104,"Taylor Swift - I Can Do It With a Broken Heart"
"United States",1468058177,AUDIO,20260219,23,211218,NATURAL_END_OF_TRACK,MACINTOSH,1,0,false,1468058177,"Taylor Swift - The Archer"
"United States",1691233985,AUDIO,20260219,16,202318,NATURAL_END_OF_TRACK,IPHONE,1,0,false,1691233985,"Reneé Rapp - 23"
"United States",1694386835,AUDIO,20260219,17,198925,NATURAL_END_OF_TRACK,MACINTOSH,1,0,false,1694386835,"Olivia Rodrigo - making the bed"
"United States",1672703108,AUDIO,20260219,0,189504,NATURAL_END_OF_TRACK,IPHONE,1,0,false,1672703108,"Reneé Rapp - Don't Tell My Mom"
"United States",1593913701,AUDIO,20260219,0,152373,NATURAL_END_OF_TRACK,IPHONE,1,0,false,1593913701,"Gracie Abrams - Feels Like"
"United States",1690841083,AUDIO,20260219,0,142600,OTHER,IPHONE,1,0,false,1690841083,"Taylor Swift - Castles Crumbling (Taylor's Version) (From The Vault) [feat. Hayley Williams]"
"United States",1676966710,AUDIO,20260219,"0, 23",136019,TRACK_SKIPPED_FORWARDS,IPHONE,1,2,false,1676966710,"Taylor Swift, Joy Williams & John Paul White - Safe & Sound (Taylor's Version)"
"United States",1673804914,AUDIO,20260219,23,72001,TRACK_SKIPPED_FORWARDS,MACINTOSH,1,1,false,1673804914,"Ed Sheeran - End Of Youth"
"United States",1673804898,AUDIO,20260219,"22, 23",65967,"MANUALLY_SELECTED_PLAYBACK_OF_A_DIFF_ITEM",MACINTOSH,1,2,false,1673804898,"Ed Sheeran - Life Goes On"
"United States",1541907057,AUDIO,20260219,22,57611,TRACK_SKIPPED_FORWARDS,MACINTOSH,1,1,false,1541907057,"Taylor Swift - mirrorball (the long pond studio sessions)"
"United States",1672703433,AUDIO,20260219,0,0,"MANUALLY_SELECTED_PLAYBACK_OF_A_DIFF_ITEM",IPHONE,0,1,false,1672703433,"Reneé Rapp - Everything To Everyone (Extended Version)"
"United States",1117418451,AUDIO,20260219,16,0,TRACK_SKIPPED_FORWARDS,IPHONE,0,1,false,1117418451,"Jessie Mueller - She Used to Be Mine"
"United States",1690840524,AUDIO,20260219,0,0,"MANUALLY_SELECTED_PLAYBACK_OF_A_DIFF_ITEM",IPHONE,0,1,false,1690840524,"Taylor Swift - Never Grow Up (Taylor's Version)"
"United States",1660283622,AUDIO,20260219,0,0,"MANUALLY_SELECTED_PLAYBACK_OF_A_DIFF_ITEM",IPHONE,0,1,false,1660283622,"The National - The Alcott (feat. Taylor Swift)"
"United States",1595423269,AUDIO,20260219,23,0,TRACK_SKIPPED_FORWARDS,IPHONE,0,1,false,1595423269,"Taylor Swift - The Lucky One (Taylor's Version)"
"United States",1698554079,AUDIO,20260219,16,0,"MANUALLY_SELECTED_PLAYBACK_OF_A_DIFF_ITEM",IPHONE,0,1,false,1698554079,"AGNEZ MO - Things Will Get Better"
"United States",1664288817,AUDIO,20260220,0,3600000,TRACK_SKIPPED_FORWARDS,IPHONE,1,1,false,1664288817,"Gracie Abrams - Will you cry?"
"United States",1694386835,AUDIO,20260220,"0, 2, 4, 16, 23",994960,NATURAL_END_OF_TRACK,"IPHONE, MACINTOSH",5,0,false,1694386835,"Olivia Rodrigo - making the bed"
"United States",1544268361,AUDIO,20260220,"2, 3, 4",774499,NATURAL_END_OF_TRACK,"IPHONE, MACINTOSH",3,0,false,1544268361,"Taylor Swift - marjorie"
"United States",1742075877,AUDIO,20260220,"2, 3, 17",750122,NATURAL_END_OF_TRACK,"IPHONE, MACINTOSH",3,0,false,1742075877,"Taylor Swift - The Prophecy"
"United States",1664288807,AUDIO,20260220,"0, 4, 20, 22",699696,NATURAL_END_OF_TRACK,"IPHONE, MACINTOSH",3,1,false,1664288807,"Gracie Abrams - Best"
"United States",1742058103,AUDIO,20260220,"3, 4, 16, 17",676104,TRACK_SKIPPED_FORWARDS,"IPHONE, MACINTOSH",4,2,false,1742058103,"Taylor Swift - loml"
"United States",1742058100,AUDIO,20260220,"2, 3",668492,NATURAL_END_OF_TRACK,"IPHONE, MACINTOSH",2,0,false,1742058100,"Taylor Swift - Who’s Afraid of Little Old Me?"
"United States",1595423411,AUDIO,20260220,"2, 19, 22, 23",646168,TRACK_SKIPPED_FORWARDS,"IPHONE, MACINTOSH",2,4,false,1595423411,"Taylor Swift - All Too Well (10 Minute Version) (Taylor's Version) (From The Vault)"
"United States",1742058104,AUDIO,20260220,"1, 2, 23",631489,OTHER,IPHONE,4,2,false,1742058104,"Taylor Swift - I Can Do It With a Broken Heart"
"United States",1690841273,AUDIO,20260220,"0, 17, 23",623836,NATURAL_END_OF_TRACK,IPHONE,2,1,false,1690841273,"Taylor Swift - Foolish One (Taylor's Version) (From The Vault)"
"United States",1718576584,AUDIO,20260220,"3, 17",556162,NATURAL_END_OF_TRACK,"IPHONE, MACINTOSH",2,0,false,1718576584,"Taylor Swift - You’re Losing Me (From The Vault)"
"United States",1673804898,AUDIO,20260220,"3, 23",545562,TRACK_SKIPPED_FORWARDS,"IPHONE, MACINTOSH",3,2,false,1673804898,"Ed Sheeran - Life Goes On"
"United States",1595423407,AUDIO,20260220,"1, 15, 16",527982,TRACK_SKIPPED_FORWARDS,IPHONE,2,1,false,1595423407,"Taylor Swift - Forever Winter (Taylor's Version) (From The Vault)"
"United States",1650841755,AUDIO,20260220,"3, 18",520973,NATURAL_END_OF_TRACK,"IPHONE, MACINTOSH",2,0,false,1650841755,"Taylor Swift - Would've, Could've, Should've"
"United States",1742058106,AUDIO,20260220,2,508171,NATURAL_END_OF_TRACK,"IPHONE, MACINTOSH",2,0,false,1742058106,"Taylor Swift - The Alchemy"
"United States",1673804914,AUDIO,20260220,"1, 2, 3, 17, 22, 23",503618,"MANUALLY_SELECTED_PLAYBACK_OF_A_DIFF_ITEM","IPHONE, MACINTOSH",4,5,false,1673804914,"Ed Sheeran - End Of Youth"
"United States",1544268344,AUDIO,20260220,"0, 15",491401,NATURAL_END_OF_TRACK,IPHONE,2,0,false,1544268344,"Taylor Swift - tolerate it"
"United States",1676966710,AUDIO,20260220,"15, 17",480005,NATURAL_END_OF_TRACK,IPHONE,2,0,false,1676966710,"Taylor Swift, Joy Williams & John Paul White - Safe & Sound (Taylor's Version)"
"United States",1742058105,AUDIO,20260220,"2, 3, 16",471760,TRACK_SKIPPED_FORWARDS,"IPHONE, MACINTOSH",2,2,false,1742058105,"Taylor Swift - The Smallest Man Who Ever Lived"
"United States",1742058273,AUDIO,20260220,"0, 3, 19",435192,TRACK_SKIPPED_FORWARDS,"IPHONE, MACINTOSH",2,2,false,1742058273,"Taylor Swift - I Hate It Here"
"United States",1468058177,AUDIO,20260220,"16, 21",421986,NATURAL_END_OF_TRACK,"IPHONE, MACINTOSH",2,0,false,1468058177,"Taylor Swift - The Archer"
"United States",1742075509,AUDIO,20260220,"4, 16",414874,NATURAL_END_OF_TRACK,IPHONE,2,1,false,1742075509,"Taylor Swift - How Did It End?"
"United States",1542103620,AUDIO,20260220,"2, 21",410012,NATURAL_END_OF_TRACK,"IPHONE, MACINTOSH",2,0,false,1542103620,"Bad Bunny & JHAYCO - DÁKITI"
"United States",1468058699,AUDIO,20260220,"3, 15",404101,NATURAL_END_OF_TRACK,"IPHONE, MACINTOSH",2,0,false,1468058699,"Taylor Swift - Soon You’ll Get Better (feat. The Chicks)"
"United States",1645937870,AUDIO,20260220,"19, 23",393554,NATURAL_END_OF_TRACK,IPHONE,2,0,false,1645937870,"Taylor Swift - You're On Your Own, Kid"
"United States",1541907057,AUDIO,20260220,"1, 2, 3, 16, 21",358597,TRACK_SKIPPED_FORWARDS,"IPHONE, MACINTOSH",3,4,false,1541907057,"Taylor Swift - mirrorball (the long pond studio sessions)"
"United States",1743054747,AUDIO,20260220,"0, 17",314835,NATURAL_END_OF_TRACK,IPHONE,2,0,false,1743054747,"Gracie Abrams - I Love You, I'm Sorry"
"United States",1690841083,AUDIO,20260220,23,306942,"MANUALLY_SELECTED_PLAYBACK_OF_A_DIFF_ITEM",IPHONE,1,1,false,1690841083,"Taylor Swift - Castles Crumbling (Taylor's Version) (From The Vault) [feat. Hayley Williams]"
"United States",1541905079,AUDIO,20260220,16,295431,NATURAL_END_OF_TRACK,IPHONE,1,0,false,1541905079,"Taylor Swift - my tears ricochet (the long pond studio sessions)"
"United States",1694386938,AUDIO,20260220,16,271397,NATURAL_END_OF_TRACK,IPHONE,1,0,false,1694386938,"Olivia Rodrigo - teenage dream"
"United States",1660283622,AUDIO,20260220,"0, 17",268048,NATURAL_END_OF_TRACK,IPHONE,1,1,false,1660283622,"The National - The Alcott (feat. Taylor Swift)"
"United States",1673805220,AUDIO,20260220,22,265300,NATURAL_END_OF_TRACK,IPHONE,2,1,false,1673805220,"Ed Sheeran - Vega"
"United States",1595423277,AUDIO,20260220,15,264618,NATURAL_END_OF_TRACK,IPHONE,1,0,false,1595423277,"Taylor Swift - Ronan (Taylor's Version)"
"United States",1544268356,AUDIO,20260220,"0, 17, 21",260923,"MANUALLY_SELECTED_PLAYBACK_OF_A_DIFF_ITEM","IPHONE, MACINTOSH",1,4,false,1544268356,"Taylor Swift - ivy"
"United States",1595423279,AUDIO,20260220,18,258920,NATURAL_END_OF_TRACK,IPHONE,1,0,false,1595423279,"Taylor Swift - Nothing New (Taylor's Version) (From The Vault) [feat. Phoebe Bridgers]"
"United States",1256607815,AUDIO,20260220,17,247333,NATURAL_END_OF_TRACK,IPHONE,1,0,false,1256607815,"Phoebe Bridgers - Georgia"
"United States",1615585012,AUDIO,20260220,"0, 16, 23",246257,TRACK_SKIPPED_FORWARDS,IPHONE,1,2,false,1615585012,"Harry Styles - Matilda"
"United States",1487502476,AUDIO,20260220,17,245802,NATURAL_END_OF_TRACK,IPHONE,1,0,false,1487502476,"Billie Eilish - everything i wanted"
"United States",1269640284,AUDIO,20260220,"15, 16",244294,TRACK_SKIPPED_FORWARDS,IPHONE,1,1,false,1269640284,"'In The Heights' Original Broadway Company & Mandy Gonzalez - Breathe"
"United States",1544268301,AUDIO,20260220,16,244208,NATURAL_END_OF_TRACK,IPHONE,1,0,false,1544268301,"Taylor Swift - champagne problems"
"United States",1673804547,AUDIO,20260220,22,240197,NATURAL_END_OF_TRACK,IPHONE,1,0,false,1673804547,"Ed Sheeran - Salt Water"
"United States",1484919949,AUDIO,20260220,15,239877,NATURAL_END_OF_TRACK,IPHONE,1,0,false,1484919949,"TAEYEON - Gravity"
"United States",1742058287,AUDIO,20260220,17,238659,NATURAL_END_OF_TRACK,IPHONE,1,0,false,1742058287,"Taylor Swift - The Bolter"
"United States",1440934434,AUDIO,20260220,15,235768,NATURAL_END_OF_TRACK,IPHONE,1,0,false,1440934434,"Taylor Swift - New Year’s Day"
"United States",1694386840,AUDIO,20260220,17,232222,NATURAL_END_OF_TRACK,IPHONE,1,1,false,1694386840,"Olivia Rodrigo - logical"
"United States",1680069571,AUDIO,20260220,17,226591,NATURAL_END_OF_TRACK,IPHONE,1,0,false,1680069571,"Gracie Abrams - I know it won't work (Live)"
"United States",1650841907,AUDIO,20260220,3,225345,NATURAL_END_OF_TRACK,MACINTOSH,1,0,false,1650841907,"Taylor Swift - Dear Reader"
"United States",1673805199,AUDIO,20260220,22,224989,NATURAL_END_OF_TRACK,IPHONE,1,0,false,1673805199,"Ed Sheeran - Curtains"
"United States",1672703433,AUDIO,20260220,"2, 17",223896,NATURAL_END_OF_TRACK,IPHONE,2,1,false,1672703433,"Reneé Rapp - Everything To Everyone (Extended Version)"
"United States",719762810,AUDIO,20260220,15,222025,NATURAL_END_OF_TRACK,IPHONE,1,0,false,719762810,"Glee Cast - If I Die Young"
"United States",1673805367,AUDIO,20260220,22,218815,TRACK_SKIPPED_FORWARDS,IPHONE,2,1,false,1673805367,"Ed Sheeran - Wildflowers (Bonus Track)"
"United States",1673805709,AUDIO,20260220,22,213672,NATURAL_END_OF_TRACK,IPHONE,1,0,false,1673805709,"Ed Sheeran - Toughest (Bonus Track)"
"United States",1560735566,AUDIO,20260220,16,209685,NATURAL_END_OF_TRACK,IPHONE,1,0,false,1560735566,"Olivia Rodrigo - hope ur ok"
"United States",1673804922,AUDIO,20260220,23,209399,NATURAL_END_OF_TRACK,IPHONE,1,0,false,1673804922,"Ed Sheeran - Colourblind"
"United States",1552792508,AUDIO,20260220,16,208764,NATURAL_END_OF_TRACK,IPHONE,1,0,false,1552792508,"Taylor Swift - Don’t You (Taylor’s Version) [From The Vault]"
"United States",734694195,AUDIO,20260220,16,208672,NATURAL_END_OF_TRACK,IPHONE,1,0,false,734694195,"Little Mix - These Four Walls"
"United States",1541907234,AUDIO,20260220,15,199990,NATURAL_END_OF_TRACK,IPHONE,1,0,false,1541907234,"Taylor Swift - the lakes (the long pond studio sessions)"
"United States",1673805212,AUDIO,20260220,22,197715,"MANUALLY_SELECTED_PLAYBACK_OF_A_DIFF_ITEM",IPHONE,1,1,false,1673805212,"Ed Sheeran - Spark"
"United States",1269641144,AUDIO,20260220,15,196873,NATURAL_END_OF_TRACK,IPHONE,1,0,false,1269641144,"Lin-Manuel Miranda, Mandy Gonzalez & 'In The Heights' Original Broadway Company - Alabanza"
"United States",1673805365,AUDIO,20260220,22,195507,NATURAL_END_OF_TRACK,IPHONE,1,0,false,1673805365,"Ed Sheeran - The Hills of Aberfeldy"
"United States",1673804556,AUDIO,20260220,23,194987,NATURAL_END_OF_TRACK,IPHONE,1,0,false,1673804556,"Ed Sheeran - Eyes Closed"
"United States",540657403,AUDIO,20260220,16,192667,NATURAL_END_OF_TRACK,IPHONE,1,1,false,540657403,"Alexx Calise - Cry (From ""Dance Moms"")"
"United States",1650841746,AUDIO,20260220,16,191019,NATURAL_END_OF_TRACK,IPHONE,1,0,false,1650841746,"Taylor Swift - Mastermind"
"United States",1650841742,AUDIO,20260220,15,188749,NATURAL_END_OF_TRACK,IPHONE,1,0,false,1650841742,"Taylor Swift - Sweet Nothing"
"United States",1547315987,AUDIO,20260220,16,185233,NATURAL_END_OF_TRACK,IPHONE,1,0,false,1547315987,"Taylor Swift - gold rush"
"United States",1673805359,AUDIO,20260220,23,174240,NATURAL_END_OF_TRACK,IPHONE,1,0,false,1673805359,"Ed Sheeran - No Strings"
"United States",1673805225,AUDIO,20260220,22,170255,NATURAL_END_OF_TRACK,IPHONE,1,0,false,1673805225,"Ed Sheeran - Sycamore"
"United States",1689331532,AUDIO,20260220,"1, 4",161309,NATURAL_END_OF_TRACK,IPHONE,1,1,false,1689331532,"Lauren Spencer Smith - Bigger Person"
"United States",1673805713,AUDIO,20260220,22,155406,NATURAL_END_OF_TRACK,IPHONE,1,0,false,1673805713,"Ed Sheeran - Moving (Bonus Track)"
"United States",1652136887,AUDIO,20260220,17,147769,NATURAL_END_OF_TRACK,IPHONE,1,0,false,1652136887,"Selena Gomez - My Mind & Me"
"United States",1698554079,AUDIO,20260220,19,132314,TRACK_SKIPPED_FORWARDS,IPHONE,1,1,false,1698554079,"AGNEZ MO - Things Will Get Better"
"United States",1595423263,AUDIO,20260220,"0, 16",112187,TRACK_SKIPPED_FORWARDS,IPHONE,2,2,false,1595423263,"Taylor Swift - I Almost Do (Taylor's Version)"
"United States",1631578054,AUDIO,20260220,17,104453,NATURAL_END_OF_TRACK,IPHONE,1,0,false,1631578054,"Sabrina Carpenter - emails i can’t send"
"United States",1673804546,AUDIO,20260220,22,63760,PLAYBACK_MANUALLY_PAUSED,MACINTOSH,1,0,false,1673804546,"Ed Sheeran - Boat"
"United States",1595423268,AUDIO,20260220,17,50310,"MANUALLY_SELECTED_PLAYBACK_OF_A_DIFF_ITEM",IPHONE,1,1,false,1595423268,"Taylor Swift - Sad Beautiful Tragic (Taylor's Version)"
"United States",1092931408,AUDIO,20260220,"15, 16",41992,TRACK_SKIPPED_FORWARDS,IPHONE,1,2,false,1092931408,"Red Velvet - One of These Nights"
"United States",1193701511,AUDIO,20260220,"5, 15",41231,"MANUALLY_SELECTED_PLAYBACK_OF_A_DIFF_ITEM",IPHONE,1,1,false,1193701511,"Ed Sheeran - Supermarket Flowers"
"United States",1458326042,AUDIO,20260220,15,35812,TRACK_SKIPPED_FORWARDS,IPHONE,1,1,false,1458326042,"EXO-CBX - Paper Cuts"
"United States",1844485566,AUDIO,20260220,16,0,"MANUALLY_SELECTED_PLAYBACK_OF_A_DIFF_ITEM",IPHONE,0,1,false,1844485566,"Leslie Odom, Jr. & Original Broadway Cast of ""Hamilton"" - Wait for It"
"United States",1547316004,AUDIO,20260220,16,0,TRACK_SKIPPED_FORWARDS,IPHONE,0,1,false,1547316004,"Taylor Swift - right where you left me (bonus track)"
"United States",1466351215,AUDIO,20260220,1,0,TRACK_SKIPPED_FORWARDS,IPHONE,0,1,false,1466351215,"Eva Noblezada - Flowers"
"United States",1595423274,AUDIO,20260220,23,0,TRACK_SKIPPED_FORWARDS,IPHONE,0,1,false,1595423274,"Taylor Swift - Come Back...Be Here (Taylor's Version)"
"United States",1541906186,AUDIO,20260220,15,0,TRACK_SKIPPED_FORWARDS,IPHONE,0,1,false,1541906186,"Taylor Swift - mirrorball"
"United States",1528112364,AUDIO,20260220,0,0,"MANUALLY_SELECTED_PLAYBACK_OF_A_DIFF_ITEM",IPHONE,0,1,false,1528112364,"Taylor Swift - exile (feat. Bon Iver)"
"United States",1673805210,AUDIO,20260220,22,0,TRACK_SKIPPED_FORWARDS,IPHONE,0,1,false,1673805210,"Ed Sheeran - Borderline"
"United States",1673805716,VIDEO,20260220,22,0,TRACK_SKIPPED_FORWARDS,IPHONE,0,1,false,1673805716,"Subtract - Trailer"
"United States",1742058529,AUDIO,20260220,19,0,TRACK_SKIPPED_FORWARDS,IPHONE,0,1,false,1742058529,"Taylor Swift - Robin"
"United States",1716425744,AUDIO,20260220,"0, 19",0,TRACK_SKIPPED_FORWARDS,IPHONE,0,2,false,1716425744,"Reneé Rapp - Snow Angel"
"United States",1521724998,AUDIO,20260220,18,0,TRACK_SKIPPED_FORWARDS,IPHONE,0,1,false,1521724998,"Gracie Abrams - I miss you, I’m sorry"
"United States",1593913701,AUDIO,20260220,16,0,TRACK_SKIPPED_FORWARDS,IPHONE,0,1,false,1593913701,"Gracie Abrams - Feels Like"
"United States",1117418451,AUDIO,20260220,23,0,"MANUALLY_SELECTED_PLAYBACK_OF_A_DIFF_ITEM",IPHONE,0,1,false,1117418451,"Jessie Mueller - She Used to Be Mine"
"United States",1595423269,AUDIO,20260220,19,0,TRACK_SKIPPED_FORWARDS,IPHONE,0,1,false,1595423269,"Taylor Swift - The Lucky One (Taylor's Version)"
"United States",1544268350,AUDIO,20260220,19,0,TRACK_SKIPPED_FORWARDS,IPHONE,0,1,false,1544268350,"Taylor Swift - happiness"
"United States",1690840121,AUDIO,20260220,0,0,TRACK_SKIPPED_FORWARDS,IPHONE,0,1,false,1690840121,"Taylor Swift - Back To December (Taylor's Version)"
"United States",1673805373,AUDIO,20260220,22,0,TRACK_SKIPPED_FORWARDS,IPHONE,0,1,false,1673805373,"Ed Sheeran - Stoned (Bonus Track)"
"United States",1565850763,AUDIO,20260220,"0, 17",0,TRACK_SKIPPED_BACKWARDS,IPHONE,0,2,false,1565850763,"Gracie Abrams - Mess It Up"
"United States",1524801591,AUDIO,20260220,0,0,TRACK_SKIPPED_FORWARDS,IPHONE,0,1,false,1524801591,"Taylor Swift - my tears ricochet"
"United States",1691233985,AUDIO,20260220,23,0,TRACK_SKIPPED_FORWARDS,IPHONE,0,1,false,1691233985,"Reneé Rapp - 23"
"United States",1650841748,AUDIO,20260220,23,0,TRACK_SKIPPED_FORWARDS,IPHONE,0,1,false,1650841748,"Taylor Swift - Bigger Than The Whole Sky"
"United States",1544268486,AUDIO,20260220,15,0,"MANUALLY_SELECTED_PLAYBACK_OF_A_DIFF_ITEM",IPHONE,0,1,false,1544268486,"Taylor Swift - evermore (feat. Bon Iver)"
"United States",1690840524,AUDIO,20260220,19,0,TRACK_SKIPPED_FORWARDS,IPHONE,0,1,false,1690840524,"Taylor Swift - Never Grow Up (Taylor's Version)"
"United States",1468058177,AUDIO,20260221,"3, 4, 7, 16, 20, 23",1380579,NATURAL_END_OF_TRACK,"IPHONE, MACINTOSH",6,0,false,1468058177,"Taylor Swift - The Archer"
"United States",1742058284,AUDIO,20260221,"4, 21",853842,NATURAL_END_OF_TRACK,"IPHONE, MACINTOSH",3,0,false,1742058284,"Taylor Swift - Peter"
"United States",1742075877,AUDIO,20260221,"4, 19, 23",750698,NATURAL_END_OF_TRACK,"IPHONE, MACINTOSH",3,0,false,1742075877,"Taylor Swift - The Prophecy"
"United States",1664288807,AUDIO,20260221,"4, 16, 19, 20",701097,NATURAL_END_OF_TRACK,IPHONE,3,1,false,1664288807,"Gracie Abrams - Best"
"United States",1596155191,AUDIO,20260221,"4, 20, 22",631162,NATURAL_END_OF_TRACK,"IPHONE, MACINTOSH",2,2,false,1596155191,"Taylor Swift - All Too Well (Sad Girl Autumn Version) [Recorded at Long Pond Studios]"
"United States",1595423411,AUDIO,20260221,20,612971,NATURAL_END_OF_TRACK,IPHONE,1,0,false,1595423411,"Taylor Swift - All Too Well (10 Minute Version) (Taylor's Version) (From The Vault)"
"United States",1542103620,AUDIO,20260221,"19, 20",608927,NATURAL_END_OF_TRACK,IPHONE,2,0,false,1542103620,"Bad Bunny & JHAYCO - DÁKITI"
"United States",1524801591,AUDIO,20260221,"2, 4, 23",602790,NATURAL_END_OF_TRACK,"IPHONE, MACINTOSH",3,1,false,1524801591,"Taylor Swift - my tears ricochet"
"United States",1694386835,AUDIO,20260221,"16, 18, 20",599109,NATURAL_END_OF_TRACK,IPHONE,3,1,false,1694386835,"Olivia Rodrigo - making the bed"
"United States",1595423266,AUDIO,20260221,"5, 22",598844,NATURAL_END_OF_TRACK,"IPHONE, MACINTOSH",2,0,false,1595423266,"Taylor Swift - The Last Time (Taylor's Version) [feat. Gary Lightbody]"
"United States",1650841755,AUDIO,20260221,"5, 18, 20",598473,TRACK_SKIPPED_FORWARDS,IPHONE,3,1,false,1650841755,"Taylor Swift - Would've, Could've, Should've"
"United States",1718576584,AUDIO,20260221,"19, 22",556578,NATURAL_END_OF_TRACK,"IPHONE, MACINTOSH",2,0,false,1718576584,"Taylor Swift - You’re Losing Me (From The Vault)"
"United States",1690841083,AUDIO,20260221,"2, 22",548482,NATURAL_END_OF_TRACK,"IPHONE, MACINTOSH",2,0,false,1690841083,"Taylor Swift - Castles Crumbling (Taylor's Version) (From The Vault) [feat. Hayley Williams]"
"United States",1691828312,AUDIO,20260221,"4, 5",519814,NATURAL_END_OF_TRACK,IPHONE,2,0,false,1691828312,"Gracie Abrams - Amelie"
"United States",1256607815,AUDIO,20260221,"5, 20, 22",495099,NATURAL_END_OF_TRACK,"IPHONE, MACINTOSH",2,1,false,1256607815,"Phoebe Bridgers - Georgia"
"United States",1664288817,AUDIO,20260221,"2, 16, 19",494579,"MANUALLY_SELECTED_PLAYBACK_OF_A_DIFF_ITEM",IPHONE,3,2,false,1664288817,"Gracie Abrams - Will you cry?"
"United States",1593913707,AUDIO,20260221,"4, 21",493640,NATURAL_END_OF_TRACK,"IPHONE, MACINTOSH",2,1,false,1593913707,"Gracie Abrams - Camden"
"United States",1742075509,AUDIO,20260221,"20, 22, 23",477897,NATURAL_END_OF_TRACK,"IPHONE, MACINTOSH",2,1,false,1742075509,"Taylor Swift - How Did It End?"
"United States",1878187199,AUDIO,20260221,15,458238,"MANUALLY_SELECTED_PLAYBACK_OF_A_DIFF_ITEM",IPHONE,2,1,false,1878187199,"Taylor Swift & Chris Lake - Opalite (Chris Lake Remix)"
"United States",1650841907,AUDIO,20260221,"5, 19",451633,NATURAL_END_OF_TRACK,IPHONE,2,0,false,1650841907,"Taylor Swift - Dear Reader"
"United States",1696819855,AUDIO,20260221,"2, 5, 6, 22",444779,NATURAL_END_OF_TRACK,"IPHONE, MACINTOSH",2,2,false,1696819855,"Billie Eilish - What Was I Made For? (From The Motion Picture ""Barbie"")"
"United States",1440832542,AUDIO,20260221,23,424809,"MANUALLY_SELECTED_PLAYBACK_OF_A_DIFF_ITEM",MACINTOSH,2,1,false,1440832542,"Fergie, Q-Tip & GoonRock - A Little Party Never Killed Nobody (All We Got)"
"United States",1742058104,AUDIO,20260221,16,363022,NATURAL_END_OF_TRACK,IPHONE,1,0,false,1742058104,"Taylor Swift - I Can Do It With a Broken Heart"
"United States",1689331532,AUDIO,20260221,"5, 22",323290,NATURAL_END_OF_TRACK,"IPHONE, MACINTOSH",2,0,false,1689331532,"Lauren Spencer Smith - Bigger Person"
"United States",1690840121,AUDIO,20260221,"2, 5, 20",293707,TRACK_SKIPPED_FORWARDS,IPHONE,1,2,false,1690840121,"Taylor Swift - Back To December (Taylor's Version)"
"United States",1595423273,AUDIO,20260221,4,286472,NATURAL_END_OF_TRACK,MACINTOSH,1,0,false,1595423273,"Taylor Swift - The Moment I Knew (Taylor's Version)"
"United States",1440859725,AUDIO,20260221,20,280778,TRACK_SKIPPED_FORWARDS,IPHONE,2,2,false,1440859725,"Lorde - Yellow Flicker Beat"
"United States",1504700016,AUDIO,20260221,23,277645,NATURAL_END_OF_TRACK,MACINTOSH,1,0,false,1504700016,"Phoebe Bridgers - Moon Song"
"United States",1878173708,AUDIO,20260221,15,276203,"MANUALLY_SELECTED_PLAYBACK_OF_A_DIFF_ITEM",IPHONE,2,1,false,1878173708,"Taylor Swift & Skream - Opalite (Skream Remix)"
"United States",1673804898,AUDIO,20260221,"18, 20",267549,"MANUALLY_SELECTED_PLAYBACK_OF_A_DIFF_ITEM",IPHONE,2,1,false,1673804898,"Ed Sheeran - Life Goes On"
"United States",1544268361,AUDIO,20260221,19,257458,NATURAL_END_OF_TRACK,IPHONE,1,0,false,1544268361,"Taylor Swift - marjorie"
"United States",1664288808,AUDIO,20260221,5,246044,NATURAL_END_OF_TRACK,IPHONE,1,0,false,1664288808,"Gracie Abrams - I know it won't work"
"United States",1487502476,AUDIO,20260221,5,245857,NATURAL_END_OF_TRACK,IPHONE,1,0,false,1487502476,"Billie Eilish - everything i wanted"
"United States",1544268344,AUDIO,20260221,"4, 22",245334,NATURAL_END_OF_TRACK,MACINTOSH,1,1,false,1544268344,"Taylor Swift - tolerate it"
"United States",1742058273,AUDIO,20260221,"3, 22",244111,NATURAL_END_OF_TRACK,MACINTOSH,1,1,false,1742058273,"Taylor Swift - I Hate It Here"
"United States",1466351191,AUDIO,20260221,23,243570,NATURAL_END_OF_TRACK,MACINTOSH,1,0,false,1466351191,"Eva Noblezada & Reeve Carney - All I've Ever Known"
"United States",1440859466,AUDIO,20260221,20,242918,NATURAL_END_OF_TRACK,IPHONE,1,0,false,1440859466,"Stromae - Meltdown (feat. Lorde, Pusha T, Q-Tip & HAIM)"
"United States",1595423269,AUDIO,20260221,5,241123,NATURAL_END_OF_TRACK,IPHONE,1,0,false,1595423269,"Taylor Swift - The Lucky One (Taylor's Version)"
"United States",1485802975,AUDIO,20260221,22,240389,NATURAL_END_OF_TRACK,MACINTOSH,1,0,false,1485802975,"Harry Styles - Falling"
"United States",1440832246,AUDIO,20260221,23,236022,NATURAL_END_OF_TRACK,MACINTOSH,1,0,false,1440832246,"Lana Del Rey - Young and Beautiful"
"United States",1581087760,AUDIO,20260221,"4, 5, 6, 20",234902,TRACK_SKIPPED_FORWARDS,"IPHONE, MACINTOSH",1,4,false,1581087760,"Ed Sheeran - Visiting Hours"
"United States",1440833218,AUDIO,20260221,23,231445,NATURAL_END_OF_TRACK,MACINTOSH,1,0,false,1440833218,"Lana Del Rey - Young and Beautiful (DH Orchestral Version)"
"United States",1708309430,AUDIO,20260221,4,230134,NATURAL_END_OF_TRACK,MACINTOSH,1,0,false,1708309430,"Taylor Swift - Is It Over Now? (Taylor's Version) [From The Vault]"
"United States",1680069571,AUDIO,20260221,23,226585,NATURAL_END_OF_TRACK,MACINTOSH,1,0,false,1680069571,"Gracie Abrams - I know it won't work (Live)"
"United States",1673805199,AUDIO,20260221,3,224943,NATURAL_END_OF_TRACK,MACINTOSH,1,0,false,1673805199,"Ed Sheeran - Curtains"
"United States",1193701511,AUDIO,20260221,"4, 19, 20, 21",221971,"MANUALLY_SELECTED_PLAYBACK_OF_A_DIFF_ITEM","IPHONE, MACINTOSH",1,3,false,1193701511,"Ed Sheeran - Supermarket Flowers"
"United States",1443130507,AUDIO,20260221,20,218768,"MANUALLY_SELECTED_PLAYBACK_OF_A_DIFF_ITEM",IPHONE,1,1,false,1443130507,"James Newton Howard - The Hanging Tree"
"United States",1650841748,AUDIO,20260221,18,218440,NATURAL_END_OF_TRACK,IPHONE,1,0,false,1650841748,"Taylor Swift - Bigger Than The Whole Sky"
"United States",1838810955,AUDIO,20260221,7,212985,NATURAL_END_OF_TRACK,IPHONE,1,0,false,1838810955,"Taylor Swift - Father Figure"
"United States",1838810961,AUDIO,20260221,7,211416,NATURAL_END_OF_TRACK,IPHONE,1,0,false,1838810961,"Taylor Swift - CANCELLED!"
"United States",1541905149,AUDIO,20260221,4,209657,NATURAL_END_OF_TRACK,MACINTOSH,1,1,false,1541905149,"Taylor Swift - this is me trying (the long pond studio sessions)"
"United States",836769081,AUDIO,20260221,23,209410,NATURAL_END_OF_TRACK,MACINTOSH,1,0,false,836769081,"Cher Lloyd - Human"
"United States",1742058105,AUDIO,20260221,"7, 21",204361,PLAYBACK_MANUALLY_PAUSED,IPHONE,2,0,false,1742058105,"Taylor Swift - The Smallest Man Who Ever Lived"
"United States",1468058699,AUDIO,20260221,19,201827,NATURAL_END_OF_TRACK,IPHONE,1,0,false,1468058699,"Taylor Swift - Soon You’ll Get Better (feat. The Chicks)"
"United States",1742058106,AUDIO,20260221,19,197309,NATURAL_END_OF_TRACK,IPHONE,1,0,false,1742058106,"Taylor Swift - The Alchemy"
"United States",1524801960,AUDIO,20260221,4,195689,NATURAL_END_OF_TRACK,MACINTOSH,1,2,false,1524801960,"Taylor Swift - this is me trying"
"United States",1541904950,AUDIO,20260221,23,195314,NATURAL_END_OF_TRACK,MACINTOSH,1,0,false,1541904950,"Taylor Swift - this is me trying"
"United States",1650841746,AUDIO,20260221,20,191255,NATURAL_END_OF_TRACK,IPHONE,1,0,false,1650841746,"Taylor Swift - Mastermind"
"United States",1457283876,AUDIO,20260221,23,188427,NATURAL_END_OF_TRACK,MACINTOSH,1,0,false,1457283876,"TAEYEON - Four Seasons"
"United States",1672703433,AUDIO,20260221,22,164947,NATURAL_END_OF_TRACK,MACINTOSH,1,0,false,1672703433,"Reneé Rapp - Everything To Everyone (Extended Version)"
"United States",1544268356,AUDIO,20260221,"19, 23",163631,TRACK_SKIPPED_FORWARDS,"IPHONE, MACINTOSH",1,1,false,1544268356,"Taylor Swift - ivy"
"United States",1440873806,AUDIO,20260221,20,155844,NATURAL_END_OF_TRACK,IPHONE,1,0,false,1440873806,"Lorde - Everybody Wants To Rule the World"
"United States",1694386840,AUDIO,20260221,"4, 20",153018,TRACK_SKIPPED_FORWARDS,"IPHONE, MACINTOSH",1,2,false,1694386840,"Olivia Rodrigo - logical"
"United States",1593913701,AUDIO,20260221,"4, 22",152497,NATURAL_END_OF_TRACK,MACINTOSH,1,2,false,1593913701,"Gracie Abrams - Feels Like"
"United States",1838810952,AUDIO,20260221,7,152366,PLAYBACK_MANUALLY_PAUSED,IPHONE,1,0,false,1838810952,"Taylor Swift - Elizabeth Taylor"
"United States",1652136887,AUDIO,20260221,22,147799,NATURAL_END_OF_TRACK,MACINTOSH,1,0,false,1652136887,"Selena Gomez - My Mind & Me"
"United States",1714727691,AUDIO,20260221,20,144206,NATURAL_END_OF_TRACK,IPHONE,1,0,false,1714727691,"Rachel Zegler - The Hanging Tree (from The Hunger Games: The Ballad of Songbirds & Snakes)"
"United States",1742058100,AUDIO,20260221,"3, 18",127886,TRACK_SKIPPED_FORWARDS,"IPHONE, MACINTOSH",1,2,false,1742058100,"Taylor Swift - Who’s Afraid of Little Old Me?"
"United States",1595423274,AUDIO,20260221,"3, 21",119887,"MANUALLY_SELECTED_PLAYBACK_OF_A_DIFF_ITEM","IPHONE, MACINTOSH",2,2,false,1595423274,"Taylor Swift - Come Back...Be Here (Taylor's Version)"
"United States",1466351206,AUDIO,20260221,23,101416,NATURAL_END_OF_TRACK,MACINTOSH,1,0,false,1466351206,"Eva Noblezada, Jewelle Blackman, Yvette Gonzalez-Nacer & Kay Trinidad - Gone, I'm Gone"
"United States",1541905079,AUDIO,20260221,"20, 23",88902,"MANUALLY_SELECTED_PLAYBACK_OF_A_DIFF_ITEM","IPHONE, MACINTOSH",1,2,false,1541905079,"Taylor Swift - my tears ricochet (the long pond studio sessions)"
"United States",1201531001,AUDIO,20260221,23,81407,TRACK_SKIPPED_FORWARDS,MACINTOSH,1,1,false,1201531001,"SUHO & Youngjoo Song - Curtain"
"United States",1440873953,AUDIO,20260221,20,77616,"MANUALLY_SELECTED_PLAYBACK_OF_A_DIFF_ITEM",IPHONE,1,1,false,1440873953,"Santigold - Shooting Arrows At the Sky"
"United States",1673805210,AUDIO,20260221,3,72672,"MANUALLY_SELECTED_PLAYBACK_OF_A_DIFF_ITEM",MACINTOSH,1,1,false,1673805210,"Ed Sheeran - Borderline"
"United States",1691828315,AUDIO,20260221,"4, 20",69934,TRACK_SKIPPED_FORWARDS,"IPHONE, MACINTOSH",1,2,false,1691828315,"Gracie Abrams - Difficult"
"United States",1440859821,AUDIO,20260221,20,54449,"MANUALLY_SELECTED_PLAYBACK_OF_A_DIFF_ITEM",IPHONE,1,1,false,1440859821,"Lorde - Ladder Song"
"United States",1552791766,AUDIO,20260221,18,45201,PLAYBACK_MANUALLY_PAUSED,MACINTOSH,1,0,false,1552791766,"Taylor Swift - Forever & Always (Taylor’s Version)"
"United States",1690840524,AUDIO,20260221,23,43725,TRACK_SKIPPED_FORWARDS,MACINTOSH,1,1,false,1690840524,"Taylor Swift - Never Grow Up (Taylor's Version)"
"United States",1521724998,AUDIO,20260221,22,43526,"MANUALLY_SELECTED_PLAYBACK_OF_A_DIFF_ITEM",MACINTOSH,1,1,false,1521724998,"Gracie Abrams - I miss you, I’m sorry"
"United States",1552791575,AUDIO,20260221,4,39025,OTHER,MACINTOSH,1,0,false,1552791575,"Taylor Swift - You’re Not Sorry (Taylor’s Version)"
"United States",1714728158,AUDIO,20260221,20,35951,"MANUALLY_SELECTED_PLAYBACK_OF_A_DIFF_ITEM",IPHONE,1,2,false,1714728158,"Rachel Zegler - Lucy Gray (part 2) [from The Hunger Games: The Ballad of Songbirds & Snakes]"
"United States",1690840741,AUDIO,20260221,4,0,"MANUALLY_SELECTED_PLAYBACK_OF_A_DIFF_ITEM",MACINTOSH,0,1,false,1690840741,"Taylor Swift - Haunted (Taylor's Version)"
"United States",1673804914,AUDIO,20260221,"18, 19",0,"MANUALLY_SELECTED_PLAYBACK_OF_A_DIFF_ITEM",IPHONE,0,2,false,1673804914,"Ed Sheeran - End Of Youth"
"United States",1541907057,AUDIO,20260221,23,0,"MANUALLY_SELECTED_PLAYBACK_OF_A_DIFF_ITEM",MACINTOSH,0,1,false,1541907057,"Taylor Swift - mirrorball (the long pond studio sessions)"
"United States",1838810953,AUDIO,20260221,7,0,TRACK_SKIPPED_FORWARDS,IPHONE,0,1,false,1838810953,"Taylor Swift - Opalite"
"United States",1547316004,AUDIO,20260221,5,0,TRACK_SKIPPED_FORWARDS,IPHONE,0,1,false,1547316004,"Taylor Swift - right where you left me (bonus track)"
"United States",1645937892,AUDIO,20260221,21,0,"MANUALLY_SELECTED_PLAYBACK_OF_A_DIFF_ITEM",MACINTOSH,0,1,false,1645937892,"Taylor Swift - Vigilante Shit"
"United States",1504639680,AUDIO,20260221,23,0,"MANUALLY_SELECTED_PLAYBACK_OF_A_DIFF_ITEM",MACINTOSH,0,1,false,1504639680,"SUHO - Made In You"
"United States",1595423279,AUDIO,20260221,20,0,TRACK_SKIPPED_FORWARDS,IPHONE,0,1,false,1595423279,"Taylor Swift - Nothing New (Taylor's Version) (From The Vault) [feat. Phoebe Bridgers]"
"United States",1838810956,AUDIO,20260221,7,0,TRACK_SKIPPED_FORWARDS,IPHONE,0,2,false,1838810956,"Taylor Swift - Eldest Daughter"
"United States",1544268350,AUDIO,20260221,20,0,"MANUALLY_SELECTED_PLAYBACK_OF_A_DIFF_ITEM",IPHONE,0,1,false,1544268350,"Taylor Swift - happiness"
"United States",1690841273,AUDIO,20260221,22,0,"MANUALLY_SELECTED_PLAYBACK_OF_A_DIFF_ITEM",MACINTOSH,0,1,false,1690841273,"Taylor Swift - Foolish One (Taylor's Version) (From The Vault)"
"United States",1528112364,AUDIO,20260221,21,0,TRACK_SKIPPED_FORWARDS,IPHONE,0,1,false,1528112364,"Taylor Swift - exile (feat. Bon Iver)"
"United States",1714727613,AUDIO,20260221,20,0,"MANUALLY_SELECTED_PLAYBACK_OF_A_DIFF_ITEM",IPHONE,0,1,false,1714727613,"Olivia Rodrigo - Can’t Catch Me Now (from The Hunger Games: The Ballad of Songbirds & Snakes)"
"United States",1838810960,AUDIO,20260221,7,0,TRACK_SKIPPED_FORWARDS,IPHONE,0,1,false,1838810960,"Taylor Swift - Wood"
"United States",1742058103,AUDIO,20260221,"18, 20",0,TRACK_SKIPPED_FORWARDS,IPHONE,0,2,false,1742058103,"Taylor Swift - loml"
"United States",1595423407,AUDIO,20260221,4,0,TRACK_SKIPPED_FORWARDS,MACINTOSH,0,1,false,1595423407,"Taylor Swift - Forever Winter (Taylor's Version) (From The Vault)"
"United States",1595423268,AUDIO,20260221,4,0,"MANUALLY_SELECTED_PLAYBACK_OF_A_DIFF_ITEM",IPHONE,0,1,false,1595423268,"Taylor Swift - Sad Beautiful Tragic (Taylor's Version)"
"United States",1673804546,AUDIO,20260221,3,0,"MANUALLY_SELECTED_PLAYBACK_OF_A_DIFF_ITEM",MACINTOSH,0,1,false,1673804546,"Ed Sheeran - Boat"
"United States",1117418451,AUDIO,20260221,20,0,TRACK_SKIPPED_FORWARDS,IPHONE,0,1,false,1117418451,"Jessie Mueller - She Used to Be Mine"
"United States",1440859478,AUDIO,20260221,20,0,"MANUALLY_SELECTED_PLAYBACK_OF_A_DIFF_ITEM",IPHONE,0,1,false,1440859478,"Major Lazer - All My Love (feat. Ariana Grande)"
"United States",1504700020,AUDIO,20260222,"3, 14, 19",4289596,"MANUALLY_SELECTED_PLAYBACK_OF_A_DIFF_ITEM","IPHONE, MACINTOSH",3,2,false,1504700020,"Phoebe Bridgers - I Know the End"
"United States",1544268344,AUDIO,20260222,2,3600000,TRACK_SKIPPED_BACKWARDS,MACINTOSH,1,1,false,1544268344,"Taylor Swift - tolerate it"
"United States",1664288817,AUDIO,20260222,"13, 14, 15, 22",3120223,NATURAL_END_OF_TRACK,"IPHONE, MACINTOSH",3,2,false,1664288817,"Gracie Abrams - Will you cry?"
"United States",1742058284,AUDIO,20260222,"3, 4, 5, 8, 13, 15",1705400,NATURAL_END_OF_TRACK,"IPHONE, MACINTOSH",6,0,false,1742058284,"Taylor Swift - Peter"
"United States",1595423411,AUDIO,20260222,"6, 14, 20, 22",1404495,NATURAL_END_OF_TRACK,"IPHONE, MACINTOSH",3,1,false,1595423411,"Taylor Swift - All Too Well (10 Minute Version) (Taylor's Version) (From The Vault)"
"United States",1596155191,AUDIO,20260222,"6, 13, 14, 16, 19",1336712,TRACK_SKIPPED_FORWARDS,"IPHONE, MACINTOSH",3,3,false,1596155191,"Taylor Swift - All Too Well (Sad Girl Autumn Version) [Recorded at Long Pond Studios]"
"United States",1690841083,AUDIO,20260222,"3, 5, 14, 19",1183638,PLAYBACK_MANUALLY_PAUSED,"IPHONE, MACINTOSH",4,1,false,1690841083,"Taylor Swift - Castles Crumbling (Taylor's Version) (From The Vault) [feat. Hayley Williams]"
"United States",1718576584,AUDIO,20260222,"4, 6, 9, 15",1112286,NATURAL_END_OF_TRACK,"IPHONE, MACINTOSH",4,1,false,1718576584,"Taylor Swift - You’re Losing Me (From The Vault)"
"United States",1742058273,AUDIO,20260222,"2, 3, 8, 14, 16",1007858,NATURAL_END_OF_TRACK,"IPHONE, MACINTOSH",5,2,false,1742058273,"Taylor Swift - I Hate It Here"
"United States",1544268361,AUDIO,20260222,"3, 13, 14, 16",996740,TRACK_SKIPPED_FORWARDS,"IPHONE, MACINTOSH",4,2,false,1544268361,"Taylor Swift - marjorie"
"United States",1468058699,AUDIO,20260222,"3, 4, 6, 15, 19, 23",919949,NATURAL_END_OF_TRACK,"IPHONE, MACINTOSH",5,3,false,1468058699,"Taylor Swift - Soon You’ll Get Better (feat. The Chicks)"
"United States",1742075877,AUDIO,20260222,"4, 15, 16",906656,NATURAL_END_OF_TRACK,"IPHONE, MACINTOSH",4,1,false,1742075877,"Taylor Swift - The Prophecy"
"United States",1650841907,AUDIO,20260222,"1, 5, 13",902232,NATURAL_END_OF_TRACK,"IPHONE, MACINTOSH",4,0,false,1650841907,"Taylor Swift - Dear Reader"
"United States",1595423407,AUDIO,20260222,"0, 6, 13, 14",878185,NATURAL_END_OF_TRACK,"IPHONE, MACINTOSH",4,2,false,1595423407,"Taylor Swift - Forever Winter (Taylor's Version) (From The Vault)"
"United States",1650841748,AUDIO,20260222,"1, 4, 8, 15, 20",874383,NATURAL_END_OF_TRACK,"IPHONE, MACINTOSH",4,1,false,1650841748,"Taylor Swift - Bigger Than The Whole Sky"
"United States",1694386835,AUDIO,20260222,"3, 6, 9, 13, 20",862874,NATURAL_END_OF_TRACK,"IPHONE, MACINTOSH",5,0,false,1694386835,"Olivia Rodrigo - making the bed"
"United States",1650841755,AUDIO,20260222,"4, 9, 15",830479,TRACK_SKIPPED_FORWARDS,"IPHONE, MACINTOSH",3,1,false,1650841755,"Taylor Swift - Would've, Could've, Should've"
"United States",1664288807,AUDIO,20260222,"3, 14, 15",770729,OTHER,"IPHONE, MACINTOSH",3,0,false,1664288807,"Gracie Abrams - Best"
"United States",1487502476,AUDIO,20260222,"5, 14, 19",736947,NATURAL_END_OF_TRACK,"IPHONE, MACINTOSH",3,0,false,1487502476,"Billie Eilish - everything i wanted"
"United States",1742058287,AUDIO,20260222,"1, 14, 20",715636,NATURAL_END_OF_TRACK,"IPHONE, MACINTOSH",3,0,false,1742058287,"Taylor Swift - The Bolter"
"United States",1742058105,AUDIO,20260222,"1, 4, 16",664063,NATURAL_END_OF_TRACK,"IPHONE, MACINTOSH",3,0,false,1742058105,"Taylor Swift - The Smallest Man Who Ever Lived"
"United States",1468058177,AUDIO,20260222,"3, 4, 14, 15, 22",634080,"MANUALLY_SELECTED_PLAYBACK_OF_A_DIFF_ITEM","IPHONE, MACINTOSH",3,2,false,1468058177,"Taylor Swift - The Archer"
"United States",1544268350,AUDIO,20260222,"6, 20",630369,NATURAL_END_OF_TRACK,MACINTOSH,2,0,false,1544268350,"Taylor Swift - happiness"
"United States",1742058104,AUDIO,20260222,"2, 3, 9",619160,NATURAL_END_OF_TRACK,"IPHONE, MACINTOSH",3,0,false,1742058104,"Taylor Swift - I Can Do It With a Broken Heart"
"United States",1595423279,AUDIO,20260222,"4, 5, 15",517536,TRACK_SKIPPED_FORWARDS,MACINTOSH,2,1,false,1595423279,"Taylor Swift - Nothing New (Taylor's Version) (From The Vault) [feat. Phoebe Bridgers]"
"United States",1436646795,AUDIO,20260222,"4, 16, 19",493189,TRACK_SKIPPED_FORWARDS,"IPHONE, MACINTOSH",2,1,false,1436646795,"Phoebe Bridgers - Funeral"
"United States",1593913707,AUDIO,20260222,"6, 19, 20",492858,NATURAL_END_OF_TRACK,"IPHONE, MACINTOSH",2,1,false,1593913707,"Gracie Abrams - Camden"
"United States",1742075509,AUDIO,20260222,"3, 15",477726,NATURAL_END_OF_TRACK,"IPHONE, MACINTOSH",2,0,false,1742075509,"Taylor Swift - How Did It End?"
"United States",1524802476,AUDIO,20260222,"4, 6, 20, 23",468120,NATURAL_END_OF_TRACK,"IPHONE, MACINTOSH",2,2,false,1524802476,"Taylor Swift - peace"
"United States",1547315976,AUDIO,20260222,"0, 1",467802,NATURAL_END_OF_TRACK,MACINTOSH,2,1,false,1547315976,"Taylor Swift - champagne problems"
"United States",1694386840,AUDIO,20260222,"5, 20, 22",463942,NATURAL_END_OF_TRACK,"IPHONE, MACINTOSH",2,1,false,1694386840,"Olivia Rodrigo - logical"
"United States",1773474484,AUDIO,20260222,"3, 19, 21",442737,NATURAL_END_OF_TRACK,"IPHONE, MACINTOSH",2,1,false,1773474484,"Gracie Abrams - I Told You Things"
"United States",1541905149,AUDIO,20260222,"5, 22",419056,NATURAL_END_OF_TRACK,"IPHONE, MACINTOSH",2,0,false,1541905149,"Taylor Swift - this is me trying (the long pond studio sessions)"
"United States",1676966710,AUDIO,20260222,"3, 5, 23",401106,NATURAL_END_OF_TRACK,"IPHONE, MACINTOSH",3,1,false,1676966710,"Taylor Swift, Joy Williams & John Paul White - Safe & Sound (Taylor's Version)"
"United States",1565850763,AUDIO,20260222,"5, 14, 19",343038,TRACK_SKIPPED_FORWARDS,"IPHONE, MACINTOSH",2,1,false,1565850763,"Gracie Abrams - Mess It Up"
"United States",1622051042,AUDIO,20260222,"1, 3",338364,"MANUALLY_SELECTED_PLAYBACK_OF_A_DIFF_ITEM",MACINTOSH,2,1,false,1622051042,"Taylor Swift - This Love (Taylor’s Version)"
"United States",1742058100,AUDIO,20260222,13,334068,NATURAL_END_OF_TRACK,IPHONE,1,0,false,1742058100,"Taylor Swift - Who’s Afraid of Little Old Me?"
"United States",1672703433,AUDIO,20260222,"3, 14",329675,NATURAL_END_OF_TRACK,MACINTOSH,2,0,false,1672703433,"Reneé Rapp - Everything To Everyone (Extended Version)"
"United States",1547316004,AUDIO,20260222,"4, 22",328204,NATURAL_END_OF_TRACK,"IPHONE, MACINTOSH",2,1,false,1547316004,"Taylor Swift - right where you left me (bonus track)"
"United States",1743054747,AUDIO,20260222,"4, 5",314223,NATURAL_END_OF_TRACK,MACINTOSH,2,0,false,1743054747,"Gracie Abrams - I Love You, I'm Sorry"
"United States",1690841273,AUDIO,20260222,"16, 19",311981,TRACK_SKIPPED_FORWARDS,"IPHONE, MACINTOSH",1,1,false,1690841273,"Taylor Swift - Foolish One (Taylor's Version) (From The Vault)"
"United States",1524801591,AUDIO,20260222,"1, 2, 19",310503,TRACK_SKIPPED_FORWARDS,"IPHONE, MACINTOSH",1,2,false,1524801591,"Taylor Swift - my tears ricochet"
"United States",1541905079,AUDIO,20260222,"19, 22",295657,NATURAL_END_OF_TRACK,IPHONE,1,1,false,1541905079,"Taylor Swift - my tears ricochet (the long pond studio sessions)"
"United States",1690840121,AUDIO,20260222,6,294193,NATURAL_END_OF_TRACK,MACINTOSH,1,0,false,1690840121,"Taylor Swift - Back To December (Taylor's Version)"
"United States",1193701511,AUDIO,20260222,"6, 15",293461,NATURAL_END_OF_TRACK,IPHONE,2,0,false,1193701511,"Ed Sheeran - Supermarket Flowers"
"United States",1742058078,AUDIO,20260222,20,292961,NATURAL_END_OF_TRACK,MACINTOSH,1,0,false,1742058078,"Taylor Swift - The Tortured Poets Department"
"United States",1773474474,AUDIO,20260222,21,269470,NATURAL_END_OF_TRACK,IPHONE,1,0,false,1773474474,"Gracie Abrams - Gave You I Gave You I"
"United States",1742058080,AUDIO,20260222,21,261214,NATURAL_END_OF_TRACK,MACINTOSH,1,0,false,1742058080,"Taylor Swift - Down Bad"
"United States",1773474471,AUDIO,20260222,21,260816,NATURAL_END_OF_TRACK,IPHONE,1,0,false,1773474471,"Gracie Abrams - Let It Happen"
"United States",1544268356,AUDIO,20260222,"5, 13",260349,"MANUALLY_SELECTED_PLAYBACK_OF_A_DIFF_ITEM","IPHONE, MACINTOSH",1,1,false,1544268356,"Taylor Swift - ivy"
"United States",1691828312,AUDIO,20260222,"3, 4",259882,NATURAL_END_OF_TRACK,MACINTOSH,1,3,false,1691828312,"Gracie Abrams - Amelie"
"United States",1691828315,AUDIO,20260222,"19, 22",258975,NATURAL_END_OF_TRACK,IPHONE,1,1,false,1691828315,"Gracie Abrams - Difficult"
"United States",1440873677,AUDIO,20260222,4,258235,NATURAL_END_OF_TRACK,MACINTOSH,1,0,false,1440873677,"Sia - Elastic Heart (feat. The Weeknd & Diplo)"
"United States",1650841728,AUDIO,20260222,1,256230,NATURAL_END_OF_TRACK,MACINTOSH,1,0,false,1650841728,"Taylor Swift - Snow On The Beach (feat. Lana Del Rey)"
"United States",1742058097,AUDIO,20260222,23,254517,NATURAL_END_OF_TRACK,MACINTOSH,1,0,false,1742058097,"Taylor Swift - Guilty as Sin?"
"United States",1457960623,AUDIO,20260222,0,252799,NATURAL_END_OF_TRACK,MACINTOSH,1,0,false,1457960623,"CHEN - Portrait of you"
"United States",1650841737,AUDIO,20260222,1,247955,NATURAL_END_OF_TRACK,MACINTOSH,1,0,false,1650841737,"Taylor Swift - Labyrinth"
"United States",1597724498,AUDIO,20260222,1,246972,NATURAL_END_OF_TRACK,MACINTOSH,1,0,false,1597724498,"WENDY - Airport Goodbyes"
"United States",1698554079,AUDIO,20260222,5,245996,NATURAL_END_OF_TRACK,MACINTOSH,1,0,false,1698554079,"AGNEZ MO - Things Will Get Better"
"United States",1615585012,AUDIO,20260222,19,245901,NATURAL_END_OF_TRACK,MACINTOSH,1,0,false,1615585012,"Harry Styles - Matilda"
"United States",1595423263,AUDIO,20260222,"1, 5",244843,NATURAL_END_OF_TRACK,"IPHONE, MACINTOSH",1,1,false,1595423263,"Taylor Swift - I Almost Do (Taylor's Version)"
"United States",1773474470,AUDIO,20260222,21,242878,NATURAL_END_OF_TRACK,IPHONE,1,0,false,1773474470,"Gracie Abrams - us. (feat. Taylor Swift)"
"United States",1440832542,AUDIO,20260222,20,241121,NATURAL_END_OF_TRACK,MACINTOSH,1,0,false,1440832542,"Fergie, Q-Tip & GoonRock - A Little Party Never Killed Nobody (All We Got)"
"United States",1742058529,AUDIO,20260222,"16, 19",240903,TRACK_SKIPPED_FORWARDS,"IPHONE, MACINTOSH",1,1,false,1742058529,"Taylor Swift - Robin"
"United States",1485802975,AUDIO,20260222,"5, 6",240454,NATURAL_END_OF_TRACK,"IPHONE, MACINTOSH",1,1,false,1485802975,"Harry Styles - Falling"
"United States",1773474488,AUDIO,20260222,21,240296,NATURAL_END_OF_TRACK,IPHONE,1,0,false,1773474488,"Gracie Abrams - Free Now (Live From Vevo)"
"United States",1787023936,AUDIO,20260222,20,237279,NATURAL_END_OF_TRACK,MACINTOSH,1,0,false,1787023936,"Bad Bunny - DtMF"
"United States",1541907057,AUDIO,20260222,22,237254,NATURAL_END_OF_TRACK,IPHONE,1,0,false,1541907057,"Taylor Swift - mirrorball (the long pond studio sessions)"
"United States",1524802187,AUDIO,20260222,1,237165,NATURAL_END_OF_TRACK,MACINTOSH,1,0,false,1524802187,"Taylor Swift - mad woman"
"United States",1440832246,AUDIO,20260222,20,236237,NATURAL_END_OF_TRACK,MACINTOSH,1,0,false,1440832246,"Lana Del Rey - Young and Beautiful"
"United States",1673804914,AUDIO,20260222,"5, 13",231220,"MANUALLY_SELECTED_PLAYBACK_OF_A_DIFF_ITEM","IPHONE, MACINTOSH",1,1,false,1673804914,"Ed Sheeran - End Of Youth"
"United States",1256607810,AUDIO,20260222,"2, 20",229987,NATURAL_END_OF_TRACK,"IPHONE, MACINTOSH",1,1,false,1256607810,"Phoebe Bridgers - Motion Sickness"
"United States",1742057775,AUDIO,20260222,20,229120,NATURAL_END_OF_TRACK,MACINTOSH,1,0,false,1742057775,"Taylor Swift - Fortnight (feat. Post Malone)"
"United States",1773474482,AUDIO,20260222,21,229117,NATURAL_END_OF_TRACK,IPHONE,1,0,false,1773474482,"Gracie Abrams - Cool"
"United States",1694386938,AUDIO,20260222,4,222337,NATURAL_END_OF_TRACK,MACINTOSH,1,0,false,1694386938,"Olivia Rodrigo - teenage dream"
"United States",1572941114,AUDIO,20260222,0,218837,NATURAL_END_OF_TRACK,MACINTOSH,1,0,false,1572941114,"Lorde - Secrets from a Girl (Who's Seen it All)"
"United States",1466351215,AUDIO,20260222,"3, 6",211296,TRACK_SKIPPED_FORWARDS,MACINTOSH,1,1,false,1466351215,"Eva Noblezada - Flowers"
"United States",1734980428,AUDIO,20260222,17,208581,NATURAL_END_OF_TRACK,IPHONE,1,0,false,1734980428,"Dua Lipa - Training Season"
"United States",1542103620,AUDIO,20260222,8,205412,NATURAL_END_OF_TRACK,IPHONE,1,0,false,1542103620,"Bad Bunny & JHAYCO - DÁKITI"
"United States",1773474486,AUDIO,20260222,22,204284,NATURAL_END_OF_TRACK,IPHONE,1,0,false,1773474486,"Gracie Abrams - I Love You, I'm Sorry (Live From Vevo)"
"United States",1742074192,AUDIO,20260222,3,204162,NATURAL_END_OF_TRACK,MACINTOSH,1,0,false,1742074192,"Taylor Swift - My Boy Only Breaks His Favorite Toys"
"United States",1742058079,AUDIO,20260222,21,203783,NATURAL_END_OF_TRACK,MACINTOSH,1,0,false,1742058079,"Taylor Swift - My Boy Only Breaks His Favorite Toys"
"United States",1578986673,AUDIO,20260222,17,203199,NATURAL_END_OF_TRACK,IPHONE,1,0,false,1578986673,"Elton John & Dua Lipa - Cold Heart (PNAU Remix)"
"United States",1691233985,AUDIO,20260222,15,202518,NATURAL_END_OF_TRACK,MACINTOSH,1,0,false,1691233985,"Reneé Rapp - 23"
"United States",1773474497,VIDEO,20260222,22,202435,NATURAL_END_OF_TRACK,IPHONE,1,0,false,1773474497,Risk
"United States",1524801960,AUDIO,20260222,14,195306,NATURAL_END_OF_TRACK,MACINTOSH,1,0,false,1524801960,"Taylor Swift - this is me trying"
"United States",1541904950,AUDIO,20260222,1,195299,NATURAL_END_OF_TRACK,MACINTOSH,1,0,false,1541904950,"Taylor Swift - this is me trying"
"United States",1645937870,AUDIO,20260222,5,194235,NATURAL_END_OF_TRACK,MACINTOSH,1,0,false,1645937870,"Taylor Swift - You're On Your Own, Kid"
"United States",1650841729,AUDIO,20260222,"1, 2",194200,"MANUALLY_SELECTED_PLAYBACK_OF_A_DIFF_ITEM",MACINTOSH,1,1,false,1650841729,"Taylor Swift - You're On Your Own, Kid"
"United States",1650841746,AUDIO,20260222,19,191455,NATURAL_END_OF_TRACK,MACINTOSH,1,0,false,1650841746,"Taylor Swift - Mastermind"
"United States",1672703108,AUDIO,20260222,14,189474,NATURAL_END_OF_TRACK,MACINTOSH,1,0,false,1672703108,"Reneé Rapp - Don't Tell My Mom"
"United States",1521724998,AUDIO,20260222,20,167775,NATURAL_END_OF_TRACK,MACINTOSH,1,0,false,1521724998,"Gracie Abrams - I miss you, I’m sorry"
"United States",1773474483,AUDIO,20260222,21,166167,NATURAL_END_OF_TRACK,IPHONE,1,0,false,1773474483,"Gracie Abrams - That’s So True"
"United States",1655291589,AUDIO,20260222,1,164874,NATURAL_END_OF_TRACK,MACINTOSH,1,0,false,1655291589,"Red Velvet - Celebrate"
"United States",1773473686,AUDIO,20260222,21,164681,NATURAL_END_OF_TRACK,IPHONE,1,0,false,1773473686,"Gracie Abrams - Felt Good About You"
"United States",1660283622,AUDIO,20260222,"0, 4, 14",162690,TRACK_SKIPPED_FORWARDS,MACINTOSH,2,4,false,1660283622,"The National - The Alcott (feat. Taylor Swift)"
"United States",1773474469,AUDIO,20260222,22,158392,NATURAL_END_OF_TRACK,IPHONE,1,0,false,1773474469,"Gracie Abrams - I Love You, I'm Sorry"
"United States",1874125269,AUDIO,20260222,3,148779,"MANUALLY_SELECTED_PLAYBACK_OF_A_DIFF_ITEM",MACINTOSH,1,1,false,1874125269,"Tame Impala & JENNIE - Dracula (JENNIE Remix)"
"United States",1595423268,AUDIO,20260222,"4, 15, 22",141836,TRACK_SKIPPED_FORWARDS,"IPHONE, MACINTOSH",2,3,false,1595423268,"Taylor Swift - Sad Beautiful Tragic (Taylor's Version)"
"United States",1742058083,AUDIO,20260222,21,121537,"MANUALLY_SELECTED_PLAYBACK_OF_A_DIFF_ITEM",MACINTOSH,1,1,false,1742058083,"Taylor Swift - So Long, London"
"United States",1631578054,AUDIO,20260222,6,104581,NATURAL_END_OF_TRACK,MACINTOSH,1,0,false,1631578054,"Sabrina Carpenter - emails i can’t send"
"United States",1528112364,AUDIO,20260222,19,90985,TRACK_SKIPPED_FORWARDS,IPHONE,1,1,false,1528112364,"Taylor Swift - exile (feat. Bon Iver)"
"United States",1228739604,AUDIO,20260222,17,80290,"MANUALLY_SELECTED_PLAYBACK_OF_A_DIFF_ITEM",IPHONE,1,1,false,1228739604,"Dua Lipa - IDGAF"
"United States",1773474487,AUDIO,20260222,22,78651,"MANUALLY_SELECTED_PLAYBACK_OF_A_DIFF_ITEM",IPHONE,1,1,false,1773474487,"Gracie Abrams - I Knew It, I Know You (Live From Vevo)"
"United States",540657403,AUDIO,20260222,4,56951,"MANUALLY_SELECTED_PLAYBACK_OF_A_DIFF_ITEM",MACINTOSH,1,1,false,540657403,"Alexx Calise - Cry (From ""Dance Moms"")"
"United States",1440832563,AUDIO,20260222,20,47346,"MANUALLY_SELECTED_PLAYBACK_OF_A_DIFF_ITEM",MACINTOSH,1,1,false,1440832563,"Coco O. - Where the Wind Blows"
"United States",1201531001,AUDIO,20260222,2,44215,TRACK_SKIPPED_FORWARDS,MACINTOSH,1,1,false,1201531001,"SUHO & Youngjoo Song - Curtain"
"United States",1773474485,AUDIO,20260222,22,44167,TRACK_SKIPPED_FORWARDS,IPHONE,1,1,false,1773474485,"Gracie Abrams - Packing It Up"
"United States",1787024161,AUDIO,20260222,20,44160,"MANUALLY_SELECTED_PLAYBACK_OF_A_DIFF_ITEM",MACINTOSH,1,1,false,1787024161,"Bad Bunny - LA MuDANZA"
"United States",1481446131,AUDIO,20260222,2,35749,"MANUALLY_SELECTED_PLAYBACK_OF_A_DIFF_ITEM",MACINTOSH,1,1,false,1481446131,"CHEN - Good night"
"United States",1440934434,AUDIO,20260222,3,34866,"MANUALLY_SELECTED_PLAYBACK_OF_A_DIFF_ITEM",MACINTOSH,1,1,false,1440934434,"Taylor Swift - New Year’s Day"
"United States",836769077,AUDIO,20260222,2,0,"MANUALLY_SELECTED_PLAYBACK_OF_A_DIFF_ITEM",MACINTOSH,0,1,false,836769077,"Cher Lloyd - Sirens"
"United States",1696819855,AUDIO,20260222,1,0,TRACK_SKIPPED_FORWARDS,IPHONE,0,1,false,1696819855,"Billie Eilish - What Was I Made For? (From The Motion Picture ""Barbie"")"
"United States",1595423269,AUDIO,20260222,"1, 4",0,TRACK_SKIPPED_FORWARDS,"IPHONE, MACINTOSH",0,2,false,1595423269,"Taylor Swift - The Lucky One (Taylor's Version)"
"United States",1742058092,AUDIO,20260222,23,0,"MANUALLY_SELECTED_PLAYBACK_OF_A_DIFF_ITEM",MACINTOSH,0,1,false,1742058092,"Taylor Swift - Fresh Out The Slammer"
"United States",1673804898,AUDIO,20260222,"4, 17",0,"MANUALLY_SELECTED_PLAYBACK_OF_A_DIFF_ITEM","IPHONE, MACINTOSH",0,2,false,1673804898,"Ed Sheeran - Life Goes On"
"United States",1440873816,AUDIO,20260222,4,0,"MANUALLY_SELECTED_PLAYBACK_OF_A_DIFF_ITEM",MACINTOSH,0,1,false,1440873816,"The Lumineers - Gale Song"
"United States",1716425744,AUDIO,20260222,19,0,TRACK_SKIPPED_BACKWARDS,IPHONE,0,1,false,1716425744,"Reneé Rapp - Snow Angel"
"United States",1838810955,AUDIO,20260222,3,0,"MANUALLY_SELECTED_PLAYBACK_OF_A_DIFF_ITEM",MACINTOSH,0,1,false,1838810955,"Taylor Swift - Father Figure"
"United States",1664288808,AUDIO,20260222,19,0,TRACK_SKIPPED_FORWARDS,IPHONE,0,1,false,1664288808,"Gracie Abrams - I know it won't work"
"United States",1680069571,AUDIO,20260222,13,0,TRACK_SKIPPED_FORWARDS,MACINTOSH,0,1,false,1680069571,"Gracie Abrams - I know it won't work (Live)"
"United States",1440832264,AUDIO,20260222,20,0,TRACK_SKIPPED_FORWARDS,MACINTOSH,0,1,false,1440832264,"will.i.am - Bang Bang"
"United States",1773474473,AUDIO,20260222,22,0,"MANUALLY_SELECTED_PLAYBACK_OF_A_DIFF_ITEM",IPHONE,0,1,false,1773474473,"Gracie Abrams - I Knew It, I Know You"
"United States",1673805199,AUDIO,20260222,13,0,TRACK_SKIPPED_FORWARDS,MACINTOSH,0,1,false,1673805199,"Ed Sheeran - Curtains"
"United States",1742058103,AUDIO,20260222,15,0,TRACK_SKIPPED_FORWARDS,IPHONE,0,1,false,1742058103,"Taylor Swift - loml"
"United States",1551179678,AUDIO,20260222,17,0,"MANUALLY_SELECTED_PLAYBACK_OF_A_DIFF_ITEM",IPHONE,0,1,false,1551179678,"Dua Lipa - We're Good"
"United States",1440833218,AUDIO,20260222,3,0,"MANUALLY_SELECTED_PLAYBACK_OF_A_DIFF_ITEM",MACINTOSH,0,1,false,1440833218,"Lana Del Rey - Young and Beautiful (DH Orchestral Version)"
"United States",1593913701,AUDIO,20260222,5,0,TRACK_SKIPPED_FORWARDS,MACINTOSH,0,1,false,1593913701,"Gracie Abrams - Feels Like"
"United States",1544268301,AUDIO,20260222,"6, 19",0,TRACK_SKIPPED_FORWARDS,"IPHONE, MACINTOSH",0,2,false,1544268301,"Taylor Swift - champagne problems"
"United States",1661348751,AUDIO,20260222,3,0,"MANUALLY_SELECTED_PLAYBACK_OF_A_DIFF_ITEM",MACINTOSH,0,1,false,1661348751,"Kelley McRae - Until the End"
"United States",1787022572,AUDIO,20260222,20,0,"MANUALLY_SELECTED_PLAYBACK_OF_A_DIFF_ITEM",MACINTOSH,0,1,false,1787022572,"Bad Bunny - NUEVAYoL"
"United States",1773474477,AUDIO,20260222,22,0,TRACK_SKIPPED_FORWARDS,IPHONE,0,1,false,1773474477,"Gracie Abrams - Normal Thing"
"United States",1673804898,AUDIO,20260223,"7, 14, 22",4020544,NATURAL_END_OF_TRACK,MACINTOSH,3,1,false,1673804898,"Ed Sheeran - Life Goes On"
"United States",1544268344,AUDIO,20260223,"1, 6, 18, 22",3304258,NATURAL_END_OF_TRACK,MACINTOSH,4,1,false,1544268344,"Taylor Swift - tolerate it"
"United States",1468058177,AUDIO,20260223,"1, 3, 4, 16, 22",1268388,NATURAL_END_OF_TRACK,"IPHONE, MACINTOSH",6,0,false,1468058177,"Taylor Swift - The Archer"
"United States",1595423411,AUDIO,20260223,"2, 15",1226456,NATURAL_END_OF_TRACK,MACINTOSH,2,0,false,1595423411,"Taylor Swift - All Too Well (10 Minute Version) (Taylor's Version) (From The Vault)"
"United States",1742058273,AUDIO,20260223,"2, 4, 16, 21",976311,NATURAL_END_OF_TRACK,"IPHONE, MACINTOSH",4,1,false,1742058273,"Taylor Swift - I Hate It Here"
"United States",1680069571,AUDIO,20260223,"0, 3, 18, 22",905697,NATURAL_END_OF_TRACK,MACINTOSH,4,0,false,1680069571,"Gracie Abrams - I know it won't work (Live)"
"United States",1718576584,AUDIO,20260223,"1, 18, 23",834460,NATURAL_END_OF_TRACK,"IPHONE, MACINTOSH",3,0,false,1718576584,"Taylor Swift - You’re Losing Me (From The Vault)"
"United States",1694386835,AUDIO,20260223,"1, 3, 4, 17",795771,NATURAL_END_OF_TRACK,"IPHONE, MACINTOSH",4,2,false,1694386835,"Olivia Rodrigo - making the bed"
"United States",1673805373,AUDIO,20260223,"1, 4, 7, 15, 22",788590,NATURAL_END_OF_TRACK,MACINTOSH,4,1,false,1673805373,"Ed Sheeran - Stoned (Bonus Track)"
"United States",1524802476,AUDIO,20260223,"4, 15, 22, 23",767338,TRACK_SKIPPED_FORWARDS,"IPHONE, MACINTOSH",4,1,false,1524802476,"Taylor Swift - peace"
"United States",1742075877,AUDIO,20260223,"1, 14, 17",750286,NATURAL_END_OF_TRACK,"IPHONE, MACINTOSH",3,0,false,1742075877,"Taylor Swift - The Prophecy"
"United States",1547316004,AUDIO,20260223,"1, 4, 15",735519,NATURAL_END_OF_TRACK,MACINTOSH,3,0,false,1547316004,"Taylor Swift - right where you left me (bonus track)"
"United States",1673804914,AUDIO,20260223,"4, 7, 17",693014,NATURAL_END_OF_TRACK,MACINTOSH,3,0,false,1673804914,"Ed Sheeran - End Of Youth"
"United States",1664288817,AUDIO,20260223,"1, 4, 21, 23",690990,NATURAL_END_OF_TRACK,"IPHONE, MACINTOSH",3,1,false,1664288817,"Gracie Abrams - Will you cry?"
"United States",1773474484,AUDIO,20260223,"3, 16, 21",663984,NATURAL_END_OF_TRACK,MACINTOSH,3,0,false,1773474484,"Gracie Abrams - I Told You Things"
"United States",1596155191,AUDIO,20260223,"2, 22",629168,TRACK_SKIPPED_FORWARDS,MACINTOSH,2,1,false,1596155191,"Taylor Swift - All Too Well (Sad Girl Autumn Version) [Recorded at Long Pond Studios]"
"United States",1878183696,AUDIO,20260223,21,624335,"MANUALLY_SELECTED_PLAYBACK_OF_A_DIFF_ITEM",MACINTOSH,3,1,false,1878183696,"Taylor Swift & BUNT. - Opalite (BUNT. Remix)"
"United States",1541905079,AUDIO,20260223,"17, 22",590800,NATURAL_END_OF_TRACK,MACINTOSH,2,0,false,1541905079,"Taylor Swift - my tears ricochet (the long pond studio sessions)"
"United States",1690840121,AUDIO,20260223,"3, 17",588583,NATURAL_END_OF_TRACK,MACINTOSH,2,0,false,1690840121,"Taylor Swift - Back To December (Taylor's Version)"
"United States",1650841746,AUDIO,20260223,"1, 4, 22",573505,NATURAL_END_OF_TRACK,MACINTOSH,3,0,false,1650841746,"Taylor Swift - Mastermind"
"United States",1528112364,AUDIO,20260223,"15, 22",571404,NATURAL_END_OF_TRACK,MACINTOSH,2,0,false,1528112364,"Taylor Swift - exile (feat. Bon Iver)"
"United States",1742058284,AUDIO,20260223,"1, 3, 17",568432,NATURAL_END_OF_TRACK,MACINTOSH,2,1,false,1742058284,"Taylor Swift - Peter"
"United States",1673805199,AUDIO,20260223,"7, 8",565667,NATURAL_END_OF_TRACK,MACINTOSH,3,1,false,1673805199,"Ed Sheeran - Curtains"
"United States",1544268361,AUDIO,20260223,"5, 21",560452,NATURAL_END_OF_TRACK,MACINTOSH,2,0,false,1544268361,"Taylor Swift - marjorie"
"United States",1672703108,AUDIO,20260223,"2, 16, 23",539860,OTHER,"IPHONE, MACINTOSH",3,0,false,1672703108,"Reneé Rapp - Don't Tell My Mom"
"United States",1544268356,AUDIO,20260223,"4, 18",520809,NATURAL_END_OF_TRACK,"IPHONE, MACINTOSH",2,0,false,1544268356,"Taylor Swift - ivy"
"United States",1650841755,AUDIO,20260223,"17, 22",520682,NATURAL_END_OF_TRACK,MACINTOSH,2,0,false,1650841755,"Taylor Swift - Would've, Could've, Should've"
"United States",1521724998,AUDIO,20260223,"0, 3, 17",502953,NATURAL_END_OF_TRACK,MACINTOSH,3,0,false,1521724998,"Gracie Abrams - I miss you, I’m sorry"
"United States",1742058105,AUDIO,20260223,"3, 17",491209,NATURAL_END_OF_TRACK,MACINTOSH,2,0,false,1742058105,"Taylor Swift - The Smallest Man Who Ever Lived"
"United States",1673804547,AUDIO,20260223,"7, 8",479536,NATURAL_END_OF_TRACK,MACINTOSH,2,0,false,1673804547,"Ed Sheeran - Salt Water"
"United States",1541907057,AUDIO,20260223,"4, 16, 22, 23",475182,"MANUALLY_SELECTED_PLAYBACK_OF_A_DIFF_ITEM","IPHONE, MACINTOSH",2,2,false,1541907057,"Taylor Swift - mirrorball (the long pond studio sessions)"
"United States",1694386840,AUDIO,20260223,"1, 3, 4, 22",463805,TRACK_SKIPPED_FORWARDS,"IPHONE, MACINTOSH",2,2,false,1694386840,"Olivia Rodrigo - logical"
"United States",1595423274,AUDIO,20260223,"18, 22",446949,NATURAL_END_OF_TRACK,MACINTOSH,2,0,false,1595423274,"Taylor Swift - Come Back...Be Here (Taylor's Version)"
"United States",1694386938,AUDIO,20260223,"1, 4",444738,NATURAL_END_OF_TRACK,"IPHONE, MACINTOSH",2,0,false,1694386938,"Olivia Rodrigo - teenage dream"
"United States",1650841748,AUDIO,20260223,"1, 2, 4, 22",437088,TRACK_SKIPPED_FORWARDS,"IPHONE, MACINTOSH",2,2,false,1650841748,"Taylor Swift - Bigger Than The Whole Sky"
"United States",1645937870,AUDIO,20260223,"1, 3, 16",435929,NATURAL_END_OF_TRACK,MACINTOSH,3,0,false,1645937870,"Taylor Swift - You're On Your Own, Kid"
"United States",1673805713,AUDIO,20260223,"6, 7",430395,NATURAL_END_OF_TRACK,MACINTOSH,2,0,false,1673805713,"Ed Sheeran - Moving (Bonus Track)"
"United States",1673805212,AUDIO,20260223,"7, 15",429680,NATURAL_END_OF_TRACK,MACINTOSH,2,0,false,1673805212,"Ed Sheeran - Spark"
"United States",1541905149,AUDIO,20260223,"1, 3",418997,NATURAL_END_OF_TRACK,MACINTOSH,2,0,false,1541905149,"Taylor Swift - this is me trying (the long pond studio sessions)"
"United States",1673804922,AUDIO,20260223,"6, 8",418517,NATURAL_END_OF_TRACK,MACINTOSH,2,0,false,1673804922,"Ed Sheeran - Colourblind"
"United States",1468058699,AUDIO,20260223,"2, 16, 23",403602,"MANUALLY_SELECTED_PLAYBACK_OF_A_DIFF_ITEM","IPHONE, MACINTOSH",2,2,false,1468058699,"Taylor Swift - Soon You’ll Get Better (feat. The Chicks)"
"United States",1673805365,AUDIO,20260223,"7, 14",390069,NATURAL_END_OF_TRACK,MACINTOSH,2,0,false,1673805365,"Ed Sheeran - The Hills of Aberfeldy"
"United States",1673804556,AUDIO,20260223,"7, 14",389492,NATURAL_END_OF_TRACK,MACINTOSH,2,0,false,1673804556,"Ed Sheeran - Eyes Closed"
"United States",540657403,AUDIO,20260223,"0, 21",385208,NATURAL_END_OF_TRACK,MACINTOSH,2,0,false,540657403,"Alexx Calise - Cry (From ""Dance Moms"")"
"United States",1673804546,AUDIO,20260223,"6, 7",371517,NATURAL_END_OF_TRACK,MACINTOSH,2,0,false,1673804546,"Ed Sheeran - Boat"
"United States",1593913707,AUDIO,20260223,"6, 23",360599,"MANUALLY_SELECTED_PLAYBACK_OF_A_DIFF_ITEM","IPHONE, MACINTOSH",2,1,false,1593913707,"Gracie Abrams - Camden"
"United States",1673805367,AUDIO,20260223,"6, 7",356406,NATURAL_END_OF_TRACK,MACINTOSH,2,0,false,1673805367,"Ed Sheeran - Wildflowers (Bonus Track)"
"United States",1673805220,AUDIO,20260223,"6, 7",356213,NATURAL_END_OF_TRACK,MACINTOSH,2,0,false,1673805220,"Ed Sheeran - Vega"
"United States",1673805359,AUDIO,20260223,"7, 15",348290,NATURAL_END_OF_TRACK,MACINTOSH,2,0,false,1673805359,"Ed Sheeran - No Strings"
"United States",1595423268,AUDIO,20260223,"6, 16",338709,NATURAL_END_OF_TRACK,MACINTOSH,2,1,false,1595423268,"Taylor Swift - Sad Beautiful Tragic (Taylor's Version)"
"United States",1742058100,AUDIO,20260223,0,333992,NATURAL_END_OF_TRACK,MACINTOSH,1,0,false,1742058100,"Taylor Swift - Who’s Afraid of Little Old Me?"
"United States",1773474483,AUDIO,20260223,"4, 23",333171,NATURAL_END_OF_TRACK,IPHONE,2,0,false,1773474483,"Gracie Abrams - That’s So True"
"United States",1672703433,AUDIO,20260223,"1, 4, 22",329353,NATURAL_END_OF_TRACK,"IPHONE, MACINTOSH",2,1,false,1672703433,"Reneé Rapp - Everything To Everyone (Extended Version)"
"United States",1691828312,AUDIO,20260223,"0, 17",326032,NATURAL_END_OF_TRACK,MACINTOSH,2,1,false,1691828312,"Gracie Abrams - Amelie"
"United States",1689331532,AUDIO,20260223,"3, 16",322943,NATURAL_END_OF_TRACK,MACINTOSH,2,0,false,1689331532,"Lauren Spencer Smith - Bigger Person"
"United States",1544268350,AUDIO,20260223,22,315439,NATURAL_END_OF_TRACK,IPHONE,1,0,false,1544268350,"Taylor Swift - happiness"
"United States",1690841273,AUDIO,20260223,15,311671,NATURAL_END_OF_TRACK,MACINTOSH,1,0,false,1690841273,"Taylor Swift - Foolish One (Taylor's Version) (From The Vault)"
"United States",1690841083,AUDIO,20260223,"3, 22",306230,TRACK_SKIPPED_FORWARDS,"IPHONE, MACINTOSH",1,1,false,1690841083,"Taylor Swift - Castles Crumbling (Taylor's Version) (From The Vault) [feat. Hayley Williams]"
"United States",1524801960,AUDIO,20260223,"3, 18",303062,NATURAL_END_OF_TRACK,MACINTOSH,2,1,false,1524801960,"Taylor Swift - this is me trying"
"United States",1691233985,AUDIO,20260223,"3, 17",281638,TRACK_SKIPPED_FORWARDS,MACINTOSH,2,1,false,1691233985,"Reneé Rapp - 23"
"United States",1660283622,AUDIO,20260223,15,267949,NATURAL_END_OF_TRACK,MACINTOSH,1,0,false,1660283622,"The National - The Alcott (feat. Taylor Swift)"
"United States",1595423407,AUDIO,20260223,16,263783,NATURAL_END_OF_TRACK,MACINTOSH,1,0,false,1595423407,"Taylor Swift - Forever Winter (Taylor's Version) (From The Vault)"
"United States",1691828315,AUDIO,20260223,22,258934,NATURAL_END_OF_TRACK,MACINTOSH,1,0,false,1691828315,"Gracie Abrams - Difficult"
"United States",1595423279,AUDIO,20260223,17,258840,NATURAL_END_OF_TRACK,MACINTOSH,1,0,false,1595423279,"Taylor Swift - Nothing New (Taylor's Version) (From The Vault) [feat. Phoebe Bridgers]"
"United States",1524801591,AUDIO,20260223,18,256087,NATURAL_END_OF_TRACK,MACINTOSH,1,0,false,1524801591,"Taylor Swift - my tears ricochet"
"United States",1256607815,AUDIO,20260223,16,247496,NATURAL_END_OF_TRACK,MACINTOSH,1,0,false,1256607815,"Phoebe Bridgers - Georgia"
"United States",1615585012,AUDIO,20260223,15,246137,NATURAL_END_OF_TRACK,MACINTOSH,1,0,false,1615585012,"Harry Styles - Matilda"
"United States",1698554079,AUDIO,20260223,15,245998,NATURAL_END_OF_TRACK,MACINTOSH,1,0,false,1698554079,"AGNEZ MO - Things Will Get Better"
"United States",1487502476,AUDIO,20260223,3,245457,NATURAL_END_OF_TRACK,MACINTOSH,1,0,false,1487502476,"Billie Eilish - everything i wanted"
"United States",1544268301,AUDIO,20260223,"6, 15, 21",243999,"MANUALLY_SELECTED_PLAYBACK_OF_A_DIFF_ITEM",MACINTOSH,1,2,false,1544268301,"Taylor Swift - champagne problems"
"United States",1742058529,AUDIO,20260223,2,241176,NATURAL_END_OF_TRACK,MACINTOSH,1,0,false,1742058529,"Taylor Swift - Robin"
"United States",1595423269,AUDIO,20260223,17,240759,NATURAL_END_OF_TRACK,MACINTOSH,1,0,false,1595423269,"Taylor Swift - The Lucky One (Taylor's Version)"
"United States",1485802975,AUDIO,20260223,4,240372,NATURAL_END_OF_TRACK,MACINTOSH,1,0,false,1485802975,"Harry Styles - Falling"
"United States",1676966710,AUDIO,20260223,16,239885,NATURAL_END_OF_TRACK,MACINTOSH,1,0,false,1676966710,"Taylor Swift, Joy Williams & John Paul White - Safe & Sound (Taylor's Version)"
"United States",1742058287,AUDIO,20260223,16,238232,NATURAL_END_OF_TRACK,MACINTOSH,1,0,false,1742058287,"Taylor Swift - The Bolter"
"United States",1673805210,AUDIO,20260223,7,237668,NATURAL_END_OF_TRACK,MACINTOSH,1,0,false,1673805210,"Ed Sheeran - Borderline"
"United States",1878173708,AUDIO,20260223,21,235595,NATURAL_END_OF_TRACK,MACINTOSH,1,1,false,1878173708,"Taylor Swift & Skream - Opalite (Skream Remix)"
"United States",1664288807,AUDIO,20260223,"2, 23",233524,TRACK_SKIPPED_FORWARDS,"IPHONE, MACINTOSH",1,1,false,1664288807,"Gracie Abrams - Best"
"United States",1436646795,AUDIO,20260223,3,232566,NATURAL_END_OF_TRACK,MACINTOSH,1,0,false,1436646795,"Phoebe Bridgers - Funeral"
"United States",1256607810,AUDIO,20260223,16,229992,NATURAL_END_OF_TRACK,MACINTOSH,1,0,false,1256607810,"Phoebe Bridgers - Motion Sickness"
"United States",1673804906,AUDIO,20260223,7,222949,NATURAL_END_OF_TRACK,MACINTOSH,1,0,false,1673804906,"Ed Sheeran - Dusty"
"United States",1696819855,AUDIO,20260223,15,222359,NATURAL_END_OF_TRACK,MACINTOSH,1,0,false,1696819855,"Billie Eilish - What Was I Made For? (From The Motion Picture ""Barbie"")"
"United States",1193701511,AUDIO,20260223,"6, 18",221012,NATURAL_END_OF_TRACK,MACINTOSH,1,1,false,1193701511,"Ed Sheeran - Supermarket Flowers"
"United States",1742058104,AUDIO,20260223,"0, 4",218318,NATURAL_END_OF_TRACK,"IPHONE, MACINTOSH",1,1,false,1742058104,"Taylor Swift - I Can Do It With a Broken Heart"
"United States",1581087760,AUDIO,20260223,2,215692,NATURAL_END_OF_TRACK,MACINTOSH,1,0,false,1581087760,"Ed Sheeran - Visiting Hours"
"United States",1716425744,AUDIO,20260223,22,215643,NATURAL_END_OF_TRACK,MACINTOSH,1,0,false,1716425744,"Reneé Rapp - Snow Angel"
"United States",1673805709,AUDIO,20260223,7,213763,NATURAL_END_OF_TRACK,MACINTOSH,1,0,false,1673805709,"Ed Sheeran - Toughest (Bonus Track)"
"United States",1466351215,AUDIO,20260223,16,211012,NATURAL_END_OF_TRACK,MACINTOSH,1,0,false,1466351215,"Eva Noblezada - Flowers"
"United States",1878155986,AUDIO,20260223,21,206603,"MANUALLY_SELECTED_PLAYBACK_OF_A_DIFF_ITEM",MACINTOSH,1,2,false,1878155986,"Taylor Swift & Ely Oaks - Opalite (Ely Oaks Remix)"
"United States",1504700020,AUDIO,20260223,"1, 6",201230,TRACK_SKIPPED_FORWARDS,MACINTOSH,2,2,false,1504700020,"Phoebe Bridgers - I Know the End"
"United States",1565850763,AUDIO,20260223,16,171524,NATURAL_END_OF_TRACK,MACINTOSH,1,0,false,1565850763,"Gracie Abrams - Mess It Up"
"United States",1673805225,AUDIO,20260223,"7, 15",170256,"MANUALLY_SELECTED_PLAYBACK_OF_A_DIFF_ITEM",MACINTOSH,1,1,false,1673805225,"Ed Sheeran - Sycamore"
"United States",1743054747,AUDIO,20260223,17,157368,NATURAL_END_OF_TRACK,MACINTOSH,1,0,false,1743054747,"Gracie Abrams - I Love You, I'm Sorry"
"United States",1593913701,AUDIO,20260223,15,152336,NATURAL_END_OF_TRACK,MACINTOSH,1,0,false,1593913701,"Gracie Abrams - Feels Like"
"United States",1742058101,AUDIO,20260223,0,147576,"MANUALLY_SELECTED_PLAYBACK_OF_A_DIFF_ITEM",MACINTOSH,1,1,false,1742058101,"Taylor Swift - I Can Fix Him (No Really I Can)"
"United States",1650841907,AUDIO,20260223,4,134754,PLAYBACK_MANUALLY_PAUSED,IPHONE,1,0,false,1650841907,"Taylor Swift - Dear Reader"
"United States",1631578054,AUDIO,20260223,22,52730,PLAYBACK_MANUALLY_PAUSED,MACINTOSH,1,0,false,1631578054,"Sabrina Carpenter - emails i can’t send"
"United States",1595423266,AUDIO,20260223,16,39650,"MANUALLY_SELECTED_PLAYBACK_OF_A_DIFF_ITEM",MACINTOSH,1,1,false,1595423266,"Taylor Swift - The Last Time (Taylor's Version) [feat. Gary Lightbody]"
"United States",1690840524,AUDIO,20260223,1,34469,TRACK_SKIPPED_FORWARDS,MACINTOSH,1,1,false,1690840524,"Taylor Swift - Never Grow Up (Taylor's Version)"
"United States",1117418451,AUDIO,20260223,3,0,TRACK_SKIPPED_FORWARDS,MACINTOSH,0,1,false,1117418451,"Jessie Mueller - She Used to Be Mine"
"United States",1742058107,AUDIO,20260223,0,0,"MANUALLY_SELECTED_PLAYBACK_OF_A_DIFF_ITEM",MACINTOSH,0,1,false,1742058107,"Taylor Swift - Clara Bow"
"United States",1773474488,AUDIO,20260223,4,0,TRACK_SKIPPED_FORWARDS,IPHONE,0,1,false,1773474488,"Gracie Abrams - Free Now (Live From Vevo)"
"United States",1742058267,AUDIO,20260223,0,0,"MANUALLY_SELECTED_PLAYBACK_OF_A_DIFF_ITEM",MACINTOSH,0,1,false,1742058267,"Taylor Swift - How Did It End?"
"United States",1652136887,AUDIO,20260223,1,0,TRACK_SKIPPED_FORWARDS,MACINTOSH,0,1,false,1652136887,"Selena Gomez - My Mind & Me"
"United States",1742075509,AUDIO,20260223,16,0,"MANUALLY_SELECTED_PLAYBACK_OF_A_DIFF_ITEM",MACINTOSH,0,1,false,1742075509,"Taylor Swift - How Did It End?"
"United States",1742058261,AUDIO,20260223,0,0,"MANUALLY_SELECTED_PLAYBACK_OF_A_DIFF_ITEM",MACINTOSH,0,1,false,1742058261,"Taylor Swift - The Albatross"
"United States",1673805716,VIDEO,20260223,15,0,TRACK_SKIPPED_FORWARDS,MACINTOSH,0,1,false,1673805716,"Subtract - Trailer"
"United States",1440832542,AUDIO,20260224,"5, 13, 19",1205002,NATURAL_END_OF_TRACK,IPHONE,5,1,false,1440832542,"Fergie, Q-Tip & GoonRock - A Little Party Never Killed Nobody (All We Got)"
"United States",1595423411,AUDIO,20260224,"14, 19",1081088,NATURAL_END_OF_TRACK,IPHONE,2,1,false,1595423411,"Taylor Swift - All Too Well (10 Minute Version) (Taylor's Version) (From The Vault)"
"United States",1440832246,AUDIO,20260224,"5, 19",920972,"MANUALLY_SELECTED_PLAYBACK_OF_A_DIFF_ITEM",IPHONE,4,1,false,1440832246,"Lana Del Rey - Young and Beautiful"
"United States",1596155191,AUDIO,20260224,"7, 17",804088,TRACK_SKIPPED_FORWARDS,"IPHONE, MACINTOSH",2,1,false,1596155191,"Taylor Swift - All Too Well (Sad Girl Autumn Version) [Recorded at Long Pond Studios]"
"United States",1440833218,AUDIO,20260224,"5, 19",803570,NATURAL_END_OF_TRACK,IPHONE,4,1,false,1440833218,"Lana Del Rey - Young and Beautiful (DH Orchestral Version)"
"United States",1595423407,AUDIO,20260224,"3, 6, 17, 23",791630,NATURAL_END_OF_TRACK,"IPHONE, MACINTOSH",3,3,false,1595423407,"Taylor Swift - Forever Winter (Taylor's Version) (From The Vault)"
"United States",1544268361,AUDIO,20260224,"1, 14, 23",773955,NATURAL_END_OF_TRACK,IPHONE,3,0,false,1544268361,"Taylor Swift - marjorie"
"United States",1256607810,AUDIO,20260224,"1, 4, 6, 7, 17",689984,TRACK_SKIPPED_FORWARDS,"IPHONE, MACINTOSH",3,2,false,1256607810,"Phoebe Bridgers - Motion Sickness"
"United States",1680069571,AUDIO,20260224,"3, 6, 17",680027,NATURAL_END_OF_TRACK,"IPHONE, MACINTOSH",3,0,false,1680069571,"Gracie Abrams - I know it won't work (Live)"
"United States",1742058105,AUDIO,20260224,"3, 14, 23",671882,TRACK_SKIPPED_FORWARDS,"IPHONE, MACINTOSH",3,1,false,1742058105,"Taylor Swift - The Smallest Man Who Ever Lived"
"United States",1694386835,AUDIO,20260224,"6, 13, 23",597314,NATURAL_END_OF_TRACK,"IPHONE, MACINTOSH",3,0,false,1694386835,"Olivia Rodrigo - making the bed"
"United States",1742058284,AUDIO,20260224,"3, 5, 21, 23",564878,TRACK_SKIPPED_FORWARDS,"IPHONE, MACINTOSH",2,2,false,1742058284,"Taylor Swift - Peter"
"United States",1691828315,AUDIO,20260224,"3, 17",518550,NATURAL_END_OF_TRACK,"IPHONE, MACINTOSH",2,0,false,1691828315,"Gracie Abrams - Difficult"
"United States",1742075877,AUDIO,20260224,"4, 21, 23",500110,TRACK_SKIPPED_BACKWARDS,"IPHONE, MACINTOSH",2,1,false,1742075877,"Taylor Swift - The Prophecy"
"United States",1544268301,AUDIO,20260224,"3, 6, 14",482043,TRACK_SKIPPED_FORWARDS,"IPHONE, MACINTOSH",3,2,false,1544268301,"Taylor Swift - champagne problems"
"United States",1743054747,AUDIO,20260224,"4, 6, 23",466603,NATURAL_END_OF_TRACK,"IPHONE, MACINTOSH",3,1,false,1743054747,"Gracie Abrams - I Love You, I'm Sorry"
"United States",1664288817,AUDIO,20260224,"1, 14",460388,NATURAL_END_OF_TRACK,IPHONE,2,0,false,1664288817,"Gracie Abrams - Will you cry?"
"United States",1696819855,AUDIO,20260224,"3, 6",444905,NATURAL_END_OF_TRACK,MACINTOSH,2,0,false,1696819855,"Billie Eilish - What Was I Made For? (From The Motion Picture ""Barbie"")"
"United States",1697989328,AUDIO,20260224,6,394107,NATURAL_END_OF_TRACK,MACINTOSH,1,0,false,1697989328,"Phoebe Bridgers - Waiting Room"
"United States",1504700020,AUDIO,20260224,3,344941,NATURAL_END_OF_TRACK,MACINTOSH,1,0,false,1504700020,"Phoebe Bridgers - I Know the End"
"United States",1673805199,AUDIO,20260224,"1, 6, 17",339544,"MANUALLY_SELECTED_PLAYBACK_OF_A_DIFF_ITEM","IPHONE, MACINTOSH",2,2,false,1673805199,"Ed Sheeran - Curtains"
"United States",1690841083,AUDIO,20260224,21,306348,NATURAL_END_OF_TRACK,MACINTOSH,1,0,false,1690841083,"Taylor Swift - Castles Crumbling (Taylor's Version) (From The Vault) [feat. Hayley Williams]"
"United States",1690840524,AUDIO,20260224,"1, 6, 14",291940,NATURAL_END_OF_TRACK,"IPHONE, MACINTOSH",1,2,false,1690840524,"Taylor Swift - Never Grow Up (Taylor's Version)"
"United States",1528112364,AUDIO,20260224,7,285841,NATURAL_END_OF_TRACK,MACINTOSH,1,0,false,1528112364,"Taylor Swift - exile (feat. Bon Iver)"
"United States",1595423268,AUDIO,20260224,"4, 16",285241,NATURAL_END_OF_TRACK,"IPHONE, MACINTOSH",1,1,false,1595423268,"Taylor Swift - Sad Beautiful Tragic (Taylor's Version)"
"United States",1541907057,AUDIO,20260224,"7, 14",280292,NATURAL_END_OF_TRACK,"IPHONE, MACINTOSH",2,1,false,1541907057,"Taylor Swift - mirrorball (the long pond studio sessions)"
"United States",1718576584,AUDIO,20260224,6,278099,NATURAL_END_OF_TRACK,MACINTOSH,1,0,false,1718576584,"Taylor Swift - You’re Losing Me (From The Vault)"
"United States",1468058177,AUDIO,20260224,"1, 14",271012,TRACK_SKIPPED_FORWARDS,IPHONE,2,1,false,1468058177,"Taylor Swift - The Archer"
"United States",1541905079,AUDIO,20260224,1,264257,PLAYBACK_MANUALLY_PAUSED,IPHONE,1,0,false,1541905079,"Taylor Swift - my tears ricochet (the long pond studio sessions)"
"United States",1650841755,AUDIO,20260224,14,260736,NATURAL_END_OF_TRACK,IPHONE,1,0,false,1650841755,"Taylor Swift - Would've, Could've, Should've"
"United States",1652136887,AUDIO,20260224,"1, 4, 6",257043,TRACK_SKIPPED_FORWARDS,"IPHONE, MACINTOSH",2,2,false,1652136887,"Selena Gomez - My Mind & Me"
"United States",1256607815,AUDIO,20260224,"6, 17",247980,NATURAL_END_OF_TRACK,"IPHONE, MACINTOSH",1,1,false,1256607815,"Phoebe Bridgers - Georgia"
"United States",1593913707,AUDIO,20260224,"4, 23",246552,TRACK_SKIPPED_FORWARDS,"IPHONE, MACINTOSH",1,1,false,1593913707,"Gracie Abrams - Camden"
"United States",1615585012,AUDIO,20260224,6,246142,NATURAL_END_OF_TRACK,MACINTOSH,1,0,false,1615585012,"Harry Styles - Matilda"
"United States",1547316004,AUDIO,20260224,"3, 6",245243,TRACK_SKIPPED_FORWARDS,MACINTOSH,1,1,false,1547316004,"Taylor Swift - right where you left me (bonus track)"
"United States",1742058529,AUDIO,20260224,1,241411,NATURAL_END_OF_TRACK,IPHONE,1,0,false,1742058529,"Taylor Swift - Robin"
"United States",1595423269,AUDIO,20260224,"1, 3, 17",240730,"MANUALLY_SELECTED_PLAYBACK_OF_A_DIFF_ITEM","IPHONE, MACINTOSH",1,2,false,1595423269,"Taylor Swift - The Lucky One (Taylor's Version)"
"United States",1742058287,AUDIO,20260224,3,238517,NATURAL_END_OF_TRACK,MACINTOSH,1,0,false,1742058287,"Taylor Swift - The Bolter"
"United States",1694386840,AUDIO,20260224,14,232966,NATURAL_END_OF_TRACK,IPHONE,1,0,false,1694386840,"Olivia Rodrigo - logical"
"United States",1689131982,AUDIO,20260224,23,230631,"MANUALLY_SELECTED_PLAYBACK_OF_A_DIFF_ITEM",IPHONE,1,1,false,1689131982,"Taylor Swift - High Infidelity"
"United States",1689132077,AUDIO,20260224,23,226344,NATURAL_END_OF_TRACK,IPHONE,1,0,false,1689132077,"Taylor Swift - Dear Reader"
"United States",1650841907,AUDIO,20260224,"4, 17",225595,NATURAL_END_OF_TRACK,"IPHONE, MACINTOSH",1,1,false,1650841907,"Taylor Swift - Dear Reader"
"United States",1694386938,AUDIO,20260224,"4, 17",222543,"MANUALLY_SELECTED_PLAYBACK_OF_A_DIFF_ITEM","IPHONE, MACINTOSH",1,1,false,1694386938,"Olivia Rodrigo - teenage dream"
"United States",1581087760,AUDIO,20260224,"1, 3",215532,NATURAL_END_OF_TRACK,"IPHONE, MACINTOSH",1,1,false,1581087760,"Ed Sheeran - Visiting Hours"
"United States",1716425744,AUDIO,20260224,4,215399,NATURAL_END_OF_TRACK,MACINTOSH,1,0,false,1716425744,"Reneé Rapp - Snow Angel"
"United States",1541905149,AUDIO,20260224,"7, 23",209498,TRACK_SKIPPED_FORWARDS,"IPHONE, MACINTOSH",1,1,false,1541905149,"Taylor Swift - this is me trying (the long pond studio sessions)"
"United States",1673804898,AUDIO,20260224,"4, 17",204638,"MANUALLY_SELECTED_PLAYBACK_OF_A_DIFF_ITEM","IPHONE, MACINTOSH",1,2,false,1673804898,"Ed Sheeran - Life Goes On"
"United States",1689131531,AUDIO,20260224,23,202548,NATURAL_END_OF_TRACK,IPHONE,1,0,false,1689131531,"Taylor Swift - Lavender Haze"
"United States",1689131533,AUDIO,20260224,23,202299,NATURAL_END_OF_TRACK,IPHONE,1,0,false,1689131533,"Taylor Swift - Anti-Hero"
"United States",1673805373,AUDIO,20260224,3,197303,NATURAL_END_OF_TRACK,MACINTOSH,1,0,false,1673805373,"Ed Sheeran - Stoned (Bonus Track)"
"United States",1524801960,AUDIO,20260224,3,195315,NATURAL_END_OF_TRACK,MACINTOSH,1,0,false,1524801960,"Taylor Swift - this is me trying"
"United States",540657403,AUDIO,20260224,"6, 14",192634,TRACK_SKIPPED_FORWARDS,"IPHONE, MACINTOSH",1,1,false,540657403,"Alexx Calise - Cry (From ""Dance Moms"")"
"United States",1650841746,AUDIO,20260224,"1, 4",191264,TRACK_SKIPPED_FORWARDS,"IPHONE, MACINTOSH",1,1,false,1650841746,"Taylor Swift - Mastermind"
"United States",1672703108,AUDIO,20260224,"3, 6",189495,"MANUALLY_SELECTED_PLAYBACK_OF_A_DIFF_ITEM",MACINTOSH,1,1,false,1672703108,"Reneé Rapp - Don't Tell My Mom"
"United States",1521724998,AUDIO,20260224,14,168126,NATURAL_END_OF_TRACK,IPHONE,1,0,false,1521724998,"Gracie Abrams - I miss you, I’m sorry"
"United States",1672703433,AUDIO,20260224,6,164645,NATURAL_END_OF_TRACK,MACINTOSH,1,0,false,1672703433,"Reneé Rapp - Everything To Everyone (Extended Version)"
"United States",1691828312,AUDIO,20260224,17,104522,"MANUALLY_SELECTED_PLAYBACK_OF_A_DIFF_ITEM",IPHONE,1,1,false,1691828312,"Gracie Abrams - Amelie"
"United States",1524801591,AUDIO,20260224,"6, 14",78340,TRACK_SKIPPED_FORWARDS,"IPHONE, MACINTOSH",1,2,false,1524801591,"Taylor Swift - my tears ricochet"
"United States",1544268344,AUDIO,20260224,"1, 14",51911,TRACK_SKIPPED_FORWARDS,IPHONE,1,2,false,1544268344,"Taylor Swift - tolerate it"
"United States",1673804914,AUDIO,20260224,"1, 4",50108,"MANUALLY_SELECTED_PLAYBACK_OF_A_DIFF_ITEM","IPHONE, MACINTOSH",1,2,false,1673804914,"Ed Sheeran - End Of Youth"
"United States",1524802476,AUDIO,20260224,"1, 4, 13, 17",46752,TRACK_SKIPPED_FORWARDS,"IPHONE, MACINTOSH",1,3,false,1524802476,"Taylor Swift - peace"
"United States",1657869526,AUDIO,20260224,6,45395,"MANUALLY_SELECTED_PLAYBACK_OF_A_DIFF_ITEM",MACINTOSH,1,1,false,1657869526,"SZA - Ghost in the Machine (feat. Phoebe Bridgers)"
"United States",1742058103,AUDIO,20260224,4,39005,TRACK_SKIPPED_FORWARDS,MACINTOSH,1,1,false,1742058103,"Taylor Swift - loml"
"United States",1645937870,AUDIO,20260224,6,0,TRACK_SKIPPED_FORWARDS,MACINTOSH,0,1,false,1645937870,"Taylor Swift - You're On Your Own, Kid"
"United States",1690841273,AUDIO,20260224,14,0,"MANUALLY_SELECTED_PLAYBACK_OF_A_DIFF_ITEM",IPHONE,0,1,false,1690841273,"Taylor Swift - Foolish One (Taylor's Version) (From The Vault)"
"United States",1660283622,AUDIO,20260224,17,0,TRACK_SKIPPED_FORWARDS,IPHONE,0,1,false,1660283622,"The National - The Alcott (feat. Taylor Swift)"
"United States",1436646795,AUDIO,20260224,"1, 6",0,"MANUALLY_SELECTED_PLAYBACK_OF_A_DIFF_ITEM","IPHONE, MACINTOSH",0,2,false,1436646795,"Phoebe Bridgers - Funeral"
"United States",1650841748,AUDIO,20260224,23,0,TRACK_SKIPPED_FORWARDS,IPHONE,0,1,false,1650841748,"Taylor Swift - Bigger Than The Whole Sky"
"United States",1468058699,AUDIO,20260224,4,0,TRACK_SKIPPED_FORWARDS,MACINTOSH,0,1,false,1468058699,"Taylor Swift - Soon You’ll Get Better (feat. The Chicks)"
"United States",1595423279,AUDIO,20260224,17,0,TRACK_SKIPPED_FORWARDS,IPHONE,0,1,false,1595423279,"Taylor Swift - Nothing New (Taylor's Version) (From The Vault) [feat. Phoebe Bridgers]"
"United States",1544268356,AUDIO,20260224,17,0,TRACK_SKIPPED_FORWARDS,IPHONE,0,1,false,1544268356,"Taylor Swift - ivy"
"United States",1742058273,AUDIO,20260224,"4, 17",0,TRACK_SKIPPED_FORWARDS,"IPHONE, MACINTOSH",0,2,false,1742058273,"Taylor Swift - I Hate It Here"
"United States",1676966710,AUDIO,20260224,23,0,TRACK_SKIPPED_FORWARDS,IPHONE,0,1,false,1676966710,"Taylor Swift, Joy Williams & John Paul White - Safe & Sound (Taylor's Version)"
"United States",1593913701,AUDIO,20260224,17,0,TRACK_SKIPPED_FORWARDS,IPHONE,0,1,false,1593913701,"Gracie Abrams - Feels Like"
"United States",1689131534,AUDIO,20260224,23,0,TRACK_SKIPPED_FORWARDS,IPHONE,0,1,false,1689131534,"Taylor Swift - Snow On The Beach (feat. Lana Del Rey)"
"United States",1689131960,AUDIO,20260224,23,0,"MANUALLY_SELECTED_PLAYBACK_OF_A_DIFF_ITEM",IPHONE,0,1,false,1689131960,"Taylor Swift - Question...?"
"United States",1631578054,AUDIO,20260224,"3, 16",0,TRACK_SKIPPED_FORWARDS,"IPHONE, MACINTOSH",0,2,false,1631578054,"Sabrina Carpenter - emails i can’t send"
"United States",1595423266,AUDIO,20260224,4,0,"MANUALLY_SELECTED_PLAYBACK_OF_A_DIFF_ITEM",MACINTOSH,0,1,false,1595423266,"Taylor Swift - The Last Time (Taylor's Version) [feat. Gary Lightbody]"
"United States",1689331532,AUDIO,20260224,6,0,"MANUALLY_SELECTED_PLAYBACK_OF_A_DIFF_ITEM",MACINTOSH,0,1,false,1689331532,"Lauren Spencer Smith - Bigger Person"
"United States",1117418451,AUDIO,20260224,3,0,"MANUALLY_SELECTED_PLAYBACK_OF_A_DIFF_ITEM",MACINTOSH,0,1,false,1117418451,"Jessie Mueller - She Used to Be Mine"
"United States",1689131979,AUDIO,20260224,23,0,TRACK_SKIPPED_FORWARDS,IPHONE,0,1,false,1689131979,"Taylor Swift - Paris"
"United States",1742058104,AUDIO,20260225,"0, 4, 14, 16, 17, 20, 21",1915516,NATURAL_END_OF_TRACK,IPHONE,9,0,false,1742058104,"Taylor Swift - I Can Do It With a Broken Heart"
"United States",1878155986,AUDIO,20260225,"1, 2, 7",1356696,"MANUALLY_SELECTED_PLAYBACK_OF_A_DIFF_ITEM",MACINTOSH,8,2,false,1878155986,"Taylor Swift & Ely Oaks - Opalite (Ely Oaks Remix)"
"United States",1742075877,AUDIO,20260225,"0, 8, 14, 17, 19, 20, 23",1289141,TRACK_SKIPPED_FORWARDS,"IPHONE, MACINTOSH",6,4,false,1742075877,"Taylor Swift - The Prophecy"
"United States",1742058100,AUDIO,20260225,"4, 16, 17",1095303,TRACK_SKIPPED_FORWARDS,IPHONE,4,3,false,1742058100,"Taylor Swift - Who’s Afraid of Little Old Me?"
"United States",1672703108,AUDIO,20260225,"8, 13, 19, 20",947417,NATURAL_END_OF_TRACK,"IPHONE, MACINTOSH",5,0,false,1672703108,"Reneé Rapp - Don't Tell My Mom"
"United States",1664288817,AUDIO,20260225,"0, 7, 14, 19",891111,NATURAL_END_OF_TRACK,"IPHONE, MACINTOSH",4,1,false,1664288817,"Gracie Abrams - Will you cry?"
"United States",1718576584,AUDIO,20260225,"7, 19, 21, 23",834688,"MANUALLY_SELECTED_PLAYBACK_OF_A_DIFF_ITEM","IPHONE, MACINTOSH",3,1,false,1718576584,"Taylor Swift - You’re Losing Me (From The Vault)"
"United States",1742058097,AUDIO,20260225,"4, 17, 21",763782,NATURAL_END_OF_TRACK,IPHONE,3,0,false,1742058097,"Taylor Swift - Guilty as Sin?"
"United States",1542103620,AUDIO,20260225,1,747333,PLAYBACK_MANUALLY_PAUSED,MACINTOSH,4,0,false,1542103620,"Bad Bunny & JHAYCO - DÁKITI"
"United States",1595423411,AUDIO,20260225,"8, 16",613166,TRACK_SKIPPED_BACKWARDS,"IPHONE, MACINTOSH",1,1,false,1595423411,"Taylor Swift - All Too Well (10 Minute Version) (Taylor's Version) (From The Vault)"
"United States",1742058284,AUDIO,20260225,"0, 4, 8, 17",568269,TRACK_SKIPPED_FORWARDS,"IPHONE, MACINTOSH",2,2,false,1742058284,"Taylor Swift - Peter"
"United States",1742058105,AUDIO,20260225,"8, 14, 17, 21",552346,TRACK_SKIPPED_FORWARDS,"IPHONE, MACINTOSH",3,3,false,1742058105,"Taylor Swift - The Smallest Man Who Ever Lived"
"United States",1672703106,AUDIO,20260225,"13, 20",467177,NATURAL_END_OF_TRACK,IPHONE,3,1,false,1672703106,"Reneé Rapp - Colorado"
"United States",1672703433,AUDIO,20260225,"8, 14, 20",453442,NATURAL_END_OF_TRACK,"IPHONE, MACINTOSH",3,2,false,1672703433,"Reneé Rapp - Everything To Everyone (Extended Version)"
"United States",1742058260,AUDIO,20260225,"16, 17, 21",444452,NATURAL_END_OF_TRACK,IPHONE,2,1,false,1742058260,"Taylor Swift - imgonnagetyouback"
"United States",1713845554,AUDIO,20260225,"4, 7",425397,NATURAL_END_OF_TRACK,MACINTOSH,2,0,false,1713845554,"Taylor Swift - Welcome To New York (Taylor's Version)"
"United States",1773474484,AUDIO,20260225,"8, 23",412780,TRACK_SKIPPED_FORWARDS,"IPHONE, MACINTOSH",2,1,false,1773474484,"Gracie Abrams - I Told You Things"
"United States",1742074192,AUDIO,20260225,"14, 17",407678,NATURAL_END_OF_TRACK,IPHONE,2,0,false,1742074192,"Taylor Swift - My Boy Only Breaks His Favorite Toys"
"United States",1593913707,AUDIO,20260225,"0, 20",361409,NATURAL_END_OF_TRACK,"IPHONE, MACINTOSH",2,0,false,1593913707,"Gracie Abrams - Camden"
"United States",1672703428,AUDIO,20260225,"13, 20",358998,TRACK_SKIPPED_FORWARDS,IPHONE,3,2,false,1672703428,"Reneé Rapp - Moon"
"United States",1742058085,AUDIO,20260225,4,340590,NATURAL_END_OF_TRACK,IPHONE,1,0,false,1742058085,"Taylor Swift - But Daddy I Love Him"
"United States",1468058177,AUDIO,20260225,"0, 8",327432,NATURAL_END_OF_TRACK,"IPHONE, MACINTOSH",2,1,false,1468058177,"Taylor Swift - The Archer"
"United States",1595423407,AUDIO,20260225,"7, 21, 23",325527,"MANUALLY_SELECTED_PLAYBACK_OF_A_DIFF_ITEM","IPHONE, MACINTOSH",2,2,false,1595423407,"Taylor Swift - Forever Winter (Taylor's Version) (From The Vault)"
"United States",1650841746,AUDIO,20260225,"7, 14",299657,"MANUALLY_SELECTED_PLAYBACK_OF_A_DIFF_ITEM","IPHONE, MACINTOSH",2,1,false,1650841746,"Taylor Swift - Mastermind"
"United States",1650841755,AUDIO,20260225,"7, 14",297709,TRACK_SKIPPED_FORWARDS,"IPHONE, MACINTOSH",2,1,false,1650841755,"Taylor Swift - Would've, Could've, Should've"
"United States",1742058273,AUDIO,20260225,"0, 7, 19",281842,"MANUALLY_SELECTED_PLAYBACK_OF_A_DIFF_ITEM","IPHONE, MACINTOSH",2,3,false,1742058273,"Taylor Swift - I Hate It Here"
"United States",1713846513,AUDIO,20260225,6,279829,NATURAL_END_OF_TRACK,MACINTOSH,1,0,false,1713846513,"Taylor Swift - Say Don't Go (Taylor's Version) [From The Vault]"
"United States",1713845737,AUDIO,20260225,"4, 7",276920,"MANUALLY_SELECTED_PLAYBACK_OF_A_DIFF_ITEM",MACINTOSH,2,1,false,1713845737,"Taylor Swift - Blank Space (Taylor's Version)"
"United States",1713846238,AUDIO,20260225,6,271238,NATURAL_END_OF_TRACK,MACINTOSH,1,0,false,1713846238,"Taylor Swift - Clean (Taylor's Version)"
"United States",1690841083,AUDIO,20260225,"0, 8, 19",270440,TRACK_SKIPPED_FORWARDS,"IPHONE, MACINTOSH",2,3,false,1690841083,"Taylor Swift - Castles Crumbling (Taylor's Version) (From The Vault) [feat. Hayley Williams]"
"United States",1713846248,AUDIO,20260225,6,267374,NATURAL_END_OF_TRACK,MACINTOSH,1,0,false,1713846248,"Taylor Swift - You Are In Love (Taylor's Version)"
"United States",1742058281,AUDIO,20260225,4,250045,NATURAL_END_OF_TRACK,IPHONE,1,0,false,1742058281,"Taylor Swift - The Prophecy"
"United States",1713846103,AUDIO,20260225,5,247538,NATURAL_END_OF_TRACK,MACINTOSH,1,0,false,1713846103,"Taylor Swift - How You Get The Girl (Taylor's Version)"
"United States",1547316004,AUDIO,20260225,14,246437,NATURAL_END_OF_TRACK,IPHONE,1,0,false,1547316004,"Taylor Swift - right where you left me (bonus track)"
"United States",1487502476,AUDIO,20260225,7,245652,NATURAL_END_OF_TRACK,MACINTOSH,1,0,false,1487502476,"Billie Eilish - everything i wanted"
"United States",1713846243,AUDIO,20260225,6,245474,NATURAL_END_OF_TRACK,MACINTOSH,1,0,false,1713846243,"Taylor Swift - Wonderland (Taylor's Version)"
"United States",1544268344,AUDIO,20260225,"8, 13, 16",245424,"MANUALLY_SELECTED_PLAYBACK_OF_A_DIFF_ITEM","IPHONE, MACINTOSH",1,2,false,1544268344,"Taylor Swift - tolerate it"
"United States",1676966710,AUDIO,20260225,"7, 19",239638,"MANUALLY_SELECTED_PLAYBACK_OF_A_DIFF_ITEM",MACINTOSH,1,1,false,1676966710,"Taylor Swift, Joy Williams & John Paul White - Safe & Sound (Taylor's Version)"
"United States",1742058259,AUDIO,20260225,"3, 18",239315,TRACK_SKIPPED_FORWARDS,IPHONE,1,1,false,1742058259,"Taylor Swift - The Black Dog"
"United States",1595925414,AUDIO,20260225,19,238443,NATURAL_END_OF_TRACK,MACINTOSH,1,0,false,1595925414,"aespa - Savage"
"United States",1713845779,AUDIO,20260225,4,235792,NATURAL_END_OF_TRACK,MACINTOSH,1,0,false,1713845779,"Taylor Swift - Out Of The Woods (Taylor's Version)"
"United States",1524802476,AUDIO,20260225,8,234001,NATURAL_END_OF_TRACK,MACINTOSH,1,0,false,1524802476,"Taylor Swift - peace"
"United States",1694386840,AUDIO,20260225,7,231905,NATURAL_END_OF_TRACK,MACINTOSH,1,0,false,1694386840,"Olivia Rodrigo - logical"
"United States",1689131982,AUDIO,20260225,14,231548,NATURAL_END_OF_TRACK,IPHONE,1,0,false,1689131982,"Taylor Swift - High Infidelity"
"United States",1713845746,AUDIO,20260225,4,230986,NATURAL_END_OF_TRACK,MACINTOSH,1,0,false,1713845746,"Taylor Swift - Style (Taylor's Version)"
"United States",1713846253,AUDIO,20260225,6,230170,NATURAL_END_OF_TRACK,MACINTOSH,1,0,false,1713846253,"Taylor Swift - New Romantics (Taylor's Version)"
"United States",1713846658,AUDIO,20260225,6,229472,NATURAL_END_OF_TRACK,MACINTOSH,1,0,false,1713846658,"Taylor Swift - Is It Over Now? (Taylor's Version) [From The Vault]"
"United States",1742057775,AUDIO,20260225,18,229314,NATURAL_END_OF_TRACK,IPHONE,1,0,false,1742057775,"Taylor Swift - Fortnight (feat. Post Malone)"
"United States",1742074018,AUDIO,20260225,17,228884,NATURAL_END_OF_TRACK,IPHONE,1,1,false,1742074018,"Taylor Swift - Fortnight (feat. Post Malone)"
"United States",1672703104,AUDIO,20260225,19,227704,NATURAL_END_OF_TRACK,IPHONE,1,0,false,1672703104,"Reneé Rapp - In The Kitchen"
"United States",1650841907,AUDIO,20260225,20,225915,NATURAL_END_OF_TRACK,IPHONE,1,0,false,1650841907,"Taylor Swift - Dear Reader"
"United States",1742076181,AUDIO,20260225,19,225657,NATURAL_END_OF_TRACK,IPHONE,1,0,false,1742076181,"Taylor Swift - The Manuscript"
"United States",1694386938,AUDIO,20260225,21,222613,NATURAL_END_OF_TRACK,IPHONE,1,0,false,1694386938,"Olivia Rodrigo - teenage dream"
"United States",1713846100,AUDIO,20260225,5,220417,NATURAL_END_OF_TRACK,MACINTOSH,1,0,false,1713846100,"Taylor Swift - Wildest Dreams (Taylor's Version)"
"United States",1713845786,AUDIO,20260225,5,219200,NATURAL_END_OF_TRACK,MACINTOSH,1,0,false,1713845786,"Taylor Swift - Shake It Off (Taylor's Version)"
"United States",1650841748,AUDIO,20260225,7,218507,NATURAL_END_OF_TRACK,MACINTOSH,1,0,false,1650841748,"Taylor Swift - Bigger Than The Whole Sky"
"United States",1440832542,AUDIO,20260225,21,215797,"MANUALLY_SELECTED_PLAYBACK_OF_A_DIFF_ITEM",IPHONE,1,1,false,1440832542,"Fergie, Q-Tip & GoonRock - A Little Party Never Killed Nobody (All We Got)"
"United States",1581087760,AUDIO,20260225,14,215387,NATURAL_END_OF_TRACK,IPHONE,1,0,false,1581087760,"Ed Sheeran - Visiting Hours"
"United States",1713846092,AUDIO,20260225,5,211095,NATURAL_END_OF_TRACK,MACINTOSH,1,0,false,1713846092,"Taylor Swift - Bad Blood (Taylor's Version)"
"United States",1742058092,AUDIO,20260225,"13, 17",210742,NATURAL_END_OF_TRACK,IPHONE,1,1,false,1742058092,"Taylor Swift - Fresh Out The Slammer"
"United States",1633009357,AUDIO,20260225,19,210716,NATURAL_END_OF_TRACK,MACINTOSH,1,0,false,1633009357,"TWICE - Bitter Sweet"
"United States",1713845994,AUDIO,20260225,5,207642,NATURAL_END_OF_TRACK,MACINTOSH,1,0,false,1713845994,"Taylor Swift - I Wish You Would (Taylor's Version)"
"United States",1713846670,AUDIO,20260225,7,199762,NATURAL_END_OF_TRACK,MACINTOSH,1,0,false,1713846670,"Taylor Swift - Bad Blood (Taylor's Version) [feat. Kendrick Lamar]"
"United States",1694386835,AUDIO,20260225,7,198862,NATURAL_END_OF_TRACK,MACINTOSH,1,0,false,1694386835,"Olivia Rodrigo - making the bed"
"United States",1713845784,AUDIO,20260225,4,193286,NATURAL_END_OF_TRACK,MACINTOSH,1,0,false,1713845784,"Taylor Swift - All You Had To Do Was Stay (Taylor's Version)"
"United States",1314275552,AUDIO,20260225,19,189354,NATURAL_END_OF_TRACK,MACINTOSH,1,0,false,1314275552,"Red Velvet - 피카부 Peek-A-Boo"
"United States",1713846497,AUDIO,20260225,6,180375,NATURAL_END_OF_TRACK,MACINTOSH,1,0,false,1713846497,"Taylor Swift - ""Slut!"" (Taylor's Version) [From The Vault]"
"United States",1468058171,AUDIO,20260225,"1, 19",179069,NATURAL_END_OF_TRACK,MACINTOSH,1,1,false,1468058171,"Taylor Swift - Cruel Summer"
"United States",1713846651,AUDIO,20260225,6,171801,NATURAL_END_OF_TRACK,MACINTOSH,1,0,false,1713846651,"Taylor Swift - Suburban Legends (Taylor's Version) [From The Vault]"
"United States",1672703418,AUDIO,20260225,"19, 20",156542,"MANUALLY_SELECTED_PLAYBACK_OF_A_DIFF_ITEM","IPHONE, MACINTOSH",1,2,false,1672703418,"Reneé Rapp - Too Well"
"United States",1742075509,AUDIO,20260225,"0, 17",154994,"MANUALLY_SELECTED_PLAYBACK_OF_A_DIFF_ITEM",IPHONE,1,2,false,1742075509,"Taylor Swift - How Did It End?"
"United States",1773518371,AUDIO,20260225,19,151071,NATURAL_END_OF_TRACK,MACINTOSH,1,0,false,1773518371,"Charli xcx - Sympathy is a knife"
"United States",1713846523,AUDIO,20260225,6,146429,NATURAL_END_OF_TRACK,MACINTOSH,1,0,false,1713846523,"Taylor Swift - Now That We Don't Talk (Taylor's Version) [From The Vault]"
"United States",1672703099,AUDIO,20260225,"19, 20",137538,NATURAL_END_OF_TRACK,"IPHONE, MACINTOSH",2,2,false,1672703099,"Reneé Rapp - Everything To Everyone (Intro)"
"United States",1742058275,AUDIO,20260225,"4, 17",118476,TRACK_SKIPPED_FORWARDS,IPHONE,1,2,false,1742058275,"Taylor Swift - I Look in People's Windows"
"United States",1464549678,AUDIO,20260225,19,110835,TRACK_SKIPPED_FORWARDS,MACINTOSH,1,1,false,1464549678,"Ed Sheeran - Cross Me (feat. Chance the Rapper & PnB Rock)"
"United States",1713846228,AUDIO,20260225,5,94545,TRACK_SKIPPED_FORWARDS,MACINTOSH,1,1,false,1713846228,"Taylor Swift - This Love (Taylor’s Version)"
"United States",1779444226,AUDIO,20260225,19,94156,TRACK_SKIPPED_FORWARDS,MACINTOSH,1,1,false,1779444226,"izna - IWALY (izna Version)"
"United States",1672703111,AUDIO,20260225,"8, 19",91312,TRACK_SKIPPED_FORWARDS,"IPHONE, MACINTOSH",2,1,false,1672703111,"Reneé Rapp - What Can I Do"
"United States",1256607815,AUDIO,20260225,21,74879,TRACK_SKIPPED_FORWARDS,IPHONE,1,1,false,1256607815,"Phoebe Bridgers - Georgia"
"United States",1441154440,AUDIO,20260225,19,59254,TRACK_SKIPPED_FORWARDS,MACINTOSH,1,1,false,1441154440,"Rihanna - Breakin' Dishes"
"United States",1742058529,AUDIO,20260225,18,55224,TRACK_SKIPPED_FORWARDS,IPHONE,1,1,false,1742058529,"Taylor Swift - Robin"
"United States",1468058699,AUDIO,20260225,0,45377,"MANUALLY_SELECTED_PLAYBACK_OF_A_DIFF_ITEM",IPHONE,1,2,false,1468058699,"Taylor Swift - Soon You’ll Get Better (feat. The Chicks)"
"United States",1742058083,AUDIO,20260225,4,38346,TRACK_SKIPPED_FORWARDS,IPHONE,1,1,false,1742058083,"Taylor Swift - So Long, London"
"United States",1708300336,AUDIO,20260225,19,36902,TRACK_SKIPPED_FORWARDS,MACINTOSH,1,1,false,1708300336,"LANY - XXL"
"United States",1742074936,AUDIO,20260225,19,31255,TRACK_SKIPPED_FORWARDS,IPHONE,1,1,false,1742074936,"Taylor Swift - Clara Bow"
"United States",1742058101,AUDIO,20260225,19,0,TRACK_SKIPPED_FORWARDS,IPHONE,0,1,false,1742058101,"Taylor Swift - I Can Fix Him (No Really I Can)"
"United States",1742074018,AUDIO,20260225,21,0,"MANUALLY_SELECTED_PLAYBACK_OF_A_DIFF_ITEM",IPHONE,0,1,false,N/A,"Taylor Swift - Fortnight (feat. Post Malone)"
"United States",1878187199,AUDIO,20260225,13,0,"MANUALLY_SELECTED_PLAYBACK_OF_A_DIFF_ITEM",IPHONE,0,1,false,1878187199,"Taylor Swift & Chris Lake - Opalite (Chris Lake Remix)"
"United States",1673805373,AUDIO,20260225,20,0,TRACK_SKIPPED_FORWARDS,IPHONE,0,1,false,1673805373,"Ed Sheeran - Stoned (Bonus Track)"
"United States",1853104436,AUDIO,20260225,4,0,"MANUALLY_SELECTED_PLAYBACK_OF_A_DIFF_ITEM",MACINTOSH,0,1,false,1853104436,"Tate McRae - NOBODY'S GIRL"
"United States",1743054747,AUDIO,20260225,20,0,TRACK_SKIPPED_FORWARDS,IPHONE,0,1,false,1743054747,"Gracie Abrams - I Love You, I'm Sorry"
"United States",1713846232,AUDIO,20260225,6,0,TRACK_SKIPPED_FORWARDS,MACINTOSH,0,1,false,1713846232,"Taylor Swift - I Know Places (Taylor's Version)"
"United States",1544268301,AUDIO,20260225,20,0,TRACK_SKIPPED_FORWARDS,IPHONE,0,1,false,1544268301,"Taylor Swift - champagne problems"
"United States",1673437030,AUDIO,20260225,19,0,TRACK_SKIPPED_FORWARDS,MACINTOSH,0,1,false,1673437030,"Jonas Brothers - Celebrate!"
"United States",1742058094,AUDIO,20260225,14,0,TRACK_SKIPPED_FORWARDS,IPHONE,0,1,false,1742058094,"Taylor Swift - Florida!!! (feat. Florence + the Machine)"
"United States",1742058274,AUDIO,20260225,13,0,TRACK_SKIPPED_FORWARDS,IPHONE,0,1,false,1742058274,"Taylor Swift - thanK you aIMee"
"United States",1595423268,AUDIO,20260225,20,0,"MANUALLY_SELECTED_PLAYBACK_OF_A_DIFF_ITEM",IPHONE,0,1,false,1595423268,"Taylor Swift - Sad Beautiful Tragic (Taylor's Version)"
"United States",1547317057,AUDIO,20260225,4,0,"MANUALLY_SELECTED_PLAYBACK_OF_A_DIFF_ITEM",MACINTOSH,0,1,false,N/A,"Taylor Swift - long story short"
"United States",1541905149,AUDIO,20260225,16,0,TRACK_SKIPPED_BACKWARDS,IPHONE,0,1,false,1541905149,"Taylor Swift - this is me trying (the long pond studio sessions)"
"United States",1673804898,AUDIO,20260225,20,0,TRACK_SKIPPED_FORWARDS,IPHONE,0,1,false,1673804898,"Ed Sheeran - Life Goes On"
"United States",1742075877,AUDIO,20260226,"5, 14",750734,NATURAL_END_OF_TRACK,IPHONE,3,0,false,1742075877,"Taylor Swift - The Prophecy"
"United States",1694386835,AUDIO,20260226,"0, 5, 19",597696,NATURAL_END_OF_TRACK,IPHONE,3,0,false,1694386835,"Olivia Rodrigo - making the bed"
"United States",1622045635,AUDIO,20260226,"5, 23",488108,NATURAL_END_OF_TRACK,"IPHONE, MACINTOSH",2,0,false,1622045635,"Bad Bunny - Tití Me Preguntó"
"United States",1872842319,AUDIO,20260226,6,470086,"MANUALLY_SELECTED_PLAYBACK_OF_A_DIFF_ITEM",MACINTOSH,2,1,false,1872842319,"Bleachers - you and forever"
"United States",1673805199,AUDIO,20260226,15,416026,NATURAL_END_OF_TRACK,IPHONE,1,0,false,1673805199,"Ed Sheeran - Curtains"
"United States",1787023682,AUDIO,20260226,4,380754,NATURAL_END_OF_TRACK,IPHONE,2,1,false,1787023682,"Bad Bunny & Los Pleneros de la Cresta - CAFé CON RON"
"United States",1690841083,AUDIO,20260226,17,309728,NATURAL_END_OF_TRACK,IPHONE,1,0,false,1690841083,"Taylor Swift - Castles Crumbling (Taylor's Version) (From The Vault) [feat. Hayley Williams]"
"United States",1541905079,AUDIO,20260226,7,295168,NATURAL_END_OF_TRACK,MACINTOSH,1,0,false,1541905079,"Taylor Swift - my tears ricochet (the long pond studio sessions)"
"United States",1500776935,AUDIO,20260226,5,294740,NATURAL_END_OF_TRACK,MACINTOSH,1,0,false,1500776935,"Bad Bunny, Jowell & Randy & Ñengo Flow - Safaera"
"United States",1622045955,AUDIO,20260226,"5, 23",294291,NATURAL_END_OF_TRACK,"IPHONE, MACINTOSH",2,0,false,1622045955,"Bad Bunny & Rauw Alejandro - Party"
"United States",1468058177,AUDIO,20260226,"15, 19",287033,NATURAL_END_OF_TRACK,IPHONE,2,1,false,1468058177,"Taylor Swift - The Archer"
"United States",1541907047,AUDIO,20260226,7,279887,NATURAL_END_OF_TRACK,MACINTOSH,1,0,false,1541907047,"Taylor Swift - exile (feat. Bon Iver) [the long pond studio sessions]"
"United States",1718576584,AUDIO,20260226,14,270408,TRACK_SKIPPED_FORWARDS,IPHONE,1,1,false,1718576584,"Taylor Swift - You’re Losing Me (From The Vault)"
"United States",1595423407,AUDIO,20260226,17,264461,NATURAL_END_OF_TRACK,IPHONE,1,0,false,1595423407,"Taylor Swift - Forever Winter (Taylor's Version) (From The Vault)"
"United States",1650841755,AUDIO,20260226,14,260914,NATURAL_END_OF_TRACK,IPHONE,1,0,false,1650841755,"Taylor Swift - Would've, Could've, Should've"
"United States",1541907062,AUDIO,20260226,7,259992,NATURAL_END_OF_TRACK,MACINTOSH,1,0,false,1541907062,"Taylor Swift - august (the long pond studio sessions)"
"United States",1541905149,AUDIO,20260226,"7, 19",251989,NATURAL_END_OF_TRACK,"IPHONE, MACINTOSH",2,0,false,1541905149,"Taylor Swift - this is me trying (the long pond studio sessions)"
"United States",1256607815,AUDIO,20260226,14,247774,NATURAL_END_OF_TRACK,IPHONE,1,0,false,1256607815,"Phoebe Bridgers - Georgia"
"United States",1742058105,AUDIO,20260226,"6, 19",247076,NATURAL_END_OF_TRACK,"IPHONE, MACINTOSH",1,1,false,1742058105,"Taylor Swift - The Smallest Man Who Ever Lived"
"United States",1742058273,AUDIO,20260226,20,244518,NATURAL_END_OF_TRACK,IPHONE,1,0,false,1742058273,"Taylor Swift - I Hate It Here"
"United States",1541907057,AUDIO,20260226,7,237360,NATURAL_END_OF_TRACK,MACINTOSH,1,0,false,1541907057,"Taylor Swift - mirrorball (the long pond studio sessions)"
"United States",1787023936,AUDIO,20260226,3,232570,"MANUALLY_SELECTED_PLAYBACK_OF_A_DIFF_ITEM",MACINTOSH,1,1,false,1787023936,"Bad Bunny - DtMF"
"United States",1541905061,AUDIO,20260226,6,232343,NATURAL_END_OF_TRACK,MACINTOSH,1,0,false,1541905061,"Taylor Swift - the last great american dynasty (the long pond studio sessions)"
"United States",1694386840,AUDIO,20260226,14,232287,NATURAL_END_OF_TRACK,IPHONE,1,0,false,1694386840,"Olivia Rodrigo - logical"
"United States",1541905058,AUDIO,20260226,6,230588,NATURAL_END_OF_TRACK,MACINTOSH,1,0,false,1541905058,"Taylor Swift - cardigan (the long pond studio sessions)"
"United States",1256607810,AUDIO,20260226,19,230197,OTHER,IPHONE,1,0,false,1256607810,"Phoebe Bridgers - Motion Sickness"
"United States",1713846658,AUDIO,20260226,1,229714,"MANUALLY_SELECTED_PLAYBACK_OF_A_DIFF_ITEM",IPHONE,1,1,false,1713846658,"Taylor Swift - Is It Over Now? (Taylor's Version) [From The Vault]"
"United States",1541905056,AUDIO,20260226,6,220160,NATURAL_END_OF_TRACK,MACINTOSH,1,0,false,1541905056,"Taylor Swift - the 1 (the long pond studio sessions)"
"United States",1225759939,AUDIO,20260226,6,215994,NATURAL_END_OF_TRACK,MACINTOSH,1,0,false,N/A,"Bleachers - Don't Take the Money"
"United States",1541907060,AUDIO,20260226,7,208980,NATURAL_END_OF_TRACK,MACINTOSH,1,0,false,1541907060,"Taylor Swift - seven (the long pond studio sessions)"
"United States",1542103620,AUDIO,20260226,23,205702,NATURAL_END_OF_TRACK,IPHONE,1,0,false,1542103620,"Bad Bunny & JHAYCO - DÁKITI"
"United States",1787023297,AUDIO,20260226,4,199042,NATURAL_END_OF_TRACK,IPHONE,1,0,false,1787023297,"Bad Bunny - KLOuFRENS"
"United States",1595925414,AUDIO,20260226,3,192172,PLAYBACK_MANUALLY_PAUSED,MACINTOSH,1,0,false,1595925414,"aespa - Savage"
"United States",1314275552,AUDIO,20260226,3,189203,NATURAL_END_OF_TRACK,MACINTOSH,1,0,false,1314275552,"Red Velvet - 피카부 Peek-A-Boo"
"United States",884282120,AUDIO,20260226,6,188871,NATURAL_END_OF_TRACK,MACINTOSH,1,0,false,N/A,"Bleachers - Rollercoaster"
"United States",1787022572,AUDIO,20260226,4,184007,NATURAL_END_OF_TRACK,IPHONE,1,0,false,1787022572,"Bad Bunny - NUEVAYoL"
"United States",1702583449,AUDIO,20260226,6,178899,PLAYBACK_MANUALLY_PAUSED,MACINTOSH,1,0,false,1702583449,"Bleachers - Modern Girl"
"United States",1787022842,AUDIO,20260226,23,176524,OTHER,IPHONE,1,0,false,1787022842,"Bad Bunny - BAILE INoLVIDABLE"
"United States",1500776331,AUDIO,20260226,5,172132,NATURAL_END_OF_TRACK,MACINTOSH,1,0,false,1500776331,"Bad Bunny - Yo Perreo Sola"
"United States",1544239205,AUDIO,20260226,3,167048,NATURAL_END_OF_TRACK,MACINTOSH,1,0,false,1544239205,"Little Mix - Confetti"
"United States",1650841746,AUDIO,20260226,20,156932,PLAYBACK_SUSPENDED,IPHONE,1,0,false,1650841746,"Taylor Swift - Mastermind"
"United States",1787022587,AUDIO,20260226,4,156355,NATURAL_END_OF_TRACK,IPHONE,1,0,false,1787022587,"Bad Bunny - VOY A LLeVARTE PA PR"
"United States",1593913707,AUDIO,20260226,15,152521,"MANUALLY_SELECTED_PLAYBACK_OF_A_DIFF_ITEM",IPHONE,1,1,false,1593913707,"Gracie Abrams - Camden"
"United States",1742058284,AUDIO,20260226,"0, 15",151867,"MANUALLY_SELECTED_PLAYBACK_OF_A_DIFF_ITEM",IPHONE,1,2,false,1742058284,"Taylor Swift - Peter"
"United States",1595423263,AUDIO,20260226,14,136691,TRACK_SKIPPED_FORWARDS,IPHONE,1,1,false,1595423263,"Taylor Swift - I Almost Do (Taylor's Version)"
"United States",1713846523,AUDIO,20260226,1,122964,"MANUALLY_SELECTED_PLAYBACK_OF_A_DIFF_ITEM",IPHONE,1,1,false,1713846523,"Taylor Swift - Now That We Don't Talk (Taylor's Version) [From The Vault]"
"United States",1524802476,AUDIO,20260226,5,108538,PLAYBACK_MANUALLY_PAUSED,IPHONE,1,1,false,1524802476,"Taylor Swift - peace"
"United States",1787023008,AUDIO,20260226,4,64493,PLAYBACK_MANUALLY_PAUSED,IPHONE,1,0,false,1787023008,"Bad Bunny - EL CLúB"
"United States",1673804914,AUDIO,20260226,"14, 20",40445,SCRUB_BEGIN,IPHONE,1,1,false,1673804914,"Ed Sheeran - End Of Youth"
"United States",1687930563,AUDIO,20260226,3,35211,TRACK_SKIPPED_FORWARDS,MACINTOSH,1,1,false,1687930563,"Louis Tomlinson - Headline"
"United States",1485802975,AUDIO,20260226,14,0,"MANUALLY_SELECTED_PLAYBACK_OF_A_DIFF_ITEM",IPHONE,0,1,false,1485802975,"Harry Styles - Falling"
"United States",1787022999,AUDIO,20260226,23,0,"MANUALLY_SELECTED_PLAYBACK_OF_A_DIFF_ITEM",IPHONE,0,1,false,1787022999,"Bad Bunny, Omar Courtz & Dei V - VeLDÁ"
"United States",1567285165,AUDIO,20260226,6,0,"MANUALLY_SELECTED_PLAYBACK_OF_A_DIFF_ITEM",MACINTOSH,0,1,false,N/A,"Bleachers - Stop Making This Hurt"
"United States",1645937870,AUDIO,20260226,14,0,TRACK_SKIPPED_FORWARDS,IPHONE,0,1,false,1645937870,"Taylor Swift - You're On Your Own, Kid"
"United States",1488308375,AUDIO,20260226,3,0,"MANUALLY_SELECTED_PLAYBACK_OF_A_DIFF_ITEM",MACINTOSH,0,1,false,1488308375,"EXO - Obsession"
"United States",1713846238,AUDIO,20260226,1,0,"MANUALLY_SELECTED_PLAYBACK_OF_A_DIFF_ITEM",IPHONE,0,1,false,1713846238,"Taylor Swift - Clean (Taylor's Version)"
"United States",1318665245,AUDIO,20260226,1,0,"MANUALLY_SELECTED_PLAYBACK_OF_A_DIFF_ITEM",IPHONE,0,1,false,N/A,"Ed Sheeran - Perfect Duet (with Beyoncé)"
"United States",1743054747,AUDIO,20260226,20,0,TRACK_SKIPPED_FORWARDS,IPHONE,0,1,false,1743054747,"Gracie Abrams - I Love You, I'm Sorry"
"United States",1595423411,AUDIO,20260226,15,0,TRACK_SKIPPED_FORWARDS,IPHONE,0,1,false,1595423411,"Taylor Swift - All Too Well (10 Minute Version) (Taylor's Version) (From The Vault)"
"United States",1787023670,AUDIO,20260226,23,0,"MANUALLY_SELECTED_PLAYBACK_OF_A_DIFF_ITEM",IPHONE,0,1,false,1787023670,"Bad Bunny - TURiSTA"
"United States",884282147,AUDIO,20260226,6,0,TRACK_SKIPPED_FORWARDS,MACINTOSH,0,1,false,N/A,"Bleachers - Take Me Away (feat. Grimes)"
"United States",1713846651,AUDIO,20260226,1,0,"MANUALLY_SELECTED_PLAYBACK_OF_A_DIFF_ITEM",IPHONE,0,1,false,1713846651,"Taylor Swift - Suburban Legends (Taylor's Version) [From The Vault]"
"United States",1710020675,AUDIO,20260226,3,0,"MANUALLY_SELECTED_PLAYBACK_OF_A_DIFF_ITEM",MACINTOSH,0,1,false,1710020675,"JENNIE - You & Me"
"United States",1742058092,AUDIO,20260226,5,0,"MANUALLY_SELECTED_PLAYBACK_OF_A_DIFF_ITEM",IPHONE,0,1,false,1742058092,"Taylor Swift - Fresh Out The Slammer"
"United States",1677794987,AUDIO,20260226,3,0,"MANUALLY_SELECTED_PLAYBACK_OF_A_DIFF_ITEM",MACINTOSH,0,1,false,1677794987,"BINI - No Fear"
"United States",884282148,AUDIO,20260226,6,0,"MANUALLY_SELECTED_PLAYBACK_OF_A_DIFF_ITEM",MACINTOSH,0,1,false,884282148,"Bleachers - Like a River Runs"
"United States",1468058173,AUDIO,20260226,6,0,"MANUALLY_SELECTED_PLAYBACK_OF_A_DIFF_ITEM",MACINTOSH,0,1,false,1468058173,"Taylor Swift - Lover"
"United States",1874125269,AUDIO,20260227,"14, 20",1414125,"MANUALLY_SELECTED_PLAYBACK_OF_A_DIFF_ITEM",IPHONE,8,3,false,1874125269,"Tame Impala & JENNIE - Dracula (JENNIE Remix)"
"United States",1742058104,AUDIO,20260227,"13, 16, 18",974483,NATURAL_END_OF_TRACK,IPHONE,4,0,false,1742058104,"Taylor Swift - I Can Do It With a Broken Heart"
"United States",1874125282,AUDIO,20260227,14,534045,NATURAL_END_OF_TRACK,IPHONE,3,1,false,1874125282,"Tame Impala - Dracula"
"United States",1440934251,AUDIO,20260227,"17, 18",476611,NATURAL_END_OF_TRACK,IPHONE,2,0,false,1440934251,"Taylor Swift - I Did Something Bad"
"United States",1256607810,AUDIO,20260227,"1, 2",460547,NATURAL_END_OF_TRACK,IPHONE,2,0,false,1256607810,"Phoebe Bridgers - Motion Sickness"
"United States",1838810951,AUDIO,20260227,"22, 23",452303,NATURAL_END_OF_TRACK,MACINTOSH,2,0,false,1838810951,"Taylor Swift - The Fate of Ophelia"
"United States",1569745298,AUDIO,20260227,"14, 15",394743,NATURAL_END_OF_TRACK,IPHONE,2,0,false,1569745298,"H.I.N.P (Hot Issue of Ntl. Producers) - Rumor"
"United States",1838810952,AUDIO,20260227,23,383430,OTHER,MACINTOSH,2,0,false,1838810952,"Taylor Swift - Elizabeth Taylor"
"United States",1736995841,AUDIO,20260227,18,344286,NATURAL_END_OF_TRACK,IPHONE,2,1,false,1736995841,"Olivia Rodrigo - pretty isn’t pretty"
"United States",1440934262,AUDIO,20260227,"17, 18",323954,"MANUALLY_SELECTED_PLAYBACK_OF_A_DIFF_ITEM",IPHONE,2,1,false,1440934262,"Taylor Swift - Getaway Car"
"United States",1690841273,AUDIO,20260227,1,311405,NATURAL_END_OF_TRACK,IPHONE,1,0,false,1690841273,"Taylor Swift - Foolish One (Taylor's Version) (From The Vault)"
"United States",1595423266,AUDIO,20260227,1,300020,NATURAL_END_OF_TRACK,IPHONE,1,0,false,1595423266,"Taylor Swift - The Last Time (Taylor's Version) [feat. Gary Lightbody]"
"United States",1429663166,AUDIO,20260227,22,271297,NATURAL_END_OF_TRACK,MACINTOSH,1,0,false,N/A,"Lorde - The Louvre"
"United States",1595423407,AUDIO,20260227,"1, 17",263949,"MANUALLY_SELECTED_PLAYBACK_OF_A_DIFF_ITEM",IPHONE,1,1,false,1595423407,"Taylor Swift - Forever Winter (Taylor's Version) (From The Vault)"
"United States",1742058274,AUDIO,20260227,16,263810,NATURAL_END_OF_TRACK,IPHONE,1,0,false,1742058274,"Taylor Swift - thanK you aIMee"
"United States",1742058080,AUDIO,20260227,16,261203,NATURAL_END_OF_TRACK,IPHONE,1,0,false,1742058080,"Taylor Swift - Down Bad"
"United States",1691828315,AUDIO,20260227,1,259134,NATURAL_END_OF_TRACK,IPHONE,1,0,false,1691828315,"Gracie Abrams - Difficult"
"United States",1689131534,AUDIO,20260227,22,256105,NATURAL_END_OF_TRACK,MACINTOSH,1,0,false,1689131534,"Taylor Swift - Snow On The Beach (feat. Lana Del Rey)"
"United States",1742058097,AUDIO,20260227,16,254877,NATURAL_END_OF_TRACK,IPHONE,1,1,false,1742058097,"Taylor Swift - Guilty as Sin?"
"United States",1626752986,AUDIO,20260227,"14, 15",250754,NATURAL_END_OF_TRACK,IPHONE,2,2,false,1626752986,"aespa - Illusion"
"United States",1689131968,AUDIO,20260227,22,247956,NATURAL_END_OF_TRACK,MACINTOSH,1,0,false,1689131968,"Taylor Swift - Labyrinth"
"United States",1256607815,AUDIO,20260227,16,247880,NATURAL_END_OF_TRACK,IPHONE,1,0,false,1256607815,"Phoebe Bridgers - Georgia"
"United States",1838810956,AUDIO,20260227,23,246349,NATURAL_END_OF_TRACK,MACINTOSH,1,0,false,1838810956,"Taylor Swift - Eldest Daughter"
"United States",1838810964,AUDIO,20260227,23,241771,NATURAL_END_OF_TRACK,MACINTOSH,1,0,false,1838810964,"Taylor Swift - The Life of a Showgirl (feat. Sabrina Carpenter)"
"United States",1773474488,AUDIO,20260227,23,240565,NATURAL_END_OF_TRACK,IPHONE,1,0,false,1773474488,"Gracie Abrams - Free Now (Live From Vevo)"
"United States",1742058287,AUDIO,20260227,16,238308,NATURAL_END_OF_TRACK,IPHONE,1,0,false,1742058287,"Taylor Swift - The Bolter"
"United States",1838810953,AUDIO,20260227,23,235359,NATURAL_END_OF_TRACK,MACINTOSH,1,0,false,1838810953,"Taylor Swift - Opalite"
"United States",1440934434,AUDIO,20260227,17,235177,NATURAL_END_OF_TRACK,IPHONE,1,1,false,1440934434,"Taylor Swift - New Year’s Day"
"United States",1440934254,AUDIO,20260227,17,233342,NATURAL_END_OF_TRACK,IPHONE,1,0,false,1440934254,"Taylor Swift - Delicate"
"United States",1524801591,AUDIO,20260227,2,232828,"MANUALLY_SELECTED_PLAYBACK_OF_A_DIFF_ITEM",IPHONE,1,1,false,1524801591,"Taylor Swift - my tears ricochet"
"United States",1440934421,AUDIO,20260227,17,230350,NATURAL_END_OF_TRACK,IPHONE,1,0,false,1440934421,"Taylor Swift - Dress"
"United States",1773474482,AUDIO,20260227,20,229654,NATURAL_END_OF_TRACK,IPHONE,1,0,false,1773474482,"Gracie Abrams - Cool"
"United States",1440934257,AUDIO,20260227,17,227906,NATURAL_END_OF_TRACK,IPHONE,1,0,false,1440934257,"Taylor Swift - So It Goes..."
"United States",1773474480,AUDIO,20260227,23,226418,NATURAL_END_OF_TRACK,IPHONE,1,0,false,1773474480,"Gracie Abrams - Close To You"
"United States",1440762733,AUDIO,20260227,14,225775,NATURAL_END_OF_TRACK,IPHONE,1,0,false,1440762733,"The Pussycat Dolls - Buttons"
"United States",1773474484,AUDIO,20260227,23,221065,NATURAL_END_OF_TRACK,IPHONE,1,0,false,1773474484,"Gracie Abrams - I Told You Things"
"United States",1838810957,AUDIO,20260227,23,220558,NATURAL_END_OF_TRACK,MACINTOSH,1,0,false,1838810957,"Taylor Swift - Ruin The Friendship"
"United States",1390493850,AUDIO,20260227,15,219205,NATURAL_END_OF_TRACK,IPHONE,1,0,false,1390493850,"PRISTIN V - Spotlight"
"United States",1689131532,AUDIO,20260227,22,218179,NATURAL_END_OF_TRACK,MACINTOSH,1,0,false,1689131532,"Taylor Swift - Maroon"
"United States",1698413099,AUDIO,20260227,15,217435,NATURAL_END_OF_TRACK,IPHONE,1,0,false,1698413099,"miss A - Bad Girl Good Girl"
"United States",854892830,AUDIO,20260227,15,215544,TRACK_SKIPPED_FORWARDS,IPHONE,1,1,false,854892830,"f(x) - Hot Summer"
"United States",1742075225,AUDIO,20260227,16,213442,NATURAL_END_OF_TRACK,IPHONE,1,0,false,1742075225,"Taylor Swift - Chloe or Sam or Sophia or Marcus"
"United States",1838810955,AUDIO,20260227,23,212773,NATURAL_END_OF_TRACK,MACINTOSH,1,0,false,1838810955,"Taylor Swift - Father Figure"
"United States",1440934269,AUDIO,20260227,18,212623,NATURAL_END_OF_TRACK,IPHONE,1,0,false,1440934269,"Taylor Swift - Dancing With Our Hands Tied"
"United States",896036652,AUDIO,20260227,15,212209,NATURAL_END_OF_TRACK,IPHONE,1,0,false,896036652,"f(x) - Red Light"
"United States",1838810961,AUDIO,20260227,23,211487,NATURAL_END_OF_TRACK,MACINTOSH,1,0,false,1838810961,"Taylor Swift - CANCELLED!"
"United States",1440934258,AUDIO,20260227,17,210782,NATURAL_END_OF_TRACK,IPHONE,1,0,false,1440934258,"Taylor Swift - Gorgeous"
"United States",1689131960,AUDIO,20260227,22,210548,NATURAL_END_OF_TRACK,MACINTOSH,1,0,false,1689131960,"Taylor Swift - Question...?"
"United States",1320790460,AUDIO,20260227,14,209966,NATURAL_END_OF_TRACK,IPHONE,1,0,false,1320790460,"HyunA - Lip & Hip"
"United States",1838810959,AUDIO,20260227,23,207347,NATURAL_END_OF_TRACK,MACINTOSH,1,0,false,1838810959,"Taylor Swift - Wi$h Li$t"
"United States",1440934423,AUDIO,20260227,17,207117,NATURAL_END_OF_TRACK,IPHONE,1,0,false,1440934423,"Taylor Swift - This Is Why We Can’t Have Nice Things"
"United States",1742074927,AUDIO,20260227,21,206498,NATURAL_END_OF_TRACK,MACINTOSH,1,0,false,N/A,"Taylor Swift - The Alchemy"
"United States",1542103620,AUDIO,20260227,14,205323,NATURAL_END_OF_TRACK,IPHONE,1,0,false,1542103620,"Bad Bunny & JHAYCO - DÁKITI"
"United States",1689131969,AUDIO,20260227,22,204850,NATURAL_END_OF_TRACK,MACINTOSH,1,0,false,1689131969,"Taylor Swift - Karma"
"United States",1742074192,AUDIO,20260227,18,204118,NATURAL_END_OF_TRACK,IPHONE,1,0,false,1742074192,"Taylor Swift - My Boy Only Breaks His Favorite Toys"
"United States",1440934264,AUDIO,20260227,18,204076,"MANUALLY_SELECTED_PLAYBACK_OF_A_DIFF_ITEM",IPHONE,1,1,false,1440934264,"Taylor Swift - King of My Heart"
"United States",1440934430,AUDIO,20260227,17,203627,NATURAL_END_OF_TRACK,IPHONE,1,0,false,1440934430,"Taylor Swift - Call It What You Want"
"United States",1440762326,AUDIO,20260227,14,202555,TRACK_SKIPPED_FORWARDS,IPHONE,1,1,false,1440762326,"The Pussycat Dolls & Busta Rhymes - Don't Cha"
"United States",1689131531,AUDIO,20260227,22,202549,NATURAL_END_OF_TRACK,MACINTOSH,1,0,false,1689131531,"Taylor Swift - Lavender Haze"
"United States",1689131533,AUDIO,20260227,22,200686,NATURAL_END_OF_TRACK,MACINTOSH,1,0,false,1689131533,"Taylor Swift - Anti-Hero"
"United States",1742074927,AUDIO,20260227,16,197665,NATURAL_END_OF_TRACK,IPHONE,1,0,false,1742074927,"Taylor Swift - The Alchemy"
"United States",1689131956,AUDIO,20260227,22,194195,NATURAL_END_OF_TRACK,MACINTOSH,1,0,false,1689131956,"Taylor Swift - You're On Your Own, Kid"
"United States",1689131965,AUDIO,20260227,22,194161,NATURAL_END_OF_TRACK,MACINTOSH,1,0,false,1689131965,"Taylor Swift - Bejeweled"
"United States",1521791802,AUDIO,20260227,14,193061,NATURAL_END_OF_TRACK,IPHONE,1,0,false,1521791802,"Red Velvet - IRENE & SEULGI - Feel Good"
"United States",1689131973,AUDIO,20260227,22,191031,NATURAL_END_OF_TRACK,MACINTOSH,1,0,false,1689131973,"Taylor Swift - Mastermind"
"United States",1608247330,AUDIO,20260227,15,190509,NATURAL_END_OF_TRACK,IPHONE,1,0,false,1608247330,"ITZY - Sorry Not Sorry"
"United States",1672703108,AUDIO,20260227,14,189625,NATURAL_END_OF_TRACK,IPHONE,1,0,false,1672703108,"Reneé Rapp - Don't Tell My Mom"
"United States",1689131971,AUDIO,20260227,22,188495,NATURAL_END_OF_TRACK,MACINTOSH,1,0,false,1689131971,"Taylor Swift - Sweet Nothing"
"United States",1736995369,AUDIO,20260227,18,184993,NATURAL_END_OF_TRACK,IPHONE,1,0,false,1736995369,"Olivia Rodrigo - bad idea right?"
"United States",1644440681,AUDIO,20260227,15,184463,NATURAL_END_OF_TRACK,IPHONE,1,0,false,1644440681,"BLACKPINK - Tally"
"United States",1838810963,AUDIO,20260227,23,181519,NATURAL_END_OF_TRACK,MACINTOSH,1,0,false,1838810963,"Taylor Swift - Honey"
"United States",1689131976,AUDIO,20260227,22,180560,"MANUALLY_SELECTED_PLAYBACK_OF_A_DIFF_ITEM",MACINTOSH,1,1,false,1689131976,"Taylor Swift - The Great War"
"United States",1689131959,AUDIO,20260227,22,174786,NATURAL_END_OF_TRACK,MACINTOSH,1,0,false,1689131959,"Taylor Swift - Midnight Rain"
"United States",1440934252,AUDIO,20260227,17,169587,OTHER,IPHONE,1,0,false,1440934252,"Taylor Swift - Don’t Blame Me"
"United States",1736996063,AUDIO,20260227,18,169094,NATURAL_END_OF_TRACK,IPHONE,1,0,false,1736996063,"Olivia Rodrigo - obsessed"
"United States",1773474483,AUDIO,20260227,20,166551,NATURAL_END_OF_TRACK,IPHONE,1,0,false,1773474483,"Gracie Abrams - That’s So True"
"United States",1736995139,AUDIO,20260227,18,165869,NATURAL_END_OF_TRACK,IPHONE,1,0,false,1736995139,"Olivia Rodrigo - all-american bitch"
"United States",1799823896,AUDIO,20260227,15,165380,NATURAL_END_OF_TRACK,IPHONE,1,0,false,1799823896,"BIBI - BIBI Vengeance"
"United States",1689131961,AUDIO,20260227,22,164796,NATURAL_END_OF_TRACK,MACINTOSH,1,0,false,1689131961,"Taylor Swift - Vigilante Shit"
"United States",1838810958,AUDIO,20260227,23,163700,NATURAL_END_OF_TRACK,MACINTOSH,1,0,false,1838810958,"Taylor Swift - Actually Romantic"
"United States",1742058101,AUDIO,20260227,16,156332,NATURAL_END_OF_TRACK,IPHONE,1,0,false,1742058101,"Taylor Swift - I Can Fix Him (No Really I Can)"
"United States",1742057775,AUDIO,20260227,16,153403,"MANUALLY_SELECTED_PLAYBACK_OF_A_DIFF_ITEM",IPHONE,1,1,false,1742057775,"Taylor Swift - Fortnight (feat. Post Malone)"
"United States",1838810960,AUDIO,20260227,23,150506,NATURAL_END_OF_TRACK,MACINTOSH,1,0,false,1838810960,"Taylor Swift - Wood"
"United States",1736996227,VIDEO,20260227,18,139923,TRACK_SKIPPED_FORWARDS,IPHONE,1,1,false,1736996227,vampire
"United States",1742058085,AUDIO,20260227,"16, 20",128883,"MANUALLY_SELECTED_PLAYBACK_OF_A_DIFF_ITEM",IPHONE,1,3,false,1742058085,"Taylor Swift - But Daddy I Love Him"
"United States",1773474473,AUDIO,20260227,23,122900,TRACK_SKIPPED_FORWARDS,IPHONE,1,1,false,1773474473,"Gracie Abrams - I Knew It, I Know You"
"United States",1736996084,AUDIO,20260227,18,122187,NATURAL_END_OF_TRACK,IPHONE,1,0,false,1736996084,"Olivia Rodrigo - girl i’ve always been"
"United States",1664288817,AUDIO,20260227,14,118885,PLAYBACK_MANUALLY_PAUSED,IPHONE,1,0,false,1664288817,"Gracie Abrams - Will you cry?"
"United States",1609049613,AUDIO,20260227,15,107358,"MANUALLY_SELECTED_PLAYBACK_OF_A_DIFF_ITEM",IPHONE,1,1,false,1609049613,"TAEYEON - INVU"
"United States",1521791796,AUDIO,20260227,15,103512,TRACK_SKIPPED_FORWARDS,IPHONE,1,1,false,1521791796,"Red Velvet - IRENE & SEULGI - Monster"
"United States",1440934248,AUDIO,20260227,17,98379,TRACK_SKIPPED_FORWARDS,IPHONE,1,1,false,1440934248,"Taylor Swift - ...Ready For It?"
"United States",1694386840,AUDIO,20260227,2,92175,PLAYBACK_MANUALLY_PAUSED,IPHONE,1,0,false,1694386840,"Olivia Rodrigo - logical"
"United States",1440762527,AUDIO,20260227,14,88748,TRACK_SKIPPED_FORWARDS,IPHONE,1,1,false,1440762527,"The Pussycat Dolls - Stickwitu"
"United States",1736995535,AUDIO,20260227,18,82170,TRACK_SKIPPED_FORWARDS,IPHONE,1,1,false,1736995535,"Olivia Rodrigo - making the bed"
"United States",1773474472,AUDIO,20260227,20,72065,"MANUALLY_SELECTED_PLAYBACK_OF_A_DIFF_ITEM",IPHONE,1,1,false,1773474472,"Gracie Abrams - Tough Love"
"United States",1698650764,AUDIO,20260227,15,67041,"MANUALLY_SELECTED_PLAYBACK_OF_A_DIFF_ITEM",IPHONE,1,1,false,1698650764,"SUNMI - 24 Hours"
"United States",1580685473,AUDIO,20260227,15,58747,"MANUALLY_SELECTED_PLAYBACK_OF_A_DIFF_ITEM",IPHONE,1,1,false,1580685473,"Red Velvet - Pose"
"United States",1694386835,AUDIO,20260227,"13, 14",58479,"MANUALLY_SELECTED_PLAYBACK_OF_A_DIFF_ITEM",IPHONE,1,2,false,1694386835,"Olivia Rodrigo - making the bed"
"United States",1437890110,AUDIO,20260227,15,57029,"MANUALLY_SELECTED_PLAYBACK_OF_A_DIFF_ITEM",IPHONE,1,1,false,1437890110,"YURI - Into You"
"United States",854892845,AUDIO,20260227,15,53450,"MANUALLY_SELECTED_PLAYBACK_OF_A_DIFF_ITEM",IPHONE,1,1,false,854892845,"f(x) - LA chA TA"
"United States",1773474478,AUDIO,20260227,20,49180,"MANUALLY_SELECTED_PLAYBACK_OF_A_DIFF_ITEM",IPHONE,1,1,false,1773474478,"Gracie Abrams - Good Luck Charlie"
"United States",1647324051,AUDIO,20260227,15,42946,"MANUALLY_SELECTED_PLAYBACK_OF_A_DIFF_ITEM",IPHONE,1,1,false,1647324051,"SEULGI - 28 Reasons"
"United States",1736995818,AUDIO,20260227,18,34853,"MANUALLY_SELECTED_PLAYBACK_OF_A_DIFF_ITEM",IPHONE,1,1,false,1736995818,"Olivia Rodrigo - love is embarrassing"
"United States",1853118084,AUDIO,20260227,22,33567,"MANUALLY_SELECTED_PLAYBACK_OF_A_DIFF_ITEM",MACINTOSH,1,1,false,N/A,"Tristan - Keep That to Yourself"
"United States",1742058105,AUDIO,20260227,17,0,TRACK_SKIPPED_FORWARDS,IPHONE,0,1,false,1742058105,"Taylor Swift - The Smallest Man Who Ever Lived"
"United States",1773474479,AUDIO,20260227,23,0,"MANUALLY_SELECTED_PLAYBACK_OF_A_DIFF_ITEM",IPHONE,0,1,false,1773474479,"Gracie Abrams - Free Now"
"United States",1450065538,AUDIO,20260227,14,0,"MANUALLY_SELECTED_PLAYBACK_OF_A_DIFF_ITEM",IPHONE,0,2,false,1450065538,"The Pussycat Dolls - When I Grow Up"
"United States",1698487083,AUDIO,20260227,14,0,"MANUALLY_SELECTED_PLAYBACK_OF_A_DIFF_ITEM",IPHONE,0,1,false,1698487083,"miss A - Hush"
"United States",1736996573,VIDEO,20260227,18,0,TRACK_SKIPPED_FORWARDS,IPHONE,0,1,false,1736996573,"get him back!"
"United States",1736995379,AUDIO,20260227,18,0,TRACK_SKIPPED_FORWARDS,IPHONE,0,1,false,1736995379,"Olivia Rodrigo - lacy"
"United States",1736996223,AUDIO,20260227,18,0,TRACK_SKIPPED_FORWARDS,IPHONE,0,1,false,1736996223,"Olivia Rodrigo - so american"
"United States",854928842,AUDIO,20260227,15,0,TRACK_SKIPPED_FORWARDS,IPHONE,0,1,false,854928842,"f(x) - Ice Cream"
"United States",1742058083,AUDIO,20260227,18,0,TRACK_SKIPPED_FORWARDS,IPHONE,0,1,false,1742058083,"Taylor Swift - So Long, London"
"United States",1736995376,AUDIO,20260227,18,0,TRACK_SKIPPED_FORWARDS,IPHONE,0,1,false,1736995376,"Olivia Rodrigo - vampire"
"United States",1690841083,AUDIO,20260227,17,0,TRACK_SKIPPED_FORWARDS,IPHONE,0,1,false,1690841083,"Taylor Swift - Castles Crumbling (Taylor's Version) (From The Vault) [feat. Hayley Williams]"
"United States",1787022993,AUDIO,20260227,2,0,"MANUALLY_SELECTED_PLAYBACK_OF_A_DIFF_ITEM",IPHONE,0,1,false,1787022993,"Bad Bunny & Chuwi - WELTiTA"
"United States",1715939931,AUDIO,20260227,15,0,"MANUALLY_SELECTED_PLAYBACK_OF_A_DIFF_ITEM",IPHONE,0,1,false,1715939931,"aespa - Drama"
"United States",1273937462,AUDIO,20260227,15,0,TRACK_SKIPPED_FORWARDS,IPHONE,0,1,false,1273937462,"SUNMI - 가시나 Gashina"
"United States",1450065730,AUDIO,20260227,14,0,"MANUALLY_SELECTED_PLAYBACK_OF_A_DIFF_ITEM",IPHONE,0,1,false,1450065730,"The Pussycat Dolls - I Hate This Part"
"United States",854928840,AUDIO,20260227,15,0,TRACK_SKIPPED_FORWARDS,IPHONE,0,1,false,854928840,"f(x) - NU ABO"
"United States",1773474471,AUDIO,20260227,20,0,"MANUALLY_SELECTED_PLAYBACK_OF_A_DIFF_ITEM",IPHONE,0,1,false,1773474471,"Gracie Abrams - Let It Happen"
"United States",1878155986,AUDIO,20260228,"16, 21",1651707,"MANUALLY_SELECTED_PLAYBACK_OF_A_DIFF_ITEM",MACINTOSH,9,1,false,1878155986,"Taylor Swift & Ely Oaks - Opalite (Ely Oaks Remix)"
"United States",1742058104,AUDIO,20260228,"22, 23",654311,NATURAL_END_OF_TRACK,MACINTOSH,3,0,false,1742058104,"Taylor Swift - I Can Do It With a Broken Heart"
"United States",1649434280,AUDIO,20260228,"22, 23",607142,NATURAL_END_OF_TRACK,MACINTOSH,3,0,false,1649434280,"Taylor Swift - Lavender Haze"
"United States",1742058080,AUDIO,20260228,"22, 23",522251,NATURAL_END_OF_TRACK,MACINTOSH,2,0,false,1742058080,"Taylor Swift - Down Bad"
"United States",1552791228,AUDIO,20260228,"21, 23",485670,NATURAL_END_OF_TRACK,MACINTOSH,2,0,false,1552791228,"Taylor Swift - Fearless (Taylor’s Version)"
"United States",1713846658,AUDIO,20260228,"22, 23",459133,NATURAL_END_OF_TRACK,MACINTOSH,2,0,false,1713846658,"Taylor Swift - Is It Over Now? (Taylor's Version) [From The Vault]"
"United States",1838810955,AUDIO,20260228,"15, 21",414497,NATURAL_END_OF_TRACK,"IPHONE, MACINTOSH",2,0,false,1838810955,"Taylor Swift - Father Figure"
"United States",1838810961,AUDIO,20260228,"15, 21",409442,NATURAL_END_OF_TRACK,"IPHONE, MACINTOSH",2,0,false,1838810961,"Taylor Swift - CANCELLED!"
"United States",1690840535,AUDIO,20260228,22,353633,NATURAL_END_OF_TRACK,MACINTOSH,1,0,false,1690840535,"Taylor Swift - Enchanted (Taylor's Version)"
"United States",1742058100,AUDIO,20260228,21,329956,TRACK_SKIPPED_FORWARDS,IPHONE,1,2,false,1742058100,"Taylor Swift - Who’s Afraid of Little Old Me?"
"United States",1590368646,AUDIO,20260228,"22, 23",311836,NATURAL_END_OF_TRACK,MACINTOSH,2,1,false,1590368646,"Taylor Swift - 22 (Taylor's Version)"
"United States",1714502827,AUDIO,20260228,"16, 18",296530,"MANUALLY_SELECTED_PLAYBACK_OF_A_DIFF_ITEM",IPHONE,2,1,false,1714502827,"Dua Lipa - Houdini"
"United States",1524801587,AUDIO,20260228,23,285088,NATURAL_END_OF_TRACK,MACINTOSH,1,0,false,1524801587,"Taylor Swift - exile (feat. Bon Iver)"
"United States",1742058284,AUDIO,20260228,21,284802,NATURAL_END_OF_TRACK,IPHONE,1,0,false,1742058284,"Taylor Swift - Peter"
"United States",1773474471,AUDIO,20260228,2,260815,NATURAL_END_OF_TRACK,IPHONE,1,0,false,1773474471,"Gracie Abrams - Let It Happen"
"United States",1590368456,AUDIO,20260228,22,255547,"MANUALLY_SELECTED_PLAYBACK_OF_A_DIFF_ITEM",MACINTOSH,1,1,false,1590368456,"Taylor Swift - All Too Well (Taylor's Version)"
"United States",1649434489,AUDIO,20260228,"22, 23",253200,TRACK_SKIPPED_FORWARDS,MACINTOSH,2,1,false,1649434489,"Taylor Swift - Bejeweled"
"United States",1440936201,AUDIO,20260228,4,250002,NATURAL_END_OF_TRACK,IPHONE,1,0,false,1440936201,"Taylor Swift - This Love"
"United States",1838810952,AUDIO,20260228,"15, 20",243090,NATURAL_END_OF_TRACK,"IPHONE, MACINTOSH",2,0,false,1838810952,"Taylor Swift - Elizabeth Taylor"
"United States",1838810964,AUDIO,20260228,"16, 21",241767,TRACK_SKIPPED_FORWARDS,"IPHONE, MACINTOSH",1,1,false,1838810964,"Taylor Swift - The Life of a Showgirl (feat. Sabrina Carpenter)"
"United States",1690840385,AUDIO,20260228,23,237890,NATURAL_END_OF_TRACK,MACINTOSH,1,0,false,1690840385,"Taylor Swift - Mean (Taylor's Version)"
"United States",1440935820,AUDIO,20260228,4,235965,NATURAL_END_OF_TRACK,IPHONE,1,0,false,1440935820,"Taylor Swift - Out of the Woods"
"United States",1838810953,AUDIO,20260228,15,235267,NATURAL_END_OF_TRACK,MACINTOSH,1,0,false,1838810953,"Taylor Swift - Opalite"
"United States",1689132079,AUDIO,20260228,23,234942,NATURAL_END_OF_TRACK,MACINTOSH,1,0,false,1689132079,"Taylor Swift - Hits Different"
"United States",1440934262,AUDIO,20260228,22,233620,NATURAL_END_OF_TRACK,MACINTOSH,1,0,false,1440934262,"Taylor Swift - Getaway Car"
"United States",1773473688,AUDIO,20260228,2,232528,NATURAL_END_OF_TRACK,IPHONE,1,0,false,1773473688,"Gracie Abrams - Blowing Smoke"
"United States",1838810963,AUDIO,20260228,"16, 21",227688,"MANUALLY_SELECTED_PLAYBACK_OF_A_DIFF_ITEM","IPHONE, MACINTOSH",2,1,false,1838810963,"Taylor Swift - Honey"
"United States",1590368453,AUDIO,20260228,23,224371,NATURAL_END_OF_TRACK,MACINTOSH,1,0,false,1590368453,"Taylor Swift - Red (Taylor's Version)"
"United States",1468058173,AUDIO,20260228,21,221713,NATURAL_END_OF_TRACK,MACINTOSH,1,0,false,1468058173,"Taylor Swift - Lover"
"United States",1440934255,AUDIO,20260228,23,211929,NATURAL_END_OF_TRACK,MACINTOSH,1,0,false,1440934255,"Taylor Swift - Look What You Made Me Do"
"United States",1524801274,AUDIO,20260228,23,209609,NATURAL_END_OF_TRACK,MACINTOSH,1,0,false,1524801274,"Taylor Swift - the 1"
"United States",1440936021,AUDIO,20260228,15,207588,NATURAL_END_OF_TRACK,IPHONE,1,0,false,1440936021,"Taylor Swift - I Wish You Would"
"United States",1649434498,AUDIO,20260228,23,204831,NATURAL_END_OF_TRACK,MACINTOSH,1,0,false,1649434498,"Taylor Swift - Karma"
"United States",1742058079,AUDIO,20260228,21,204014,NATURAL_END_OF_TRACK,IPHONE,1,0,false,1742058079,"Taylor Swift - My Boy Only Breaks His Favorite Toys"
"United States",1590368893,AUDIO,20260228,23,201549,NATURAL_END_OF_TRACK,MACINTOSH,1,0,false,1590368893,"Taylor Swift - The Very First Night (Taylor's Version) [From The Vault]"
"United States",1538003644,AUDIO,20260228,16,194150,NATURAL_END_OF_TRACK,IPHONE,1,0,false,1538003644,"Dua Lipa - Physical"
"United States",1552791558,AUDIO,20260228,22,185739,PLAYBACK_MANUALLY_PAUSED,MACINTOSH,1,0,false,1552791558,"Taylor Swift - You Belong With Me (Taylor’s Version)"
"United States",1484636829,AUDIO,20260228,18,183545,NATURAL_END_OF_TRACK,IPHONE,1,0,false,1484636829,"Dua Lipa - Don't Start Now"
"United States",1468058171,AUDIO,20260228,21,178977,NATURAL_END_OF_TRACK,MACINTOSH,1,0,false,1468058171,"Taylor Swift - Cruel Summer"
"United States",1440936206,AUDIO,20260228,"4, 15",176436,"MANUALLY_SELECTED_PLAYBACK_OF_A_DIFF_ITEM",IPHONE,1,1,false,1440936206,"Taylor Swift - Clean"
"United States",1468058704,AUDIO,20260228,21,171768,NATURAL_END_OF_TRACK,MACINTOSH,1,0,false,1468058704,"Taylor Swift - You Need To Calm Down"
"United States",1440936036,AUDIO,20260228,15,171399,TRACK_SKIPPED_FORWARDS,IPHONE,1,1,false,1440936036,"Taylor Swift - Wildest Dreams"
"United States",1742058097,AUDIO,20260228,21,131719,PLAYBACK_MANUALLY_PAUSED,IPHONE,1,0,false,1742058097,"Taylor Swift - Guilty as Sin?"
"United States",1228739604,AUDIO,20260228,18,127957,TRACK_SKIPPED_FORWARDS,IPHONE,1,1,false,1228739604,"Dua Lipa - IDGAF"
"United States",1773474487,AUDIO,20260228,2,102781,"MANUALLY_SELECTED_PLAYBACK_OF_A_DIFF_ITEM",IPHONE,1,1,false,1773474487,"Gracie Abrams - I Knew It, I Know You (Live From Vevo)"
"United States",1838810951,AUDIO,20260228,16,97329,"MANUALLY_SELECTED_PLAYBACK_OF_A_DIFF_ITEM",MACINTOSH,1,1,false,1838810951,"Taylor Swift - The Fate of Ophelia"
"United States",1364709436,AUDIO,20260228,16,82579,"MANUALLY_SELECTED_PLAYBACK_OF_A_DIFF_ITEM",IPHONE,1,1,false,1364709436,"Calvin Harris, Dua Lipa - One Kiss"
"United States",1532788352,AUDIO,20260228,16,81156,"MANUALLY_SELECTED_PLAYBACK_OF_A_DIFF_ITEM",IPHONE,1,1,false,1532788352,"Dua Lipa - Levitating (feat. DaBaby)"
"United States",1727526894,AUDIO,20260228,16,65431,"MANUALLY_SELECTED_PLAYBACK_OF_A_DIFF_ITEM",IPHONE,1,1,false,1727526894,"Dua Lipa - Training Season"
"United States",1440936195,AUDIO,20260228,16,48426,"MANUALLY_SELECTED_PLAYBACK_OF_A_DIFF_ITEM",IPHONE,1,1,false,1440936195,"Taylor Swift - How You Get the Girl"
"United States",1838810956,AUDIO,20260228,"15, 21",32409,"MANUALLY_SELECTED_PLAYBACK_OF_A_DIFF_ITEM","IPHONE, MACINTOSH",1,2,false,1838810956,"Taylor Swift - Eldest Daughter"
"United States",1838810957,AUDIO,20260228,"15, 21",0,TRACK_SKIPPED_FORWARDS,"IPHONE, MACINTOSH",0,2,false,1838810957,"Taylor Swift - Ruin The Friendship"
"United States",1838810960,AUDIO,20260228,15,0,TRACK_SKIPPED_FORWARDS,MACINTOSH,0,1,false,1838810960,"Taylor Swift - Wood"
"United States",1838810958,AUDIO,20260228,15,0,TRACK_SKIPPED_FORWARDS,MACINTOSH,0,1,false,1838810958,"Taylor Swift - Actually Romantic"
"United States",1468058180,AUDIO,20260228,21,0,"MANUALLY_SELECTED_PLAYBACK_OF_A_DIFF_ITEM",MACINTOSH,0,1,false,1468058180,"Taylor Swift - Miss Americana & The Heartbreak Prince"
"United States",1468058176,AUDIO,20260228,21,0,TRACK_SKIPPED_FORWARDS,MACINTOSH,0,1,false,1468058176,"Taylor Swift - The Man"
"United States",1440936203,AUDIO,20260228,4,0,"MANUALLY_SELECTED_PLAYBACK_OF_A_DIFF_ITEM",IPHONE,0,1,false,1440936203,"Taylor Swift - I Know Places"
"United States",1838810959,AUDIO,20260228,15,0,TRACK_SKIPPED_FORWARDS,MACINTOSH,0,1,false,1838810959,"Taylor Swift - Wi$h Li$t"
"United States",1742058085,AUDIO,20260228,21,0,TRACK_SKIPPED_FORWARDS,IPHONE,0,1,false,1742058085,"Taylor Swift - But Daddy I Love Him"
"United States",1742058540,AUDIO,20260228,21,0,TRACK_SKIPPED_FORWARDS,IPHONE,0,1,false,1742058540,"Taylor Swift - The Manuscript"
"United States",1622051042,AUDIO,20260228,23,0,"MANUALLY_SELECTED_PLAYBACK_OF_A_DIFF_ITEM",MACINTOSH,0,1,false,1622051042,"Taylor Swift - This Love (Taylor’s Version)"
"United States",1440935812,AUDIO,20260228,16,0,TRACK_SKIPPED_FORWARDS,IPHONE,0,1,false,1440935812,"Taylor Swift - Style"
"United States",1742057775,AUDIO,20260228,21,0,TRACK_SKIPPED_FORWARDS,IPHONE,0,1,false,1742057775,"Taylor Swift - Fortnight (feat. Post Malone)"
"United States",1833329003,AUDIO,20260301,"4, 13, 14, 15, 21",1521450,PLAYBACK_SUSPENDED,IPHONE,7,0,false,1833329003,"Taylor Swift - CANCELLED!"
"United States",1742058100,AUDIO,20260301,"4, 13, 14, 22",1506001,NATURAL_END_OF_TRACK,IPHONE,4,0,false,1742058100,"Taylor Swift - Who’s Afraid of Little Old Me?"
"United States",1440934254,AUDIO,20260301,"4, 13, 15, 21",931452,NATURAL_END_OF_TRACK,IPHONE,4,0,false,1440934254,"Taylor Swift - Delicate"
"United States",1440935808,AUDIO,20260301,"4, 14, 15",698474,NATURAL_END_OF_TRACK,IPHONE,3,0,false,1440935808,"Taylor Swift - Blank Space"
"United States",1833328842,AUDIO,20260301,"4, 13, 15, 21",626168,TRACK_SKIPPED_FORWARDS,IPHONE,3,1,false,1833328842,"Taylor Swift - Elizabeth Taylor"
"United States",1833328847,AUDIO,20260301,"2, 14",568754,NATURAL_END_OF_TRACK,IPHONE,2,0,false,1833328847,"Taylor Swift - Father Figure"
"United States",1440933520,AUDIO,20260301,"1, 13",446383,NATURAL_END_OF_TRACK,IPHONE,2,1,false,1440933520,"Taylor Swift - Style"
"United States",1833329007,AUDIO,20260301,"4, 13, 21",242183,"MANUALLY_SELECTED_PLAYBACK_OF_A_DIFF_ITEM",IPHONE,1,2,false,1833329007,"Taylor Swift - The Life of a Showgirl (feat. Sabrina Carpenter)"
"United States",1440832542,AUDIO,20260301,0,240706,NATURAL_END_OF_TRACK,IPHONE,1,1,false,1440832542,"Fergie, Q-Tip & GoonRock - A Little Party Never Killed Nobody (All We Got)"
"United States",1524801580,AUDIO,20260301,"4, 14",240391,"MANUALLY_SELECTED_PLAYBACK_OF_A_DIFF_ITEM",IPHONE,1,1,false,1524801580,"Taylor Swift - cardigan"
"United States",1452859410,AUDIO,20260301,"2, 13, 21",235740,TRACK_SKIPPED_FORWARDS,IPHONE,1,2,false,1452859410,"Taylor Swift - Love Story"
"United States",1845404107,AUDIO,20260301,22,233016,NATURAL_END_OF_TRACK,IPHONE,1,0,false,1845404107,"Gracie Abrams - I Told You Things (Apple Music Live)"
"United States",1440833218,AUDIO,20260301,1,232116,NATURAL_END_OF_TRACK,IPHONE,1,0,false,1440833218,"Lana Del Rey - Young and Beautiful (DH Orchestral Version)"
"United States",1440925035,AUDIO,20260301,"4, 21",231276,TRACK_SKIPPED_FORWARDS,IPHONE,1,1,false,1440925035,"Taylor Swift - You Belong With Me"
"United States",1713846658,AUDIO,20260301,0,229491,NATURAL_END_OF_TRACK,MACINTOSH,1,0,false,1713846658,"Taylor Swift - Is It Over Now? (Taylor's Version) [From The Vault]"
"United States",1742057775,AUDIO,20260301,"0, 13",228885,NATURAL_END_OF_TRACK,"IPHONE, MACINTOSH",1,1,false,1742057775,"Taylor Swift - Fortnight (feat. Post Malone)"
"United States",1845404113,AUDIO,20260301,22,224539,NATURAL_END_OF_TRACK,IPHONE,1,0,false,1845404113,"Gracie Abrams - That’s So True (Apple Music Live)"
"United States",1845403822,AUDIO,20260301,22,222204,NATURAL_END_OF_TRACK,IPHONE,1,0,false,1845403822,"Gracie Abrams - I Love You, I’m Sorry (Apple Music Live)"
"United States",1468058173,AUDIO,20260301,"2, 13",222089,NATURAL_END_OF_TRACK,IPHONE,1,1,false,1468058173,"Taylor Swift - Lover"
"United States",1440936036,AUDIO,20260301,13,220643,NATURAL_END_OF_TRACK,IPHONE,1,0,false,1440936036,"Taylor Swift - Wildest Dreams"
"United States",1440936016,AUDIO,20260301,13,219294,NATURAL_END_OF_TRACK,IPHONE,1,0,false,1440936016,"Taylor Swift - Shake It Off"
"United States",1736268405,AUDIO,20260301,0,218464,NATURAL_END_OF_TRACK,IPHONE,1,0,false,1736268405,"Taylor Swift - I Can Do It With a Broken Heart"
"United States",1742058104,AUDIO,20260301,22,218300,NATURAL_END_OF_TRACK,IPHONE,1,0,false,1742058104,"Taylor Swift - I Can Do It With a Broken Heart"
"United States",1742074936,AUDIO,20260301,22,217425,NATURAL_END_OF_TRACK,IPHONE,1,0,false,1742074936,"Taylor Swift - Clara Bow"
"United States",1838810961,AUDIO,20260301,22,211811,NATURAL_END_OF_TRACK,IPHONE,1,0,false,1838810961,"Taylor Swift - CANCELLED!"
"United States",1440934255,AUDIO,20260301,0,211746,NATURAL_END_OF_TRACK,MACINTOSH,1,0,false,1440934255,"Taylor Swift - Look What You Made Me Do"
"United States",1468058171,AUDIO,20260301,2,178932,NATURAL_END_OF_TRACK,IPHONE,1,0,false,1468058171,"Taylor Swift - Cruel Summer"
"United States",1833328850,AUDIO,20260301,"13, 21",163714,TRACK_SKIPPED_FORWARDS,IPHONE,1,1,false,1833328850,"Taylor Swift - Actually Romantic"
"United States",1649434489,AUDIO,20260301,0,139740,PLAYBACK_MANUALLY_PAUSED,MACINTOSH,1,0,false,1649434489,"Taylor Swift - Bejeweled"
"United States",1773474483,AUDIO,20260301,22,123477,OTHER,IPHONE,1,0,false,1773474483,"Gracie Abrams - That’s So True"
"United States",1742058078,AUDIO,20260301,22,89699,"MANUALLY_SELECTED_PLAYBACK_OF_A_DIFF_ITEM",IPHONE,1,1,false,1742058078,"Taylor Swift - The Tortured Poets Department"
"United States",1833328840,AUDIO,20260301,21,85425,TRACK_SKIPPED_FORWARDS,IPHONE,1,1,false,1833328840,"Taylor Swift - The Fate of Ophelia"
"United States",1833328845,AUDIO,20260301,14,44892,TRACK_SKIPPED_FORWARDS,IPHONE,1,1,false,1833328845,"Taylor Swift - Opalite"
"United States",1833329002,AUDIO,20260301,14,32758,TRACK_SKIPPED_FORWARDS,IPHONE,1,1,false,1833329002,"Taylor Swift - Wood"
"United States",1833328849,AUDIO,20260301,21,0,TRACK_SKIPPED_FORWARDS,IPHONE,0,1,false,1833328849,"Taylor Swift - Ruin The Friendship"
"United States",1440832876,AUDIO,20260301,0,0,TRACK_SKIPPED_FORWARDS,IPHONE,0,2,false,1440832876,"JAŸ-Z & Kanye West - No Church In the Wild (feat. Frank Ocean & The-Dream)"
"United States",1440833203,AUDIO,20260301,0,0,TRACK_SKIPPED_FORWARDS,IPHONE,0,1,false,1440833203,"Sia - Kill and Run"
"United States",1708309000,AUDIO,20260301,0,0,"MANUALLY_SELECTED_PLAYBACK_OF_A_DIFF_ITEM",MACINTOSH,0,1,false,1708309000,"Taylor Swift - Out Of The Woods (Taylor's Version)"
"United States",1649434280,AUDIO,20260301,22,0,"MANUALLY_SELECTED_PLAYBACK_OF_A_DIFF_ITEM",IPHONE,0,1,false,1649434280,"Taylor Swift - Lavender Haze"
"United States",1690840535,AUDIO,20260301,0,0,"MANUALLY_SELECTED_PLAYBACK_OF_A_DIFF_ITEM",MACINTOSH,0,1,false,1690840535,"Taylor Swift - Enchanted (Taylor's Version)"
"United States",1440832246,AUDIO,20260301,1,0,"MANUALLY_SELECTED_PLAYBACK_OF_A_DIFF_ITEM",IPHONE,0,1,false,1440832246,"Lana Del Rey - Young and Beautiful"
"United States",1838810952,AUDIO,20260301,22,0,"MANUALLY_SELECTED_PLAYBACK_OF_A_DIFF_ITEM",IPHONE,0,1,false,1838810952,"Taylor Swift - Elizabeth Taylor"
"United States",1690840385,AUDIO,20260301,0,0,"MANUALLY_SELECTED_PLAYBACK_OF_A_DIFF_ITEM",MACINTOSH,0,1,false,1690840385,"Taylor Swift - Mean (Taylor's Version)"
"United States",1845404108,AUDIO,20260302,"0, 1, 4, 20",1356627,TRACK_SKIPPED_FORWARDS,"IPHONE, MACINTOSH",5,3,false,1845404108,"Gracie Abrams - Let It Happen (Apple Music Live)"
"United States",1845404113,AUDIO,20260302,"0, 4, 19, 20",1078559,NATURAL_END_OF_TRACK,"IPHONE, MACINTOSH",5,1,false,1845404113,"Gracie Abrams - That’s So True (Apple Music Live)"
"United States",1845403831,AUDIO,20260302,"1, 2, 3, 20",982853,TRACK_SKIPPED_FORWARDS,"IPHONE, MACINTOSH",4,3,false,1845403831,"Gracie Abrams - Death Wish (Apple Music Live)"
"United States",1845404107,AUDIO,20260302,"0, 3, 18, 20",931239,NATURAL_END_OF_TRACK,"IPHONE, MACINTOSH",4,0,false,1845404107,"Gracie Abrams - I Told You Things (Apple Music Live)"
"United States",1845403819,AUDIO,20260302,"1, 3, 20",909162,NATURAL_END_OF_TRACK,"IPHONE, MACINTOSH",5,1,false,1845403819,"Gracie Abrams - 21 (Apple Music Live)"
"United States",1845404112,AUDIO,20260302,"4, 20",867825,"MANUALLY_SELECTED_PLAYBACK_OF_A_DIFF_ITEM","IPHONE, MACINTOSH",3,1,false,1845404112,"Gracie Abrams - us. (Apple Music Live)"
"United States",1845403818,AUDIO,20260302,"2, 3, 20",798565,TRACK_SKIPPED_FORWARDS,"IPHONE, MACINTOSH",4,2,false,1845403818,"Gracie Abrams - Blowing Smoke (Apple Music Live)"
"United States",1845404106,AUDIO,20260302,"1, 2, 3, 4, 20",699848,"MANUALLY_SELECTED_PLAYBACK_OF_A_DIFF_ITEM","IPHONE, MACINTOSH",4,4,false,1845404106,"Gracie Abrams - Packing It Up (Apple Music Live)"
"United States",1845404111,AUDIO,20260302,"1, 3, 4",688973,NATURAL_END_OF_TRACK,"IPHONE, MACINTOSH",3,1,false,1845404111,"Gracie Abrams - Free Now (Apple Music Live)"
"United States",1440818666,AUDIO,20260302,"20, 23",655832,"MANUALLY_SELECTED_PLAYBACK_OF_A_DIFF_ITEM",IPHONE,3,2,false,1440818666,"Lorde - Ribs"
"United States",1845404103,AUDIO,20260302,"1, 3, 18",648185,"MANUALLY_SELECTED_PLAYBACK_OF_A_DIFF_ITEM","IPHONE, MACINTOSH",3,1,false,1845404103,"Gracie Abrams - Normal Thing (Apple Music Live)"
"United States",1845404110,AUDIO,20260302,"1, 4",627452,NATURAL_END_OF_TRACK,"IPHONE, MACINTOSH",2,2,false,1845404110,"Gracie Abrams - Right Now (Apple Music Live)"
"United States",1845404104,AUDIO,20260302,"1, 2, 3",607585,NATURAL_END_OF_TRACK,"IPHONE, MACINTOSH",3,0,false,1845404104,"Gracie Abrams - Mess It Up (Apple Music Live)"
"United States",1838810961,AUDIO,20260302,"4, 23",602737,NATURAL_END_OF_TRACK,IPHONE,2,0,false,1838810961,"Taylor Swift - CANCELLED!"
"United States",1438676278,AUDIO,20260302,"15, 16",573469,NATURAL_END_OF_TRACK,MACINTOSH,3,0,false,1438676278,"Zara Larsson - Ruin My Life"
"United States",1845404109,AUDIO,20260302,"1, 4, 20",546114,"MANUALLY_SELECTED_PLAYBACK_OF_A_DIFF_ITEM","IPHONE, MACINTOSH",2,2,false,1845404109,"Gracie Abrams - I miss you, I'm sorry (Apple Music Live)"
"United States",1542103620,AUDIO,20260302,"15, 18, 23",505432,NATURAL_END_OF_TRACK,IPHONE,3,0,false,1542103620,"Bad Bunny & JHAYCO - DÁKITI"
"United States",1468986437,AUDIO,20260302,"15, 16",456497,NATURAL_END_OF_TRACK,MACINTOSH,2,0,false,1468986437,"Zara Larsson - All the Time"
"United States",1742058104,AUDIO,20260302,"15, 23",436661,NATURAL_END_OF_TRACK,IPHONE,2,0,false,1742058104,"Taylor Swift - I Can Do It With a Broken Heart"
"United States",1713846658,AUDIO,20260302,"5, 23",436530,NATURAL_END_OF_TRACK,IPHONE,2,0,false,1713846658,"Taylor Swift - Is It Over Now? (Taylor's Version) [From The Vault]"
"United States",1838810955,AUDIO,20260302,"4, 23",425586,NATURAL_END_OF_TRACK,IPHONE,2,0,false,1838810955,"Taylor Swift - Father Figure"
"United States",1649434280,AUDIO,20260302,"15, 23",405447,NATURAL_END_OF_TRACK,IPHONE,2,0,false,1649434280,"Taylor Swift - Lavender Haze"
"United States",1843595808,AUDIO,20260302,"4, 15",369567,NATURAL_END_OF_TRACK,MACINTOSH,2,0,false,1843595808,"PinkPantheress - Stateside (with Zara Larsson)"
"United States",1742058105,AUDIO,20260302,"18, 23",356396,TRACK_SKIPPED_FORWARDS,IPHONE,2,1,false,1742058105,"Taylor Swift - The Smallest Man Who Ever Lived"
"United States",1742058100,AUDIO,20260302,"4, 5",334743,NATURAL_END_OF_TRACK,IPHONE,1,1,false,1742058100,"Taylor Swift - Who’s Afraid of Little Old Me?"
"United States",1595423260,AUDIO,20260302,18,329162,NATURAL_END_OF_TRACK,MACINTOSH,1,0,false,1595423260,"Taylor Swift - All Too Well (Taylor's Version)"
"United States",1845404114,AUDIO,20260302,"0, 2, 4, 20",326153,TRACK_SKIPPED_FORWARDS,"IPHONE, MACINTOSH",3,5,false,1845404114,"Gracie Abrams - Close To You (Apple Music Live)"
"United States",1845403814,AUDIO,20260302,3,314747,NATURAL_END_OF_TRACK,MACINTOSH,1,0,false,1845403814,"Gracie Abrams - Intro & Risk (Apple Music Live)"
"United States",1690841083,AUDIO,20260302,23,309747,NATURAL_END_OF_TRACK,IPHONE,1,0,false,1690841083,"Taylor Swift - Castles Crumbling (Taylor's Version) (From The Vault) [feat. Hayley Williams]"
"United States",1595423134,AUDIO,20260302,17,295577,NATURAL_END_OF_TRACK,MACINTOSH,1,0,false,1595423134,"Taylor Swift - State Of Grace (Taylor's Version)"
"United States",1845403829,AUDIO,20260302,3,279392,NATURAL_END_OF_TRACK,MACINTOSH,1,0,false,1845403829,"Gracie Abrams - Where do we go now? (Apple Music Live)"
"United States",1718576584,AUDIO,20260302,23,278089,NATURAL_END_OF_TRACK,IPHONE,1,0,false,1718576584,"Taylor Swift - You’re Losing Me (From The Vault)"
"United States",1838810963,AUDIO,20260302,"18, 23",246345,NATURAL_END_OF_TRACK,IPHONE,2,1,false,1838810963,"Taylor Swift - Honey"
"United States",1742058273,AUDIO,20260302,"18, 23",244279,TRACK_SKIPPED_FORWARDS,IPHONE,1,1,false,1742058273,"Taylor Swift - I Hate It Here"
"United States",1595423258,AUDIO,20260302,17,242711,NATURAL_END_OF_TRACK,MACINTOSH,1,0,false,1595423258,"Taylor Swift - Treacherous (Taylor's Version)"
"United States",1440934262,AUDIO,20260302,"15, 18",233858,TRACK_SKIPPED_FORWARDS,IPHONE,1,1,false,1440934262,"Taylor Swift - Getaway Car"
"United States",1845403822,AUDIO,20260302,3,232192,NATURAL_END_OF_TRACK,MACINTOSH,1,0,false,1845403822,"Gracie Abrams - I Love You, I’m Sorry (Apple Music Live)"
"United States",1852285650,AUDIO,20260302,16,226250,NATURAL_END_OF_TRACK,MACINTOSH,1,0,false,1852285650,"Zara Larsson & Muni Long - Midnight Sun"
"United States",1595423135,AUDIO,20260302,17,223000,NATURAL_END_OF_TRACK,MACINTOSH,1,0,false,1595423135,"Taylor Swift - Red (Taylor's Version)"
"United States",1803490125,AUDIO,20260302,18,220967,NATURAL_END_OF_TRACK,MACINTOSH,1,0,false,1803490125,"John Summit - light years (feat. Inez)"
"United States",1595423259,AUDIO,20260302,17,219758,NATURAL_END_OF_TRACK,MACINTOSH,1,0,false,1595423259,"Taylor Swift - I Knew You Were Trouble (Taylor's Version)"
"United States",1838005011,AUDIO,20260302,18,217799,NATURAL_END_OF_TRACK,MACINTOSH,1,0,false,1838005011,"John Summit - crystallized (feat. Inez)"
"United States",1817499892,AUDIO,20260302,16,214921,NATURAL_END_OF_TRACK,MACINTOSH,1,0,false,1817499892,"Zara Larsson - The Ambition"
"United States",1436738923,AUDIO,20260302,16,212991,NATURAL_END_OF_TRACK,MACINTOSH,1,0,false,1436738923,"Clean Bandit - Symphony (feat. Zara Larsson)"
"United States",1201058123,AUDIO,20260302,16,212810,NATURAL_END_OF_TRACK,MACINTOSH,1,0,false,1201058123,"Zara Larsson & MNEK - Never Forget You"
"United States",1201058127,AUDIO,20260302,16,205520,"MANUALLY_SELECTED_PLAYBACK_OF_A_DIFF_ITEM",MACINTOSH,1,1,false,1201058127,"Zara Larsson - Ain't My Fault"
"United States",1694386835,AUDIO,20260302,"15, 23",199139,TRACK_SKIPPED_FORWARDS,IPHONE,1,1,false,1694386835,"Olivia Rodrigo - making the bed"
"United States",1817499525,AUDIO,20260302,16,189577,NATURAL_END_OF_TRACK,MACINTOSH,1,0,false,1817499525,"Zara Larsson - Hot & Sexy"
"United States",1201058119,AUDIO,20260302,16,175906,PLAYBACK_MANUALLY_PAUSED,MACINTOSH,1,0,false,1201058119,"Zara Larsson - I Would Like"
"United States",1783998760,AUDIO,20260302,18,171629,NATURAL_END_OF_TRACK,MACINTOSH,1,0,false,1783998760,"John Summit & Guz - What a Life (feat. Stevie Appleton)"
"United States",1845245757,AUDIO,20260302,18,163478,NATURAL_END_OF_TRACK,MACINTOSH,1,0,false,1845245757,"John Summit & Britney Spears - I Wanna Go - John Summit Remix"
"United States",1817499504,AUDIO,20260302,16,158669,NATURAL_END_OF_TRACK,MACINTOSH,1,0,false,1817499504,"Zara Larsson - Pretty Ugly"
"United States",1870833473,AUDIO,20260302,18,158246,NATURAL_END_OF_TRACK,MACINTOSH,1,0,false,1870833473,"John Summit - LIGHTS GO OUT"
"United States",1595423261,AUDIO,20260302,18,145243,TRACK_SKIPPED_FORWARDS,MACINTOSH,1,1,false,1595423261,"Taylor Swift - 22 (Taylor's Version)"
"United States",1742058097,AUDIO,20260302,23,71180,TRACK_SKIPPED_FORWARDS,IPHONE,1,1,false,1742058097,"Taylor Swift - Guilty as Sin?"
"United States",1664288817,AUDIO,20260302,"4, 23",44203,TRACK_SKIPPED_FORWARDS,IPHONE,1,2,false,1664288817,"Gracie Abrams - Will you cry?"
"United States",1468058177,AUDIO,20260302,23,31100,TRACK_SKIPPED_FORWARDS,IPHONE,1,1,false,1468058177,"Taylor Swift - The Archer"
"United States",1201058113,AUDIO,20260302,15,0,"MANUALLY_SELECTED_PLAYBACK_OF_A_DIFF_ITEM",MACINTOSH,0,1,false,1201058113,"Zara Larsson - Lush Life"
"United States",1595423264,AUDIO,20260302,18,0,"MANUALLY_SELECTED_PLAYBACK_OF_A_DIFF_ITEM",MACINTOSH,0,1,false,1595423264,"Taylor Swift - We Are Never Ever Getting Back Together (Taylor's Version)"
"United States",1838810952,AUDIO,20260302,23,0,TRACK_SKIPPED_FORWARDS,IPHONE,0,1,false,1838810952,"Taylor Swift - Elizabeth Taylor"
"United States",1595423263,AUDIO,20260302,18,0,TRACK_SKIPPED_FORWARDS,MACINTOSH,0,1,false,1595423263,"Taylor Swift - I Almost Do (Taylor's Version)"
"United States",1742058284,AUDIO,20260302,23,0,TRACK_SKIPPED_FORWARDS,IPHONE,0,1,false,1742058284,"Taylor Swift - Peter"
"United States",1742075877,AUDIO,20260302,"18, 23",0,TRACK_SKIPPED_FORWARDS,IPHONE,0,2,false,1742075877,"Taylor Swift - The Prophecy"
"United States",1593913707,AUDIO,20260302,23,0,TRACK_SKIPPED_FORWARDS,IPHONE,0,1,false,1593913707,"Gracie Abrams - Camden"
"United States",1595423407,AUDIO,20260302,"18, 23",0,TRACK_SKIPPED_FORWARDS,IPHONE,0,2,false,1595423407,"Taylor Swift - Forever Winter (Taylor's Version) (From The Vault)"
"United States",1458562823,AUDIO,20260302,16,0,"MANUALLY_SELECTED_PLAYBACK_OF_A_DIFF_ITEM",MACINTOSH,0,1,false,1458562823,"Zara Larsson - WOW"
"United States",1742058080,AUDIO,20260302,23,0,TRACK_SKIPPED_FORWARDS,IPHONE,0,1,false,1742058080,"Taylor Swift - Down Bad"
"United States",1845403829,AUDIO,20260303,"15, 22",838536,NATURAL_END_OF_TRACK,"IPHONE, MACINTOSH",3,0,false,1845403829,"Gracie Abrams - Where do we go now? (Apple Music Live)"
"United States",1845404108,AUDIO,20260303,"15, 21, 22",777026,PLAYBACK_MANUALLY_PAUSED,IPHONE,3,0,false,1845404108,"Gracie Abrams - Let It Happen (Apple Music Live)"
"United States",1845404112,AUDIO,20260303,"15, 22",727284,NATURAL_END_OF_TRACK,"IPHONE, MACINTOSH",3,2,false,1845404112,"Gracie Abrams - us. (Apple Music Live)"
"United States",1845404109,AUDIO,20260303,"16, 22",546414,NATURAL_END_OF_TRACK,"IPHONE, MACINTOSH",2,0,false,1845404109,"Gracie Abrams - I miss you, I'm sorry (Apple Music Live)"
"United States",1845403822,AUDIO,20260303,"15, 21",464657,NATURAL_END_OF_TRACK,IPHONE,2,0,false,1845403822,"Gracie Abrams - I Love You, I’m Sorry (Apple Music Live)"
"United States",1201058113,AUDIO,20260303,11,402235,NATURAL_END_OF_TRACK,IPHONE,2,0,false,1201058113,"Zara Larsson - Lush Life"
"United States",1845403819,AUDIO,20260303,"15, 22",393950,NATURAL_END_OF_TRACK,"IPHONE, MACINTOSH",2,0,false,1845403819,"Gracie Abrams - 21 (Apple Music Live)"
"United States",1838810955,AUDIO,20260303,2,388121,NATURAL_END_OF_TRACK,IPHONE,1,0,false,N/A,"Taylor Swift - Father Figure"
"United States",1845403831,AUDIO,20260303,"17, 21, 22",382095,"MANUALLY_SELECTED_PLAYBACK_OF_A_DIFF_ITEM","IPHONE, MACINTOSH",3,1,false,1845403831,"Gracie Abrams - Death Wish (Apple Music Live)"
"United States",1843595808,AUDIO,20260303,"7, 11",370810,NATURAL_END_OF_TRACK,IPHONE,2,0,false,1843595808,"PinkPantheress - Stateside (with Zara Larsson)"
"United States",1845404110,AUDIO,20260303,21,370000,NATURAL_END_OF_TRACK,IPHONE,1,0,false,1845404110,"Gracie Abrams - Right Now (Apple Music Live)"
"United States",1845404113,AUDIO,20260303,"15, 23",327727,"MANUALLY_SELECTED_PLAYBACK_OF_A_DIFF_ITEM",IPHONE,2,2,false,1845404113,"Gracie Abrams - That’s So True (Apple Music Live)"
"United States",1845404111,AUDIO,20260303,"17, 22",318560,TRACK_SKIPPED_FORWARDS,IPHONE,1,1,false,1845404111,"Gracie Abrams - Free Now (Apple Music Live)"
"United States",1845403814,AUDIO,20260303,21,314539,NATURAL_END_OF_TRACK,IPHONE,1,0,false,1845403814,"Gracie Abrams - Intro & Risk (Apple Music Live)"
"United States",1845404114,AUDIO,20260303,"15, 21",295669,NATURAL_END_OF_TRACK,IPHONE,1,1,false,1845404114,"Gracie Abrams - Close To You (Apple Music Live)"
"United States",1845404106,AUDIO,20260303,"16, 22",268366,PLAYBACK_MANUALLY_PAUSED,"IPHONE, MACINTOSH",1,1,false,1845404106,"Gracie Abrams - Packing It Up (Apple Music Live)"
"United States",1845404103,AUDIO,20260303,22,260998,NATURAL_END_OF_TRACK,IPHONE,1,0,false,1845404103,"Gracie Abrams - Normal Thing (Apple Music Live)"
"United States",1471704175,AUDIO,20260303,22,257432,NATURAL_END_OF_TRACK,MACINTOSH,1,0,false,1471704175,"OneRepublic - Counting Stars"
"United States",1742058097,AUDIO,20260303,11,254901,NATURAL_END_OF_TRACK,IPHONE,1,0,false,1742058097,"Taylor Swift - Guilty as Sin?"
"United States",1471704329,AUDIO,20260303,22,234607,NATURAL_END_OF_TRACK,MACINTOSH,1,0,false,1471704329,"OneRepublic - I Lived"
"United States",1713846658,AUDIO,20260303,11,230167,NATURAL_END_OF_TRACK,IPHONE,1,0,false,1713846658,"Taylor Swift - Is It Over Now? (Taylor's Version) [From The Vault]"
"United States",1713846658,AUDIO,20260303,3,229938,NATURAL_END_OF_TRACK,IPHONE,1,0,false,N/A,"Taylor Swift - Is It Over Now? (Taylor's Version) [From The Vault]"
"United States",1773474484,AUDIO,20260303,14,221609,NATURAL_END_OF_TRACK,IPHONE,1,0,false,1773474484,"Gracie Abrams - I Told You Things"
"United States",1201058123,AUDIO,20260303,11,212957,NATURAL_END_OF_TRACK,IPHONE,1,0,false,1201058123,"Zara Larsson & MNEK - Never Forget You"
"United States",1833329003,AUDIO,20260303,3,211611,NATURAL_END_OF_TRACK,IPHONE,1,0,false,N/A,"Taylor Swift - CANCELLED!"
"United States",1833328842,AUDIO,20260303,11,208725,NATURAL_END_OF_TRACK,IPHONE,1,0,false,1833328842,"Taylor Swift - Elizabeth Taylor"
"United States",1742074192,AUDIO,20260303,2,204141,NATURAL_END_OF_TRACK,IPHONE,1,0,false,N/A,"Taylor Swift - My Boy Only Breaks His Favorite Toys"
"United States",1845404104,AUDIO,20260303,23,202676,NATURAL_END_OF_TRACK,IPHONE,1,0,false,1845404104,"Gracie Abrams - Mess It Up (Apple Music Live)"
"United States",1649434489,AUDIO,20260303,3,194208,NATURAL_END_OF_TRACK,IPHONE,1,0,false,N/A,"Taylor Swift - Bejeweled"
"United States",1650841746,AUDIO,20260303,3,191942,NATURAL_END_OF_TRACK,IPHONE,1,0,false,N/A,"Taylor Swift - Mastermind"
"United States",1438676278,AUDIO,20260303,11,190512,NATURAL_END_OF_TRACK,IPHONE,1,0,false,1438676278,"Zara Larsson - Ruin My Life"
"United States",1672703108,AUDIO,20260303,"2, 11",189301,"MANUALLY_SELECTED_PLAYBACK_OF_A_DIFF_ITEM",IPHONE,1,2,false,1672703108,"Reneé Rapp - Don't Tell My Mom"
"United States",1838810963,AUDIO,20260303,14,182333,NATURAL_END_OF_TRACK,IPHONE,1,0,false,1838810963,"Taylor Swift - Honey"
"United States",1503317001,AUDIO,20260303,11,174273,NATURAL_END_OF_TRACK,IPHONE,1,0,false,1503317001,"Kygo, Zara Larsson & Tyga - Like It Is"
"United States",1817499517,AUDIO,20260303,11,173736,NATURAL_END_OF_TRACK,IPHONE,1,0,false,1817499517,"Zara Larsson - Eurosummer"
"United States",1742058080,AUDIO,20260303,14,170648,TRACK_SKIPPED_FORWARDS,IPHONE,1,1,false,1742058080,"Taylor Swift - Down Bad"
"United States",1502298674,AUDIO,20260303,22,168177,NATURAL_END_OF_TRACK,MACINTOSH,1,0,false,1502298674,"OneRepublic - Run"
"United States",1826134951,AUDIO,20260303,22,157368,NATURAL_END_OF_TRACK,MACINTOSH,1,0,false,1826134951,"OneRepublic - Beautiful Colors - from Kaiju No. 8"
"United States",1753359802,AUDIO,20260303,22,150631,PLAYBACK_MANUALLY_PAUSED,MACINTOSH,1,0,false,1753359802,"KATSEYE - My Way"
"United States",1688819051,AUDIO,20260303,22,143411,NATURAL_END_OF_TRACK,MACINTOSH,1,0,false,1688819051,"OneRepublic - RUNAWAY"
"United States",1811464277,AUDIO,20260303,22,129902,NATURAL_END_OF_TRACK,MACINTOSH,1,0,false,1811464277,"KATSEYE - M.I.A"
"United States",1737218564,AUDIO,20260303,22,59494,"MANUALLY_SELECTED_PLAYBACK_OF_A_DIFF_ITEM",MACINTOSH,1,1,false,1737218564,"David Guetta & OneRepublic - I Don't Wanna Wait"
"United States",1833328842,AUDIO,20260303,2,37935,TRACK_SKIPPED_FORWARDS,IPHONE,1,1,false,N/A,"Taylor Swift - Elizabeth Taylor"
"United States",1742058284,AUDIO,20260303,14,34796,"MANUALLY_SELECTED_PLAYBACK_OF_A_DIFF_ITEM",IPHONE,1,1,false,1742058284,"Taylor Swift - Peter"
"United States",1817499251,AUDIO,20260303,11,0,"MANUALLY_SELECTED_PLAYBACK_OF_A_DIFF_ITEM",IPHONE,0,1,false,1817499251,"Zara Larsson - Midnight Sun"
"United States",1742075877,AUDIO,20260303,22,0,"MANUALLY_SELECTED_PLAYBACK_OF_A_DIFF_ITEM",IPHONE,0,1,false,1742075877,"Taylor Swift - The Prophecy"
"United States",1649434489,AUDIO,20260303,14,0,TRACK_SKIPPED_FORWARDS,IPHONE,0,1,false,1649434489,"Taylor Swift - Bejeweled"
"United States",1201058119,AUDIO,20260303,11,0,"MANUALLY_SELECTED_PLAYBACK_OF_A_DIFF_ITEM",IPHONE,0,1,false,1201058119,"Zara Larsson - I Would Like"
"United States",1440934262,AUDIO,20260303,"2, 11",0,"MANUALLY_SELECTED_PLAYBACK_OF_A_DIFF_ITEM",IPHONE,0,2,false,1440934262,"Taylor Swift - Getaway Car"
"United States",1742058100,AUDIO,20260303,2,0,TRACK_SKIPPED_FORWARDS,IPHONE,0,1,false,1742058100,"Taylor Swift - Who’s Afraid of Little Old Me?"
"United States",1836226730,AUDIO,20260303,22,0,"MANUALLY_SELECTED_PLAYBACK_OF_A_DIFF_ITEM",IPHONE,0,1,false,1836226730,"Tame Impala - Dracula"
"United States",1838810951,AUDIO,20260303,"2, 11",0,"MANUALLY_SELECTED_PLAYBACK_OF_A_DIFF_ITEM",IPHONE,0,2,false,1838810951,"Taylor Swift - The Fate of Ophelia"
"United States",1845403818,AUDIO,20260304,"4, 7, 8",4171832,NATURAL_END_OF_TRACK,"IPHONE, MACINTOSH",4,0,false,1845403818,"Gracie Abrams - Blowing Smoke (Apple Music Live)"
"United States",1845404114,AUDIO,20260304,"4, 5, 9, 20",1163959,"MANUALLY_SELECTED_PLAYBACK_OF_A_DIFF_ITEM","IPHONE, MACINTOSH",4,1,false,1845404114,"Gracie Abrams - Close To You (Apple Music Live)"
"United States",1845403829,AUDIO,20260304,"4, 8, 9, 20",1068465,TRACK_SKIPPED_FORWARDS,"IPHONE, MACINTOSH",4,1,false,1845403829,"Gracie Abrams - Where do we go now? (Apple Music Live)"
"United States",1845404106,AUDIO,20260304,"8, 9",993812,NATURAL_END_OF_TRACK,MACINTOSH,2,0,false,1845404106,"Gracie Abrams - Packing It Up (Apple Music Live)"
"United States",1845403814,AUDIO,20260304,"5, 8, 9, 21",948425,"MANUALLY_SELECTED_PLAYBACK_OF_A_DIFF_ITEM","IPHONE, MACINTOSH",3,2,false,1845403814,"Gracie Abrams - Intro & Risk (Apple Music Live)"
"United States",1845404108,AUDIO,20260304,"4, 8, 23",868630,TRACK_SKIPPED_FORWARDS,"IPHONE, MACINTOSH",3,1,false,1845404108,"Gracie Abrams - Let It Happen (Apple Music Live)"
"United States",1845404111,AUDIO,20260304,"5, 9, 20, 23",835733,"MANUALLY_SELECTED_PLAYBACK_OF_A_DIFF_ITEM","IPHONE, MACINTOSH",3,2,false,1845404111,"Gracie Abrams - Free Now (Apple Music Live)"
"United States",1845404103,AUDIO,20260304,"7, 8, 9",783410,NATURAL_END_OF_TRACK,"IPHONE, MACINTOSH",3,0,false,1845404103,"Gracie Abrams - Normal Thing (Apple Music Live)"
"United States",1845404110,AUDIO,20260304,"5, 9",739994,NATURAL_END_OF_TRACK,MACINTOSH,2,0,false,1845404110,"Gracie Abrams - Right Now (Apple Music Live)"
"United States",1845403831,AUDIO,20260304,"8, 9, 20",698433,TRACK_SKIPPED_FORWARDS,"IPHONE, MACINTOSH",2,1,false,1845403831,"Gracie Abrams - Death Wish (Apple Music Live)"
"United States",1845403822,AUDIO,20260304,"4, 8, 9",696340,NATURAL_END_OF_TRACK,MACINTOSH,3,0,false,1845403822,"Gracie Abrams - I Love You, I’m Sorry (Apple Music Live)"
"United States",1845404113,AUDIO,20260304,"5, 9, 23",625687,PLAYBACK_MANUALLY_PAUSED,"IPHONE, MACINTOSH",3,0,false,1845404113,"Gracie Abrams - That’s So True (Apple Music Live)"
"United States",1845403819,AUDIO,20260304,"8, 9, 20",622003,NATURAL_END_OF_TRACK,"IPHONE, MACINTOSH",3,0,false,1845403819,"Gracie Abrams - 21 (Apple Music Live)"
"United States",1845404104,AUDIO,20260304,"4, 8, 9",607332,NATURAL_END_OF_TRACK,MACINTOSH,3,0,false,1845404104,"Gracie Abrams - Mess It Up (Apple Music Live)"
"United States",1845404112,AUDIO,20260304,"5, 9",596400,NATURAL_END_OF_TRACK,MACINTOSH,2,0,false,1845404112,"Gracie Abrams - us. (Apple Music Live)"
"United States",1845404107,AUDIO,20260304,"8, 10",419904,PLAYBACK_MANUALLY_PAUSED,MACINTOSH,2,0,false,1845404107,"Gracie Abrams - I Told You Things (Apple Music Live)"
"United States",1713846658,AUDIO,20260304,"1, 3",375502,NATURAL_END_OF_TRACK,IPHONE,2,0,false,1713846658,"Taylor Swift - Is It Over Now? (Taylor's Version) [From The Vault]"
"United States",1845404109,AUDIO,20260304,"9, 23",342390,"MANUALLY_SELECTED_PLAYBACK_OF_A_DIFF_ITEM","IPHONE, MACINTOSH",2,1,false,1845404109,"Gracie Abrams - I miss you, I'm sorry (Apple Music Live)"
"United States",1742058100,AUDIO,20260304,4,334285,NATURAL_END_OF_TRACK,IPHONE,1,0,false,1742058100,"Taylor Swift - Who’s Afraid of Little Old Me?"
"United States",1742058097,AUDIO,20260304,3,254524,NATURAL_END_OF_TRACK,IPHONE,1,0,false,1742058097,"Taylor Swift - Guilty as Sin?"
"United States",1622045635,AUDIO,20260304,22,244451,NATURAL_END_OF_TRACK,IPHONE,1,0,false,1622045635,"Bad Bunny - Tití Me Preguntó"
"United States",1440934254,AUDIO,20260304,1,233037,NATURAL_END_OF_TRACK,IPHONE,1,0,false,1440934254,"Taylor Swift - Delicate"
"United States",1838810951,AUDIO,20260304,4,226493,NATURAL_END_OF_TRACK,IPHONE,1,0,false,1838810951,"Taylor Swift - The Fate of Ophelia"
"United States",1838810955,AUDIO,20260304,0,213659,NATURAL_END_OF_TRACK,IPHONE,1,0,false,1838810955,"Taylor Swift - Father Figure"
"United States",1833329003,AUDIO,20260304,3,211747,NATURAL_END_OF_TRACK,IPHONE,1,0,false,1833329003,"Taylor Swift - CANCELLED!"
"United States",1742074192,AUDIO,20260304,3,204114,NATURAL_END_OF_TRACK,IPHONE,1,0,false,1742074192,"Taylor Swift - My Boy Only Breaks His Favorite Toys"
"United States",1649434280,AUDIO,20260304,4,202703,NATURAL_END_OF_TRACK,IPHONE,1,0,false,1649434280,"Taylor Swift - Lavender Haze"
"United States",1201058113,AUDIO,20260304,22,201386,NATURAL_END_OF_TRACK,IPHONE,1,0,false,1201058113,"Zara Larsson - Lush Life"
"United States",1742058106,AUDIO,20260304,22,197049,NATURAL_END_OF_TRACK,MACINTOSH,1,0,false,1742058106,"Taylor Swift - The Alchemy"
"United States",1672703108,AUDIO,20260304,3,189363,NATURAL_END_OF_TRACK,IPHONE,1,0,false,1672703108,"Reneé Rapp - Don't Tell My Mom"
"United States",1860622563,AUDIO,20260304,5,189081,NATURAL_END_OF_TRACK,IPHONE,1,0,false,1860622563,"Mitski - Dead Women"
"United States",1773474484,AUDIO,20260304,4,186295,PLAYBACK_MANUALLY_PAUSED,IPHONE,1,0,false,1773474484,"Gracie Abrams - I Told You Things"
"United States",1843595808,AUDIO,20260304,23,184872,NATURAL_END_OF_TRACK,IPHONE,1,0,false,1843595808,"PinkPantheress - Stateside (with Zara Larsson)"
"United States",1860622551,AUDIO,20260304,5,184682,NATURAL_END_OF_TRACK,IPHONE,1,0,false,1860622551,"Mitski - In a Lake"
"United States",1860622856,AUDIO,20260304,5,177363,NATURAL_END_OF_TRACK,IPHONE,1,0,false,1860622856,"Mitski - Lightning"
"United States",1860622842,AUDIO,20260304,5,156773,NATURAL_END_OF_TRACK,IPHONE,1,0,false,1860622842,"Mitski - Rules"
"United States",1718576584,AUDIO,20260304,3,155316,PLAYBACK_SUSPENDED,IPHONE,1,0,false,1718576584,"Taylor Swift - You’re Losing Me (From The Vault)"
"United States",296016901,AUDIO,20260304,23,138760,PLAYBACK_MANUALLY_PAUSED,IPHONE,1,0,false,296016901,"Beyoncé - Diva"
"United States",1742252578,VIDEO,20260304,22,90359,PLAYBACK_MANUALLY_PAUSED,MACINTOSH,1,0,false,1742252578,"The Alchemy"
"United States",1256607815,AUDIO,20260304,4,61665,TRACK_SKIPPED_FORWARDS,IPHONE,1,1,false,1256607815,"Phoebe Bridgers - Georgia"
"United States",1878278841,AUDIO,20260304,5,31735,"MANUALLY_SELECTED_PLAYBACK_OF_A_DIFF_ITEM",IPHONE,1,1,false,1878278841,"aespa & Anderson .Paak - Keychain (FROM THE FILM K-POPS!)"
"United States",1742058284,AUDIO,20260304,"1, 3",0,TRACK_SKIPPED_FORWARDS,IPHONE,0,2,false,1742058284,"Taylor Swift - Peter"
"United States",1838810963,AUDIO,20260304,0,0,"MANUALLY_SELECTED_PLAYBACK_OF_A_DIFF_ITEM",IPHONE,0,1,false,1838810963,"Taylor Swift - Honey"
"United States",1710982872,AUDIO,20260304,22,0,TRACK_SKIPPED_FORWARDS,IPHONE,0,1,false,1710982872,"Bad Bunny - MONACO"
"United States",1108212668,AUDIO,20260304,23,0,"MANUALLY_SELECTED_PLAYBACK_OF_A_DIFF_ITEM",IPHONE,0,1,false,1108212668,"Calvin Harris & Rihanna - This Is What You Came For"
"United States",1761264572,AUDIO,20260304,22,0,"MANUALLY_SELECTED_PLAYBACK_OF_A_DIFF_ITEM",IPHONE,0,1,false,1761264572,"Leon Thomas - MUTT"
"United States",1787022587,AUDIO,20260304,22,0,TRACK_SKIPPED_FORWARDS,IPHONE,0,1,false,1787022587,"Bad Bunny - VOY A LLeVARTE PA PR"
"United States",1742058100,AUDIO,20260305,17,1639458,"MANUALLY_SELECTED_PLAYBACK_OF_A_DIFF_ITEM",IPHONE,1,1,false,1742058100,"Taylor Swift - Who’s Afraid of Little Old Me?"
"United States",1845404106,AUDIO,20260305,"5, 16",826810,NATURAL_END_OF_TRACK,"IPHONE, MACINTOSH",2,1,false,1845404106,"Gracie Abrams - Packing It Up (Apple Music Live)"
"United States",1845404112,AUDIO,20260305,"5, 16",723030,NATURAL_END_OF_TRACK,"IPHONE, MACINTOSH",2,0,false,1845404112,"Gracie Abrams - us. (Apple Music Live)"
"United States",1845404114,AUDIO,20260305,"5, 23",592129,NATURAL_END_OF_TRACK,"IPHONE, MACINTOSH",2,0,false,1845404114,"Gracie Abrams - Close To You (Apple Music Live)"
"United States",1845404109,AUDIO,20260305,"4, 16",564932,NATURAL_END_OF_TRACK,"IPHONE, MACINTOSH",2,0,false,1845404109,"Gracie Abrams - I miss you, I'm sorry (Apple Music Live)"
"United States",1845403829,AUDIO,20260305,"4, 5, 15",562290,NATURAL_END_OF_TRACK,"IPHONE, MACINTOSH",3,0,false,1845403829,"Gracie Abrams - Where do we go now? (Apple Music Live)"
"United States",1742058097,AUDIO,20260305,"17, 23",510162,NATURAL_END_OF_TRACK,IPHONE,2,0,false,1742058097,"Taylor Swift - Guilty as Sin?"
"United States",1845404107,AUDIO,20260305,"5, 16",465555,NATURAL_END_OF_TRACK,"IPHONE, MACINTOSH",2,0,false,1845404107,"Gracie Abrams - I Told You Things (Apple Music Live)"
"United States",1440934254,AUDIO,20260305,"16, 20",464827,NATURAL_END_OF_TRACK,IPHONE,2,0,false,1440934254,"Taylor Swift - Delicate"
"United States",1845404113,AUDIO,20260305,"4, 16",458367,NATURAL_END_OF_TRACK,"IPHONE, MACINTOSH",2,0,false,1845404113,"Gracie Abrams - That’s So True (Apple Music Live)"
"United States",1440818666,AUDIO,20260305,20,457980,NATURAL_END_OF_TRACK,IPHONE,1,0,false,1440818666,"Lorde - Ribs"
"United States",1845404110,AUDIO,20260305,16,442477,NATURAL_END_OF_TRACK,MACINTOSH,1,0,false,1845404110,"Gracie Abrams - Right Now (Apple Music Live)"
"United States",1689131960,AUDIO,20260305,"18, 19",421927,NATURAL_END_OF_TRACK,IPHONE,2,0,false,1689131960,"Taylor Swift - Question...?"
"United States",1845404111,AUDIO,20260305,16,373706,NATURAL_END_OF_TRACK,MACINTOSH,1,0,false,1845404111,"Gracie Abrams - Free Now (Apple Music Live)"
"United States",1843595808,AUDIO,20260305,"16, 22",369666,NATURAL_END_OF_TRACK,IPHONE,2,0,false,1843595808,"PinkPantheress - Stateside (with Zara Larsson)"
"United States",1845403831,AUDIO,20260305,15,349226,NATURAL_END_OF_TRACK,MACINTOSH,1,0,false,1845403831,"Gracie Abrams - Death Wish (Apple Music Live)"
"United States",1689131533,AUDIO,20260305,18,338435,NATURAL_END_OF_TRACK,IPHONE,2,0,false,1689131533,"Taylor Swift - Anti-Hero"
"United States",1773474487,AUDIO,20260305,16,332131,"MANUALLY_SELECTED_PLAYBACK_OF_A_DIFF_ITEM",IPHONE,2,2,false,1773474487,"Gracie Abrams - I Knew It, I Know You (Live From Vevo)"
"United States",1845404108,AUDIO,20260305,16,331532,NATURAL_END_OF_TRACK,MACINTOSH,1,0,false,1845404108,"Gracie Abrams - Let It Happen (Apple Music Live)"
"United States",1845404103,AUDIO,20260305,15,261037,NATURAL_END_OF_TRACK,MACINTOSH,1,0,false,1845404103,"Gracie Abrams - Normal Thing (Apple Music Live)"
"United States",1742075877,AUDIO,20260305,20,249988,NATURAL_END_OF_TRACK,IPHONE,1,0,false,1742075877,"Taylor Swift - The Prophecy"
"United States",1845403822,AUDIO,20260305,15,232094,NATURAL_END_OF_TRACK,MACINTOSH,1,0,false,1845403822,"Gracie Abrams - I Love You, I’m Sorry (Apple Music Live)"
"United States",1713846658,AUDIO,20260305,23,230598,NATURAL_END_OF_TRACK,IPHONE,1,0,false,1713846658,"Taylor Swift - Is It Over Now? (Taylor's Version) [From The Vault]"
"United States",1689132080,AUDIO,20260305,18,230089,NATURAL_END_OF_TRACK,IPHONE,1,0,false,1689132080,"Taylor Swift - Snow On The Beach (feat. More Lana Del Rey)"
"United States",1742074192,AUDIO,20260305,16,204136,NATURAL_END_OF_TRACK,IPHONE,1,0,false,1742074192,"Taylor Swift - My Boy Only Breaks His Favorite Toys"
"United States",1689131531,AUDIO,20260305,18,202685,NATURAL_END_OF_TRACK,IPHONE,1,0,false,1689131531,"Taylor Swift - Lavender Haze"
"United States",1845404104,AUDIO,20260305,15,202443,NATURAL_END_OF_TRACK,MACINTOSH,1,0,false,1845404104,"Gracie Abrams - Mess It Up (Apple Music Live)"
"United States",1689132081,AUDIO,20260305,18,201824,NATURAL_END_OF_TRACK,IPHONE,1,0,false,1689132081,"Taylor Swift - Karma (feat. Ice Spice)"
"United States",1845403819,AUDIO,20260305,15,196954,NATURAL_END_OF_TRACK,MACINTOSH,1,0,false,1845403819,"Gracie Abrams - 21 (Apple Music Live)"
"United States",1689131973,AUDIO,20260305,18,191491,NATURAL_END_OF_TRACK,IPHONE,1,0,false,1689131973,"Taylor Swift - Mastermind"
"United States",1838810963,AUDIO,20260305,"17, 20",181951,TRACK_SKIPPED_FORWARDS,IPHONE,1,1,false,1838810963,"Taylor Swift - Honey"
"United States",1672703428,AUDIO,20260305,"16, 20",179975,NATURAL_END_OF_TRACK,IPHONE,1,1,false,1672703428,"Reneé Rapp - Moon"
"United States",1689131959,AUDIO,20260305,19,175338,NATURAL_END_OF_TRACK,IPHONE,1,0,false,1689131959,"Taylor Swift - Midnight Rain"
"United States",1689131961,AUDIO,20260305,19,165281,NATURAL_END_OF_TRACK,IPHONE,1,0,false,1689131961,"Taylor Swift - Vigilante Shit"
"United States",1689131534,AUDIO,20260305,18,160749,TRACK_SKIPPED_FORWARDS,IPHONE,1,2,false,1689131534,"Taylor Swift - Snow On The Beach (feat. Lana Del Rey)"
"United States",1440934262,AUDIO,20260305,20,131334,TRACK_SKIPPED_FORWARDS,IPHONE,1,1,false,1440934262,"Taylor Swift - Getaway Car"
"United States",1689131982,AUDIO,20260305,18,108484,"MANUALLY_SELECTED_PLAYBACK_OF_A_DIFF_ITEM",IPHONE,1,1,false,1689131982,"Taylor Swift - High Infidelity"
"United States",1845403814,AUDIO,20260305,"15, 23",93964,PLAYBACK_MANUALLY_PAUSED,MACINTOSH,1,1,false,1845403814,"Gracie Abrams - Intro & Risk (Apple Music Live)"
"United States",1786643056,AUDIO,20260305,8,53773,"MANUALLY_SELECTED_PLAYBACK_OF_A_DIFF_ITEM",IPHONE,1,1,false,1786643056,"SZA - Crybaby"
"United States",1689131956,AUDIO,20260305,19,0,TRACK_SKIPPED_FORWARDS,IPHONE,0,1,false,1689131956,"Taylor Swift - You're On Your Own, Kid"
"United States",1838810951,AUDIO,20260305,"20, 23",0,"MANUALLY_SELECTED_PLAYBACK_OF_A_DIFF_ITEM",IPHONE,0,2,false,1838810951,"Taylor Swift - The Fate of Ophelia"
"United States",1657869723,AUDIO,20260305,8,0,"MANUALLY_SELECTED_PLAYBACK_OF_A_DIFF_ITEM",IPHONE,0,1,false,1657869723,"SZA - Good Days"
"United States",1689131965,AUDIO,20260305,19,0,"MANUALLY_SELECTED_PLAYBACK_OF_A_DIFF_ITEM",IPHONE,0,1,false,1689131965,"Taylor Swift - Bejeweled"
"United States",1657869535,AUDIO,20260305,8,0,"MANUALLY_SELECTED_PLAYBACK_OF_A_DIFF_ITEM",IPHONE,0,1,false,1657869535,"SZA - Too Late"
"United States",1226034791,AUDIO,20260305,20,0,"MANUALLY_SELECTED_PLAYBACK_OF_A_DIFF_ITEM",IPHONE,0,1,false,N/A,"Harry Styles - Two Ghosts"
"United States",1742058284,AUDIO,20260305,22,0,"MANUALLY_SELECTED_PLAYBACK_OF_A_DIFF_ITEM",IPHONE,0,1,false,1742058284,"Taylor Swift - Peter"
"United States",1786643251,AUDIO,20260305,8,0,"MANUALLY_SELECTED_PLAYBACK_OF_A_DIFF_ITEM",IPHONE,0,1,false,1786643251,"SZA - Used (feat. Don Toliver)"
"United States",1657869492,AUDIO,20260305,8,0,"MANUALLY_SELECTED_PLAYBACK_OF_A_DIFF_ITEM",IPHONE,0,1,false,1657869492,"SZA - Snooze"
"United States",1649434489,AUDIO,20260305,16,0,TRACK_SKIPPED_FORWARDS,IPHONE,0,1,false,1649434489,"Taylor Swift - Bejeweled"
"United States",1657869532,AUDIO,20260305,8,0,"MANUALLY_SELECTED_PLAYBACK_OF_A_DIFF_ITEM",IPHONE,0,1,false,1657869532,"SZA - Nobody Gets Me"
"United States",1546390051,AUDIO,20260305,8,0,"MANUALLY_SELECTED_PLAYBACK_OF_A_DIFF_ITEM",IPHONE,0,1,false,1546390051,"SZA - Good Days"
"United States",1843595808,AUDIO,20260306,"14, 15, 23",638562,OTHER,"IPHONE, MACINTOSH",4,1,false,1843595808,"PinkPantheress - Stateside (with Zara Larsson)"
"United States",1845403829,AUDIO,20260306,"3, 17",559028,NATURAL_END_OF_TRACK,"IPHONE, MACINTOSH",2,0,false,1845403829,"Gracie Abrams - Where do we go now? (Apple Music Live)"
"United States",1742058097,AUDIO,20260306,"14, 15",510611,NATURAL_END_OF_TRACK,IPHONE,2,0,false,1742058097,"Taylor Swift - Guilty as Sin?"
"United States",1742075877,AUDIO,20260306,"0, 23",500031,NATURAL_END_OF_TRACK,"IPHONE, MACINTOSH",2,0,false,1742075877,"Taylor Swift - The Prophecy"
"United States",1440934262,AUDIO,20260306,"16, 23",467952,NATURAL_END_OF_TRACK,"IPHONE, MACINTOSH",2,0,false,1440934262,"Taylor Swift - Getaway Car"
"United States",1845404107,AUDIO,20260306,"17, 23",465852,NATURAL_END_OF_TRACK,"IPHONE, MACINTOSH",2,0,false,1845404107,"Gracie Abrams - I Told You Things (Apple Music Live)"
"United States",1440934254,AUDIO,20260306,"14, 23",465252,NATURAL_END_OF_TRACK,"IPHONE, MACINTOSH",2,0,false,1440934254,"Taylor Swift - Delicate"
"United States",1440935808,AUDIO,20260306,"14, 23",463803,NATURAL_END_OF_TRACK,"IPHONE, MACINTOSH",2,0,false,1440935808,"Taylor Swift - Blank Space"
"United States",1689131532,AUDIO,20260306,"3, 4",437142,NATURAL_END_OF_TRACK,IPHONE,2,0,false,1689131532,"Taylor Swift - Maroon"
"United States",1838810955,AUDIO,20260306,"14, 16, 23",426075,"MANUALLY_SELECTED_PLAYBACK_OF_A_DIFF_ITEM","IPHONE, MACINTOSH",2,1,false,1838810955,"Taylor Swift - Father Figure"
"United States",1742074192,AUDIO,20260306,"0, 14",407614,NATURAL_END_OF_TRACK,IPHONE,2,1,false,1742074192,"Taylor Swift - My Boy Only Breaks His Favorite Toys"
"United States",1649434280,AUDIO,20260306,"15, 16",406746,NATURAL_END_OF_TRACK,IPHONE,2,0,false,1649434280,"Taylor Swift - Lavender Haze"
"United States",1845403819,AUDIO,20260306,"3, 17",393835,NATURAL_END_OF_TRACK,"IPHONE, MACINTOSH",2,0,false,1845403819,"Gracie Abrams - 21 (Apple Music Live)"
"United States",1438676278,AUDIO,20260306,"15, 23",382131,NATURAL_END_OF_TRACK,"IPHONE, MACINTOSH",2,0,false,1438676278,"Zara Larsson - Ruin My Life"
"United States",1742058100,AUDIO,20260306,15,334664,NATURAL_END_OF_TRACK,IPHONE,1,0,false,1742058100,"Taylor Swift - Who’s Afraid of Little Old Me?"
"United States",1845404108,AUDIO,20260306,17,331454,NATURAL_END_OF_TRACK,MACINTOSH,1,0,false,1845404108,"Gracie Abrams - Let It Happen (Apple Music Live)"
"United States",1870984033,AUDIO,20260306,15,312165,NATURAL_END_OF_TRACK,IPHONE,1,0,false,1870984033,"Harry Styles - Aperture"
"United States",1672703428,AUDIO,20260306,15,309164,OTHER,IPHONE,2,0,false,1672703428,"Reneé Rapp - Moon"
"United States",1845404112,AUDIO,20260306,3,298180,NATURAL_END_OF_TRACK,IPHONE,1,0,false,1845404112,"Gracie Abrams - us. (Apple Music Live)"
"United States",1845404109,AUDIO,20260306,17,273056,NATURAL_END_OF_TRACK,MACINTOSH,1,0,false,1845404109,"Gracie Abrams - I miss you, I'm sorry (Apple Music Live)"
"United States",1845404110,AUDIO,20260306,"17, 23",266287,"MANUALLY_SELECTED_PLAYBACK_OF_A_DIFF_ITEM",MACINTOSH,1,1,false,1845404110,"Gracie Abrams - Right Now (Apple Music Live)"
"United States",1595423407,AUDIO,20260306,14,263961,NATURAL_END_OF_TRACK,IPHONE,1,0,false,1595423407,"Taylor Swift - Forever Winter (Taylor's Version) (From The Vault)"
"United States",1689131968,AUDIO,20260306,13,248146,NATURAL_END_OF_TRACK,IPHONE,1,0,false,1689131968,"Taylor Swift - Labyrinth"
"United States",1838810963,AUDIO,20260306,"3, 14, 16, 23",246230,NATURAL_END_OF_TRACK,"IPHONE, MACINTOSH",3,3,false,1838810963,"Taylor Swift - Honey"
"United States",1689090249,AUDIO,20260306,"4, 12",240682,NATURAL_END_OF_TRACK,IPHONE,2,0,false,1689090249,"Taylor Swift - The Great War"
"United States",1845403822,AUDIO,20260306,17,232093,NATURAL_END_OF_TRACK,MACINTOSH,1,0,false,1845403822,"Gracie Abrams - I Love You, I’m Sorry (Apple Music Live)"
"United States",1713846658,AUDIO,20260306,15,230487,NATURAL_END_OF_TRACK,IPHONE,1,0,false,1713846658,"Taylor Swift - Is It Over Now? (Taylor's Version) [From The Vault]"
"United States",1689132080,AUDIO,20260306,4,229899,NATURAL_END_OF_TRACK,IPHONE,1,0,false,1689132080,"Taylor Swift - Snow On The Beach (feat. More Lana Del Rey)"
"United States",1838810951,AUDIO,20260306,23,226065,NATURAL_END_OF_TRACK,MACINTOSH,1,0,false,1838810951,"Taylor Swift - The Fate of Ophelia"
"United States",1845404113,AUDIO,20260306,3,224654,NATURAL_END_OF_TRACK,IPHONE,1,0,false,1845404113,"Gracie Abrams - That’s So True (Apple Music Live)"
"United States",1689131978,AUDIO,20260306,13,218958,NATURAL_END_OF_TRACK,IPHONE,1,0,false,1689131978,"Taylor Swift - Bigger Than The Whole Sky"
"United States",1833329003,AUDIO,20260306,"16, 23",211642,NATURAL_END_OF_TRACK,"IPHONE, MACINTOSH",1,1,false,1833329003,"Taylor Swift - CANCELLED!"
"United States",1689090227,AUDIO,20260306,13,201068,NATURAL_END_OF_TRACK,IPHONE,1,0,false,1689090227,"Taylor Swift - Anti-Hero"
"United States",1201058113,AUDIO,20260306,23,200862,NATURAL_END_OF_TRACK,MACINTOSH,1,0,false,1201058113,"Zara Larsson - Lush Life"
"United States",1689131965,AUDIO,20260306,3,194088,NATURAL_END_OF_TRACK,IPHONE,1,0,false,1689131965,"Taylor Swift - Bejeweled"
"United States",1649434489,AUDIO,20260306,23,194071,NATURAL_END_OF_TRACK,MACINTOSH,1,0,false,1649434489,"Taylor Swift - Bejeweled"
"United States",1882164464,AUDIO,20260306,23,180562,NATURAL_END_OF_TRACK,IPHONE,1,0,false,1882164464,"JENNIE - like JENNIE (Extended Remix)"
"United States",1882164465,AUDIO,20260306,23,158957,NATURAL_END_OF_TRACK,IPHONE,1,0,false,1882164465,"JENNIE - like JENNIE (EDM Remix)"
"United States",1689132076,AUDIO,20260306,3,133967,PLAYBACK_MANUALLY_PAUSED,IPHONE,1,0,false,1689132076,"Taylor Swift - Would've, Could've, Should've"
"United States",1742058080,AUDIO,20260306,15,102494,PLAYBACK_MANUALLY_PAUSED,IPHONE,1,0,false,1742058080,"Taylor Swift - Down Bad"
"United States",1689131531,AUDIO,20260306,3,101985,"MANUALLY_SELECTED_PLAYBACK_OF_A_DIFF_ITEM",IPHONE,1,1,false,1689131531,"Taylor Swift - Lavender Haze"
"United States",1742058104,AUDIO,20260306,16,81427,PLAYBACK_MANUALLY_PAUSED,IPHONE,1,0,false,1742058104,"Taylor Swift - I Can Do It With a Broken Heart"
"United States",1845403831,AUDIO,20260306,17,58536,"MANUALLY_SELECTED_PLAYBACK_OF_A_DIFF_ITEM",MACINTOSH,1,1,false,1845403831,"Gracie Abrams - Death Wish (Apple Music Live)"
"United States",1689132077,AUDIO,20260306,13,36605,PLAYBACK_MANUALLY_PAUSED,IPHONE,1,0,false,1689132077,"Taylor Swift - Dear Reader"
"United States",1882164467,AUDIO,20260306,23,0,"MANUALLY_SELECTED_PLAYBACK_OF_A_DIFF_ITEM",IPHONE,0,1,false,1882164467,"JENNIE - Handlebars (Just JENNIE)"
"United States",1531469131,AUDIO,20260306,15,0,"MANUALLY_SELECTED_PLAYBACK_OF_A_DIFF_ITEM",IPHONE,0,1,false,1531469131,"Little Mix - Sweet Melody"
"United States",1845403814,AUDIO,20260306,"3, 17",0,"MANUALLY_SELECTED_PLAYBACK_OF_A_DIFF_ITEM","IPHONE, MACINTOSH",0,3,false,1845403814,"Gracie Abrams - Intro & Risk (Apple Music Live)"
"United States",1689090234,AUDIO,20260306,14,0,"MANUALLY_SELECTED_PLAYBACK_OF_A_DIFF_ITEM",IPHONE,0,1,false,1689090234,"Taylor Swift - You're On Your Own, Kid"
"United States",1870984050,AUDIO,20260306,15,0,"MANUALLY_SELECTED_PLAYBACK_OF_A_DIFF_ITEM",IPHONE,0,1,false,1870984050,"Harry Styles - Dance No More"
"United States",1845403829,AUDIO,20260307,"4, 14, 18",1003354,NATURAL_END_OF_TRACK,IPHONE,3,0,false,1845403829,"Gracie Abrams - Where do we go now? (Apple Music Live)"
"United States",1845404106,AUDIO,20260307,"14, 19",764821,"MANUALLY_SELECTED_PLAYBACK_OF_A_DIFF_ITEM",IPHONE,2,1,false,1845404106,"Gracie Abrams - Packing It Up (Apple Music Live)"
"United States",1845404111,AUDIO,20260307,"2, 14",637419,NATURAL_END_OF_TRACK,IPHONE,2,0,false,1845404111,"Gracie Abrams - Free Now (Apple Music Live)"
"United States",1845404110,AUDIO,20260307,"2, 14",636035,"MANUALLY_SELECTED_PLAYBACK_OF_A_DIFF_ITEM",IPHONE,2,1,false,1845404110,"Gracie Abrams - Right Now (Apple Music Live)"
"United States",1845403818,AUDIO,20260307,"3, 13, 15",624095,PLAYBACK_MANUALLY_PAUSED,IPHONE,3,0,false,1845403818,"Gracie Abrams - Blowing Smoke (Apple Music Live)"
"United States",1845404108,AUDIO,20260307,"0, 14",610360,NATURAL_END_OF_TRACK,IPHONE,2,1,false,1845404108,"Gracie Abrams - Let It Happen (Apple Music Live)"
"United States",1845404114,AUDIO,20260307,"13, 15",591557,NATURAL_END_OF_TRACK,IPHONE,2,0,false,1845404114,"Gracie Abrams - Close To You (Apple Music Live)"
"United States",1845403819,AUDIO,20260307,"3, 14, 18",590339,NATURAL_END_OF_TRACK,IPHONE,3,0,false,1845403819,"Gracie Abrams - 21 (Apple Music Live)"
"United States",1845404112,AUDIO,20260307,"2, 13, 15",585900,NATURAL_END_OF_TRACK,IPHONE,2,2,false,1845404112,"Gracie Abrams - us. (Apple Music Live)"
"United States",1845403814,AUDIO,20260307,"13, 15",550120,NATURAL_END_OF_TRACK,IPHONE,2,1,false,1845403814,"Gracie Abrams - Intro & Risk (Apple Music Live)"
"United States",1845404103,AUDIO,20260307,"14, 18",522608,NATURAL_END_OF_TRACK,IPHONE,2,0,false,1845404103,"Gracie Abrams - Normal Thing (Apple Music Live)"
"United States",1845403822,AUDIO,20260307,"3, 14, 18",464377,NATURAL_END_OF_TRACK,IPHONE,2,1,false,1845403822,"Gracie Abrams - I Love You, I’m Sorry (Apple Music Live)"
"United States",1845404113,AUDIO,20260307,"13, 15",449128,NATURAL_END_OF_TRACK,IPHONE,2,0,false,1845404113,"Gracie Abrams - That’s So True (Apple Music Live)"
"United States",1845404104,AUDIO,20260307,"14, 18",407113,NATURAL_END_OF_TRACK,IPHONE,2,0,false,1845404104,"Gracie Abrams - Mess It Up (Apple Music Live)"
"United States",1845403831,AUDIO,20260307,"14, 18",378222,TRACK_SKIPPED_FORWARDS,IPHONE,2,1,false,1845403831,"Gracie Abrams - Death Wish (Apple Music Live)"
"United States",1742058104,AUDIO,20260307,"8, 16",339429,OTHER,"IPHONE, MACINTOSH",2,0,false,1742058104,"Taylor Swift - I Can Do It With a Broken Heart"
"United States",1742074762,AUDIO,20260307,16,334084,NATURAL_END_OF_TRACK,MACINTOSH,1,0,false,1742074762,"Taylor Swift - Who’s Afraid of Little Old Me?"
"United States",1843595808,AUDIO,20260307,"5, 15, 16",288817,"MANUALLY_SELECTED_PLAYBACK_OF_A_DIFF_ITEM","IPHONE, MACINTOSH",2,1,false,1843595808,"PinkPantheress - Stateside (with Zara Larsson)"
"United States",1845404109,AUDIO,20260307,"2, 13, 14",273059,NATURAL_END_OF_TRACK,IPHONE,1,2,false,1845404109,"Gracie Abrams - I miss you, I'm sorry (Apple Music Live)"
"United States",1742058097,AUDIO,20260307,16,254781,NATURAL_END_OF_TRACK,IPHONE,1,0,false,1742058097,"Taylor Swift - Guilty as Sin?"
"United States",1845404107,AUDIO,20260307,14,232633,NATURAL_END_OF_TRACK,IPHONE,1,0,false,1845404107,"Gracie Abrams - I Told You Things (Apple Music Live)"
"United States",1713846658,AUDIO,20260307,16,229895,NATURAL_END_OF_TRACK,IPHONE,1,0,false,1713846658,"Taylor Swift - Is It Over Now? (Taylor's Version) [From The Vault]"
"United States",1838810955,AUDIO,20260307,16,212925,NATURAL_END_OF_TRACK,MACINTOSH,1,0,false,1838810955,"Taylor Swift - Father Figure"
"United States",1833329003,AUDIO,20260307,16,211401,NATURAL_END_OF_TRACK,MACINTOSH,1,0,false,1833329003,"Taylor Swift - CANCELLED!"
"United States",1833328842,AUDIO,20260307,15,208811,NATURAL_END_OF_TRACK,MACINTOSH,1,0,false,1833328842,"Taylor Swift - Elizabeth Taylor"
"United States",1649434280,AUDIO,20260307,16,202854,NATURAL_END_OF_TRACK,IPHONE,1,0,false,1649434280,"Taylor Swift - Lavender Haze"
"United States",1201058113,AUDIO,20260307,5,200969,NATURAL_END_OF_TRACK,IPHONE,1,0,false,1201058113,"Zara Larsson - Lush Life"
"United States",1438676278,AUDIO,20260307,18,190433,NATURAL_END_OF_TRACK,IPHONE,1,0,false,1438676278,"Zara Larsson - Ruin My Life"
"United States",1689131960,AUDIO,20260307,20,167031,PLAYBACK_SUSPENDED,IPHONE,1,0,false,1689131960,"Taylor Swift - Question...?"
"United States",1689131531,AUDIO,20260307,19,161312,"MANUALLY_SELECTED_PLAYBACK_OF_A_DIFF_ITEM",IPHONE,1,1,false,1689131531,"Taylor Swift - Lavender Haze"
"United States",1440935808,AUDIO,20260307,18,0,"MANUALLY_SELECTED_PLAYBACK_OF_A_DIFF_ITEM",IPHONE,0,1,false,1440935808,"Taylor Swift - Blank Space"
"United States",1689132077,AUDIO,20260307,19,0,"MANUALLY_SELECTED_PLAYBACK_OF_A_DIFF_ITEM",IPHONE,0,1,false,1689132077,"Taylor Swift - Dear Reader"
"United States",1742058080,AUDIO,20260307,16,0,"MANUALLY_SELECTED_PLAYBACK_OF_A_DIFF_ITEM",IPHONE,0,1,false,1742058080,"Taylor Swift - Down Bad"
"United States",1649434489,AUDIO,20260307,15,0,"MANUALLY_SELECTED_PLAYBACK_OF_A_DIFF_ITEM",MACINTOSH,0,1,false,1649434489,"Taylor Swift - Bejeweled"
"United States",1742058284,AUDIO,20260307,8,0,"MANUALLY_SELECTED_PLAYBACK_OF_A_DIFF_ITEM",IPHONE,0,1,false,1742058284,"Taylor Swift - Peter"
"United States",1689131532,AUDIO,20260307,19,0,"MANUALLY_SELECTED_PLAYBACK_OF_A_DIFF_ITEM",IPHONE,0,1,false,1689131532,"Taylor Swift - Maroon"
"United States",1440934262,AUDIO,20260307,16,0,"MANUALLY_SELECTED_PLAYBACK_OF_A_DIFF_ITEM",IPHONE,0,1,false,1440934262,"Taylor Swift - Getaway Car"
"United States",1845403831,AUDIO,20260308,"2, 3, 18",4298439,PLAYBACK_MANUALLY_PAUSED,MACINTOSH,3,0,false,1845403831,"Gracie Abrams - Death Wish (Apple Music Live)"
"United States",1845404108,AUDIO,20260308,"2, 3, 21, 23",1312946,PLAYBACK_MANUALLY_PAUSED,"IPHONE, MACINTOSH",4,0,false,1845404108,"Gracie Abrams - Let It Happen (Apple Music Live)"
"United States",1845403814,AUDIO,20260308,"1, 3",1258302,NATURAL_END_OF_TRACK,MACINTOSH,4,0,false,1845403814,"Gracie Abrams - Intro & Risk (Apple Music Live)"
"United States",1845404106,AUDIO,20260308,"2, 3, 18, 20",1115675,NATURAL_END_OF_TRACK,MACINTOSH,3,2,false,1845404106,"Gracie Abrams - Packing It Up (Apple Music Live)"
"United States",1845404112,AUDIO,20260308,"2, 21",913574,NATURAL_END_OF_TRACK,"IPHONE, MACINTOSH",3,0,false,1845404112,"Gracie Abrams - us. (Apple Music Live)"
"United States",1845403829,AUDIO,20260308,"1, 3, 17",892271,NATURAL_END_OF_TRACK,MACINTOSH,3,0,false,1845403829,"Gracie Abrams - Where do we go now? (Apple Music Live)"
"United States",1845404103,AUDIO,20260308,"2, 3, 18",783540,NATURAL_END_OF_TRACK,MACINTOSH,3,1,false,1845404103,"Gracie Abrams - Normal Thing (Apple Music Live)"
"United States",1845404114,AUDIO,20260308,"2, 21",759149,"MANUALLY_SELECTED_PLAYBACK_OF_A_DIFF_ITEM","IPHONE, MACINTOSH",3,2,false,1845404114,"Gracie Abrams - Close To You (Apple Music Live)"
"United States",1845404109,AUDIO,20260308,"2, 3, 21",728084,"MANUALLY_SELECTED_PLAYBACK_OF_A_DIFF_ITEM","IPHONE, MACINTOSH",3,2,false,1845404109,"Gracie Abrams - I miss you, I'm sorry (Apple Music Live)"
"United States",1845403818,AUDIO,20260308,"1, 3, 23",722813,TRACK_SKIPPED_FORWARDS,"IPHONE, MACINTOSH",3,1,false,1845403818,"Gracie Abrams - Blowing Smoke (Apple Music Live)"
"United States",1845404107,AUDIO,20260308,"2, 3, 21",698334,NATURAL_END_OF_TRACK,MACINTOSH,3,0,false,1845404107,"Gracie Abrams - I Told You Things (Apple Music Live)"
"United States",1845403822,AUDIO,20260308,"1, 3, 17",696466,NATURAL_END_OF_TRACK,MACINTOSH,3,0,false,1845403822,"Gracie Abrams - I Love You, I’m Sorry (Apple Music Live)"
"United States",1689131532,AUDIO,20260308,"4, 17, 18",654499,NATURAL_END_OF_TRACK,IPHONE,3,0,false,1689131532,"Taylor Swift - Maroon"
"United States",1845404111,AUDIO,20260308,"2, 21",637466,NATURAL_END_OF_TRACK,MACINTOSH,2,0,false,1845404111,"Gracie Abrams - Free Now (Apple Music Live)"
"United States",1845404104,AUDIO,20260308,"2, 3, 18, 20",607250,NATURAL_END_OF_TRACK,MACINTOSH,3,1,false,1845404104,"Gracie Abrams - Mess It Up (Apple Music Live)"
"United States",1845403819,AUDIO,20260308,"1, 3, 17",590594,NATURAL_END_OF_TRACK,MACINTOSH,3,0,false,1845403819,"Gracie Abrams - 21 (Apple Music Live)"
"United States",1843595808,AUDIO,20260308,"18, 21, 23",555704,NATURAL_END_OF_TRACK,IPHONE,3,1,false,1843595808,"PinkPantheress - Stateside (with Zara Larsson)"
"United States",1689131531,AUDIO,20260308,"17, 18, 23",515438,"MANUALLY_SELECTED_PLAYBACK_OF_A_DIFF_ITEM",IPHONE,3,2,false,1689131531,"Taylor Swift - Lavender Haze"
"United States",1845404113,AUDIO,20260308,"2, 21",449030,NATURAL_END_OF_TRACK,"IPHONE, MACINTOSH",2,0,false,1845404113,"Gracie Abrams - That’s So True (Apple Music Live)"
"United States",1689090227,AUDIO,20260308,"4, 17",400853,NATURAL_END_OF_TRACK,IPHONE,2,0,false,1689090227,"Taylor Swift - Anti-Hero"
"United States",1689090234,AUDIO,20260308,"5, 17",388605,NATURAL_END_OF_TRACK,IPHONE,2,0,false,1689090234,"Taylor Swift - You're On Your Own, Kid"
"United States",1845404110,AUDIO,20260308,2,369989,NATURAL_END_OF_TRACK,MACINTOSH,1,0,false,1845404110,"Gracie Abrams - Right Now (Apple Music Live)"
"United States",1689090235,AUDIO,20260308,"5, 17",349563,NATURAL_END_OF_TRACK,IPHONE,2,0,false,1689090235,"Taylor Swift - Midnight Rain"
"United States",1742074192,AUDIO,20260308,"1, 21",261490,TRACK_SKIPPED_FORWARDS,"IPHONE, MACINTOSH",2,1,false,1742074192,"Taylor Swift - My Boy Only Breaks His Favorite Toys"
"United States",1742058080,AUDIO,20260308,1,261308,NATURAL_END_OF_TRACK,MACINTOSH,1,0,false,1742058080,"Taylor Swift - Down Bad"
"United States",1440818666,AUDIO,20260308,1,259220,NATURAL_END_OF_TRACK,MACINTOSH,1,0,false,1440818666,"Lorde - Ribs"
"United States",1689131960,AUDIO,20260308,"4, 5, 17",254912,NATURAL_END_OF_TRACK,IPHONE,3,0,false,1689131960,"Taylor Swift - Question...?"
"United States",1742058097,AUDIO,20260308,1,254343,NATURAL_END_OF_TRACK,MACINTOSH,1,0,false,1742058097,"Taylor Swift - Guilty as Sin?"
"United States",1742075877,AUDIO,20260308,23,250034,NATURAL_END_OF_TRACK,IPHONE,1,0,false,1742075877,"Taylor Swift - The Prophecy"
"United States",1838810951,AUDIO,20260308,23,226340,NATURAL_END_OF_TRACK,IPHONE,1,0,false,1838810951,"Taylor Swift - The Fate of Ophelia"
"United States",1742058104,AUDIO,20260308,"1, 23",218305,NATURAL_END_OF_TRACK,"IPHONE, MACINTOSH",1,1,false,1742058104,"Taylor Swift - I Can Do It With a Broken Heart"
"United States",1649434280,AUDIO,20260308,1,202308,NATURAL_END_OF_TRACK,MACINTOSH,1,0,false,1649434280,"Taylor Swift - Lavender Haze"
"United States",1672703428,AUDIO,20260308,1,138307,PLAYBACK_MANUALLY_PAUSED,MACINTOSH,1,0,false,1672703428,"Reneé Rapp - Moon"
"United States",1838810955,AUDIO,20260308,21,114464,TRACK_SKIPPED_FORWARDS,IPHONE,1,1,false,1838810955,"Taylor Swift - Father Figure"
"United States",1201058113,AUDIO,20260308,"18, 21, 23",76529,"MANUALLY_SELECTED_PLAYBACK_OF_A_DIFF_ITEM",IPHONE,1,3,false,1201058113,"Zara Larsson - Lush Life"
"United States",1713846658,AUDIO,20260308,23,0,"MANUALLY_SELECTED_PLAYBACK_OF_A_DIFF_ITEM",IPHONE,0,1,false,1713846658,"Taylor Swift - Is It Over Now? (Taylor's Version) [From The Vault]"
"United States",1595423407,AUDIO,20260308,23,0,"MANUALLY_SELECTED_PLAYBACK_OF_A_DIFF_ITEM",IPHONE,0,1,false,1595423407,"Taylor Swift - Forever Winter (Taylor's Version) (From The Vault)"
"United States",1833328842,AUDIO,20260308,"1, 21, 23",0,TRACK_SKIPPED_FORWARDS,"IPHONE, MACINTOSH",0,3,false,1833328842,"Taylor Swift - Elizabeth Taylor"
"United States",1689131533,AUDIO,20260308,18,0,"MANUALLY_SELECTED_PLAYBACK_OF_A_DIFF_ITEM",IPHONE,0,1,false,1689131533,"Taylor Swift - Anti-Hero"
"United States",1845404113,AUDIO,20260309,"0, 1, 2, 4",4192109,PLAYBACK_MANUALLY_PAUSED,"IPHONE, MACINTOSH",4,0,false,1845404113,"Gracie Abrams - That’s So True (Apple Music Live)"
"United States",1845403831,AUDIO,20260309,"2, 17, 22",2486682,"MANUALLY_SELECTED_PLAYBACK_OF_A_DIFF_ITEM","IPHONE, MACINTOSH",3,3,false,1845403831,"Gracie Abrams - Death Wish (Apple Music Live)"
"United States",1845404114,AUDIO,20260309,"1, 2, 4, 17",888014,NATURAL_END_OF_TRACK,"IPHONE, MACINTOSH",4,2,false,1845404114,"Gracie Abrams - Close To You (Apple Music Live)"
"United States",1843595808,AUDIO,20260309,"19, 22, 23",860040,NATURAL_END_OF_TRACK,IPHONE,4,1,false,1843595808,"PinkPantheress - Stateside (with Zara Larsson)"
"United States",1845404112,AUDIO,20260309,"1, 2, 17",769814,OTHER,"IPHONE, MACINTOSH",3,0,false,1845404112,"Gracie Abrams - us. (Apple Music Live)"
"United States",1845404107,AUDIO,20260309,"2, 4, 17, 22",698046,NATURAL_END_OF_TRACK,"IPHONE, MACINTOSH",3,1,false,1845404107,"Gracie Abrams - I Told You Things (Apple Music Live)"
"United States",1845403822,AUDIO,20260309,"1, 4, 21",696460,NATURAL_END_OF_TRACK,"IPHONE, MACINTOSH",3,0,false,1845403822,"Gracie Abrams - I Love You, I’m Sorry (Apple Music Live)"
"United States",1845404110,AUDIO,20260309,"2, 17",658784,TRACK_SKIPPED_FORWARDS,"IPHONE, MACINTOSH",2,1,false,1845404110,"Gracie Abrams - Right Now (Apple Music Live)"
"United States",1845404111,AUDIO,20260309,"2, 3",637394,NATURAL_END_OF_TRACK,"IPHONE, MACINTOSH",2,0,false,1845404111,"Gracie Abrams - Free Now (Apple Music Live)"
"United States",1845403818,AUDIO,20260309,"1, 17, 20",618231,OTHER,"IPHONE, MACINTOSH",3,1,false,1845403818,"Gracie Abrams - Blowing Smoke (Apple Music Live)"
"United States",1845404108,AUDIO,20260309,"2, 3, 4, 17, 22",606357,PLAYBACK_MANUALLY_PAUSED,"IPHONE, MACINTOSH",2,3,false,1845404108,"Gracie Abrams - Let It Happen (Apple Music Live)"
"United States",1845403819,AUDIO,20260309,"1, 4, 21",590404,NATURAL_END_OF_TRACK,"IPHONE, MACINTOSH",3,0,false,1845403819,"Gracie Abrams - 21 (Apple Music Live)"
"United States",1845403829,AUDIO,20260309,"2, 4, 21",558808,NATURAL_END_OF_TRACK,"IPHONE, MACINTOSH",2,1,false,1845403829,"Gracie Abrams - Where do we go now? (Apple Music Live)"
"United States",1845403814,AUDIO,20260309,"1, 3, 4, 21",538004,"MANUALLY_SELECTED_PLAYBACK_OF_A_DIFF_ITEM","IPHONE, MACINTOSH",2,2,false,1845403814,"Gracie Abrams - Intro & Risk (Apple Music Live)"
"United States",1845404103,AUDIO,20260309,"2, 4, 17",523840,NATURAL_END_OF_TRACK,"IPHONE, MACINTOSH",2,1,false,1845404103,"Gracie Abrams - Normal Thing (Apple Music Live)"
"United States",1870984036,AUDIO,20260309,"17, 18",426205,NATURAL_END_OF_TRACK,IPHONE,2,0,false,1870984036,"Harry Styles - American Girls"
"United States",1870984047,AUDIO,20260309,"18, 20",409696,"MANUALLY_SELECTED_PLAYBACK_OF_A_DIFF_ITEM",IPHONE,2,1,false,1870984047,"Harry Styles - Pop"
"United States",1870984040,AUDIO,20260309,"18, 20",389405,TRACK_SKIPPED_FORWARDS,IPHONE,2,1,false,1870984040,"Harry Styles - Taste Back"
"United States",1689131531,AUDIO,20260309,23,330946,"MANUALLY_SELECTED_PLAYBACK_OF_A_DIFF_ITEM",IPHONE,2,1,false,1689131531,"Taylor Swift - Lavender Haze"
"United States",1870984033,AUDIO,20260309,17,312316,NATURAL_END_OF_TRACK,IPHONE,1,0,false,1870984033,"Harry Styles - Aperture"
"United States",1845404109,AUDIO,20260309,"2, 17",273056,TRACK_SKIPPED_FORWARDS,"IPHONE, MACINTOSH",1,1,false,1845404109,"Gracie Abrams - I miss you, I'm sorry (Apple Music Live)"
"United States",1595423407,AUDIO,20260309,23,263535,NATURAL_END_OF_TRACK,IPHONE,1,0,false,1595423407,"Taylor Swift - Forever Winter (Taylor's Version) (From The Vault)"
"United States",1742058097,AUDIO,20260309,"20, 22",254702,NATURAL_END_OF_TRACK,IPHONE,1,1,false,1742058097,"Taylor Swift - Guilty as Sin?"
"United States",1870984045,AUDIO,20260309,18,248860,NATURAL_END_OF_TRACK,IPHONE,1,0,false,1870984045,"Harry Styles - Coming Up Roses"
"United States",1845404106,AUDIO,20260309,"2, 4",246486,TRACK_SKIPPED_FORWARDS,"IPHONE, MACINTOSH",1,2,false,1845404106,"Gracie Abrams - Packing It Up (Apple Music Live)"
"United States",1440762733,AUDIO,20260309,22,242488,"MANUALLY_SELECTED_PLAYBACK_OF_A_DIFF_ITEM",IPHONE,1,1,false,1440762733,"The Pussycat Dolls - Buttons"
"United States",1440935808,AUDIO,20260309,22,231193,NATURAL_END_OF_TRACK,IPHONE,1,0,false,1440935808,"Taylor Swift - Blank Space"
"United States",1870984044,AUDIO,20260309,18,229556,NATURAL_END_OF_TRACK,IPHONE,1,0,false,1870984044,"Harry Styles - Season 2 Weight Loss"
"United States",1443920952,AUDIO,20260309,21,224657,"MANUALLY_SELECTED_PLAYBACK_OF_A_DIFF_ITEM",IPHONE,1,2,false,1443920952,"Sophie Ellis-Bextor - Murder On The Dancefloor"
"United States",1742058104,AUDIO,20260309,22,218490,NATURAL_END_OF_TRACK,IPHONE,1,0,false,1742058104,"Taylor Swift - I Can Do It With a Broken Heart"
"United States",1364709436,AUDIO,20260309,22,215066,NATURAL_END_OF_TRACK,IPHONE,1,0,false,1364709436,"Calvin Harris, Dua Lipa - One Kiss"
"United States",1689131960,AUDIO,20260309,23,210854,NATURAL_END_OF_TRACK,IPHONE,1,0,false,1689131960,"Taylor Swift - Question...?"
"United States",1874125269,AUDIO,20260309,23,210199,NATURAL_END_OF_TRACK,IPHONE,1,0,false,1874125269,"Tame Impala & JENNIE - Dracula (JENNIE Remix)"
"United States",1625725380,AUDIO,20260309,18,206686,NATURAL_END_OF_TRACK,IPHONE,1,0,false,N/A,"Tate McRae - she's all i wanna be"
"United States",1845404104,AUDIO,20260309,"2, 4",202446,TRACK_SKIPPED_FORWARDS,"IPHONE, MACINTOSH",1,1,false,1845404104,"Gracie Abrams - Mess It Up (Apple Music Live)"
"United States",1538003644,AUDIO,20260309,22,194148,"MANUALLY_SELECTED_PLAYBACK_OF_A_DIFF_ITEM",IPHONE,1,1,false,1538003644,"Dua Lipa - Physical"
"United States",1870984039,AUDIO,20260309,18,192377,NATURAL_END_OF_TRACK,IPHONE,1,0,false,1870984039,"Harry Styles - Are You Listening Yet?"
"United States",1854872385,AUDIO,20260309,19,184768,PLAYBACK_SUSPENDED,IPHONE,1,0,false,N/A,"Tate McRae - Siren sounds (bonus)"
"United States",1853104849,AUDIO,20260309,18,183093,NATURAL_END_OF_TRACK,IPHONE,1,0,false,N/A,"Tate McRae - 2 hands"
"United States",1853104438,AUDIO,20260309,18,177442,NATURAL_END_OF_TRACK,IPHONE,1,0,false,N/A,"Tate McRae - TIT FOR TAT"
"United States",1854871792,AUDIO,20260309,18,171301,NATURAL_END_OF_TRACK,IPHONE,1,0,false,N/A,"Tate McRae - Dear god"
"United States",1870984042,AUDIO,20260309,"18, 20",169934,TRACK_SKIPPED_FORWARDS,IPHONE,1,1,false,1870984042,"Harry Styles - The Waiting Game"
"United States",1646692420,AUDIO,20260309,19,169740,NATURAL_END_OF_TRACK,IPHONE,1,0,false,N/A,"Tate McRae - uh oh"
"United States",1620209736,AUDIO,20260309,19,167145,NATURAL_END_OF_TRACK,IPHONE,1,0,false,N/A,"Tate McRae - what would you do?"
"United States",1854871795,AUDIO,20260309,18,165341,NATURAL_END_OF_TRACK,IPHONE,1,0,false,N/A,"Tate McRae - Sports car"
"United States",1870984038,AUDIO,20260309,"17, 20",160422,"MANUALLY_SELECTED_PLAYBACK_OF_A_DIFF_ITEM",IPHONE,1,1,false,1870984038,"Harry Styles - Ready, Steady, Go!"
"United States",1716103132,AUDIO,20260309,18,159613,NATURAL_END_OF_TRACK,IPHONE,1,0,false,N/A,"Tate McRae - exes"
"United States",1882164465,AUDIO,20260309,21,159498,NATURAL_END_OF_TRACK,IPHONE,1,0,false,1882164465,"JENNIE - like JENNIE (EDM Remix)"
"United States",1853104841,AUDIO,20260309,18,157105,NATURAL_END_OF_TRACK,IPHONE,1,0,false,N/A,"Tate McRae - It's ok I'm ok"
"United States",1625725047,AUDIO,20260309,18,152940,NATURAL_END_OF_TRACK,IPHONE,1,0,false,N/A,"Tate McRae - don't come back"
"United States",1716103138,AUDIO,20260309,19,152491,NATURAL_END_OF_TRACK,IPHONE,1,0,false,N/A,"Tate McRae - guilty conscience"
"United States",1838737598,AUDIO,20260309,23,145760,"MANUALLY_SELECTED_PLAYBACK_OF_A_DIFF_ITEM",IPHONE,1,1,false,1838737598,"RAYE - WHERE IS MY HUSBAND!"
"United States",1440934254,AUDIO,20260309,22,144599,"MANUALLY_SELECTED_PLAYBACK_OF_A_DIFF_ITEM",IPHONE,1,1,false,1440934254,"Taylor Swift - Delicate"
"United States",1716103128,AUDIO,20260309,18,144152,NATURAL_END_OF_TRACK,IPHONE,1,0,false,N/A,"Tate McRae - run for the hills"
"United States",1817055308,AUDIO,20260309,18,142643,NATURAL_END_OF_TRACK,IPHONE,1,0,false,N/A,"Tate McRae - Just Keep Watching (From F1® The Movie)"
"United States",1716103134,AUDIO,20260309,18,140989,NATURAL_END_OF_TRACK,IPHONE,1,0,false,N/A,"Tate McRae - calgary"
"United States",1772759719,AUDIO,20260309,23,136983,NATURAL_END_OF_TRACK,IPHONE,1,0,false,1772759719,"JENNIE - Mantra"
"United States",1716103127,AUDIO,20260309,18,129820,NATURAL_END_OF_TRACK,IPHONE,1,0,false,N/A,"Tate McRae - greedy"
"United States",1882164464,AUDIO,20260309,21,123845,TRACK_SKIPPED_FORWARDS,IPHONE,1,1,false,1882164464,"JENNIE - like JENNIE (Extended Remix)"
"United States",1882164775,AUDIO,20260309,21,123841,NATURAL_END_OF_TRACK,IPHONE,1,0,false,1882164775,"JENNIE - like JENNIE"
"United States",1396477176,AUDIO,20260309,22,101794,"MANUALLY_SELECTED_PLAYBACK_OF_A_DIFF_ITEM",IPHONE,1,1,false,1396477176,"Sean Paul - No Lie (feat. Dua Lipa)"
"United States",1531469131,AUDIO,20260309,23,99301,"MANUALLY_SELECTED_PLAYBACK_OF_A_DIFF_ITEM",IPHONE,1,1,false,1531469131,"Little Mix - Sweet Melody"
"United States",1870984051,AUDIO,20260309,18,98017,"MANUALLY_SELECTED_PLAYBACK_OF_A_DIFF_ITEM",IPHONE,1,1,false,1870984051,"Harry Styles - Paint By Numbers"
"United States",1438676278,AUDIO,20260309,"19, 22",93394,"MANUALLY_SELECTED_PLAYBACK_OF_A_DIFF_ITEM",IPHONE,1,2,false,1438676278,"Zara Larsson - Ruin My Life"
"United States",1440832542,AUDIO,20260309,22,91685,TRACK_SKIPPED_FORWARDS,IPHONE,1,1,false,1440832542,"Fergie, Q-Tip & GoonRock - A Little Party Never Killed Nobody (All We Got)"
"United States",1787023936,AUDIO,20260309,23,80227,PLAYBACK_MANUALLY_PAUSED,IPHONE,1,0,false,1787023936,"Bad Bunny - DtMF"
"United States",1495400441,AUDIO,20260309,19,54746,"MANUALLY_SELECTED_PLAYBACK_OF_A_DIFF_ITEM",IPHONE,1,1,false,N/A,"Tate McRae - stupid"
"United States",1838810955,AUDIO,20260309,22,51375,TRACK_SKIPPED_FORWARDS,IPHONE,1,1,false,1838810955,"Taylor Swift - Father Figure"
"United States",1689090227,AUDIO,20260309,22,46203,"MANUALLY_SELECTED_PLAYBACK_OF_A_DIFF_ITEM",IPHONE,1,1,false,1689090227,"Taylor Swift - Anti-Hero"
"United States",1795979993,AUDIO,20260309,23,45515,"MANUALLY_SELECTED_PLAYBACK_OF_A_DIFF_ITEM",IPHONE,1,1,false,1795979993,"JENNIE & Doechii - ExtraL"
"United States",1228739605,AUDIO,20260309,22,38176,"MANUALLY_SELECTED_PLAYBACK_OF_A_DIFF_ITEM",IPHONE,1,1,false,1228739605,"Dua Lipa - Blow Your Mind (Mwah)"
"United States",1806717163,AUDIO,20260309,19,32977,TRACK_SKIPPED_FORWARDS,IPHONE,1,1,false,N/A,"Tate McRae - One Day"
"United States",1693891139,AUDIO,20260309,23,32707,"MANUALLY_SELECTED_PLAYBACK_OF_A_DIFF_ITEM",IPHONE,1,1,false,1693891139,"The Weeknd, JENNIE & Lily Rose Depp - One Of The Girls"
"United States",1201058113,AUDIO,20260309,23,30947,OTHER,IPHONE,1,0,false,1201058113,"Zara Larsson - Lush Life"
"United States",1880824221,AUDIO,20260309,23,30190,"MANUALLY_SELECTED_PLAYBACK_OF_A_DIFF_ITEM",IPHONE,1,1,false,1880824221,"Zara Larsson - Midnight Sun"
"United States",1742058100,AUDIO,20260309,23,0,"MANUALLY_SELECTED_PLAYBACK_OF_A_DIFF_ITEM",IPHONE,0,1,false,1742058100,"Taylor Swift - Who’s Afraid of Little Old Me?"
"United States",1882164928,AUDIO,20260309,21,0,"MANUALLY_SELECTED_PLAYBACK_OF_A_DIFF_ITEM",IPHONE,0,2,false,1882164928,"JENNIE - Starlight"
"United States",1488413379,AUDIO,20260309,23,0,"MANUALLY_SELECTED_PLAYBACK_OF_A_DIFF_ITEM",IPHONE,0,1,false,1488413379,"Selena Gomez - People You Know"
"United States",1882164783,AUDIO,20260309,21,0,"MANUALLY_SELECTED_PLAYBACK_OF_A_DIFF_ITEM",IPHONE,0,1,false,1882164783,"JENNIE - with the IE (way up)"
"United States",1882164467,AUDIO,20260309,21,0,TRACK_SKIPPED_FORWARDS,IPHONE,0,1,false,1882164467,"JENNIE - Handlebars (Just JENNIE)"
"United States",1882164923,AUDIO,20260309,21,0,"MANUALLY_SELECTED_PLAYBACK_OF_A_DIFF_ITEM",IPHONE,0,1,false,1882164923,"JENNIE - F.T.S."
"United States",1882164770,AUDIO,20260309,22,0,"MANUALLY_SELECTED_PLAYBACK_OF_A_DIFF_ITEM",IPHONE,0,1,false,1882164770,"JENNIE - Damn Right (Just JENNIE)"
"United States",1578986673,AUDIO,20260309,22,0,"MANUALLY_SELECTED_PLAYBACK_OF_A_DIFF_ITEM",IPHONE,0,2,false,1578986673,"Elton John & Dua Lipa - Cold Heart (PNAU Remix)"
"United States",1440832563,AUDIO,20260309,22,0,"MANUALLY_SELECTED_PLAYBACK_OF_A_DIFF_ITEM",IPHONE,0,1,false,1440832563,"Coco O. - Where the Wind Blows"
"United States",1870984050,AUDIO,20260309,"18, 20",0,"MANUALLY_SELECTED_PLAYBACK_OF_A_DIFF_ITEM",IPHONE,0,2,false,1870984050,"Harry Styles - Dance No More"
"United States",1434745795,AUDIO,20260309,22,0,TRACK_SKIPPED_FORWARDS,IPHONE,0,1,false,1434745795,"Silk City, Dua Lipa - Electricity (feat. Diplo & Mark Ronson)"
"United States",1713846658,AUDIO,20260309,23,0,TRACK_SKIPPED_FORWARDS,IPHONE,0,1,false,1713846658,"Taylor Swift - Is It Over Now? (Taylor's Version) [From The Vault]"
"United States",1882164930,AUDIO,20260309,21,0,TRACK_SKIPPED_FORWARDS,IPHONE,0,1,false,1882164930,"JENNIE - twin"
"United States",1845404112,AUDIO,20260310,"13, 14, 22",595606,NATURAL_END_OF_TRACK,IPHONE,2,1,false,1845404112,"Gracie Abrams - us. (Apple Music Live)"
"United States",1845404109,AUDIO,20260310,"13, 22",546836,NATURAL_END_OF_TRACK,IPHONE,2,0,false,1845404109,"Gracie Abrams - I miss you, I'm sorry (Apple Music Live)"
"United States",1440934254,AUDIO,20260310,"3, 4",464966,NATURAL_END_OF_TRACK,"IPHONE, MACINTOSH",2,0,false,1440934254,"Taylor Swift - Delicate"
"United States",1845404113,AUDIO,20260310,"13, 22",448755,NATURAL_END_OF_TRACK,IPHONE,2,0,false,1845404113,"Gracie Abrams - That’s So True (Apple Music Live)"
"United States",1713846658,AUDIO,20260310,"3, 4",439477,PLAYBACK_MANUALLY_PAUSED,"IPHONE, MACINTOSH",2,0,false,1713846658,"Taylor Swift - Is It Over Now? (Taylor's Version) [From The Vault]"
"United States",1845404104,AUDIO,20260310,"13, 18",404780,NATURAL_END_OF_TRACK,IPHONE,2,0,false,1845404104,"Gracie Abrams - Mess It Up (Apple Music Live)"
"United States",1845403819,AUDIO,20260310,"13, 16",393541,NATURAL_END_OF_TRACK,IPHONE,2,0,false,1845403819,"Gracie Abrams - 21 (Apple Music Live)"
"United States",1845404110,AUDIO,20260310,22,370253,NATURAL_END_OF_TRACK,IPHONE,1,0,false,1845404110,"Gracie Abrams - Right Now (Apple Music Live)"
"United States",1845404107,AUDIO,20260310,"14, 18",370175,NATURAL_END_OF_TRACK,IPHONE,2,1,false,1845404107,"Gracie Abrams - I Told You Things (Apple Music Live)"
"United States",1742058100,AUDIO,20260310,3,334231,NATURAL_END_OF_TRACK,MACINTOSH,1,0,false,1742058100,"Taylor Swift - Who’s Afraid of Little Old Me?"
"United States",1845404108,AUDIO,20260310,"16, 18, 21",331734,NATURAL_END_OF_TRACK,IPHONE,2,1,false,1845404108,"Gracie Abrams - Let It Happen (Apple Music Live)"
"United States",1845404106,AUDIO,20260310,18,321527,"MANUALLY_SELECTED_PLAYBACK_OF_A_DIFF_ITEM",IPHONE,1,1,false,1845404106,"Gracie Abrams - Packing It Up (Apple Music Live)"
"United States",1845404111,AUDIO,20260310,"14, 22",318420,NATURAL_END_OF_TRACK,IPHONE,1,1,false,1845404111,"Gracie Abrams - Free Now (Apple Music Live)"
"United States",1845403814,AUDIO,20260310,15,314413,NATURAL_END_OF_TRACK,IPHONE,1,0,false,1845403814,"Gracie Abrams - Intro & Risk (Apple Music Live)"
"United States",1845403829,AUDIO,20260310,"13, 15",281922,"MANUALLY_SELECTED_PLAYBACK_OF_A_DIFF_ITEM",IPHONE,1,2,false,1845403829,"Gracie Abrams - Where do we go now? (Apple Music Live)"
"United States",1845404103,AUDIO,20260310,16,261363,NATURAL_END_OF_TRACK,IPHONE,1,0,false,1845404103,"Gracie Abrams - Normal Thing (Apple Music Live)"
"United States",1440818666,AUDIO,20260310,4,259193,NATURAL_END_OF_TRACK,IPHONE,1,0,false,1440818666,"Lorde - Ribs"
"United States",1845403818,AUDIO,20260310,16,253720,NATURAL_END_OF_TRACK,IPHONE,1,0,false,1845403818,"Gracie Abrams - Blowing Smoke (Apple Music Live)"
"United States",1689131532,AUDIO,20260310,3,218328,NATURAL_END_OF_TRACK,MACINTOSH,1,0,false,1689131532,"Taylor Swift - Maroon"
"United States",1833329003,AUDIO,20260310,4,211807,NATURAL_END_OF_TRACK,IPHONE,1,0,false,1833329003,"Taylor Swift - CANCELLED!"
"United States",1742074192,AUDIO,20260310,4,204363,NATURAL_END_OF_TRACK,IPHONE,1,0,false,1742074192,"Taylor Swift - My Boy Only Breaks His Favorite Toys"
"United States",1689131531,AUDIO,20260310,3,202389,NATURAL_END_OF_TRACK,MACINTOSH,1,0,false,1689131531,"Taylor Swift - Lavender Haze"
"United States",1845404114,AUDIO,20260310,22,194941,PLAYBACK_SUSPENDED,IPHONE,1,0,false,1845404114,"Gracie Abrams - Close To You (Apple Music Live)"
"United States",1843595808,AUDIO,20260310,6,185013,NATURAL_END_OF_TRACK,MACINTOSH,1,0,false,1843595808,"PinkPantheress - Stateside (with Zara Larsson)"
"United States",1833328842,AUDIO,20260310,4,89223,PLAYBACK_MANUALLY_PAUSED,IPHONE,1,0,false,1833328842,"Taylor Swift - Elizabeth Taylor"
"United States",1742058284,AUDIO,20260310,4,65136,"MANUALLY_SELECTED_PLAYBACK_OF_A_DIFF_ITEM",IPHONE,1,1,false,1742058284,"Taylor Swift - Peter"
"United States",1817499251,AUDIO,20260310,6,51550,OTHER,MACINTOSH,1,0,false,1817499251,"Zara Larsson - Midnight Sun"
"United States",1595423407,AUDIO,20260310,3,49187,PLAYBACK_MANUALLY_PAUSED,MACINTOSH,1,0,false,1595423407,"Taylor Swift - Forever Winter (Taylor's Version) (From The Vault)"
"United States",1845403822,AUDIO,20260310,16,0,"MANUALLY_SELECTED_PLAYBACK_OF_A_DIFF_ITEM",IPHONE,0,1,false,1845403822,"Gracie Abrams - I Love You, I’m Sorry (Apple Music Live)"
"United States",1845403822,AUDIO,20260311,"5, 16, 19, 21",652073,"MANUALLY_SELECTED_PLAYBACK_OF_A_DIFF_ITEM",IPHONE,3,2,false,1845403822,"Gracie Abrams - I Love You, I’m Sorry (Apple Music Live)"
"United States",1845403814,AUDIO,20260311,"5, 16",650965,NATURAL_END_OF_TRACK,IPHONE,1,1,false,1845403814,"Gracie Abrams - Intro & Risk (Apple Music Live)"
"United States",1845404104,AUDIO,20260311,"16, 19, 21",607402,NATURAL_END_OF_TRACK,IPHONE,3,0,false,1845404104,"Gracie Abrams - Mess It Up (Apple Music Live)"
"United States",1845403819,AUDIO,20260311,"5, 16, 19",590892,NATURAL_END_OF_TRACK,IPHONE,3,0,false,1845403819,"Gracie Abrams - 21 (Apple Music Live)"
"United States",1843595808,AUDIO,20260311,"7, 15, 21",555455,NATURAL_END_OF_TRACK,"IPHONE, MACINTOSH",3,0,false,1843595808,"PinkPantheress - Stateside (with Zara Larsson)"
"United States",1845404103,AUDIO,20260311,"16, 21",522788,NATURAL_END_OF_TRACK,IPHONE,2,0,false,1845404103,"Gracie Abrams - Normal Thing (Apple Music Live)"
"United States",1845403829,AUDIO,20260311,"5, 16",509870,NATURAL_END_OF_TRACK,IPHONE,2,1,false,1845403829,"Gracie Abrams - Where do we go now? (Apple Music Live)"
"United States",1845403818,AUDIO,20260311,"5, 19",507208,NATURAL_END_OF_TRACK,IPHONE,2,0,false,1845403818,"Gracie Abrams - Blowing Smoke (Apple Music Live)"
"United States",1440832542,AUDIO,20260311,15,482508,NATURAL_END_OF_TRACK,IPHONE,2,0,false,1440832542,"Fergie, Q-Tip & GoonRock - A Little Party Never Killed Nobody (All We Got)"
"United States",1838810955,AUDIO,20260311,21,408432,NATURAL_END_OF_TRACK,IPHONE,1,0,false,1838810955,"Taylor Swift - Father Figure"
"United States",1872842320,AUDIO,20260311,9,379607,PLAYBACK_MANUALLY_PAUSED,IPHONE,2,0,false,1872842320,"Bleachers - dirty wedding dress"
"United States",1440935808,AUDIO,20260311,"7, 15, 21",353834,TRACK_SKIPPED_FORWARDS,"IPHONE, MACINTOSH",3,1,false,1440935808,"Taylor Swift - Blank Space"
"United States",1845403831,AUDIO,20260311,16,349221,"MANUALLY_SELECTED_PLAYBACK_OF_A_DIFF_ITEM",IPHONE,1,1,false,1845403831,"Gracie Abrams - Death Wish (Apple Music Live)"
"United States",1742058100,AUDIO,20260311,"7, 11",319997,TRACK_SKIPPED_FORWARDS,MACINTOSH,1,1,false,1742058100,"Taylor Swift - Who’s Afraid of Little Old Me?"
"United States",1845404114,AUDIO,20260311,16,295718,NATURAL_END_OF_TRACK,IPHONE,1,0,false,1845404114,"Gracie Abrams - Close To You (Apple Music Live)"
"United States",1845404112,AUDIO,20260311,16,281874,TRACK_SKIPPED_FORWARDS,IPHONE,1,1,false,1845404112,"Gracie Abrams - us. (Apple Music Live)"
"United States",1870984045,AUDIO,20260311,11,248854,NATURAL_END_OF_TRACK,MACINTOSH,1,0,false,1870984045,"Harry Styles - Coming Up Roses"
"United States",1440832246,AUDIO,20260311,15,236590,NATURAL_END_OF_TRACK,IPHONE,1,0,false,1440832246,"Lana Del Rey - Young and Beautiful"
"United States",1872842319,AUDIO,20260311,9,235110,NATURAL_END_OF_TRACK,IPHONE,1,0,false,1872842319,"Bleachers - you and forever"
"United States",1440934254,AUDIO,20260311,21,234192,NATURAL_END_OF_TRACK,IPHONE,1,0,false,1440934254,"Taylor Swift - Delicate"
"United States",1870984044,AUDIO,20260311,11,229556,NATURAL_END_OF_TRACK,MACINTOSH,1,0,false,1870984044,"Harry Styles - Season 2 Weight Loss"
"United States",1845404113,AUDIO,20260311,16,224738,NATURAL_END_OF_TRACK,IPHONE,1,0,false,1845404113,"Gracie Abrams - That’s So True (Apple Music Live)"
"United States",1870984040,AUDIO,20260311,11,221660,NATURAL_END_OF_TRACK,MACINTOSH,1,0,false,1870984040,"Harry Styles - Taste Back"
"United States",1742058104,AUDIO,20260311,7,218166,NATURAL_END_OF_TRACK,MACINTOSH,1,0,false,1742058104,"Taylor Swift - I Can Do It With a Broken Heart"
"United States",1870984047,AUDIO,20260311,11,216023,NATURAL_END_OF_TRACK,MACINTOSH,1,0,false,1870984047,"Harry Styles - Pop"
"United States",1870984036,AUDIO,20260311,11,213597,NATURAL_END_OF_TRACK,MACINTOSH,1,0,false,1870984036,"Harry Styles - American Girls"
"United States",1201058123,AUDIO,20260311,7,212562,NATURAL_END_OF_TRACK,MACINTOSH,1,0,false,1201058123,"Zara Larsson & MNEK - Never Forget You"
"United States",1833329003,AUDIO,20260311,21,211393,NATURAL_END_OF_TRACK,IPHONE,1,0,false,1833329003,"Taylor Swift - CANCELLED!"
"United States",1689131960,AUDIO,20260311,"7, 15",210529,"MANUALLY_SELECTED_PLAYBACK_OF_A_DIFF_ITEM",MACINTOSH,1,1,false,1689131960,"Taylor Swift - Question...?"
"United States",1689131531,AUDIO,20260311,12,202505,NATURAL_END_OF_TRACK,IPHONE,1,0,false,1689131531,"Taylor Swift - Lavender Haze"
"United States",1689131533,AUDIO,20260311,12,200937,NATURAL_END_OF_TRACK,IPHONE,1,0,false,1689131533,"Taylor Swift - Anti-Hero"
"United States",1201058113,AUDIO,20260311,7,200792,NATURAL_END_OF_TRACK,MACINTOSH,1,0,false,1201058113,"Zara Larsson - Lush Life"
"United States",1870984050,AUDIO,20260311,11,194870,NATURAL_END_OF_TRACK,MACINTOSH,1,0,false,1870984050,"Harry Styles - Dance No More"
"United States",1870984039,AUDIO,20260311,11,192383,NATURAL_END_OF_TRACK,MACINTOSH,1,0,false,1870984039,"Harry Styles - Are You Listening Yet?"
"United States",1817499251,AUDIO,20260311,7,190096,NATURAL_END_OF_TRACK,MACINTOSH,1,0,false,1817499251,"Zara Larsson - Midnight Sun"
"United States",1870984042,AUDIO,20260311,11,169948,NATURAL_END_OF_TRACK,MACINTOSH,1,0,false,1870984042,"Harry Styles - The Waiting Game"
"United States",1440833203,AUDIO,20260311,16,168826,PLAYBACK_MANUALLY_PAUSED,IPHONE,1,0,false,1440833203,"Sia - Kill and Run"
"United States",1870984038,AUDIO,20260311,11,160309,NATURAL_END_OF_TRACK,MACINTOSH,1,0,false,1870984038,"Harry Styles - Ready, Steady, Go!"
"United States",1689131532,AUDIO,20260311,"12, 21",156416,"MANUALLY_SELECTED_PLAYBACK_OF_A_DIFF_ITEM",IPHONE,1,2,false,1689131532,"Taylor Swift - Maroon"
"United States",1845404106,AUDIO,20260311,"16, 19, 21",147185,"MANUALLY_SELECTED_PLAYBACK_OF_A_DIFF_ITEM",IPHONE,3,2,false,1845404106,"Gracie Abrams - Packing It Up (Apple Music Live)"
"United States",1689131956,AUDIO,20260311,12,99625,OTHER,IPHONE,1,0,false,1689131956,"Taylor Swift - You're On Your Own, Kid"
"United States",1436738923,AUDIO,20260311,7,85137,"MANUALLY_SELECTED_PLAYBACK_OF_A_DIFF_ITEM",MACINTOSH,1,1,false,1436738923,"Clean Bandit - Symphony (feat. Zara Larsson)"
"United States",1440832876,AUDIO,20260311,15,53597,TRACK_SKIPPED_FORWARDS,IPHONE,1,2,false,1440832876,"JAŸ-Z & Kanye West - No Church In the Wild (feat. Frank Ocean & The-Dream)"
"United States",1440832880,AUDIO,20260311,15,0,TRACK_SKIPPED_FORWARDS,IPHONE,0,2,false,1440832880,"Florence + the Machine - Over the Love"
"United States",1689090227,AUDIO,20260311,11,0,"MANUALLY_SELECTED_PLAYBACK_OF_A_DIFF_ITEM",MACINTOSH,0,1,false,1689090227,"Taylor Swift - Anti-Hero"
"United States",1690274412,AUDIO,20260311,9,0,"MANUALLY_SELECTED_PLAYBACK_OF_A_DIFF_ITEM",IPHONE,0,1,false,N/A,"Tiësto & Tate McRae - 10:35"
"United States",1689131534,AUDIO,20260311,12,0,TRACK_SKIPPED_FORWARDS,IPHONE,0,1,false,1689131534,"Taylor Swift - Snow On The Beach (feat. Lana Del Rey)"
"United States",1854871794,AUDIO,20260311,9,0,"MANUALLY_SELECTED_PLAYBACK_OF_A_DIFF_ITEM",IPHONE,0,1,false,N/A,"Tate McRae - Purple lace bra"
"United States",1438676278,AUDIO,20260311,15,0,TRACK_SKIPPED_FORWARDS,MACINTOSH,0,1,false,1438676278,"Zara Larsson - Ruin My Life"
"United States",1440832563,AUDIO,20260311,15,0,TRACK_SKIPPED_FORWARDS,IPHONE,0,2,false,1440832563,"Coco O. - Where the Wind Blows"
"United States",1870984051,AUDIO,20260311,15,0,"MANUALLY_SELECTED_PLAYBACK_OF_A_DIFF_ITEM",MACINTOSH,0,1,false,1870984051,"Harry Styles - Paint By Numbers"
"United States",1649434489,AUDIO,20260311,21,0,TRACK_SKIPPED_FORWARDS,IPHONE,0,1,false,1649434489,"Taylor Swift - Bejeweled"
"United States",1440832893,AUDIO,20260311,15,0,TRACK_SKIPPED_FORWARDS,IPHONE,0,1,false,1440832893,"Nero - Into the Past"
"United States",1620209746,AUDIO,20260311,9,0,"MANUALLY_SELECTED_PLAYBACK_OF_A_DIFF_ITEM",IPHONE,0,1,false,N/A,"Tate McRae - feel like shit"
"United States",1440832264,AUDIO,20260311,15,0,TRACK_SKIPPED_FORWARDS,IPHONE,0,2,false,1440832264,"will.i.am - Bang Bang"
"United States",1742058104,AUDIO,20260312,"1, 13",701926,NATURAL_END_OF_TRACK,IPHONE,4,1,false,1742058104,"Taylor Swift - I Can Do It With a Broken Heart"
"United States",1742058100,AUDIO,20260312,"13, 17",667754,NATURAL_END_OF_TRACK,IPHONE,2,2,false,1742058100,"Taylor Swift - Who’s Afraid of Little Old Me?"
"United States",1742058107,AUDIO,20260312,"13, 14, 15",651383,NATURAL_END_OF_TRACK,IPHONE,3,0,false,1742058107,"Taylor Swift - Clara Bow"
"United States",1742058080,AUDIO,20260312,"0, 17",522920,NATURAL_END_OF_TRACK,IPHONE,2,1,false,1742058080,"Taylor Swift - Down Bad"
"United States",1742058097,AUDIO,20260312,"0, 13, 16",509460,NATURAL_END_OF_TRACK,IPHONE,2,1,false,1742058097,"Taylor Swift - Guilty as Sin?"
"United States",1845403818,AUDIO,20260312,"18, 23",470858,NATURAL_END_OF_TRACK,IPHONE,2,1,false,1845403818,"Gracie Abrams - Blowing Smoke (Apple Music Live)"
"United States",1833329003,AUDIO,20260312,17,422709,NATURAL_END_OF_TRACK,IPHONE,2,1,false,1833329003,"Taylor Swift - CANCELLED!"
"United States",1845404110,AUDIO,20260312,19,369068,NATURAL_END_OF_TRACK,IPHONE,1,0,false,1845404110,"Gracie Abrams - Right Now (Apple Music Live)"
"United States",1845404108,AUDIO,20260312,19,332158,NATURAL_END_OF_TRACK,IPHONE,1,0,false,1845404108,"Gracie Abrams - Let It Happen (Apple Music Live)"
"United States",1845403814,AUDIO,20260312,22,314606,NATURAL_END_OF_TRACK,IPHONE,1,0,false,1845403814,"Gracie Abrams - Intro & Risk (Apple Music Live)"
"United States",1845404112,AUDIO,20260312,19,298454,NATURAL_END_OF_TRACK,IPHONE,1,0,false,1845404112,"Gracie Abrams - us. (Apple Music Live)"
"United States",1845404114,AUDIO,20260312,22,296607,NATURAL_END_OF_TRACK,IPHONE,1,0,false,1845404114,"Gracie Abrams - Close To You (Apple Music Live)"
"United States",1440832542,AUDIO,20260312,23,293016,"MANUALLY_SELECTED_PLAYBACK_OF_A_DIFF_ITEM",IPHONE,2,2,false,1440832542,"Fergie, Q-Tip & GoonRock - A Little Party Never Killed Nobody (All We Got)"
"United States",1845403829,AUDIO,20260312,"18, 23",279312,TRACK_SKIPPED_FORWARDS,IPHONE,1,1,false,1845403829,"Gracie Abrams - Where do we go now? (Apple Music Live)"
"United States",1742058105,AUDIO,20260312,"13, 14",278260,TRACK_SKIPPED_FORWARDS,IPHONE,2,1,false,1742058105,"Taylor Swift - The Smallest Man Who Ever Lived"
"United States",1845403819,AUDIO,20260312,"18, 23",271426,TRACK_SKIPPED_FORWARDS,IPHONE,2,1,false,1845403819,"Gracie Abrams - 21 (Apple Music Live)"
"United States",1843595808,AUDIO,20260312,"2, 12, 17",269042,NATURAL_END_OF_TRACK,IPHONE,3,2,false,1843595808,"PinkPantheress - Stateside (with Zara Larsson)"
"United States",1595423407,AUDIO,20260312,1,264042,NATURAL_END_OF_TRACK,IPHONE,1,0,false,1595423407,"Taylor Swift - Forever Winter (Taylor's Version) (From The Vault)"
"United States",1845404103,AUDIO,20260312,18,261506,NATURAL_END_OF_TRACK,IPHONE,1,0,false,1845404103,"Gracie Abrams - Normal Thing (Apple Music Live)"
"United States",1713846658,AUDIO,20260312,0,259117,NATURAL_END_OF_TRACK,IPHONE,1,0,false,1713846658,"Taylor Swift - Is It Over Now? (Taylor's Version) [From The Vault]"
"United States",1833328842,AUDIO,20260312,"0, 1",255991,NATURAL_END_OF_TRACK,IPHONE,2,1,false,1833328842,"Taylor Swift - Elizabeth Taylor"
"United States",1742058259,AUDIO,20260312,"13, 16",239167,TRACK_SKIPPED_FORWARDS,IPHONE,1,1,false,1742058259,"Taylor Swift - The Black Dog"
"United States",1787023936,AUDIO,20260312,12,237245,NATURAL_END_OF_TRACK,IPHONE,1,0,false,1787023936,"Bad Bunny - DtMF"
"United States",1440832246,AUDIO,20260312,23,236355,NATURAL_END_OF_TRACK,IPHONE,1,0,false,1440832246,"Lana Del Rey - Young and Beautiful"
"United States",1845404107,AUDIO,20260312,19,232953,NATURAL_END_OF_TRACK,IPHONE,1,0,false,1845404107,"Gracie Abrams - I Told You Things (Apple Music Live)"
"United States",1440934254,AUDIO,20260312,17,232108,NATURAL_END_OF_TRACK,IPHONE,1,0,false,1440934254,"Taylor Swift - Delicate"
"United States",1845403822,AUDIO,20260312,"18, 23",231434,TRACK_SKIPPED_FORWARDS,IPHONE,1,1,false,1845403822,"Gracie Abrams - I Love You, I’m Sorry (Apple Music Live)"
"United States",1742058269,AUDIO,20260312,13,229223,NATURAL_END_OF_TRACK,IPHONE,1,0,false,1742058269,"Taylor Swift - So High School"
"United States",1528727906,AUDIO,20260312,23,224334,NATURAL_END_OF_TRACK,IPHONE,1,0,false,1528727906,"Little Mix - Move"
"United States",1845404113,AUDIO,20260312,19,223709,NATURAL_END_OF_TRACK,IPHONE,1,0,false,1845404113,"Gracie Abrams - That’s So True (Apple Music Live)"
"United States",1742058260,AUDIO,20260312,"13, 16",222004,"MANUALLY_SELECTED_PLAYBACK_OF_A_DIFF_ITEM",IPHONE,1,1,false,1742058260,"Taylor Swift - imgonnagetyouback"
"United States",1689131532,AUDIO,20260312,17,218665,TRACK_SKIPPED_FORWARDS,IPHONE,1,1,false,1689131532,"Taylor Swift - Maroon"
"United States",1742058094,AUDIO,20260312,"13, 16",215289,NATURAL_END_OF_TRACK,IPHONE,1,1,false,1742058094,"Taylor Swift - Florida!!! (feat. Florence + the Machine)"
"United States",1742058266,AUDIO,20260312,13,214454,NATURAL_END_OF_TRACK,IPHONE,1,0,false,1742058266,"Taylor Swift - Chloe or Sam or Sophia or Marcus"
"United States",1838810955,AUDIO,20260312,1,213367,NATURAL_END_OF_TRACK,IPHONE,1,0,false,1838810955,"Taylor Swift - Father Figure"
"United States",1689131960,AUDIO,20260312,17,210495,TRACK_SKIPPED_FORWARDS,IPHONE,1,1,false,1689131960,"Taylor Swift - Question...?"
"United States",909767595,AUDIO,20260312,23,208261,NATURAL_END_OF_TRACK,IPHONE,1,0,false,909767595,"Fifth Harmony - Brave Honest Beautiful (feat. Meghan Trainor)"
"United States",1742074192,AUDIO,20260312,1,203754,NATURAL_END_OF_TRACK,IPHONE,1,0,false,1742074192,"Taylor Swift - My Boy Only Breaks His Favorite Toys"
"United States",1538004217,AUDIO,20260312,23,203642,NATURAL_END_OF_TRACK,IPHONE,1,1,false,1538004217,"Dua Lipa - Levitating (feat. DaBaby)"
"United States",1151001412,AUDIO,20260312,23,203426,NATURAL_END_OF_TRACK,IPHONE,1,0,false,1151001412,"Red Velvet - Lucky Girl"
"United States",1689131531,AUDIO,20260312,17,202445,"MANUALLY_SELECTED_PLAYBACK_OF_A_DIFF_ITEM",IPHONE,1,1,false,1689131531,"Taylor Swift - Lavender Haze"
"United States",1201058113,AUDIO,20260312,1,200972,NATURAL_END_OF_TRACK,IPHONE,1,0,false,1201058113,"Zara Larsson - Lush Life"
"United States",1689090227,AUDIO,20260312,1,200822,NATURAL_END_OF_TRACK,IPHONE,1,0,false,1689090227,"Taylor Swift - Anti-Hero"
"United States",1742058106,AUDIO,20260312,"13, 14",197149,TRACK_SKIPPED_FORWARDS,IPHONE,1,1,false,1742058106,"Taylor Swift - The Alchemy"
"United States",1649434489,AUDIO,20260312,17,194423,TRACK_SKIPPED_FORWARDS,IPHONE,1,1,false,1649434489,"Taylor Swift - Bejeweled"
"United States",1608253214,AUDIO,20260312,23,190670,NATURAL_END_OF_TRACK,IPHONE,1,0,false,1608253214,"ITZY - WANNABE"
"United States",1438676278,AUDIO,20260312,2,190469,NATURAL_END_OF_TRACK,IPHONE,1,0,false,1438676278,"Zara Larsson - Ruin My Life"
"United States",1742058261,AUDIO,20260312,13,184488,NATURAL_END_OF_TRACK,IPHONE,1,0,false,1742058261,"Taylor Swift - The Albatross"
"United States",1037732954,AUDIO,20260312,23,182216,NATURAL_END_OF_TRACK,IPHONE,1,0,false,1037732954,"Red Velvet - Red Dress"
"United States",1542103620,AUDIO,20260312,12,174997,TRACK_SKIPPED_FORWARDS,IPHONE,1,1,false,1542103620,"Bad Bunny & JHAYCO - DÁKITI"
"United States",1845404109,AUDIO,20260312,19,174607,TRACK_SKIPPED_FORWARDS,IPHONE,1,1,false,1845404109,"Gracie Abrams - I miss you, I'm sorry (Apple Music Live)"
"United States",1845404104,AUDIO,20260312,18,159045,TRACK_SKIPPED_FORWARDS,IPHONE,1,1,false,1845404104,"Gracie Abrams - Mess It Up (Apple Music Live)"
"United States",1845403831,AUDIO,20260312,"18, 23",150460,"MANUALLY_SELECTED_PLAYBACK_OF_A_DIFF_ITEM",IPHONE,1,2,false,1845403831,"Gracie Abrams - Death Wish (Apple Music Live)"
"United States",1566636879,AUDIO,20260312,23,147873,NATURAL_END_OF_TRACK,IPHONE,1,0,false,1566636879,"TWICE - Conversation"
"United States",1440818666,AUDIO,20260312,0,125176,TRACK_SKIPPED_FORWARDS,IPHONE,1,1,false,1440818666,"Lorde - Ribs"
"United States",1742058101,AUDIO,20260312,"13, 17",104596,"MANUALLY_SELECTED_PLAYBACK_OF_A_DIFF_ITEM",IPHONE,1,3,false,1742058101,"Taylor Swift - I Can Fix Him (No Really I Can)"
"United States",1838810963,AUDIO,20260312,17,95598,OTHER,IPHONE,1,0,false,1838810963,"Taylor Swift - Honey"
"United States",1787022842,AUDIO,20260312,12,81000,"MANUALLY_SELECTED_PLAYBACK_OF_A_DIFF_ITEM",IPHONE,1,1,false,1787022842,"Bad Bunny - BAILE INoLVIDABLE"
"United States",1742058273,AUDIO,20260312,13,73341,"MANUALLY_SELECTED_PLAYBACK_OF_A_DIFF_ITEM",IPHONE,1,1,false,1742058273,"Taylor Swift - I Hate It Here"
"United States",1440833218,AUDIO,20260312,23,70698,TRACK_SKIPPED_FORWARDS,IPHONE,1,2,false,1440833218,"Lana Del Rey - Young and Beautiful (DH Orchestral Version)"
"United States",1440936036,AUDIO,20260312,17,46719,"MANUALLY_SELECTED_PLAYBACK_OF_A_DIFF_ITEM",IPHONE,1,1,false,1440936036,"Taylor Swift - Wildest Dreams"
"United States",1775462855,AUDIO,20260312,12,0,TRACK_SKIPPED_FORWARDS,IPHONE,0,1,false,1775462855,"Rauw Alejandro & Bad Bunny - Qué Pasaría..."
"United States",1465503235,AUDIO,20260312,12,0,TRACK_SKIPPED_FORWARDS,IPHONE,0,1,false,1465503235,"Bad Bunny & Tainy - Callaíta"
"United States",1742058092,AUDIO,20260312,13,0,"MANUALLY_SELECTED_PLAYBACK_OF_A_DIFF_ITEM",IPHONE,0,1,false,1742058092,"Taylor Swift - Fresh Out The Slammer"
"United States",1742058267,AUDIO,20260312,13,0,TRACK_SKIPPED_FORWARDS,IPHONE,0,1,false,1742058267,"Taylor Swift - How Did It End?"
"United States",1845404111,AUDIO,20260312,19,0,TRACK_SKIPPED_FORWARDS,IPHONE,0,1,false,1845404111,"Gracie Abrams - Free Now (Apple Music Live)"
"United States",1468058696,AUDIO,20260312,23,0,"MANUALLY_SELECTED_PLAYBACK_OF_A_DIFF_ITEM",IPHONE,0,1,false,1468058696,"Taylor Swift - London Boy"
"United States",1368157211,AUDIO,20260312,12,0,TRACK_SKIPPED_FORWARDS,IPHONE,0,1,false,1368157211,"Cardi B, Bad Bunny & J Balvin - I Like It"
"United States",1742058103,AUDIO,20260312,13,0,TRACK_SKIPPED_BACKWARDS,IPHONE,0,1,false,1742058103,"Taylor Swift - loml"
"United States",1845404106,AUDIO,20260312,19,0,TRACK_SKIPPED_FORWARDS,IPHONE,0,1,false,1845404106,"Gracie Abrams - Packing It Up (Apple Music Live)"
"United States",1470146813,AUDIO,20260312,12,0,TRACK_SKIPPED_FORWARDS,IPHONE,0,1,false,1470146813,"J Balvin & Bad Bunny - LA CANCIÓN"
"United States",1787022587,AUDIO,20260312,12,0,TRACK_SKIPPED_FORWARDS,IPHONE,0,1,false,1787022587,"Bad Bunny - VOY A LLeVARTE PA PR"
"United States",1468058171,AUDIO,20260312,23,0,"MANUALLY_SELECTED_PLAYBACK_OF_A_DIFF_ITEM",IPHONE,0,1,false,1468058171,"Taylor Swift - Cruel Summer"
"United States",1742058083,AUDIO,20260313,"17, 19",3707560,NATURAL_END_OF_TRACK,"IPHONE, MACINTOSH",2,1,false,1742058083,"Taylor Swift - So Long, London"
"United States",1817499892,AUDIO,20260313,"14, 18",644897,NATURAL_END_OF_TRACK,IPHONE,3,0,false,1817499892,"Zara Larsson - The Ambition"
"United States",1817499525,AUDIO,20260313,14,569213,NATURAL_END_OF_TRACK,IPHONE,3,0,false,1817499525,"Zara Larsson - Hot & Sexy"
"United States",1630005854,AUDIO,20260313,"20, 23",556501,NATURAL_END_OF_TRACK,MACINTOSH,2,0,false,1630005854,"Beyoncé - BREAK MY SOUL"
"United States",1742058080,AUDIO,20260313,"12, 17",524272,TRACK_SKIPPED_FORWARDS,"IPHONE, MACINTOSH",2,1,false,1742058080,"Taylor Swift - Down Bad"
"United States",1538003843,AUDIO,20260313,"0, 20, 23",522943,TRACK_SKIPPED_FORWARDS,"IPHONE, MACINTOSH",3,1,false,1538003843,"Dua Lipa - Levitating"
"United States",1817499515,AUDIO,20260313,"14, 19",504586,NATURAL_END_OF_TRACK,IPHONE,3,1,false,1817499515,"Zara Larsson - Crush"
"United States",1817499901,AUDIO,20260313,14,456403,NATURAL_END_OF_TRACK,IPHONE,2,0,false,1817499901,"Zara Larsson - Puss Puss"
"United States",1742058104,AUDIO,20260313,"12, 15",437065,NATURAL_END_OF_TRACK,IPHONE,2,0,false,1742058104,"Taylor Swift - I Can Do It With a Broken Heart"
"United States",1440934258,AUDIO,20260313,"0, 20",419420,NATURAL_END_OF_TRACK,"IPHONE, MACINTOSH",2,0,false,1440934258,"Taylor Swift - Gorgeous"
"United States",1742074192,AUDIO,20260313,17,407881,NATURAL_END_OF_TRACK,"IPHONE, MACINTOSH",2,0,false,1742074192,"Taylor Swift - My Boy Only Breaks His Favorite Toys"
"United States",1742058097,AUDIO,20260313,"15, 17",382205,"MANUALLY_SELECTED_PLAYBACK_OF_A_DIFF_ITEM",IPHONE,2,1,false,1742058097,"Taylor Swift - Guilty as Sin?"
"United States",1615585008,AUDIO,20260313,"10, 19",337241,NATURAL_END_OF_TRACK,"IPHONE, MACINTOSH",2,0,false,1615585008,"Harry Styles - As It Was"
"United States",1742058100,AUDIO,20260313,15,334874,NATURAL_END_OF_TRACK,IPHONE,1,0,false,1742058100,"Taylor Swift - Who’s Afraid of Little Old Me?"
"United States",1468058171,AUDIO,20260313,"1, 19",327920,NATURAL_END_OF_TRACK,"IPHONE, MACINTOSH",3,1,false,1468058171,"Taylor Swift - Cruel Summer"
"United States",1738363767,AUDIO,20260313,21,325190,NATURAL_END_OF_TRACK,MACINTOSH,1,0,false,1738363767,"Beyoncé - AMERIICAN REQUIEM"
"United States",1843595808,AUDIO,20260313,15,299756,NATURAL_END_OF_TRACK,IPHONE,2,1,false,1843595808,"PinkPantheress - Stateside (with Zara Larsson)"
"United States",1742058078,AUDIO,20260313,17,293258,TRACK_SKIPPED_FORWARDS,"IPHONE, MACINTOSH",1,1,false,1742058078,"Taylor Swift - The Tortured Poets Department"
"United States",1817499517,AUDIO,20260313,"14, 19",273409,"MANUALLY_SELECTED_PLAYBACK_OF_A_DIFF_ITEM",IPHONE,2,1,false,1817499517,"Zara Larsson - Eurosummer"
"United States",1690841071,AUDIO,20260313,0,272757,NATURAL_END_OF_TRACK,IPHONE,1,0,false,1690841071,"Taylor Swift - I Can See You (Taylor's Version) (From The Vault)"
"United States",1690840111,AUDIO,20260313,0,260990,NATURAL_END_OF_TRACK,IPHONE,1,0,false,1690840111,"Taylor Swift - Sparks Fly (Taylor's Version)"
"United States",1870984054,AUDIO,20260313,13,254462,NATURAL_END_OF_TRACK,IPHONE,1,1,false,1870984054,"Harry Styles - Carla's Song"
"United States",1037732960,AUDIO,20260313,10,245960,NATURAL_END_OF_TRACK,IPHONE,1,0,false,1037732960,"Red Velvet - Cool World"
"United States",1440934249,AUDIO,20260313,20,245060,NATURAL_END_OF_TRACK,MACINTOSH,1,0,false,1440934249,"Taylor Swift - End Game (feat. Ed Sheeran & Future)"
"United States",1151001414,AUDIO,20260313,"10, 11",240749,NATURAL_END_OF_TRACK,IPHONE,1,1,false,1151001414,"Red Velvet - Sunny Afternoon"
"United States",1738363784,AUDIO,20260313,21,240250,NATURAL_END_OF_TRACK,MACINTOSH,1,0,false,1738363784,"Beyoncé - BODYGUARD"
"United States",1429663163,AUDIO,20260313,21,234826,NATURAL_END_OF_TRACK,MACINTOSH,1,0,false,1429663163,"Lorde - Green Light"
"United States",1440934262,AUDIO,20260313,20,233834,NATURAL_END_OF_TRACK,MACINTOSH,1,0,false,1440934262,"Taylor Swift - Getaway Car"
"United States",1738363782,AUDIO,20260313,21,233451,NATURAL_END_OF_TRACK,MACINTOSH,1,0,false,1738363782,"Beyoncé - TEXAS HOLD 'EM"
"United States",1440934254,AUDIO,20260313,19,232357,NATURAL_END_OF_TRACK,MACINTOSH,1,0,false,1440934254,"Taylor Swift - Delicate"
"United States",1708308993,AUDIO,20260313,19,232033,NATURAL_END_OF_TRACK,MACINTOSH,1,0,false,1708308993,"Taylor Swift - Blank Space (Taylor's Version)"
"United States",1595423261,AUDIO,20260313,0,232012,NATURAL_END_OF_TRACK,IPHONE,1,0,false,1595423261,"Taylor Swift - 22 (Taylor's Version)"
"United States",1708308996,AUDIO,20260313,20,231290,NATURAL_END_OF_TRACK,MACINTOSH,1,0,false,1708308996,"Taylor Swift - Style (Taylor's Version)"
"United States",1708309430,AUDIO,20260313,19,229442,NATURAL_END_OF_TRACK,MACINTOSH,1,0,false,1708309430,"Taylor Swift - Is It Over Now? (Taylor's Version) [From The Vault]"
"United States",1742074018,AUDIO,20260313,17,229299,TRACK_SKIPPED_FORWARDS,"IPHONE, MACINTOSH",1,1,false,1742074018,"Taylor Swift - Fortnight (feat. Post Malone)"
"United States",1742057775,AUDIO,20260313,17,229163,TRACK_SKIPPED_FORWARDS,"IPHONE, MACINTOSH",1,1,false,1742057775,"Taylor Swift - Fortnight (feat. Post Malone)"
"United States",1561940515,AUDIO,20260313,12,228279,NATURAL_END_OF_TRACK,IPHONE,1,0,false,1561940515,"TWICE - Kura Kura"
"United States",1817499894,AUDIO,20260313,"14, 18",227644,TRACK_SKIPPED_FORWARDS,IPHONE,1,1,false,1817499894,"Zara Larsson - Saturn’s Return"
"United States",1738363770,AUDIO,20260313,21,227252,NATURAL_END_OF_TRACK,MACINTOSH,1,0,false,1738363770,"Beyoncé - 16 CARRIAGES"
"United States",1630005850,AUDIO,20260313,23,225368,NATURAL_END_OF_TRACK,MACINTOSH,1,0,false,1630005850,"Beyoncé - CUFF IT"
"United States",1569281536,AUDIO,20260313,11,221703,NATURAL_END_OF_TRACK,IPHONE,1,0,false,1569281536,"CHUNG HA - Gotta Go"
"United States",1121473193,AUDIO,20260313,10,221510,NATURAL_END_OF_TRACK,IPHONE,1,0,false,1121473193,"EXO - Monster"
"United States",1476513508,AUDIO,20260313,0,220515,NATURAL_END_OF_TRACK,IPHONE,1,0,false,1476513508,"Red Velvet - Umpah Umpah"
"United States",1694386830,AUDIO,20260313,20,219712,NATURAL_END_OF_TRACK,MACINTOSH,1,0,false,1694386830,"Olivia Rodrigo - vampire"
"United States",1162482538,AUDIO,20260313,20,217739,NATURAL_END_OF_TRACK,MACINTOSH,1,0,false,1162482538,"Sia - Unstoppable"
"United States",1483087589,AUDIO,20260313,11,217430,NATURAL_END_OF_TRACK,IPHONE,1,0,false,1483087589,"TWICE - Breakthrough"
"United States",1742058107,AUDIO,20260313,15,217117,NATURAL_END_OF_TRACK,IPHONE,1,0,false,1742058107,"Taylor Swift - Clara Bow"
"United States",1870984047,AUDIO,20260313,15,216410,NATURAL_END_OF_TRACK,IPHONE,1,0,false,1870984047,"Harry Styles - Pop"
"United States",1742058094,AUDIO,20260313,17,215782,NATURAL_END_OF_TRACK,IPHONE,1,1,false,1742058094,"Taylor Swift - Florida!!! (feat. Florence + the Machine)"
"United States",1630005848,AUDIO,20260313,23,215466,NATURAL_END_OF_TRACK,MACINTOSH,1,0,false,1630005848,"Beyoncé - ALIEN SUPERSTAR"
"United States",854930346,AUDIO,20260313,0,215416,NATURAL_END_OF_TRACK,IPHONE,1,0,false,854930346,"Girls' Generation - Dancing Queen"
"United States",1531469131,AUDIO,20260313,0,214446,NATURAL_END_OF_TRACK,IPHONE,1,0,false,1531469131,"Little Mix - Sweet Melody"
"United States",1440933514,AUDIO,20260313,0,213151,NATURAL_END_OF_TRACK,IPHONE,1,0,false,1440933514,"Taylor Swift - Welcome To New York"
"United States",1878162571,AUDIO,20260313,12,211922,NATURAL_END_OF_TRACK,IPHONE,1,0,false,1878162571,"Taylor Bickett - Wild Dogs"
"United States",1151001410,AUDIO,20260313,11,211081,NATURAL_END_OF_TRACK,IPHONE,1,0,false,1151001410,"Red Velvet - 러시안 룰렛 Russian Roulette"
"United States",1871595253,AUDIO,20260313,13,210509,NATURAL_END_OF_TRACK,IPHONE,1,0,false,1871595253,"sombr - Homewrecker"
"United States",1630005846,AUDIO,20260313,23,210284,NATURAL_END_OF_TRACK,MACINTOSH,1,0,false,1630005846,"Beyoncé - COZY"
"United States",1444409445,AUDIO,20260313,10,209165,NATURAL_END_OF_TRACK,IPHONE,1,0,false,1444409445,"Red Velvet - Butterflies"
"United States",1485802966,AUDIO,20260313,2,208962,NATURAL_END_OF_TRACK,IPHONE,1,0,false,1485802966,"Harry Styles - Golden"
"United States",1465489940,AUDIO,20260313,10,208808,NATURAL_END_OF_TRACK,IPHONE,1,0,false,1465489940,"4Minute - Hot Issue"
"United States",1440934248,AUDIO,20260313,20,208441,NATURAL_END_OF_TRACK,MACINTOSH,1,0,false,1440934248,"Taylor Swift - ...Ready For It?"
"United States",1555401611,AUDIO,20260313,0,208232,NATURAL_END_OF_TRACK,IPHONE,1,0,false,1555401611,"TWICE - What is Love?"
"United States",1630005304,AUDIO,20260313,23,208167,NATURAL_END_OF_TRACK,MACINTOSH,1,0,false,1630005304,"Beyoncé - I'M THAT GIRL"
"United States",1581087034,AUDIO,20260313,20,207976,NATURAL_END_OF_TRACK,MACINTOSH,1,0,false,1581087034,"Ed Sheeran - Shivers"
"United States",1421648512,AUDIO,20260313,0,207794,NATURAL_END_OF_TRACK,IPHONE,1,0,false,1421648512,"Red Velvet - With You"
"United States",854908245,AUDIO,20260313,11,207107,NATURAL_END_OF_TRACK,IPHONE,1,0,false,854908245,"EXO - Growl"
"United States",905847802,AUDIO,20260313,11,206961,NATURAL_END_OF_TRACK,IPHONE,1,0,false,905847802,"Girls' Generation-TTS - Twinkle"
"United States",1476513513,AUDIO,20260313,11,206947,NATURAL_END_OF_TRACK,IPHONE,1,0,false,1476513513,"Red Velvet - Carpool"
"United States",1444409446,AUDIO,20260313,11,206880,NATURAL_END_OF_TRACK,IPHONE,1,0,false,1444409446,"Red Velvet - So Good"
"United States",1738363894,AUDIO,20260313,21,203845,NATURAL_END_OF_TRACK,MACINTOSH,1,0,false,1738363894,"Beyoncé - DAUGHTER"
"United States",1608111704,AUDIO,20260313,10,202385,NATURAL_END_OF_TRACK,IPHONE,1,0,false,1608111704,"ITZY - Sooo LUCKY"
"United States",1201058113,AUDIO,20260313,12,201055,NATURAL_END_OF_TRACK,IPHONE,1,0,false,1201058113,"Zara Larsson - Lush Life"
"United States",1702906535,AUDIO,20260313,20,200575,NATURAL_END_OF_TRACK,MACINTOSH,1,0,false,1702906535,"Miley Cyrus - Flowers"
"United States",1713846670,AUDIO,20260313,20,200025,NATURAL_END_OF_TRACK,MACINTOSH,1,0,false,1713846670,"Taylor Swift - Bad Blood (Taylor's Version) [feat. Kendrick Lamar]"
"United States",1528121184,AUDIO,20260313,11,199880,NATURAL_END_OF_TRACK,IPHONE,1,0,false,1528121184,"TWICE - MORE & MORE (English Version)"
"United States",1873884901,AUDIO,20260313,12,199584,NATURAL_END_OF_TRACK,IPHONE,1,0,false,1873884901,"Lara Buchanan - Gold"
"United States",1515404862,AUDIO,20260313,1,199310,NATURAL_END_OF_TRACK,IPHONE,1,0,false,1515404862,"TWICE - MORE & MORE"
"United States",1523595616,AUDIO,20260313,10,198736,NATURAL_END_OF_TRACK,IPHONE,1,0,false,1523595616,"Red Velvet - IRENE & SEULGI - Naughty"
"United States",1199263802,AUDIO,20260313,11,197634,NATURAL_END_OF_TRACK,IPHONE,1,0,false,1199263802,"Red Velvet - Rookie"
"United States",1685400184,AUDIO,20260313,10,197090,NATURAL_END_OF_TRACK,IPHONE,1,0,false,1685400184,"aespa - Spicy"
"United States",1649434489,AUDIO,20260313,15,194529,NATURAL_END_OF_TRACK,IPHONE,1,0,false,1649434489,"Taylor Swift - Bejeweled"
"United States",1854567104,AUDIO,20260313,13,192622,TRACK_SKIPPED_FORWARDS,IPHONE,1,1,false,1854567104,"Hilary Duff - Weather For Tennis"
"United States",1421648515,AUDIO,20260313,12,192507,NATURAL_END_OF_TRACK,IPHONE,1,0,false,1421648515,"Red Velvet - Hit That Drum"
"United States",1468058181,AUDIO,20260313,10,192298,"MANUALLY_SELECTED_PLAYBACK_OF_A_DIFF_ITEM",IPHONE,1,1,false,1468058181,"Taylor Swift - Paper Rings"
"United States",1400641366,AUDIO,20260313,11,191635,NATURAL_END_OF_TRACK,IPHONE,1,0,false,1400641366,"Red Velvet - Red Flavor (JP version)"
"United States",1421648514,AUDIO,20260313,12,191450,NATURAL_END_OF_TRACK,IPHONE,1,0,false,1421648514,"Red Velvet - Mosquito"
"United States",1563812775,AUDIO,20260313,20,191303,NATURAL_END_OF_TRACK,MACINTOSH,1,0,false,1563812775,"The Weeknd & Ariana Grande - Save Your Tears (Remix)"
"United States",1468948704,AUDIO,20260313,10,191096,NATURAL_END_OF_TRACK,IPHONE,1,0,false,1468948704,"Red Velvet - Zimzalabim"
"United States",1738363893,AUDIO,20260313,21,189639,NATURAL_END_OF_TRACK,MACINTOSH,1,0,false,1738363893,"Beyoncé - JOLENE"
"United States",1143528055,AUDIO,20260313,11,189601,NATURAL_END_OF_TRACK,IPHONE,1,0,false,1143528055,"EXO - Lotto"
"United States",1738363901,AUDIO,20260313,21,186176,"MANUALLY_SELECTED_PLAYBACK_OF_A_DIFF_ITEM",MACINTOSH,1,1,false,1738363901,"Beyoncé & Willie Jones - JUST FOR FUN"
"United States",1734980420,AUDIO,20260313,20,185923,NATURAL_END_OF_TRACK,MACINTOSH,1,0,false,1734980420,"Dua Lipa - Houdini"
"United States",1738363772,AUDIO,20260313,21,184389,NATURAL_END_OF_TRACK,MACINTOSH,1,0,false,1738363772,"Beyoncé & Rumi Carter - PROTECTOR"
"United States",1874973459,AUDIO,20260313,13,184022,NATURAL_END_OF_TRACK,IPHONE,1,0,false,1874973459,"Leanna Firestone - Victory Lap"
"United States",1538003635,AUDIO,20260313,21,183468,NATURAL_END_OF_TRACK,MACINTOSH,1,0,false,1538003635,"Dua Lipa - Don't Start Now"
"United States",1817499499,AUDIO,20260313,"15, 18",182254,TRACK_SKIPPED_FORWARDS,IPHONE,1,1,false,1817499499,"Zara Larsson - Blue Moon"
"United States",1531469377,AUDIO,20260313,2,179524,NATURAL_END_OF_TRACK,IPHONE,1,0,false,1531469377,"Little Mix - Not a Pop Song"
"United States",1738363898,AUDIO,20260313,21,179392,NATURAL_END_OF_TRACK,MACINTOSH,1,0,false,1738363898,"Beyoncé - ALLIIGATOR TEARS"
"United States",1848218132,AUDIO,20260313,12,178680,NATURAL_END_OF_TRACK,IPHONE,1,0,false,1848218132,"Mumford & Sons & Gracie Abrams - Badlands"
"United States",1626752995,AUDIO,20260313,12,178460,NATURAL_END_OF_TRACK,IPHONE,1,0,false,1626752995,"aespa - Life's Too Short"
"United States",1560735551,AUDIO,20260313,20,178055,NATURAL_END_OF_TRACK,MACINTOSH,1,0,false,1560735551,"Olivia Rodrigo - good 4 u"
"United States",1616804152,AUDIO,20260313,0,177067,NATURAL_END_OF_TRACK,IPHONE,1,0,false,1616804152,"IVE - LOVE DIVE"
"United States",1689238922,AUDIO,20260313,20,176557,NATURAL_END_OF_TRACK,MACINTOSH,1,0,false,1689238922,"Dua Lipa - Dance The Night"
"United States",1740212434,AUDIO,20260313,20,175635,NATURAL_END_OF_TRACK,MACINTOSH,1,0,false,1740212434,"Sabrina Carpenter - Espresso"
"United States",1608247025,AUDIO,20260313,2,172265,NATURAL_END_OF_TRACK,IPHONE,1,0,false,1608247025,"ITZY - In the Morning"
"United States",1703517719,AUDIO,20260313,21,171568,NATURAL_END_OF_TRACK,MACINTOSH,1,0,false,1703517719,"Selena Gomez - Single Soon"
"United States",1800828222,AUDIO,20260313,21,164942,NATURAL_END_OF_TRACK,MACINTOSH,1,0,false,1800828222,"Tate McRae - Sports car"
"United States",1876360921,AUDIO,20260313,12,162957,NATURAL_END_OF_TRACK,IPHONE,1,0,false,1876360921,"Haven Madison - Uncross Your Heart"
"United States",1738363897,AUDIO,20260313,21,158469,NATURAL_END_OF_TRACK,MACINTOSH,1,0,false,1738363897,"Beyoncé, Linda Martell & Shaboozey - SPAGHETTII"
"United States",1439138013,AUDIO,20260313,0,155140,NATURAL_END_OF_TRACK,IPHONE,1,0,false,1439138013,"Little Mix - Wasabi"
"United States",1883952535,AUDIO,20260313,12,154788,NATURAL_END_OF_TRACK,IPHONE,1,0,false,1883952535,"LILIana - Missing Love (feat. Kidd shedrack)"
"United States",1878749115,AUDIO,20260313,12,154712,NATURAL_END_OF_TRACK,IPHONE,1,0,false,1878749115,"Avery Anna - Man Downstairs"
"United States",1875146494,AUDIO,20260313,13,154106,NATURAL_END_OF_TRACK,IPHONE,1,0,false,1875146494,"Your Daughter's Father - Wrong Train (feat. Susannah Joffe)"
"United States",1875309103,AUDIO,20260313,13,148898,NATURAL_END_OF_TRACK,IPHONE,1,1,false,1875309103,"kenzie - mutual destruction"
"United States",1555401122,AUDIO,20260313,12,146521,PLAYBACK_MANUALLY_PAUSED,IPHONE,1,0,false,1555401122,"TWICE - TT"
"United States",854890654,AUDIO,20260313,10,145858,TRACK_SKIPPED_FORWARDS,IPHONE,1,1,false,854890654,"Girls' Generation - Gee"
"United States",1015771708,AUDIO,20260313,0,145533,TRACK_SKIPPED_FORWARDS,IPHONE,1,1,false,1015771708,"Girls' Generation - PARTY"
"United States",1608247348,AUDIO,20260313,10,138952,NATURAL_END_OF_TRACK,IPHONE,1,0,false,1608247348,"ITZY - SHOOT!"
"United States",1440936036,AUDIO,20260313,"12, 15",133502,TRACK_SKIPPED_FORWARDS,IPHONE,1,1,false,1440936036,"Taylor Swift - Wildest Dreams"
"United States",1738363769,AUDIO,20260313,21,131860,NATURAL_END_OF_TRACK,MACINTOSH,1,0,false,1738363769,"Beyoncé, Tanner Adell, Brittney Spencer, Tiera Kennedy & Reyna Roberts - BLACKBIIRD"
"United States",1640751223,AUDIO,20260313,21,123739,"MANUALLY_SELECTED_PLAYBACK_OF_A_DIFF_ITEM",MACINTOSH,1,1,false,1640751223,"David Guetta & Bebe Rexha - I'm Good (Blue)"
"United States",1742058092,AUDIO,20260313,17,117438,TRACK_SKIPPED_FORWARDS,IPHONE,1,1,false,1742058092,"Taylor Swift - Fresh Out The Slammer"
"United States",1630005852,AUDIO,20260313,23,116720,NATURAL_END_OF_TRACK,MACINTOSH,1,0,false,1630005852,"Beyoncé - ENERGY (feat. BEAM)"
"United States",1622045635,AUDIO,20260313,15,114635,TRACK_SKIPPED_FORWARDS,IPHONE,1,1,false,1622045635,"Bad Bunny - Tití Me Preguntó"
"United States",1817499512,AUDIO,20260313,"15, 18",108184,TRACK_SKIPPED_FORWARDS,IPHONE,1,2,false,1817499512,"Zara Larsson - Girl's Girl"
"United States",1440807741,AUDIO,20260313,1,97711,TRACK_SKIPPED_FORWARDS,IPHONE,1,1,false,1440807741,"Demi Lovato - Cool for the Summer"
"United States",1468058178,AUDIO,20260313,"2, 10",96825,"MANUALLY_SELECTED_PLAYBACK_OF_A_DIFF_ITEM",IPHONE,1,1,false,1468058178,"Taylor Swift - I Think He Knows"
"United States",1256504652,AUDIO,20260313,0,93006,TRACK_SKIPPED_FORWARDS,IPHONE,1,1,false,1256504652,"Red Velvet - You Better Know"
"United States",1151001416,AUDIO,20260313,0,92413,TRACK_SKIPPED_FORWARDS,IPHONE,1,1,false,1151001416,"Red Velvet - Some Love"
"United States",1087445213,AUDIO,20260313,0,90933,TRACK_SKIPPED_FORWARDS,IPHONE,1,1,false,1087445213,"Fifth Harmony - Work from Home (feat. Ty Dolla $ign)"
"United States",1694386841,AUDIO,20260313,21,81643,TRACK_SKIPPED_FORWARDS,MACINTOSH,1,1,false,1694386841,"Olivia Rodrigo - get him back!"
"United States",1874948930,AUDIO,20260313,13,70821,TRACK_SKIPPED_FORWARDS,IPHONE,1,1,false,1874948930,"Lauv - fake it"
"United States",1440833218,AUDIO,20260313,19,68302,"MANUALLY_SELECTED_PLAYBACK_OF_A_DIFF_ITEM",MACINTOSH,1,1,false,1440833218,"Lana Del Rey - Young and Beautiful (DH Orchestral Version)"
"United States",1690626806,AUDIO,20260313,20,67645,TRACK_SKIPPED_FORWARDS,MACINTOSH,1,1,false,1690626806,"Victoria Monét - On My Mama"
"United States",1440933654,AUDIO,20260313,1,64023,"MANUALLY_SELECTED_PLAYBACK_OF_A_DIFF_ITEM",IPHONE,1,1,false,1440933654,"Taylor Swift - I Wish You Would"
"United States",1626752986,AUDIO,20260313,12,63421,"MANUALLY_SELECTED_PLAYBACK_OF_A_DIFF_ITEM",IPHONE,1,1,false,1626752986,"aespa - Illusion"
"United States",1817499251,AUDIO,20260313,"14, 15",54079,"MANUALLY_SELECTED_PLAYBACK_OF_A_DIFF_ITEM",IPHONE,1,2,false,1817499251,"Zara Larsson - Midnight Sun"
"United States",1738363776,AUDIO,20260313,21,53429,NATURAL_END_OF_TRACK,MACINTOSH,1,0,false,1738363776,"Beyoncé - MY ROSE"
"United States",1738363780,AUDIO,20260313,21,50712,NATURAL_END_OF_TRACK,MACINTOSH,1,0,false,1738363780,"Beyoncé & Willie Nelson - SMOKE HOUR ★ WILLIE NELSON"
"United States",1870984040,AUDIO,20260313,"15, 17",36278,PLAYBACK_MANUALLY_PAUSED,IPHONE,1,1,false,1870984040,"Harry Styles - Taste Back"
"United States",1491888506,AUDIO,20260313,11,35043,"MANUALLY_SELECTED_PLAYBACK_OF_A_DIFF_ITEM",IPHONE,1,1,false,1491888506,"Red Velvet - Psycho"
"United States",1528720674,AUDIO,20260313,1,0,TRACK_SKIPPED_FORWARDS,IPHONE,0,1,false,1528720674,"Little Mix - Black Magic"
"United States",1528727905,AUDIO,20260313,0,0,TRACK_SKIPPED_FORWARDS,IPHONE,0,1,false,1528727905,"Little Mix - Salute"
"United States",1872543012,AUDIO,20260313,13,0,"MANUALLY_SELECTED_PLAYBACK_OF_A_DIFF_ITEM",IPHONE,0,1,false,1872543012,"Freya Skye - golden boy"
"United States",1742058085,AUDIO,20260313,17,0,TRACK_SKIPPED_FORWARDS,IPHONE,0,1,false,1742058085,"Taylor Swift - But Daddy I Love Him"
"United States",1876632129,AUDIO,20260313,13,0,TRACK_SKIPPED_FORWARDS,IPHONE,0,1,false,1876632129,"Ellie Nanni - Nothing in it for me"
"United States",1440935808,AUDIO,20260313,17,0,"MANUALLY_SELECTED_PLAYBACK_OF_A_DIFF_ITEM",MACINTOSH,0,1,false,1440935808,"Taylor Swift - Blank Space"
"United States",1531469130,AUDIO,20260313,10,0,TRACK_SKIPPED_FORWARDS,IPHONE,0,1,false,1531469130,"Little Mix - Holiday"
"United States",1817499504,AUDIO,20260313,14,0,"MANUALLY_SELECTED_PLAYBACK_OF_A_DIFF_ITEM",IPHONE,0,1,false,1817499504,"Zara Larsson - Pretty Ugly"
"United States",626205873,AUDIO,20260313,0,0,TRACK_SKIPPED_FORWARDS,IPHONE,0,1,false,626205873,"Beyoncé - End of Time"
"United States",1613338130,AUDIO,20260313,1,0,TRACK_SKIPPED_FORWARDS,IPHONE,0,1,false,1613338130,"Red Velvet - #Cookie Jar"
"United States",1468058704,AUDIO,20260313,1,0,"MANUALLY_SELECTED_PLAYBACK_OF_A_DIFF_ITEM",IPHONE,0,1,false,1468058704,"Taylor Swift - You Need To Calm Down"
"United States",1753820416,AUDIO,20260313,12,0,"MANUALLY_SELECTED_PLAYBACK_OF_A_DIFF_ITEM",IPHONE,0,1,false,1753820416,"CHUNG HA - Killing Me"
"United States",1679266956,AUDIO,20260313,10,0,"MANUALLY_SELECTED_PLAYBACK_OF_A_DIFF_ITEM",IPHONE,0,1,false,1679266956,"Girls' Generation - The Boys"
"United States",1689131533,AUDIO,20260314,"3, 13, 14, 16",1119834,NATURAL_END_OF_TRACK,"IPHONE, MACINTOSH",6,1,false,1689131533,"Taylor Swift - Anti-Hero"
"United States",1689131534,AUDIO,20260314,"3, 13, 14, 16, 18",800222,"MANUALLY_SELECTED_PLAYBACK_OF_A_DIFF_ITEM","IPHONE, MACINTOSH",4,2,false,1689131534,"Taylor Swift - Snow On The Beach (feat. Lana Del Rey)"
"United States",1689131532,AUDIO,20260314,"3, 14",654781,NATURAL_END_OF_TRACK,"IPHONE, MACINTOSH",3,0,false,1689131532,"Taylor Swift - Maroon"
"United States",1689131531,AUDIO,20260314,"3, 14, 16",607680,"MANUALLY_SELECTED_PLAYBACK_OF_A_DIFF_ITEM","IPHONE, MACINTOSH",3,1,false,1689131531,"Taylor Swift - Lavender Haze"
"United States",1862550868,AUDIO,20260314,"16, 19, 20",581998,PLAYBACK_MANUALLY_PAUSED,"IPHONE, MACINTOSH",3,0,false,1862550868,"Sabrina Carpenter - Such A Funny Way"
"United States",1862550863,AUDIO,20260314,"16, 18, 22",507809,NATURAL_END_OF_TRACK,"IPHONE, MACINTOSH",3,1,false,1862550863,"Sabrina Carpenter - House Tour"
"United States",1862550601,AUDIO,20260314,19,487495,NATURAL_END_OF_TRACK,MACINTOSH,1,0,false,1862550601,"Sabrina Carpenter - Sugar Talking"
"United States",1689131982,AUDIO,20260314,"3, 14",463164,NATURAL_END_OF_TRACK,IPHONE,2,1,false,1689131982,"Taylor Swift - High Infidelity"
"United States",1689131960,AUDIO,20260314,"3, 13",421357,NATURAL_END_OF_TRACK,IPHONE,2,0,false,1689131960,"Taylor Swift - Question...?"
"United States",1862550859,AUDIO,20260314,"17, 19",386951,NATURAL_END_OF_TRACK,"IPHONE, MACINTOSH",2,0,false,1862550859,"Sabrina Carpenter - Go Go Juice"
"United States",1630005860,AUDIO,20260314,0,368753,NATURAL_END_OF_TRACK,MACINTOSH,1,0,false,1630005860,"Beyoncé - VIRGO'S GROOVE"
"United States",1862550849,AUDIO,20260314,"19, 22",365283,NATURAL_END_OF_TRACK,"IPHONE, MACINTOSH",2,0,false,1862550849,"Sabrina Carpenter - Nobody’s Son"
"United States",1689131961,AUDIO,20260314,"3, 13",329905,NATURAL_END_OF_TRACK,IPHONE,2,0,false,1689131961,"Taylor Swift - Vigilante Shit"
"United States",1862550595,AUDIO,20260314,"18, 19, 22",320870,TRACK_SKIPPED_FORWARDS,"IPHONE, MACINTOSH",2,1,false,1862550595,"Sabrina Carpenter - Tears"
"United States",1862550852,AUDIO,20260314,"18, 20, 22",277660,TRACK_SKIPPED_FORWARDS,"IPHONE, MACINTOSH",2,2,false,1862550852,"Sabrina Carpenter - Never Getting Laid"
"United States",1689132080,AUDIO,20260314,"3, 14, 16",260209,NATURAL_END_OF_TRACK,IPHONE,2,2,false,1689132080,"Taylor Swift - Snow On The Beach (feat. More Lana Del Rey)"
"United States",1689131956,AUDIO,20260314,"13, 14, 16",256797,"MANUALLY_SELECTED_PLAYBACK_OF_A_DIFF_ITEM",IPHONE,2,3,false,1689131956,"Taylor Swift - You're On Your Own, Kid"
"United States",1630005858,AUDIO,20260314,0,254308,NATURAL_END_OF_TRACK,MACINTOSH,1,0,false,1630005858,"Beyoncé - PLASTIC OFF THE SOFA"
"United States",1862550854,AUDIO,20260314,"19, 22",251287,TRACK_SKIPPED_FORWARDS,"IPHONE, MACINTOSH",2,1,false,1862550854,"Sabrina Carpenter - When Did You Get Hot?"
"United States",1689131968,AUDIO,20260314,14,247888,NATURAL_END_OF_TRACK,IPHONE,1,0,false,1689131968,"Taylor Swift - Labyrinth"
"United States",1689131976,AUDIO,20260314,14,240304,NATURAL_END_OF_TRACK,IPHONE,1,0,false,1689131976,"Taylor Swift - The Great War"
"United States",1689132079,AUDIO,20260314,14,236604,NATURAL_END_OF_TRACK,IPHONE,1,0,false,1689132079,"Taylor Swift - Hits Different"
"United States",1630005856,AUDIO,20260314,0,224453,NATURAL_END_OF_TRACK,MACINTOSH,1,0,false,1630005856,"Beyoncé - CHURCH GIRL"
"United States",1862550861,AUDIO,20260314,"19, 22",222314,"MANUALLY_SELECTED_PLAYBACK_OF_A_DIFF_ITEM","IPHONE, MACINTOSH",1,1,false,1862550861,"Sabrina Carpenter - Don’t Worry I’ll Make You Worry"
"United States",1708309200,AUDIO,20260314,2,214014,TRACK_SKIPPED_FORWARDS,IPHONE,1,1,false,1708309200,"Taylor Swift - New Romantics (Taylor's Version)"
"United States",1630005861,AUDIO,20260314,0,203377,NATURAL_END_OF_TRACK,MACINTOSH,1,0,false,1630005861,"Beyoncé - MOVE (feat. Grace Jones & Tems)"
"United States",1862550605,AUDIO,20260314,"18, 20, 22",203263,TRACK_SKIPPED_FORWARDS,"IPHONE, MACINTOSH",1,2,false,1862550605,"Sabrina Carpenter - We Almost Broke Up Again Last Night"
"United States",1645937758,AUDIO,20260314,0,201352,NATURAL_END_OF_TRACK,IPHONE,1,0,false,1645937758,"Taylor Swift - Anti-Hero"
"United States",1862550598,AUDIO,20260314,22,197726,NATURAL_END_OF_TRACK,IPHONE,1,0,false,1862550598,"Sabrina Carpenter - My Man on Willpower"
"United States",1689131969,AUDIO,20260314,14,195544,"MANUALLY_SELECTED_PLAYBACK_OF_A_DIFF_ITEM",IPHONE,1,1,false,1689131969,"Taylor Swift - Karma"
"United States",1689131965,AUDIO,20260314,13,194161,NATURAL_END_OF_TRACK,IPHONE,1,0,false,1689131965,"Taylor Swift - Bejeweled"
"United States",1429663163,AUDIO,20260314,0,192963,TRACK_SKIPPED_FORWARDS,IPHONE,1,1,false,1429663163,"Lorde - Green Light"
"United States",1689131973,AUDIO,20260314,14,191243,NATURAL_END_OF_TRACK,IPHONE,1,0,false,1689131973,"Taylor Swift - Mastermind"
"United States",1468058171,AUDIO,20260314,2,178812,NATURAL_END_OF_TRACK,IPHONE,1,0,false,1468058171,"Taylor Swift - Cruel Summer"
"United States",1689131959,AUDIO,20260314,13,174781,NATURAL_END_OF_TRACK,IPHONE,1,0,false,1689131959,"Taylor Swift - Midnight Rain"
"United States",1800828222,AUDIO,20260314,0,166196,NATURAL_END_OF_TRACK,IPHONE,1,0,false,1800828222,"Tate McRae - Sports car"
"United States",1862550593,AUDIO,20260314,"16, 18",146467,"MANUALLY_SELECTED_PLAYBACK_OF_A_DIFF_ITEM","IPHONE, MACINTOSH",2,2,false,1862550593,"Sabrina Carpenter - Manchild"
"United States",1689132081,AUDIO,20260314,16,110056,"MANUALLY_SELECTED_PLAYBACK_OF_A_DIFF_ITEM",IPHONE,1,1,false,1689132081,"Taylor Swift - Karma (feat. Ice Spice)"
"United States",1640751223,AUDIO,20260314,2,82840,PLAYBACK_SUSPENDED,IPHONE,1,0,false,1640751223,"David Guetta & Bebe Rexha - I'm Good (Blue)"
"United States",1630005865,AUDIO,20260314,0,73301,"MANUALLY_SELECTED_PLAYBACK_OF_A_DIFF_ITEM",MACINTOSH,1,1,false,1630005865,"Beyoncé - HEATED"
"United States",1689131978,AUDIO,20260314,14,49256,"MANUALLY_SELECTED_PLAYBACK_OF_A_DIFF_ITEM",IPHONE,1,1,false,1689131978,"Taylor Swift - Bigger Than The Whole Sky"
"United States",1440934258,AUDIO,20260314,0,0,TRACK_SKIPPED_FORWARDS,IPHONE,0,1,false,1440934258,"Taylor Swift - Gorgeous"
"United States",1708309002,AUDIO,20260314,0,0,TRACK_SKIPPED_FORWARDS,IPHONE,0,1,false,1708309002,"Taylor Swift - Shake It Off (Taylor's Version)"
"United States",1689132077,AUDIO,20260314,14,0,"MANUALLY_SELECTED_PLAYBACK_OF_A_DIFF_ITEM",IPHONE,0,1,false,1689132077,"Taylor Swift - Dear Reader"
"United States",1615585008,AUDIO,20260314,0,0,TRACK_SKIPPED_FORWARDS,IPHONE,0,1,false,1615585008,"Harry Styles - As It Was"
"United States",1560735551,AUDIO,20260314,0,0,TRACK_SKIPPED_FORWARDS,IPHONE,0,1,false,1560735551,"Olivia Rodrigo - good 4 u"
"United States",1689131985,AUDIO,20260314,14,0,"MANUALLY_SELECTED_PLAYBACK_OF_A_DIFF_ITEM",IPHONE,0,1,false,1689131985,"Taylor Swift - Glitch"
"United States",1630005854,AUDIO,20260314,0,0,TRACK_SKIPPED_FORWARDS,IPHONE,0,1,false,1630005854,"Beyoncé - BREAK MY SOUL"
"United States",1689238922,AUDIO,20260314,0,0,TRACK_SKIPPED_FORWARDS,IPHONE,0,1,false,1689238922,"Dua Lipa - Dance The Night"
"United States",1708308996,AUDIO,20260314,0,0,TRACK_SKIPPED_FORWARDS,IPHONE,0,1,false,1708308996,"Taylor Swift - Style (Taylor's Version)"
"United States",1538003635,AUDIO,20260314,0,0,TRACK_SKIPPED_FORWARDS,IPHONE,0,1,false,1538003635,"Dua Lipa - Don't Start Now"
"United States",1702906535,AUDIO,20260314,0,0,TRACK_SKIPPED_FORWARDS,IPHONE,0,1,false,1702906535,"Miley Cyrus - Flowers"
"United States",1440934255,AUDIO,20260314,2,0,TRACK_SKIPPED_FORWARDS,IPHONE,0,1,false,1440934255,"Taylor Swift - Look What You Made Me Do"
"United States",1690626806,AUDIO,20260314,0,0,TRACK_SKIPPED_FORWARDS,IPHONE,0,1,false,1690626806,"Victoria Monét - On My Mama"
"United States",1694386830,AUDIO,20260314,0,0,TRACK_SKIPPED_FORWARDS,IPHONE,0,1,false,1694386830,"Olivia Rodrigo - vampire"
"United States",1740212434,AUDIO,20260314,0,0,TRACK_SKIPPED_FORWARDS,IPHONE,0,1,false,1740212434,"Sabrina Carpenter - Espresso"
"United States",1440934254,AUDIO,20260314,0,0,TRACK_SKIPPED_FORWARDS,IPHONE,0,1,false,1440934254,"Taylor Swift - Delicate"
"United States",1708308993,AUDIO,20260314,0,0,TRACK_SKIPPED_FORWARDS,IPHONE,0,1,false,1708308993,"Taylor Swift - Blank Space (Taylor's Version)"
"United States",1817499892,AUDIO,20260315,"1, 9, 11, 18, 20",1405294,"MANUALLY_SELECTED_PLAYBACK_OF_A_DIFF_ITEM",IPHONE,7,2,false,1817499892,"Zara Larsson - The Ambition"
"United States",1817499525,AUDIO,20260315,"1, 9, 11, 17, 20",1006713,NATURAL_END_OF_TRACK,IPHONE,6,1,false,1817499525,"Zara Larsson - Hot & Sexy"
"United States",1845404110,AUDIO,20260315,"1, 22",740239,NATURAL_END_OF_TRACK,IPHONE,2,1,false,1845404110,"Gracie Abrams - Right Now (Apple Music Live)"
"United States",1742058100,AUDIO,20260315,"13, 18",669670,NATURAL_END_OF_TRACK,IPHONE,2,0,false,1742058100,"Taylor Swift - Who’s Afraid of Little Old Me?"
"United States",1870984040,AUDIO,20260315,"1, 11, 13, 20",627969,TRACK_SKIPPED_FORWARDS,IPHONE,3,3,false,1870984040,"Harry Styles - Taste Back"
"United States",1817499499,AUDIO,20260315,"9, 11, 20, 21",616802,NATURAL_END_OF_TRACK,IPHONE,5,3,false,1817499499,"Zara Larsson - Blue Moon"
"United States",942753720,AUDIO,20260315,0,584321,PLAYBACK_MANUALLY_PAUSED,IPHONE,3,0,false,942753720,"Ella Henderson - Ghost"
"United States",1440934262,AUDIO,20260315,"11, 13, 18",561705,TRACK_SKIPPED_FORWARDS,IPHONE,3,1,false,1440934262,"Taylor Swift - Getaway Car"
"United States",1843595808,AUDIO,20260315,"11, 13, 18",554673,NATURAL_END_OF_TRACK,IPHONE,3,0,false,1843595808,"PinkPantheress - Stateside (with Zara Larsson)"
"United States",1845403818,AUDIO,20260315,"1, 21, 23",513491,NATURAL_END_OF_TRACK,IPHONE,3,2,false,1845403818,"Gracie Abrams - Blowing Smoke (Apple Music Live)"
"United States",1817499251,AUDIO,20260315,"9, 20, 21",468277,"MANUALLY_SELECTED_PLAYBACK_OF_A_DIFF_ITEM",IPHONE,3,1,false,1817499251,"Zara Larsson - Midnight Sun"
"United States",1817499901,AUDIO,20260315,"9, 21",456203,NATURAL_END_OF_TRACK,IPHONE,2,0,false,1817499901,"Zara Larsson - Puss Puss"
"United States",1817499894,AUDIO,20260315,"9, 21",454868,NATURAL_END_OF_TRACK,IPHONE,2,0,false,1817499894,"Zara Larsson - Saturn’s Return"
"United States",1742058107,AUDIO,20260315,"13, 18",433985,NATURAL_END_OF_TRACK,IPHONE,2,0,false,1742058107,"Taylor Swift - Clara Bow"
"United States",1817499512,AUDIO,20260315,"9, 20",406491,"MANUALLY_SELECTED_PLAYBACK_OF_A_DIFF_ITEM",IPHONE,3,2,false,1817499512,"Zara Larsson - Girl's Girl"
"United States",1689131531,AUDIO,20260315,"9, 13, 17, 23",405597,"MANUALLY_SELECTED_PLAYBACK_OF_A_DIFF_ITEM",IPHONE,3,1,false,1689131531,"Taylor Swift - Lavender Haze"
"United States",1817499515,AUDIO,20260315,"9, 20",354884,NATURAL_END_OF_TRACK,IPHONE,2,0,false,1817499515,"Zara Larsson - Crush"
"United States",1845404103,AUDIO,20260315,"1, 21",353112,"MANUALLY_SELECTED_PLAYBACK_OF_A_DIFF_ITEM",IPHONE,2,2,false,1845404103,"Gracie Abrams - Normal Thing (Apple Music Live)"
"United States",1817499504,AUDIO,20260315,"9, 20",317319,NATURAL_END_OF_TRACK,IPHONE,2,0,false,1817499504,"Zara Larsson - Pretty Ugly"
"United States",1845404112,AUDIO,20260315,23,298539,NATURAL_END_OF_TRACK,IPHONE,1,0,false,1845404112,"Gracie Abrams - us. (Apple Music Live)"
"United States",1845404107,AUDIO,20260315,22,293188,NATURAL_END_OF_TRACK,IPHONE,2,1,false,1845404107,"Gracie Abrams - I Told You Things (Apple Music Live)"
"United States",1845403829,AUDIO,20260315,1,279402,NATURAL_END_OF_TRACK,IPHONE,1,0,false,1845403829,"Gracie Abrams - Where do we go now? (Apple Music Live)"
"United States",1845404114,AUDIO,20260315,"21, 23",260194,"MANUALLY_SELECTED_PLAYBACK_OF_A_DIFF_ITEM",IPHONE,1,2,false,1845404114,"Gracie Abrams - Close To You (Apple Music Live)"
"United States",1817499517,AUDIO,20260315,"9, 21",251720,TRACK_SKIPPED_FORWARDS,IPHONE,2,1,false,1817499517,"Zara Larsson - Eurosummer"
"United States",1845403822,AUDIO,20260315,1,232182,NATURAL_END_OF_TRACK,IPHONE,1,0,false,1845403822,"Gracie Abrams - I Love You, I’m Sorry (Apple Music Live)"
"United States",1845404113,AUDIO,20260315,23,224748,NATURAL_END_OF_TRACK,IPHONE,1,0,false,1845404113,"Gracie Abrams - That’s So True (Apple Music Live)"
"United States",1742057775,AUDIO,20260315,"1, 17",221026,PLAYBACK_MANUALLY_PAUSED,IPHONE,1,1,false,1742057775,"Taylor Swift - Fortnight (feat. Post Malone)"
"United States",1476513508,AUDIO,20260315,12,220110,NATURAL_END_OF_TRACK,IPHONE,1,0,false,1476513508,"Red Velvet - Umpah Umpah"
"United States",1569280531,AUDIO,20260315,12,219193,NATURAL_END_OF_TRACK,IPHONE,1,0,false,1569280531,"IZ*ONE - La Vie en Rose"
"United States",1162482642,AUDIO,20260315,12,218267,NATURAL_END_OF_TRACK,IPHONE,1,0,false,1162482642,"Sia - Move Your Body (Alan Walker Remix)"
"United States",1689131532,AUDIO,20260315,9,218180,NATURAL_END_OF_TRACK,IPHONE,1,0,false,1689131532,"Taylor Swift - Maroon"
"United States",1870984047,AUDIO,20260315,"13, 20",216070,"MANUALLY_SELECTED_PLAYBACK_OF_A_DIFF_ITEM",IPHONE,1,1,false,1870984047,"Harry Styles - Pop"
"United States",1440769281,AUDIO,20260315,13,213740,NATURAL_END_OF_TRACK,IPHONE,1,0,false,1440769281,"Girls' Generation - Mr. Taxi"
"United States",1838810955,AUDIO,20260315,23,213005,NATURAL_END_OF_TRACK,IPHONE,1,0,false,1838810955,"Taylor Swift - Father Figure"
"United States",1838810961,AUDIO,20260315,23,211395,NATURAL_END_OF_TRACK,IPHONE,1,0,false,1838810961,"Taylor Swift - CANCELLED!"
"United States",1838810952,AUDIO,20260315,23,208522,NATURAL_END_OF_TRACK,IPHONE,1,0,false,1838810952,"Taylor Swift - Elizabeth Taylor"
"United States",1845404106,AUDIO,20260315,"1, 22",207719,"MANUALLY_SELECTED_PLAYBACK_OF_A_DIFF_ITEM",IPHONE,1,2,false,1845404106,"Gracie Abrams - Packing It Up (Apple Music Live)"
"United States",1085060699,AUDIO,20260315,12,205461,NATURAL_END_OF_TRACK,IPHONE,1,0,false,1085060699,"TAEMIN - Drip Drop"
"United States",1468949007,AUDIO,20260315,12,203944,NATURAL_END_OF_TRACK,IPHONE,1,0,false,1468949007,"Red Velvet - Sunny Side Up!"
"United States",1862550605,AUDIO,20260315,0,203476,NATURAL_END_OF_TRACK,IPHONE,1,0,false,1862550605,"Sabrina Carpenter - We Almost Broke Up Again Last Night"
"United States",1151001412,AUDIO,20260315,12,203437,NATURAL_END_OF_TRACK,IPHONE,1,0,false,1151001412,"Red Velvet - Lucky Girl"
"United States",1621089614,AUDIO,20260315,12,202322,NATURAL_END_OF_TRACK,IPHONE,1,0,false,1621089614,"LE SSERAFIM - Blue Flame"
"United States",1421648511,AUDIO,20260315,12,202044,NATURAL_END_OF_TRACK,IPHONE,1,0,false,1421648511,"Red Velvet - Power Up"
"United States",1689090227,AUDIO,20260315,13,201703,NATURAL_END_OF_TRACK,IPHONE,1,0,false,1689090227,"Taylor Swift - Anti-Hero"
"United States",1689131533,AUDIO,20260315,9,201464,NATURAL_END_OF_TRACK,IPHONE,1,0,false,1689131533,"Taylor Swift - Anti-Hero"
"United States",854890654,AUDIO,20260315,12,200656,NATURAL_END_OF_TRACK,IPHONE,1,0,false,854890654,"Girls' Generation - Gee"
"United States",1845404111,AUDIO,20260315,23,199931,"MANUALLY_SELECTED_PLAYBACK_OF_A_DIFF_ITEM",IPHONE,1,1,false,1845404111,"Gracie Abrams - Free Now (Apple Music Live)"
"United States",1528121184,AUDIO,20260315,12,199189,NATURAL_END_OF_TRACK,IPHONE,1,0,false,1528121184,"TWICE - MORE & MORE (English Version)"
"United States",1523595616,AUDIO,20260315,12,198514,NATURAL_END_OF_TRACK,IPHONE,1,0,false,1523595616,"Red Velvet - IRENE & SEULGI - Naughty"
"United States",1596130446,AUDIO,20260315,12,197977,NATURAL_END_OF_TRACK,IPHONE,1,0,false,1596130446,"KAI - Peaches"
"United States",1845403819,AUDIO,20260315,21,197008,NATURAL_END_OF_TRACK,IPHONE,1,1,false,1845403819,"Gracie Abrams - 21 (Apple Music Live)"
"United States",1421648514,AUDIO,20260315,12,191617,NATURAL_END_OF_TRACK,IPHONE,1,0,false,1421648514,"Red Velvet - Mosquito"
"United States",1608253085,AUDIO,20260315,12,191148,NATURAL_END_OF_TRACK,IPHONE,1,0,false,1608253085,"ITZY - ICY"
"United States",1438676278,AUDIO,20260315,13,190388,NATURAL_END_OF_TRACK,IPHONE,1,0,false,1438676278,"Zara Larsson - Ruin My Life"
"United States",1444409448,AUDIO,20260315,12,184888,NATURAL_END_OF_TRACK,IPHONE,1,0,false,1444409448,"Red Velvet - Taste"
"United States",1862550601,AUDIO,20260315,0,183756,NATURAL_END_OF_TRACK,IPHONE,1,0,false,1862550601,"Sabrina Carpenter - Sugar Talking"
"United States",1862550849,AUDIO,20260315,0,182472,NATURAL_END_OF_TRACK,IPHONE,1,0,false,1862550849,"Sabrina Carpenter - Nobody’s Son"
"United States",1838810951,AUDIO,20260315,23,182380,PLAYBACK_SUSPENDED,IPHONE,1,0,false,1838810951,"Taylor Swift - The Fate of Ophelia"
"United States",1550034890,AUDIO,20260315,12,174171,NATURAL_END_OF_TRACK,IPHONE,1,0,false,1550034890,"HyunA - I'm Not Cool"
"United States",1608247025,AUDIO,20260315,13,172702,NATURAL_END_OF_TRACK,IPHONE,1,0,false,1608247025,"ITZY - In the Morning"
"United States",1626752990,AUDIO,20260315,12,157071,NATURAL_END_OF_TRACK,IPHONE,1,0,false,1626752990,"aespa - Lingo"
"United States",1635865436,AUDIO,20260315,12,99928,TRACK_SKIPPED_FORWARDS,IPHONE,1,1,false,1635865436,"Bebe Rexha & ITZY - Break My Heart Myself"
"United States",1626752985,AUDIO,20260315,12,90641,"MANUALLY_SELECTED_PLAYBACK_OF_A_DIFF_ITEM",IPHONE,1,1,false,1626752985,"aespa - Girls"
"United States",1689131534,AUDIO,20260315,9,71146,"MANUALLY_SELECTED_PLAYBACK_OF_A_DIFF_ITEM",IPHONE,1,1,false,1689131534,"Taylor Swift - Snow On The Beach (feat. Lana Del Rey)"
"United States",1862550593,AUDIO,20260315,0,53177,"MANUALLY_SELECTED_PLAYBACK_OF_A_DIFF_ITEM",IPHONE,1,1,false,1862550593,"Sabrina Carpenter - Manchild"
"United States",1569281536,AUDIO,20260315,13,34228,"MANUALLY_SELECTED_PLAYBACK_OF_A_DIFF_ITEM",IPHONE,1,1,false,1569281536,"CHUNG HA - Gotta Go"
"United States",1838810958,AUDIO,20260315,23,0,TRACK_SKIPPED_FORWARDS,IPHONE,0,1,false,1838810958,"Taylor Swift - Actually Romantic"
"United States",1440833218,AUDIO,20260315,0,0,"MANUALLY_SELECTED_PLAYBACK_OF_A_DIFF_ITEM",IPHONE,0,1,false,1440833218,"Lana Del Rey - Young and Beautiful (DH Orchestral Version)"
"United States",1645937758,AUDIO,20260315,11,0,"MANUALLY_SELECTED_PLAYBACK_OF_A_DIFF_ITEM",IPHONE,0,1,false,1645937758,"Taylor Swift - Anti-Hero"
"United States",1845403831,AUDIO,20260315,21,0,TRACK_SKIPPED_FORWARDS,IPHONE,0,1,false,1845403831,"Gracie Abrams - Death Wish (Apple Music Live)"
"United States",1838810963,AUDIO,20260315,23,0,TRACK_SKIPPED_FORWARDS,IPHONE,0,1,false,1838810963,"Taylor Swift - Honey"
"United States",1833329003,AUDIO,20260315,1,0,"MANUALLY_SELECTED_PLAYBACK_OF_A_DIFF_ITEM",IPHONE,0,1,false,1833329003,"Taylor Swift - CANCELLED!"
"United States",1442871564,AUDIO,20260315,0,0,"MANUALLY_SELECTED_PLAYBACK_OF_A_DIFF_ITEM",IPHONE,0,1,false,1442871564,"M83 - Holes in the Sky (feat. HAIM)"
"United States",1862550598,AUDIO,20260315,0,0,"MANUALLY_SELECTED_PLAYBACK_OF_A_DIFF_ITEM",IPHONE,0,1,false,1862550598,"Sabrina Carpenter - My Man on Willpower"
"United States",1838810953,AUDIO,20260315,23,0,TRACK_SKIPPED_FORWARDS,IPHONE,0,1,false,1838810953,"Taylor Swift - Opalite"
"United States",1838810960,AUDIO,20260315,23,0,TRACK_SKIPPED_FORWARDS,IPHONE,0,1,false,1838810960,"Taylor Swift - Wood"
"United States",1742058097,AUDIO,20260315,11,0,"MANUALLY_SELECTED_PLAYBACK_OF_A_DIFF_ITEM",IPHONE,0,1,false,1742058097,"Taylor Swift - Guilty as Sin?"
"United States",1439776262,AUDIO,20260315,13,0,"MANUALLY_SELECTED_PLAYBACK_OF_A_DIFF_ITEM",IPHONE,0,1,false,1439776262,"BoA - Woman"
"United States",1560735551,AUDIO,20260315,12,0,"MANUALLY_SELECTED_PLAYBACK_OF_A_DIFF_ITEM",IPHONE,0,1,false,1560735551,"Olivia Rodrigo - good 4 u"
"United States",1444409445,AUDIO,20260315,13,0,"MANUALLY_SELECTED_PLAYBACK_OF_A_DIFF_ITEM",IPHONE,0,1,false,1444409445,"Red Velvet - Butterflies"
"United States",1838810957,AUDIO,20260315,23,0,TRACK_SKIPPED_FORWARDS,IPHONE,0,1,false,1838810957,"Taylor Swift - Ruin The Friendship"
"United States",1845404109,AUDIO,20260315,23,0,TRACK_SKIPPED_FORWARDS,IPHONE,0,1,false,1845404109,"Gracie Abrams - I miss you, I'm sorry (Apple Music Live)"
"United States",1624932938,AUDIO,20260315,12,0,"MANUALLY_SELECTED_PLAYBACK_OF_A_DIFF_ITEM",IPHONE,0,1,false,1624932938,"NAYEON - LOVE COUNTDOWN (feat. Wonstein)"
"United States",1845403814,AUDIO,20260315,1,0,"MANUALLY_SELECTED_PLAYBACK_OF_A_DIFF_ITEM",IPHONE,0,1,false,1845403814,"Gracie Abrams - Intro & Risk (Apple Music Live)"
"United States",1845404108,AUDIO,20260315,21,0,TRACK_SKIPPED_FORWARDS,IPHONE,0,1,false,1845404108,"Gracie Abrams - Let It Happen (Apple Music Live)"
"United States",1476513519,AUDIO,20260315,12,0,TRACK_SKIPPED_FORWARDS,IPHONE,0,1,false,1476513519,"Red Velvet - Love Is The Way"
"United States",1838810956,AUDIO,20260315,23,0,TRACK_SKIPPED_FORWARDS,IPHONE,0,1,false,1838810956,"Taylor Swift - Eldest Daughter"
"United States",1566636563,AUDIO,20260315,12,0,TRACK_SKIPPED_FORWARDS,IPHONE,0,1,false,1566636563,"TWICE - Alcohol-Free"
"United States",1817499892,AUDIO,20260316,"12, 13, 14, 15, 16, 20",1503451,NATURAL_END_OF_TRACK,"IPHONE, MACINTOSH",7,0,false,1817499892,"Zara Larsson - The Ambition"
"United States",1817499504,AUDIO,20260316,"12, 13, 14, 15, 16, 20, 21",1114016,TRACK_SKIPPED_FORWARDS,"IPHONE, MACINTOSH",7,2,false,1817499504,"Zara Larsson - Pretty Ugly"
"United States",1817499517,AUDIO,20260316,"12, 13, 14, 15, 16, 20, 21",953278,TRACK_SKIPPED_FORWARDS,"IPHONE, MACINTOSH",6,4,false,1817499517,"Zara Larsson - Eurosummer"
"United States",1817499525,AUDIO,20260316,"12, 13, 14, 15, 16",886471,NATURAL_END_OF_TRACK,"IPHONE, MACINTOSH",5,2,false,1817499525,"Zara Larsson - Hot & Sexy"
"United States",1817499499,AUDIO,20260316,"12, 14, 15, 16, 20, 21",883100,"MANUALLY_SELECTED_PLAYBACK_OF_A_DIFF_ITEM","IPHONE, MACINTOSH",5,4,false,1817499499,"Zara Larsson - Blue Moon"
"United States",1817499251,AUDIO,20260316,"12, 14, 15, 16, 20, 22",868816,TRACK_SKIPPED_FORWARDS,"IPHONE, MACINTOSH",5,3,false,1817499251,"Zara Larsson - Midnight Sun"
"United States",1817499901,AUDIO,20260316,"12, 13, 14, 15, 16, 20, 22",863437,TRACK_SKIPPED_FORWARDS,"IPHONE, MACINTOSH",4,3,false,1817499901,"Zara Larsson - Puss Puss"
"United States",1817499894,AUDIO,20260316,"12, 14, 15, 16, 20, 21, 22",709241,PLAYBACK_MANUALLY_PAUSED,"IPHONE, MACINTOSH",5,5,false,1817499894,"Zara Larsson - Saturn’s Return"
"United States",1817499515,AUDIO,20260316,"13, 14, 15, 16, 22",708646,TRACK_SKIPPED_FORWARDS,"IPHONE, MACINTOSH",4,2,false,1817499515,"Zara Larsson - Crush"
"United States",1817499512,AUDIO,20260316,"12, 14, 15, 16",534706,TRACK_SKIPPED_FORWARDS,"IPHONE, MACINTOSH",3,2,false,1817499512,"Zara Larsson - Girl's Girl"
"United States",1742058104,AUDIO,20260316,21,218311,NATURAL_END_OF_TRACK,IPHONE,1,0,false,1742058104,"Taylor Swift - I Can Do It With a Broken Heart"
"United States",1742058107,AUDIO,20260316,22,216896,NATURAL_END_OF_TRACK,IPHONE,1,0,false,1742058107,"Taylor Swift - Clara Bow"
"United States",1838810961,AUDIO,20260316,0,211726,NATURAL_END_OF_TRACK,IPHONE,1,0,false,1838810961,"Taylor Swift - CANCELLED!"
"United States",1689131531,AUDIO,20260316,22,202842,NATURAL_END_OF_TRACK,IPHONE,1,0,false,1689131531,"Taylor Swift - Lavender Haze"
"United States",1689131956,AUDIO,20260316,22,194344,NATURAL_END_OF_TRACK,IPHONE,1,0,false,1689131956,"Taylor Swift - You're On Your Own, Kid"
"United States",1838810953,AUDIO,20260316,0,193693,TRACK_SKIPPED_FORWARDS,IPHONE,1,1,false,1838810953,"Taylor Swift - Opalite"
"United States",1843595808,AUDIO,20260316,22,184988,NATURAL_END_OF_TRACK,IPHONE,1,0,false,1843595808,"PinkPantheress - Stateside (with Zara Larsson)"
"United States",1862550863,AUDIO,20260316,22,169511,NATURAL_END_OF_TRACK,IPHONE,1,0,false,1862550863,"Sabrina Carpenter - House Tour"
"United States",1689131532,AUDIO,20260316,22,166553,"MANUALLY_SELECTED_PLAYBACK_OF_A_DIFF_ITEM",IPHONE,1,1,false,1689131532,"Taylor Swift - Maroon"
"United States",1838810959,AUDIO,20260316,1,145850,PLAYBACK_MANUALLY_PAUSED,IPHONE,1,0,false,1838810959,"Taylor Swift - Wi$h Li$t"
"United States",1838810955,AUDIO,20260316,1,119490,TRACK_SKIPPED_FORWARDS,IPHONE,1,1,false,1838810955,"Taylor Swift - Father Figure"
"United States",1838810960,AUDIO,20260316,0,118125,"MANUALLY_SELECTED_PLAYBACK_OF_A_DIFF_ITEM",IPHONE,1,1,false,1838810960,"Taylor Swift - Wood"
"United States",1689131960,AUDIO,20260316,22,92306,"MANUALLY_SELECTED_PLAYBACK_OF_A_DIFF_ITEM",IPHONE,1,1,false,1689131960,"Taylor Swift - Question...?"
"United States",1862550868,AUDIO,20260316,"13, 22",0,TRACK_SKIPPED_FORWARDS,"IPHONE, MACINTOSH",0,2,false,1862550868,"Sabrina Carpenter - Such A Funny Way"
"United States",1689131533,AUDIO,20260316,21,0,"MANUALLY_SELECTED_PLAYBACK_OF_A_DIFF_ITEM",IPHONE,0,1,false,1689131533,"Taylor Swift - Anti-Hero"
"United States",1468058171,AUDIO,20260316,22,0,"MANUALLY_SELECTED_PLAYBACK_OF_A_DIFF_ITEM",IPHONE,0,1,false,1468058171,"Taylor Swift - Cruel Summer"
"United States",1862550849,AUDIO,20260316,22,0,TRACK_SKIPPED_FORWARDS,IPHONE,0,1,false,1862550849,"Sabrina Carpenter - Nobody’s Son"
"United States",1838810958,AUDIO,20260316,1,0,"MANUALLY_SELECTED_PLAYBACK_OF_A_DIFF_ITEM",IPHONE,0,1,false,1838810958,"Taylor Swift - Actually Romantic"
"United States",1817499517,AUDIO,20260317,"4, 10, 15, 22, 23",1038580,NATURAL_END_OF_TRACK,"IPHONE, MACINTOSH",6,0,false,1817499517,"Zara Larsson - Eurosummer"
"United States",1817499515,AUDIO,20260317,"4, 10, 15, 23",876821,NATURAL_END_OF_TRACK,IPHONE,5,1,false,1817499515,"Zara Larsson - Crush"
"United States",1817499894,AUDIO,20260317,"4, 10, 15, 20, 22, 23",861224,TRACK_SKIPPED_FORWARDS,"IPHONE, MACINTOSH",4,3,false,1817499894,"Zara Larsson - Saturn’s Return"
"United States",1817499892,AUDIO,20260317,"9, 15, 20, 22, 23",859896,"MANUALLY_SELECTED_PLAYBACK_OF_A_DIFF_ITEM","IPHONE, MACINTOSH",4,1,false,1817499892,"Zara Larsson - The Ambition"
"United States",1879636424,AUDIO,20260317,"20, 23",618946,PLAYBACK_SUSPENDED,"IPHONE, MACINTOSH",3,0,false,1879636424,"Paris Paloma - Miyazaki"
"United States",1817499901,AUDIO,20260317,"9, 20, 22",611992,PLAYBACK_MANUALLY_PAUSED,"IPHONE, MACINTOSH",3,0,false,1817499901,"Zara Larsson - Puss Puss"
"United States",1817499512,AUDIO,20260317,"4, 10, 23",442024,NATURAL_END_OF_TRACK,IPHONE,3,1,false,1817499512,"Zara Larsson - Girl's Girl"
"United States",1817499525,AUDIO,20260317,"10, 22, 23",414099,TRACK_SKIPPED_FORWARDS,"IPHONE, MACINTOSH",3,2,false,1817499525,"Zara Larsson - Hot & Sexy"
"United States",1845404108,AUDIO,20260317,15,324531,"MANUALLY_SELECTED_PLAYBACK_OF_A_DIFF_ITEM",IPHONE,1,1,false,1845404108,"Gracie Abrams - Let It Happen (Apple Music Live)"
"United States",1817499504,AUDIO,20260317,"9, 23",293712,TRACK_SKIPPED_FORWARDS,IPHONE,2,1,false,1817499504,"Zara Larsson - Pretty Ugly"
"United States",1718576584,AUDIO,20260317,17,278362,NATURAL_END_OF_TRACK,IPHONE,1,0,false,1718576584,"Taylor Swift - You’re Losing Me (From The Vault)"
"United States",1845404103,AUDIO,20260317,15,261272,NATURAL_END_OF_TRACK,IPHONE,1,0,false,1845404103,"Gracie Abrams - Normal Thing (Apple Music Live)"
"United States",1689132080,AUDIO,20260317,"17, 19",261000,NATURAL_END_OF_TRACK,IPHONE,2,1,false,1689132080,"Taylor Swift - Snow On The Beach (feat. More Lana Del Rey)"
"United States",1845403818,AUDIO,20260317,15,253733,NATURAL_END_OF_TRACK,IPHONE,1,0,false,1845403818,"Gracie Abrams - Blowing Smoke (Apple Music Live)"
"United States",1689131968,AUDIO,20260317,19,248210,NATURAL_END_OF_TRACK,IPHONE,1,0,false,1689131968,"Taylor Swift - Labyrinth"
"United States",1440832542,AUDIO,20260317,10,241491,NATURAL_END_OF_TRACK,IPHONE,1,0,false,1440832542,"Fergie, Q-Tip & GoonRock - A Little Party Never Killed Nobody (All We Got)"
"United States",1689131982,AUDIO,20260317,19,231722,NATURAL_END_OF_TRACK,IPHONE,1,0,false,1689131982,"Taylor Swift - High Infidelity"
"United States",1679267328,AUDIO,20260317,11,212626,NATURAL_END_OF_TRACK,IPHONE,1,0,false,1679267328,"Girls' Generation - MR.TAXI (Korean Version)"
"United States",1162482549,AUDIO,20260317,10,212589,NATURAL_END_OF_TRACK,IPHONE,1,0,false,1162482549,"Sia - Cheap Thrills"
"United States",1689090247,AUDIO,20260317,"17, 19",210403,PLAYBACK_SUSPENDED,IPHONE,2,1,false,1689090247,"Taylor Swift - Sweet Nothing"
"United States",1689131531,AUDIO,20260317,"17, 20, 23",202677,"MANUALLY_SELECTED_PLAYBACK_OF_A_DIFF_ITEM","IPHONE, MACINTOSH",1,2,false,1689131531,"Taylor Swift - Lavender Haze"
"United States",1468949016,AUDIO,20260317,10,201947,NATURAL_END_OF_TRACK,IPHONE,1,0,false,1468949016,"Red Velvet - Bing Bing"
"United States",1689090227,AUDIO,20260317,17,200989,NATURAL_END_OF_TRACK,IPHONE,1,0,false,1689090227,"Taylor Swift - Anti-Hero"
"United States",977068453,AUDIO,20260317,11,191776,NATURAL_END_OF_TRACK,IPHONE,1,0,false,977068453,"Red Velvet - Ice Cream Cake"
"United States",1689090248,AUDIO,20260317,19,191765,NATURAL_END_OF_TRACK,IPHONE,1,0,false,1689090248,"Taylor Swift - Mastermind"
"United States",1556087221,AUDIO,20260317,11,191560,NATURAL_END_OF_TRACK,IPHONE,1,0,false,1556087221,"TWICE - Love Foolish"
"United States",1569744631,AUDIO,20260317,10,191496,NATURAL_END_OF_TRACK,IPHONE,1,0,false,1569744631,"EVERGLOW - UNTOUCHABLE"
"United States",1260294772,AUDIO,20260317,10,191478,NATURAL_END_OF_TRACK,IPHONE,1,0,false,1260294772,"EXO - Ko Ko Bop"
"United States",1608247330,AUDIO,20260317,10,190236,NATURAL_END_OF_TRACK,IPHONE,1,0,false,1608247330,"ITZY - Sorry Not Sorry"
"United States",1143528055,AUDIO,20260317,11,189775,NATURAL_END_OF_TRACK,IPHONE,1,0,false,1143528055,"EXO - Lotto"
"United States",1560735551,AUDIO,20260317,10,179586,NATURAL_END_OF_TRACK,IPHONE,1,0,false,1560735551,"Olivia Rodrigo - good 4 u"
"United States",1689090235,AUDIO,20260317,17,174786,NATURAL_END_OF_TRACK,IPHONE,1,0,false,1689090235,"Taylor Swift - Midnight Rain"
"United States",1817499251,AUDIO,20260317,"9, 15, 20, 23",166855,TRACK_SKIPPED_FORWARDS,"IPHONE, MACINTOSH",1,4,false,1817499251,"Zara Larsson - Midnight Sun"
"United States",1626752990,AUDIO,20260317,10,156964,NATURAL_END_OF_TRACK,IPHONE,1,0,false,1626752990,"aespa - Lingo"
"United States",1614179710,AUDIO,20260317,10,151382,"MANUALLY_SELECTED_PLAYBACK_OF_A_DIFF_ITEM",IPHONE,1,1,false,1614179710,"Red Velvet - Feel My Rhythm"
"United States",1753820416,AUDIO,20260317,"11, 15",127654,"MANUALLY_SELECTED_PLAYBACK_OF_A_DIFF_ITEM",IPHONE,1,1,false,1753820416,"CHUNG HA - Killing Me"
"United States",1817499499,AUDIO,20260317,"9, 15",102419,TRACK_SKIPPED_FORWARDS,IPHONE,1,2,false,1817499499,"Zara Larsson - Blue Moon"
"United States",1444409446,AUDIO,20260317,15,60798,"MANUALLY_SELECTED_PLAYBACK_OF_A_DIFF_ITEM",IPHONE,1,1,false,1444409446,"Red Velvet - So Good"
"United States",1689131532,AUDIO,20260317,"17, 19",56543,TRACK_SKIPPED_FORWARDS,IPHONE,1,2,false,1689131532,"Taylor Swift - Maroon"
"United States",1015771708,AUDIO,20260317,10,44853,PLAYBACK_SUSPENDED,IPHONE,1,0,false,1015771708,"Girls' Generation - PARTY"
"United States",1689131960,AUDIO,20260317,17,43489,TRACK_SKIPPED_FORWARDS,IPHONE,1,1,false,1689131960,"Taylor Swift - Question...?"
"United States",1838810951,AUDIO,20260317,15,37315,"MANUALLY_SELECTED_PLAYBACK_OF_A_DIFF_ITEM",IPHONE,1,1,false,1838810951,"Taylor Swift - The Fate of Ophelia"
"United States",1689131965,AUDIO,20260317,17,0,TRACK_SKIPPED_FORWARDS,IPHONE,0,1,false,1689131965,"Taylor Swift - Bejeweled"
"United States",1838810955,AUDIO,20260317,15,0,"MANUALLY_SELECTED_PLAYBACK_OF_A_DIFF_ITEM",IPHONE,0,1,false,1838810955,"Taylor Swift - Father Figure"
"United States",1838810952,AUDIO,20260317,15,0,"MANUALLY_SELECTED_PLAYBACK_OF_A_DIFF_ITEM",IPHONE,0,1,false,1838810952,"Taylor Swift - Elizabeth Taylor"
"United States",1845403822,AUDIO,20260317,15,0,"MANUALLY_SELECTED_PLAYBACK_OF_A_DIFF_ITEM",IPHONE,0,1,false,1845403822,"Gracie Abrams - I Love You, I’m Sorry (Apple Music Live)"
"United States",1446231541,AUDIO,20260317,10,0,"MANUALLY_SELECTED_PLAYBACK_OF_A_DIFF_ITEM",IPHONE,0,1,false,1446231541,"EXO - Love Shot"
"United States",983600926,AUDIO,20260317,15,0,"MANUALLY_SELECTED_PLAYBACK_OF_A_DIFF_ITEM",IPHONE,0,1,false,983600926,"Girls' Generation - Catch Me If You Can (Korean Version)"
"United States",1621089614,AUDIO,20260317,15,0,"MANUALLY_SELECTED_PLAYBACK_OF_A_DIFF_ITEM",IPHONE,0,1,false,1621089614,"LE SSERAFIM - Blue Flame"
"United States",1879636424,AUDIO,20260318,"15, 16, 17, 18, 22",4863996,TRACK_SKIPPED_FORWARDS,"IPHONE, MACINTOSH",22,3,false,1879636424,"Paris Paloma - Miyazaki"
"United States",1817499517,AUDIO,20260318,"4, 14, 15, 21, 22",1038146,NATURAL_END_OF_TRACK,"IPHONE, MACINTOSH",6,0,false,1817499517,"Zara Larsson - Eurosummer"
"United States",1817499892,AUDIO,20260318,"4, 15, 17, 21",905491,NATURAL_END_OF_TRACK,"IPHONE, MACINTOSH",4,1,false,1817499892,"Zara Larsson - The Ambition"
"United States",1817499504,AUDIO,20260318,"14, 16, 21, 22",634494,NATURAL_END_OF_TRACK,"IPHONE, MACINTOSH",4,1,false,1817499504,"Zara Larsson - Pretty Ugly"
"United States",1817499515,AUDIO,20260318,"14, 16, 21, 22",626128,PLAYBACK_MANUALLY_PAUSED,"IPHONE, MACINTOSH",4,1,false,1817499515,"Zara Larsson - Crush"
"United States",1817499251,AUDIO,20260318,"14, 15, 16, 18, 21",587106,NATURAL_END_OF_TRACK,"IPHONE, MACINTOSH",4,5,false,1817499251,"Zara Larsson - Midnight Sun"
"United States",1817499512,AUDIO,20260318,"14, 15, 16, 21",484567,NATURAL_END_OF_TRACK,"IPHONE, MACINTOSH",3,2,false,1817499512,"Zara Larsson - Girl's Girl"
"United States",1817499894,AUDIO,20260318,"4, 16, 21",455502,"MANUALLY_SELECTED_PLAYBACK_OF_A_DIFF_ITEM","IPHONE, MACINTOSH",2,2,false,1817499894,"Zara Larsson - Saturn’s Return"
"United States",1817499499,AUDIO,20260318,"14, 15, 21",446594,NATURAL_END_OF_TRACK,"IPHONE, MACINTOSH",3,1,false,1817499499,"Zara Larsson - Blue Moon"
"United States",1838810955,AUDIO,20260318,"4, 15, 16",426691,NATURAL_END_OF_TRACK,IPHONE,3,0,false,1838810955,"Taylor Swift - Father Figure"
"United States",1838810961,AUDIO,20260318,"4, 16",422888,NATURAL_END_OF_TRACK,IPHONE,2,0,false,1838810961,"Taylor Swift - CANCELLED!"
"United States",1817499525,AUDIO,20260318,"15, 21",378687,NATURAL_END_OF_TRACK,MACINTOSH,2,0,false,1817499525,"Zara Larsson - Hot & Sexy"
"United States",1689131534,AUDIO,20260318,"4, 16",334691,TRACK_SKIPPED_FORWARDS,IPHONE,2,1,false,1689131534,"Taylor Swift - Snow On The Beach (feat. Lana Del Rey)"
"United States",1742058105,AUDIO,20260318,18,245566,NATURAL_END_OF_TRACK,IPHONE,1,0,false,1742058105,"Taylor Swift - The Smallest Man Who Ever Lived"
"United States",1742058083,AUDIO,20260318,18,232359,PLAYBACK_MANUALLY_PAUSED,IPHONE,1,0,false,1742058083,"Taylor Swift - So Long, London"
"United States",1742074192,AUDIO,20260318,18,204019,NATURAL_END_OF_TRACK,IPHONE,1,0,false,1742074192,"Taylor Swift - My Boy Only Breaks His Favorite Toys"
"United States",1468058171,AUDIO,20260318,15,179134,NATURAL_END_OF_TRACK,IPHONE,1,0,false,1468058171,"Taylor Swift - Cruel Summer"
"United States",1742058275,AUDIO,20260318,18,131845,NATURAL_END_OF_TRACK,IPHONE,1,0,false,1742058275,"Taylor Swift - I Look in People's Windows"
"United States",1817499901,AUDIO,20260318,"14, 21",72831,TRACK_SKIPPED_FORWARDS,MACINTOSH,1,1,false,1817499901,"Zara Larsson - Puss Puss"
"United States",1742058078,AUDIO,20260318,18,0,"MANUALLY_SELECTED_PLAYBACK_OF_A_DIFF_ITEM",IPHONE,0,1,false,1742058078,"Taylor Swift - The Tortured Poets Department"
"United States",1689131956,AUDIO,20260318,16,0,TRACK_SKIPPED_FORWARDS,IPHONE,0,1,false,1689131956,"Taylor Swift - You're On Your Own, Kid"
"United States",1689131532,AUDIO,20260318,"4, 15",0,TRACK_SKIPPED_FORWARDS,IPHONE,0,2,false,1689131532,"Taylor Swift - Maroon"
"United States",1689131533,AUDIO,20260318,15,0,TRACK_SKIPPED_FORWARDS,IPHONE,0,1,false,1689131533,"Taylor Swift - Anti-Hero"
"United States",1870984036,AUDIO,20260318,4,0,"MANUALLY_SELECTED_PLAYBACK_OF_A_DIFF_ITEM",IPHONE,0,1,false,1870984036,"Harry Styles - American Girls"
"United States",942753720,AUDIO,20260318,15,0,TRACK_SKIPPED_FORWARDS,IPHONE,0,1,false,942753720,"Ella Henderson - Ghost"
"United States",1862550863,AUDIO,20260318,15,0,"MANUALLY_SELECTED_PLAYBACK_OF_A_DIFF_ITEM",IPHONE,0,1,false,1862550863,"Sabrina Carpenter - House Tour"
"United States",1689131960,AUDIO,20260318,15,0,TRACK_SKIPPED_FORWARDS,IPHONE,0,1,false,1689131960,"Taylor Swift - Question...?"
"United States",1879636424,AUDIO,20260319,"1, 10, 11, 13, 15, 16, 18, 20",4357967,SCRUB_BEGIN,IPHONE,21,3,false,1879636424,"Paris Paloma - Miyazaki"
"United States",1817499894,AUDIO,20260319,"2, 4, 19",623382,"MANUALLY_SELECTED_PLAYBACK_OF_A_DIFF_ITEM",IPHONE,3,1,false,1817499894,"Zara Larsson - Saturn’s Return"
"United States",1817499892,AUDIO,20260319,"11, 18",429719,NATURAL_END_OF_TRACK,IPHONE,2,0,false,1817499892,"Zara Larsson - The Ambition"
"United States",1689131531,AUDIO,20260319,"4, 11",405383,NATURAL_END_OF_TRACK,IPHONE,2,0,false,1689131531,"Taylor Swift - Lavender Haze"
"United States",1817499525,AUDIO,20260319,"11, 18",351012,NATURAL_END_OF_TRACK,IPHONE,2,1,false,1817499525,"Zara Larsson - Hot & Sexy"
"United States",1689131534,AUDIO,20260319,3,256442,NATURAL_END_OF_TRACK,IPHONE,1,0,false,1689131534,"Taylor Swift - Snow On The Beach (feat. Lana Del Rey)"
"United States",1870984038,AUDIO,20260319,"13, 14",255104,NATURAL_END_OF_TRACK,IPHONE,2,1,false,1870984038,"Harry Styles - Ready, Steady, Go!"
"United States",1862550868,AUDIO,20260319,3,232458,NATURAL_END_OF_TRACK,IPHONE,1,0,false,1862550868,"Sabrina Carpenter - Such A Funny Way"
"United States",1440833218,AUDIO,20260319,18,231780,NATURAL_END_OF_TRACK,IPHONE,1,0,false,1440833218,"Lana Del Rey - Young and Beautiful (DH Orchestral Version)"
"United States",1817499901,AUDIO,20260319,"4, 18",228013,"MANUALLY_SELECTED_PLAYBACK_OF_A_DIFF_ITEM",IPHONE,1,1,false,1817499901,"Zara Larsson - Puss Puss"
"United States",1440832542,AUDIO,20260319,18,225937,TRACK_SKIPPED_FORWARDS,IPHONE,1,1,false,1440832542,"Fergie, Q-Tip & GoonRock - A Little Party Never Killed Nobody (All We Got)"
"United States",1870984040,AUDIO,20260319,13,221138,NATURAL_END_OF_TRACK,IPHONE,1,0,false,1870984040,"Harry Styles - Taste Back"
"United States",1689131532,AUDIO,20260319,4,218437,NATURAL_END_OF_TRACK,IPHONE,1,0,false,1689131532,"Taylor Swift - Maroon"
"United States",1817499517,AUDIO,20260319,"4, 19",216783,PLAYBACK_MANUALLY_PAUSED,IPHONE,2,0,false,1817499517,"Zara Larsson - Eurosummer"
"United States",1870984033,AUDIO,20260319,14,216649,"MANUALLY_SELECTED_PLAYBACK_OF_A_DIFF_ITEM",IPHONE,1,2,false,1870984033,"Harry Styles - Aperture"
"United States",1870984047,AUDIO,20260319,13,215871,NATURAL_END_OF_TRACK,IPHONE,1,0,false,1870984047,"Harry Styles - Pop"
"United States",1689131960,AUDIO,20260319,11,210563,NATURAL_END_OF_TRACK,IPHONE,1,0,false,1689131960,"Taylor Swift - Question...?"
"United States",1689131533,AUDIO,20260319,11,199860,NATURAL_END_OF_TRACK,IPHONE,1,0,false,1689131533,"Taylor Swift - Anti-Hero"
"United States",1870984039,AUDIO,20260319,14,192334,NATURAL_END_OF_TRACK,IPHONE,1,0,false,1870984039,"Harry Styles - Are You Listening Yet?"
"United States",1862550849,AUDIO,20260319,"4, 13",182692,"MANUALLY_SELECTED_PLAYBACK_OF_A_DIFF_ITEM",IPHONE,1,1,false,1862550849,"Sabrina Carpenter - Nobody’s Son"
"United States",1870984042,AUDIO,20260319,14,170073,NATURAL_END_OF_TRACK,IPHONE,1,0,false,1870984042,"Harry Styles - The Waiting Game"
"United States",1862550863,AUDIO,20260319,"4, 18",169308,"MANUALLY_SELECTED_PLAYBACK_OF_A_DIFF_ITEM",IPHONE,1,1,false,1862550863,"Sabrina Carpenter - House Tour"
"United States",1838810961,AUDIO,20260319,18,166708,"MANUALLY_SELECTED_PLAYBACK_OF_A_DIFF_ITEM",IPHONE,1,1,false,1838810961,"Taylor Swift - CANCELLED!"
"United States",1817499504,AUDIO,20260319,"4, 18",158924,NATURAL_END_OF_TRACK,IPHONE,1,1,false,1817499504,"Zara Larsson - Pretty Ugly"
"United States",1817499499,AUDIO,20260319,"6, 18",107414,"MANUALLY_SELECTED_PLAYBACK_OF_A_DIFF_ITEM","IPHONE, MACINTOSH",1,1,false,1817499499,"Zara Larsson - Blue Moon"
"United States",1817499512,AUDIO,20260319,4,106722,PLAYBACK_MANUALLY_PAUSED,IPHONE,1,0,false,1817499512,"Zara Larsson - Girl's Girl"
"United States",1817499515,AUDIO,20260319,"6, 10",63397,"MANUALLY_SELECTED_PLAYBACK_OF_A_DIFF_ITEM","IPHONE, MACINTOSH",1,1,false,1817499515,"Zara Larsson - Crush"
"United States",1440832880,AUDIO,20260319,18,0,"MANUALLY_SELECTED_PLAYBACK_OF_A_DIFF_ITEM",IPHONE,0,1,false,1440832880,"Florence + the Machine - Over the Love"
"United States",1838810951,AUDIO,20260319,19,0,"MANUALLY_SELECTED_PLAYBACK_OF_A_DIFF_ITEM",IPHONE,0,1,false,1838810951,"Taylor Swift - The Fate of Ophelia"
"United States",1440832876,AUDIO,20260319,18,0,"MANUALLY_SELECTED_PLAYBACK_OF_A_DIFF_ITEM",IPHONE,0,1,false,1440832876,"JAŸ-Z & Kanye West - No Church In the Wild (feat. Frank Ocean & The-Dream)"
"United States",1862550593,AUDIO,20260319,10,0,"MANUALLY_SELECTED_PLAYBACK_OF_A_DIFF_ITEM",IPHONE,0,1,false,1862550593,"Sabrina Carpenter - Manchild"
"United States",1870984036,AUDIO,20260319,13,0,"MANUALLY_SELECTED_PLAYBACK_OF_A_DIFF_ITEM",IPHONE,0,1,false,1870984036,"Harry Styles - American Girls"
"United States",1870984054,AUDIO,20260319,14,0,"MANUALLY_SELECTED_PLAYBACK_OF_A_DIFF_ITEM",IPHONE,0,1,false,1870984054,"Harry Styles - Carla's Song"
"United States",1879636424,AUDIO,20260320,"4, 14, 18, 19, 21, 22",2188144,NATURAL_END_OF_TRACK,"IPHONE, MACINTOSH",9,1,false,1879636424,"Paris Paloma - Miyazaki"
"United States",1870984038,AUDIO,20260320,"16, 17, 18, 19, 22",947796,NATURAL_END_OF_TRACK,"IPHONE, MACINTOSH",6,2,false,1870984038,"Harry Styles - Ready, Steady, Go!"
"United States",1742058083,AUDIO,20260320,"14, 18, 19, 21",903170,TRACK_SKIPPED_FORWARDS,"IPHONE, MACINTOSH",3,2,false,1742058083,"Taylor Swift - So Long, London"
"United States",1870984039,AUDIO,20260320,"16, 17, 19",898468,NATURAL_END_OF_TRACK,"IPHONE, MACINTOSH",5,0,false,1870984039,"Harry Styles - Are You Listening Yet?"
"United States",1817499517,AUDIO,20260320,"2, 15, 19, 21, 23",816724,"MANUALLY_SELECTED_PLAYBACK_OF_A_DIFF_ITEM","IPHONE, MACINTOSH",5,1,false,1817499517,"Zara Larsson - Eurosummer"
"United States",1817499515,AUDIO,20260320,"4, 15, 19, 21",531262,TRACK_SKIPPED_FORWARDS,"IPHONE, MACINTOSH",3,1,false,1817499515,"Zara Larsson - Crush"
"United States",1870984040,AUDIO,20260320,"16, 17, 19",524531,NATURAL_END_OF_TRACK,MACINTOSH,3,1,false,1870984040,"Harry Styles - Taste Back"
"United States",1689131534,AUDIO,20260320,"14, 18",513169,NATURAL_END_OF_TRACK,"IPHONE, MACINTOSH",2,0,false,1689131534,"Taylor Swift - Snow On The Beach (feat. Lana Del Rey)"
"United States",1742058105,AUDIO,20260320,"5, 14, 21",490894,TRACK_SKIPPED_FORWARDS,"IPHONE, MACINTOSH",2,1,false,1742058105,"Taylor Swift - The Smallest Man Who Ever Lived"
"United States",1817499504,AUDIO,20260320,"4, 14, 19, 21, 23",476149,TRACK_SKIPPED_FORWARDS,"IPHONE, MACINTOSH",3,2,false,1817499504,"Zara Larsson - Pretty Ugly"
"United States",1689131531,AUDIO,20260320,"15, 22",404764,NATURAL_END_OF_TRACK,"IPHONE, MACINTOSH",2,1,false,1689131531,"Taylor Swift - Lavender Haze"
"United States",1201058113,AUDIO,20260320,"6, 9",401718,NATURAL_END_OF_TRACK,MACINTOSH,2,0,false,1201058113,"Zara Larsson - Lush Life"
"United States",1742074192,AUDIO,20260320,"15, 21, 23",399252,NATURAL_END_OF_TRACK,"IPHONE, MACINTOSH",2,1,false,1742074192,"Taylor Swift - My Boy Only Breaks His Favorite Toys"
"United States",1843595808,AUDIO,20260320,"6, 9",369996,NATURAL_END_OF_TRACK,MACINTOSH,2,0,false,1843595808,"PinkPantheress - Stateside (with Zara Larsson)"
"United States",1870984042,AUDIO,20260320,"17, 19, 22",339882,TRACK_SKIPPED_FORWARDS,"IPHONE, MACINTOSH",2,1,false,1870984042,"Harry Styles - The Waiting Game"
"United States",1817499251,AUDIO,20260320,"7, 9, 21",327043,TRACK_SKIPPED_FORWARDS,"IPHONE, MACINTOSH",2,1,false,1817499251,"Zara Larsson - Midnight Sun"
"United States",1817499892,AUDIO,20260320,"18, 21",318509,"MANUALLY_SELECTED_PLAYBACK_OF_A_DIFF_ITEM",IPHONE,2,1,false,1817499892,"Zara Larsson - The Ambition"
"United States",1870984033,AUDIO,20260320,17,311835,NATURAL_END_OF_TRACK,IPHONE,1,0,false,1870984033,"Harry Styles - Aperture"
"United States",1528112557,AUDIO,20260320,15,294421,NATURAL_END_OF_TRACK,MACINTOSH,1,0,false,1528112557,"Taylor Swift - betty"
"United States",1468058708,AUDIO,20260320,15,293682,NATURAL_END_OF_TRACK,MACINTOSH,1,0,false,1468058708,"Taylor Swift - Daylight"
"United States",1528112556,AUDIO,20260320,15,289991,NATURAL_END_OF_TRACK,MACINTOSH,1,0,false,1528112556,"Taylor Swift - epiphany"
"United States",1870984036,AUDIO,20260320,"16, 17, 19",277659,"MANUALLY_SELECTED_PLAYBACK_OF_A_DIFF_ITEM","IPHONE, MACINTOSH",2,3,false,1870984036,"Harry Styles - American Girls"
"United States",1528112370,AUDIO,20260320,"15, 16",261808,"MANUALLY_SELECTED_PLAYBACK_OF_A_DIFF_ITEM",MACINTOSH,1,1,false,1528112370,"Taylor Swift - august"
"United States",1528112373,AUDIO,20260320,15,252732,NATURAL_END_OF_TRACK,MACINTOSH,1,0,false,1528112373,"Taylor Swift - invisible string"
"United States",1528112362,AUDIO,20260320,16,239564,NATURAL_END_OF_TRACK,MACINTOSH,1,0,false,1528112362,"Taylor Swift - cardigan"
"United States",1528112560,AUDIO,20260320,15,233993,NATURAL_END_OF_TRACK,MACINTOSH,1,0,false,1528112560,"Taylor Swift - peace"
"United States",1528112363,AUDIO,20260320,16,230977,NATURAL_END_OF_TRACK,MACINTOSH,1,0,false,1528112363,"Taylor Swift - the last great american dynasty"
"United States",1870984044,AUDIO,20260320,19,229535,NATURAL_END_OF_TRACK,MACINTOSH,1,0,false,1870984044,"Harry Styles - Season 2 Weight Loss"
"United States",1817499894,AUDIO,20260320,18,227302,NATURAL_END_OF_TRACK,IPHONE,1,0,false,1817499894,"Zara Larsson - Saturn’s Return"
"United States",1528112562,AUDIO,20260320,16,220033,NATURAL_END_OF_TRACK,MACINTOSH,1,0,false,1528112562,"Taylor Swift - hoax"
"United States",1742058104,AUDIO,20260320,2,218164,NATURAL_END_OF_TRACK,MACINTOSH,1,0,false,1742058104,"Taylor Swift - I Can Do It With a Broken Heart"
"United States",1201058123,AUDIO,20260320,9,212796,NATURAL_END_OF_TRACK,MACINTOSH,1,0,false,1201058123,"Zara Larsson & MNEK - Never Forget You"
"United States",1528112564,AUDIO,20260320,16,211792,NATURAL_END_OF_TRACK,MACINTOSH,1,0,false,1528112564,"Taylor Swift - the lakes (bonus track)"
"United States",1528112361,AUDIO,20260320,16,210247,NATURAL_END_OF_TRACK,MACINTOSH,1,0,false,1528112361,"Taylor Swift - the 1"
"United States",1528112369,AUDIO,20260320,15,209158,NATURAL_END_OF_TRACK,MACINTOSH,1,0,false,1528112369,"Taylor Swift - seven"
"United States",1689131533,AUDIO,20260320,22,200994,NATURAL_END_OF_TRACK,IPHONE,1,0,false,1689131533,"Taylor Swift - Anti-Hero"
"United States",1528112371,AUDIO,20260320,15,195090,NATURAL_END_OF_TRACK,MACINTOSH,1,0,false,1528112371,"Taylor Swift - this is me trying"
"United States",1528112372,AUDIO,20260320,15,190930,NATURAL_END_OF_TRACK,MACINTOSH,1,0,false,1528112372,"Taylor Swift - illicit affairs"
"United States",1862550849,AUDIO,20260320,"15, 21",182401,TRACK_SKIPPED_FORWARDS,"IPHONE, MACINTOSH",1,1,false,1862550849,"Sabrina Carpenter - Nobody’s Son"
"United States",1817499499,AUDIO,20260320,"15, 19",182045,TRACK_SKIPPED_FORWARDS,"IPHONE, MACINTOSH",1,1,false,1817499499,"Zara Larsson - Blue Moon"
"United States",1436738923,AUDIO,20260320,"9, 14",161946,TRACK_SKIPPED_FORWARDS,MACINTOSH,1,1,false,1436738923,"Clean Bandit - Symphony (feat. Zara Larsson)"
"United States",1870984047,AUDIO,20260320,"16, 18",146818,"MANUALLY_SELECTED_PLAYBACK_OF_A_DIFF_ITEM","IPHONE, MACINTOSH",1,3,false,1870984047,"Harry Styles - Pop"
"United States",1689131982,AUDIO,20260320,"4, 17",101344,"MANUALLY_SELECTED_PLAYBACK_OF_A_DIFF_ITEM",IPHONE,1,1,false,1689131982,"Taylor Swift - High Infidelity"
"United States",1862550593,AUDIO,20260320,"2, 15, 21, 22",99319,TRACK_SKIPPED_FORWARDS,"IPHONE, MACINTOSH",2,3,false,1862550593,"Sabrina Carpenter - Manchild"
"United States",1870984045,AUDIO,20260320,"19, 22",79909,"MANUALLY_SELECTED_PLAYBACK_OF_A_DIFF_ITEM","IPHONE, MACINTOSH",2,1,false,1870984045,"Harry Styles - Coming Up Roses"
"United States",1468058169,AUDIO,20260320,15,65342,"MANUALLY_SELECTED_PLAYBACK_OF_A_DIFF_ITEM",MACINTOSH,1,1,false,1468058169,"Taylor Swift - I Forgot That You Existed"
"United States",1838810952,AUDIO,20260320,15,61885,"MANUALLY_SELECTED_PLAYBACK_OF_A_DIFF_ITEM",MACINTOSH,1,1,false,1838810952,"Taylor Swift - Elizabeth Taylor"
"United States",1528112375,AUDIO,20260320,15,60415,"MANUALLY_SELECTED_PLAYBACK_OF_A_DIFF_ITEM",MACINTOSH,1,1,false,1528112375,"Taylor Swift - mad woman"
"United States",1817499525,AUDIO,20260320,19,58095,TRACK_SKIPPED_FORWARDS,IPHONE,1,1,false,1817499525,"Zara Larsson - Hot & Sexy"
"United States",1838810953,AUDIO,20260320,15,0,"MANUALLY_SELECTED_PLAYBACK_OF_A_DIFF_ITEM",MACINTOSH,0,1,false,1838810953,"Taylor Swift - Opalite"
"United States",1817499512,AUDIO,20260320,21,0,TRACK_SKIPPED_FORWARDS,IPHONE,0,1,false,1817499512,"Zara Larsson - Girl's Girl"
"United States",1689131960,AUDIO,20260320,"21, 22",0,TRACK_SKIPPED_FORWARDS,IPHONE,0,2,false,1689131960,"Taylor Swift - Question...?"
"United States",1689131532,AUDIO,20260320,23,0,TRACK_SKIPPED_FORWARDS,IPHONE,0,1,false,1689131532,"Taylor Swift - Maroon"
"United States",1690841083,AUDIO,20260320,15,0,"MANUALLY_SELECTED_PLAYBACK_OF_A_DIFF_ITEM",MACINTOSH,0,1,false,1690841083,"Taylor Swift - Castles Crumbling (Taylor's Version) (From The Vault) [feat. Hayley Williams]"
"United States",1468058171,AUDIO,20260320,"15, 19, 21, 22",0,TRACK_SKIPPED_FORWARDS,"IPHONE, MACINTOSH",0,4,false,1468058171,"Taylor Swift - Cruel Summer"
"United States",1838810963,AUDIO,20260320,15,0,"MANUALLY_SELECTED_PLAYBACK_OF_A_DIFF_ITEM",MACINTOSH,0,1,false,1838810963,"Taylor Swift - Honey"
"United States",1838810951,AUDIO,20260320,21,0,TRACK_SKIPPED_FORWARDS,IPHONE,0,1,false,1838810951,"Taylor Swift - The Fate of Ophelia"
"United States",1528112365,AUDIO,20260320,15,0,"MANUALLY_SELECTED_PLAYBACK_OF_A_DIFF_ITEM",MACINTOSH,0,1,false,1528112365,"Taylor Swift - my tears ricochet"
"United States",1528112364,AUDIO,20260320,16,0,"MANUALLY_SELECTED_PLAYBACK_OF_A_DIFF_ITEM",MACINTOSH,0,1,false,1528112364,"Taylor Swift - exile (feat. Bon Iver)"
"United States",1870984054,AUDIO,20260320,"16, 22",0,TRACK_SKIPPED_FORWARDS,"IPHONE, MACINTOSH",0,2,false,1870984054,"Harry Styles - Carla's Song"
"United States",1879636424,AUDIO,20260321,"1, 3, 4, 5, 7, 14, 16, 17, 19, 22",4302814,NATURAL_END_OF_TRACK,"IPHONE, MACINTOSH",21,3,false,1879636424,"Paris Paloma - Miyazaki"
"United States",1870984047,AUDIO,20260321,"2, 5, 6, 17, 21",2996839,NATURAL_END_OF_TRACK,"IPHONE, MACINTOSH",4,1,false,1870984047,"Harry Styles - Pop"
"United States",1689131533,AUDIO,20260321,"4, 17, 18, 19",1176974,NATURAL_END_OF_TRACK,"IPHONE, MACINTOSH",6,1,false,1689131533,"Taylor Swift - Anti-Hero"
"United States",1817499517,AUDIO,20260321,"1, 4, 5, 6, 14, 17, 20",975945,NATURAL_END_OF_TRACK,"IPHONE, MACINTOSH",7,2,false,1817499517,"Zara Larsson - Eurosummer"
"United States",1870984038,AUDIO,20260321,"2, 5, 6, 14, 17, 22",947757,"MANUALLY_SELECTED_PLAYBACK_OF_A_DIFF_ITEM","IPHONE, MACINTOSH",7,4,false,1870984038,"Harry Styles - Ready, Steady, Go!"
"United States",1817499901,AUDIO,20260321,"3, 7, 17, 20",859331,NATURAL_END_OF_TRACK,"IPHONE, MACINTOSH",4,2,false,1817499901,"Zara Larsson - Puss Puss"
"United States",1817499892,AUDIO,20260321,"4, 7, 17, 20",810729,NATURAL_END_OF_TRACK,"IPHONE, MACINTOSH",4,1,false,1817499892,"Zara Larsson - The Ambition"
"United States",1817499512,AUDIO,20260321,"3, 4, 17, 20",712737,NATURAL_END_OF_TRACK,"IPHONE, MACINTOSH",4,0,false,1817499512,"Zara Larsson - Girl's Girl"
"United States",1689131982,AUDIO,20260321,"7, 19",694449,NATURAL_END_OF_TRACK,"IPHONE, MACINTOSH",3,0,false,1689131982,"Taylor Swift - High Infidelity"
"United States",1689131534,AUDIO,20260321,"6, 7, 18, 21",666269,"MANUALLY_SELECTED_PLAYBACK_OF_A_DIFF_ITEM","IPHONE, MACINTOSH",4,2,false,1689131534,"Taylor Swift - Snow On The Beach (feat. Lana Del Rey)"
"United States",1838810951,AUDIO,20260321,"3, 20",607722,NATURAL_END_OF_TRACK,MACINTOSH,3,1,false,1838810951,"Taylor Swift - The Fate of Ophelia"
"United States",1817499251,AUDIO,20260321,"4, 20",569743,NATURAL_END_OF_TRACK,MACINTOSH,3,0,false,1817499251,"Zara Larsson - Midnight Sun"
"United States",1817499525,AUDIO,20260321,"3, 4, 20",568279,NATURAL_END_OF_TRACK,MACINTOSH,3,0,false,1817499525,"Zara Larsson - Hot & Sexy"
"United States",1817499515,AUDIO,20260321,"4, 14, 17, 20",566252,TRACK_SKIPPED_FORWARDS,"IPHONE, MACINTOSH",4,3,false,1817499515,"Zara Larsson - Crush"
"United States",1742058105,AUDIO,20260321,"3, 4",490821,NATURAL_END_OF_TRACK,MACINTOSH,2,0,false,1742058105,"Taylor Swift - The Smallest Man Who Ever Lived"
"United States",1817499894,AUDIO,20260321,"7, 19",454829,NATURAL_END_OF_TRACK,MACINTOSH,2,0,false,1817499894,"Zara Larsson - Saturn’s Return"
"United States",1468058171,AUDIO,20260321,"3, 19, 22",442461,"MANUALLY_SELECTED_PLAYBACK_OF_A_DIFF_ITEM","IPHONE, MACINTOSH",3,1,false,1468058171,"Taylor Swift - Cruel Summer"
"United States",1838810957,AUDIO,20260321,"3, 20",441119,NATURAL_END_OF_TRACK,MACINTOSH,2,0,false,1838810957,"Taylor Swift - Ruin The Friendship"
"United States",1689131532,AUDIO,20260321,"7, 18",436765,NATURAL_END_OF_TRACK,"IPHONE, MACINTOSH",2,0,false,1689131532,"Taylor Swift - Maroon"
"United States",942753720,AUDIO,20260321,"4, 20, 22",432315,"MANUALLY_SELECTED_PLAYBACK_OF_A_DIFF_ITEM","IPHONE, MACINTOSH",2,2,false,942753720,"Ella Henderson - Ghost"
"United States",1838810955,AUDIO,20260321,"3, 20",425531,NATURAL_END_OF_TRACK,MACINTOSH,2,0,false,1838810955,"Taylor Swift - Father Figure"
"United States",1838810961,AUDIO,20260321,"3, 20",422992,NATURAL_END_OF_TRACK,MACINTOSH,2,0,false,1838810961,"Taylor Swift - CANCELLED!"
"United States",1689131960,AUDIO,20260321,"18, 21",420812,NATURAL_END_OF_TRACK,IPHONE,2,0,false,1689131960,"Taylor Swift - Question...?"
"United States",1838810952,AUDIO,20260321,"2, 20",417164,NATURAL_END_OF_TRACK,MACINTOSH,2,0,false,1838810952,"Taylor Swift - Elizabeth Taylor"
"United States",1838810959,AUDIO,20260321,"2, 20",415843,NATURAL_END_OF_TRACK,MACINTOSH,2,0,false,1838810959,"Taylor Swift - Wi$h Li$t"
"United States",1742074192,AUDIO,20260321,"1, 3",408057,NATURAL_END_OF_TRACK,"IPHONE, MACINTOSH",2,0,false,1742074192,"Taylor Swift - My Boy Only Breaks His Favorite Toys"
"United States",1689131531,AUDIO,20260321,"1, 4, 18",405441,NATURAL_END_OF_TRACK,"IPHONE, MACINTOSH",2,1,false,1689131531,"Taylor Swift - Lavender Haze"
"United States",1689131979,AUDIO,20260321,"18, 19",393473,NATURAL_END_OF_TRACK,IPHONE,2,0,false,1689131979,"Taylor Swift - Paris"
"United States",1689131956,AUDIO,20260321,"18, 19",388782,NATURAL_END_OF_TRACK,IPHONE,2,0,false,1689131956,"Taylor Swift - You're On Your Own, Kid"
"United States",1689131973,AUDIO,20260321,"18, 19",382338,NATURAL_END_OF_TRACK,IPHONE,2,0,false,1689131973,"Taylor Swift - Mastermind"
"United States",1817499499,AUDIO,20260321,"3, 4",365031,NATURAL_END_OF_TRACK,MACINTOSH,2,0,false,1817499499,"Zara Larsson - Blue Moon"
"United States",1178260067,AUDIO,20260321,16,360528,NATURAL_END_OF_TRACK,IPHONE,1,0,false,1178260067,"Ben Platt, Kristolyn Lloyd, Will Roland, Laura Dreyfuss & Original Broadway Cast of Dear Evan Hansen - You Will Be Found"
"United States",1870984054,AUDIO,20260321,"2, 21",335240,"MANUALLY_SELECTED_PLAYBACK_OF_A_DIFF_ITEM","IPHONE, MACINTOSH",2,1,false,1870984054,"Harry Styles - Carla's Song"
"United States",1817499504,AUDIO,20260321,4,317226,NATURAL_END_OF_TRACK,MACINTOSH,2,0,false,1817499504,"Zara Larsson - Pretty Ugly"
"United States",1870984033,AUDIO,20260321,"17, 21",316587,TRACK_SKIPPED_FORWARDS,IPHONE,2,2,false,1870984033,"Harry Styles - Aperture"
"United States",1838810958,AUDIO,20260321,"3, 20",296882,TRACK_SKIPPED_FORWARDS,MACINTOSH,2,1,false,1838810958,"Taylor Swift - Actually Romantic"
"United States",1838810956,AUDIO,20260321,"3, 20",294951,NATURAL_END_OF_TRACK,MACINTOSH,2,1,false,1838810956,"Taylor Swift - Eldest Daughter"
"United States",1689132079,AUDIO,20260321,"17, 18",271446,NATURAL_END_OF_TRACK,IPHONE,2,1,false,1689132079,"Taylor Swift - Hits Different"
"United States",1742058083,AUDIO,20260321,4,262956,NATURAL_END_OF_TRACK,MACINTOSH,1,0,false,1742058083,"Taylor Swift - So Long, London"
"United States",1541906190,AUDIO,20260321,14,262124,NATURAL_END_OF_TRACK,IPHONE,1,0,false,1541906190,"Taylor Swift - august"
"United States",1689132076,AUDIO,20260321,18,260366,NATURAL_END_OF_TRACK,IPHONE,1,0,false,1689132076,"Taylor Swift - Would've, Could've, Should've"
"United States",1689131968,AUDIO,20260321,19,248161,NATURAL_END_OF_TRACK,IPHONE,1,0,false,1689131968,"Taylor Swift - Labyrinth"
"United States",1862550593,AUDIO,20260321,"1, 3",246044,NATURAL_END_OF_TRACK,"IPHONE, MACINTOSH",2,1,false,1862550593,"Sabrina Carpenter - Manchild"
"United States",1487502476,AUDIO,20260321,8,245703,NATURAL_END_OF_TRACK,MACINTOSH,1,0,false,1487502476,"Billie Eilish - everything i wanted"
"United States",1838810964,AUDIO,20260321,3,241737,NATURAL_END_OF_TRACK,MACINTOSH,1,0,false,1838810964,"Taylor Swift - The Life of a Showgirl (feat. Sabrina Carpenter)"
"United States",1689131976,AUDIO,20260321,"17, 19",240369,NATURAL_END_OF_TRACK,IPHONE,1,1,false,1689131976,"Taylor Swift - The Great War"
"United States",1838810953,AUDIO,20260321,20,235300,NATURAL_END_OF_TRACK,MACINTOSH,1,0,false,1838810953,"Taylor Swift - Opalite"
"United States",1064933833,AUDIO,20260321,16,234940,NATURAL_END_OF_TRACK,IPHONE,1,0,false,1064933833,"EXO - Sing For You (Chinese Version)"
"United States",1399532419,AUDIO,20260321,16,233942,NATURAL_END_OF_TRACK,IPHONE,1,0,false,1399532419,"TAEYEON - Circus"
"United States",1689132080,AUDIO,20260321,18,229886,NATURAL_END_OF_TRACK,IPHONE,1,0,false,1689132080,"Taylor Swift - Snow On The Beach (feat. More Lana Del Rey)"
"United States",1689132077,AUDIO,20260321,"19, 21",225203,"MANUALLY_SELECTED_PLAYBACK_OF_A_DIFF_ITEM",IPHONE,1,1,false,1689132077,"Taylor Swift - Dear Reader"
"United States",1494441370,AUDIO,20260321,16,223009,NATURAL_END_OF_TRACK,IPHONE,1,0,false,1494441370,"TAEYEON - Dear Me"
"United States",1870984040,AUDIO,20260321,"7, 21",221643,TRACK_SKIPPED_FORWARDS,"IPHONE, MACINTOSH",1,1,false,1870984040,"Harry Styles - Taste Back"
"United States",1689131978,AUDIO,20260321,18,220235,NATURAL_END_OF_TRACK,IPHONE,1,1,false,1689131978,"Taylor Swift - Bigger Than The Whole Sky"
"United States",1660716280,AUDIO,20260321,16,220053,NATURAL_END_OF_TRACK,IPHONE,1,0,false,1660716280,"KANGTA, BoA, U-KNOW, LEETEUK, TAEYEON, ONEW, SUHO, IRENE, TAEYONG, MARK, KUN & KARINA - The Cure"
"United States",1481446131,AUDIO,20260321,16,219074,NATURAL_END_OF_TRACK,IPHONE,1,0,false,1481446131,"CHEN - Good night"
"United States",1673805212,AUDIO,20260321,8,215289,NATURAL_END_OF_TRACK,MACINTOSH,1,0,false,1673805212,"Ed Sheeran - Spark"
"United States",1689131969,AUDIO,20260321,19,204826,NATURAL_END_OF_TRACK,IPHONE,1,0,false,1689131969,"Taylor Swift - Karma"
"United States",1689132081,AUDIO,20260321,19,201480,NATURAL_END_OF_TRACK,IPHONE,1,0,false,1689132081,"Taylor Swift - Karma (feat. Ice Spice)"
"United States",1694386835,AUDIO,20260321,8,199200,NATURAL_END_OF_TRACK,MACINTOSH,1,0,false,1694386835,"Olivia Rodrigo - making the bed"
"United States",1870984050,AUDIO,20260321,2,194618,NATURAL_END_OF_TRACK,MACINTOSH,1,0,false,1870984050,"Harry Styles - Dance No More"
"United States",1689131965,AUDIO,20260321,19,194164,NATURAL_END_OF_TRACK,IPHONE,1,0,false,1689131965,"Taylor Swift - Bejeweled"
"United States",429417627,AUDIO,20260321,8,192789,NATURAL_END_OF_TRACK,MACINTOSH,1,0,false,429417627,"Alexx Calise - Cry"
"United States",1838810963,AUDIO,20260321,20,192614,PLAYBACK_MANUALLY_PAUSED,MACINTOSH,1,0,false,1838810963,"Taylor Swift - Honey"
"United States",1689131971,AUDIO,20260321,19,188407,NATURAL_END_OF_TRACK,IPHONE,1,0,false,1689131971,"Taylor Swift - Sweet Nothing"
"United States",1870984039,AUDIO,20260321,2,186139,PLAYBACK_MANUALLY_PAUSED,MACINTOSH,1,0,false,1870984039,"Harry Styles - Are You Listening Yet?"
"United States",1862550849,AUDIO,20260321,3,182635,NATURAL_END_OF_TRACK,MACINTOSH,1,0,false,1862550849,"Sabrina Carpenter - Nobody’s Son"
"United States",1547315987,AUDIO,20260321,14,181097,NATURAL_END_OF_TRACK,IPHONE,1,0,false,1547315987,"Taylor Swift - gold rush"
"United States",1689131959,AUDIO,20260321,19,174980,NATURAL_END_OF_TRACK,IPHONE,1,0,false,1689131959,"Taylor Swift - Midnight Rain"
"United States",1689131961,AUDIO,20260321,18,165495,NATURAL_END_OF_TRACK,IPHONE,1,0,false,1689131961,"Taylor Swift - Vigilante Shit"
"United States",1672703108,AUDIO,20260321,8,157682,PLAYBACK_MANUALLY_PAUSED,MACINTOSH,1,0,false,1672703108,"Reneé Rapp - Don't Tell My Mom"
"United States",1838810960,AUDIO,20260321,20,150467,NATURAL_END_OF_TRACK,MACINTOSH,1,0,false,1838810960,"Taylor Swift - Wood"
"United States",1689131985,AUDIO,20260321,19,148775,NATURAL_END_OF_TRACK,IPHONE,1,0,false,1689131985,"Taylor Swift - Glitch"
"United States",1870984051,AUDIO,20260321,2,147000,NATURAL_END_OF_TRACK,MACINTOSH,1,0,false,1870984051,"Harry Styles - Paint By Numbers"
"United States",1595423270,AUDIO,20260321,16,123084,"MANUALLY_SELECTED_PLAYBACK_OF_A_DIFF_ITEM",IPHONE,1,1,false,1595423270,"Taylor Swift - Everything Has Changed (Taylor's Version) [feat. Ed Sheeran]"
"United States",1473468636,AUDIO,20260321,14,120975,"MANUALLY_SELECTED_PLAYBACK_OF_A_DIFF_ITEM",IPHONE,1,1,false,1473468636,"Leslie Odom, Jr. - Winter Song"
"United States",1870984042,AUDIO,20260321,17,65069,TRACK_SKIPPED_FORWARDS,IPHONE,1,1,false,1870984042,"Harry Styles - The Waiting Game"
"United States",1541906186,AUDIO,20260321,14,39922,"MANUALLY_SELECTED_PLAYBACK_OF_A_DIFF_ITEM",IPHONE,1,1,false,1541906186,"Taylor Swift - mirrorball"
"United States",1541904956,AUDIO,20260321,14,0,"MANUALLY_SELECTED_PLAYBACK_OF_A_DIFF_ITEM",IPHONE,0,1,false,1541904956,"Taylor Swift - mad woman"
"United States",1870984045,AUDIO,20260321,"2, 17",0,"MANUALLY_SELECTED_PLAYBACK_OF_A_DIFF_ITEM","IPHONE, MACINTOSH",0,2,false,1870984045,"Harry Styles - Coming Up Roses"
"United States",1468058708,AUDIO,20260321,14,0,"MANUALLY_SELECTED_PLAYBACK_OF_A_DIFF_ITEM",IPHONE,0,1,false,1468058708,"Taylor Swift - Daylight"
"United States",1836226730,AUDIO,20260321,8,0,TRACK_SKIPPED_FORWARDS,MACINTOSH,0,1,false,1836226730,"Tame Impala - Dracula"
"United States",1870984036,AUDIO,20260321,21,0,TRACK_SKIPPED_FORWARDS,IPHONE,0,1,false,1870984036,"Harry Styles - American Girls"
"United States",1485802975,AUDIO,20260321,8,0,TRACK_SKIPPED_FORWARDS,MACINTOSH,0,1,false,1485802975,"Harry Styles - Falling"
"United States",1541904960,AUDIO,20260321,14,0,"MANUALLY_SELECTED_PLAYBACK_OF_A_DIFF_ITEM",IPHONE,0,1,false,1541904960,"Taylor Swift - betty"
"United States",1819861157,AUDIO,20260321,8,0,"MANUALLY_SELECTED_PLAYBACK_OF_A_DIFF_ITEM",MACINTOSH,0,1,false,1819861157,"Sabrina Carpenter - Tears"
"United States",1468058177,AUDIO,20260321,14,0,"MANUALLY_SELECTED_PLAYBACK_OF_A_DIFF_ITEM",IPHONE,0,1,false,1468058177,"Taylor Swift - The Archer"
"United States",1555401454,AUDIO,20260321,8,0,TRACK_SKIPPED_FORWARDS,MACINTOSH,0,1,false,1555401454,"TWICE - Dance The Night Away"
"United States",1879636424,AUDIO,20260322,"0, 3, 5",2047678,NATURAL_END_OF_TRACK,"IPHONE, MACINTOSH",10,1,false,1879636424,"Paris Paloma - Miyazaki"
"United States",1838810952,AUDIO,20260322,"0, 1, 2",833542,NATURAL_END_OF_TRACK,"IPHONE, MACINTOSH",4,0,false,1838810952,"Taylor Swift - Elizabeth Taylor"
"United States",1838810964,AUDIO,20260322,"1, 2",725194,NATURAL_END_OF_TRACK,MACINTOSH,3,0,false,1838810964,"Taylor Swift - The Life of a Showgirl (feat. Sabrina Carpenter)"
"United States",1838810953,AUDIO,20260322,"0, 1, 2",724994,NATURAL_END_OF_TRACK,"IPHONE, MACINTOSH",4,2,false,1838810953,"Taylor Swift - Opalite"
"United States",1838810951,AUDIO,20260322,"1, 2",602733,NATURAL_END_OF_TRACK,MACINTOSH,3,1,false,1838810951,"Taylor Swift - The Fate of Ophelia"
"United States",1817499892,AUDIO,20260322,"0, 4, 14",519124,NATURAL_END_OF_TRACK,IPHONE,3,1,false,1817499892,"Zara Larsson - The Ambition"
"United States",1838810956,AUDIO,20260322,"2, 3",492717,NATURAL_END_OF_TRACK,MACINTOSH,2,0,false,1838810956,"Taylor Swift - Eldest Daughter"
"United States",1653491127,AUDIO,20260322,6,456946,NATURAL_END_OF_TRACK,MACINTOSH,2,0,false,1653491127,"Taylor Swift - Anti-Hero (feat. Bleachers)"
"United States",1838810955,AUDIO,20260322,"1, 3",425535,NATURAL_END_OF_TRACK,MACINTOSH,2,0,false,1838810955,"Taylor Swift - Father Figure"
"United States",1838810961,AUDIO,20260322,2,423146,NATURAL_END_OF_TRACK,MACINTOSH,2,0,false,1838810961,"Taylor Swift - CANCELLED!"
"United States",1653491133,AUDIO,20260322,6,380084,PLAYBACK_MANUALLY_PAUSED,MACINTOSH,2,0,false,1653491133,"Taylor Swift - Anti-Hero"
"United States",1843595808,AUDIO,20260322,"4, 14",370060,NATURAL_END_OF_TRACK,IPHONE,2,0,false,1843595808,"PinkPantheress - Stateside (with Zara Larsson)"
"United States",1838810963,AUDIO,20260322,2,362977,NATURAL_END_OF_TRACK,MACINTOSH,2,0,false,1838810963,"Taylor Swift - Honey"
"United States",1817499517,AUDIO,20260322,"0, 4",346062,NATURAL_END_OF_TRACK,IPHONE,2,0,false,1817499517,"Zara Larsson - Eurosummer"
"United States",1870984036,AUDIO,20260322,"3, 15",320818,NATURAL_END_OF_TRACK,"IPHONE, MACINTOSH",2,0,false,1870984036,"Harry Styles - American Girls"
"United States",1870984038,AUDIO,20260322,"3, 14",320696,NATURAL_END_OF_TRACK,"IPHONE, MACINTOSH",2,0,false,1870984038,"Harry Styles - Ready, Steady, Go!"
"United States",1870984033,AUDIO,20260322,3,311889,NATURAL_END_OF_TRACK,MACINTOSH,1,0,false,1870984033,"Harry Styles - Aperture"
"United States",1838810957,AUDIO,20260322,"2, 3",307605,"MANUALLY_SELECTED_PLAYBACK_OF_A_DIFF_ITEM",MACINTOSH,2,1,false,1838810957,"Taylor Swift - Ruin The Friendship"
"United States",1870984040,AUDIO,20260322,4,221842,NATURAL_END_OF_TRACK,IPHONE,1,0,false,1870984040,"Harry Styles - Taste Back"
"United States",1689131532,AUDIO,20260322,17,218548,NATURAL_END_OF_TRACK,IPHONE,1,0,false,1689131532,"Taylor Swift - Maroon"
"United States",1870984047,AUDIO,20260322,"0, 5",216029,NATURAL_END_OF_TRACK,IPHONE,1,2,false,1870984047,"Harry Styles - Pop"
"United States",1838810959,AUDIO,20260322,2,207348,NATURAL_END_OF_TRACK,MACINTOSH,1,0,false,1838810959,"Taylor Swift - Wi$h Li$t"
"United States",1689131531,AUDIO,20260322,15,202957,NATURAL_END_OF_TRACK,IPHONE,1,0,false,1689131531,"Taylor Swift - Lavender Haze"
"United States",1689131533,AUDIO,20260322,"0, 14",201236,NATURAL_END_OF_TRACK,IPHONE,1,1,false,1689131533,"Taylor Swift - Anti-Hero"
"United States",1201058113,AUDIO,20260322,4,200986,NATURAL_END_OF_TRACK,IPHONE,1,0,false,1201058113,"Zara Larsson - Lush Life"
"United States",1817499251,AUDIO,20260322,14,190179,NATURAL_END_OF_TRACK,IPHONE,1,0,false,1817499251,"Zara Larsson - Midnight Sun"
"United States",1468058171,AUDIO,20260322,0,178486,NATURAL_END_OF_TRACK,IPHONE,1,0,false,1468058171,"Taylor Swift - Cruel Summer"
"United States",1817499512,AUDIO,20260322,"4, 15",177943,NATURAL_END_OF_TRACK,IPHONE,1,1,false,1817499512,"Zara Larsson - Girl's Girl"
"United States",1817499515,AUDIO,20260322,17,177749,NATURAL_END_OF_TRACK,IPHONE,1,0,false,1817499515,"Zara Larsson - Crush"
"United States",1870984039,AUDIO,20260322,"3, 14",175255,TRACK_SKIPPED_FORWARDS,"IPHONE, MACINTOSH",1,2,false,1870984039,"Harry Styles - Are You Listening Yet?"
"United States",1817499525,AUDIO,20260322,23,173443,NATURAL_END_OF_TRACK,IPHONE,1,0,false,1817499525,"Zara Larsson - Hot & Sexy"
"United States",1870984042,AUDIO,20260322,4,170035,NATURAL_END_OF_TRACK,IPHONE,1,0,false,1870984042,"Harry Styles - The Waiting Game"
"United States",1838810958,AUDIO,20260322,2,163695,NATURAL_END_OF_TRACK,MACINTOSH,1,0,false,1838810958,"Taylor Swift - Actually Romantic"
"United States",1817499504,AUDIO,20260322,14,158713,NATURAL_END_OF_TRACK,IPHONE,1,0,false,1817499504,"Zara Larsson - Pretty Ugly"
"United States",1838810960,AUDIO,20260322,"0, 2",150514,NATURAL_END_OF_TRACK,"IPHONE, MACINTOSH",1,1,false,1838810960,"Taylor Swift - Wood"
"United States",1817499894,AUDIO,20260322,17,109400,TRACK_SKIPPED_FORWARDS,IPHONE,1,1,false,1817499894,"Zara Larsson - Saturn’s Return"
"United States",1712730492,AUDIO,20260322,6,99673,"MANUALLY_SELECTED_PLAYBACK_OF_A_DIFF_ITEM",MACINTOSH,1,1,false,1712730492,"Bleachers - Tiny Moves"
"United States",1225759940,AUDIO,20260322,6,77506,"MANUALLY_SELECTED_PLAYBACK_OF_A_DIFF_ITEM",MACINTOSH,1,1,false,1225759940,"Bleachers - Everybody Lost Somebody"
"United States",1225759939,AUDIO,20260322,6,52148,"MANUALLY_SELECTED_PLAYBACK_OF_A_DIFF_ITEM",MACINTOSH,1,1,false,1225759939,"Bleachers - Don't Take the Money"
"United States",1702583449,AUDIO,20260322,6,35986,"MANUALLY_SELECTED_PLAYBACK_OF_A_DIFF_ITEM",MACINTOSH,1,1,false,1702583449,"Bleachers - Modern Girl"
"United States",884282120,AUDIO,20260322,6,0,"MANUALLY_SELECTED_PLAYBACK_OF_A_DIFF_ITEM",MACINTOSH,0,1,false,884282120,"Bleachers - Rollercoaster"
"United States",1689131534,AUDIO,20260322,14,0,TRACK_SKIPPED_FORWARDS,IPHONE,0,1,false,1689131534,"Taylor Swift - Snow On The Beach (feat. Lana Del Rey)"
"United States",1870984045,AUDIO,20260322,14,0,TRACK_SKIPPED_FORWARDS,IPHONE,0,1,false,1870984045,"Harry Styles - Coming Up Roses"
"United States",1773473686,AUDIO,20260322,3,0,"MANUALLY_SELECTED_PLAYBACK_OF_A_DIFF_ITEM",MACINTOSH,0,1,false,1773473686,"Gracie Abrams - Felt Good About You"
"United States",1817499901,AUDIO,20260322,14,0,TRACK_SKIPPED_FORWARDS,IPHONE,0,1,false,1817499901,"Zara Larsson - Puss Puss"
"United States",1689131960,AUDIO,20260322,18,0,TRACK_SKIPPED_FORWARDS,IPHONE,0,1,false,1689131960,"Taylor Swift - Question...?"
"United States",1468058169,AUDIO,20260322,3,0,"MANUALLY_SELECTED_PLAYBACK_OF_A_DIFF_ITEM",MACINTOSH,0,1,false,1468058169,"Taylor Swift - I Forgot That You Existed"
